record_id,timestamp_utc,site_id,device_id,panel_id,run_id,reading,voltage_v,current_ma,power_mw,panel_temp1_c,panel_temp2_c,ambient_temp_c,humidity_pct,pressure_hpa,irradiance_lux,dust_vo_v,health_score,health_status,quality_flag,ground_truth_label,model_version,predicted_fault,confidence,prob_normal,prob_partial_shading,prob_dust,prob_open_circuit,prob_short_circuit,relay_status,alert_level,inference_ms,deployed_round_id,deployed_model_val_accuracy,latest_published_version,model_up_to_date,last_ota_status,protocol,link_quality,link_packet_loss_pct
REC-03001,2026-09-10T01:49:00Z,SITE-B,ESP32-B01,PV-B01,SITE-B-DUS-04,1,2.721,12.87,35.03,27.62,27.21,23.5,90.71,1009.89,14350.0,1.226,56.8,DEGRADED,OK,DUST,v1.0,DUST,0.4846,0.1818,0.2803,0.4846,0.0457,0.0076,CONNECTED,INFO,2.75,0,0.0,v1.0,True,SUCCESS,WIFI,GOOD,0.05
REC-03002,2026-09-10T01:49:05Z,SITE-B,ESP32-B01,PV-B01,SITE-B-DUS-04,2,2.74,13.47,36.89,27.54,27.1,23.52,90.38,1009.9,14002.0,1.205,60.3,DEGRADED,OK,DUST,v1.0,DUST,0.4763,0.1817,0.2862,0.4763,0.0476,0.0082,CONNECTED,INFO,3.48,0,0.0,v1.0,True,SUCCESS,WIFI,GOOD,0.05
REC-03003,2026-09-10T01:49:10Z,SITE-B,ESP32-B01,PV-B01,SITE-B-DUS-04,3,2.733,12.35,33.74,27.6,27.11,23.53,90.08,1009.81,14091.0,1.053,55.0,DEGRADED,OK,DUST,v1.0,DUST,0.4236,0.1943,0.3134,0.4236,0.0582,0.0105,CONNECTED,INFO,3.18,0,0.0,v1.0,True,SUCCESS,WIFI,GOOD,0.05
REC-03004,2026-09-10T01:49:15Z,SITE-B,ESP32-B01,PV-B01,SITE-B-DUS-04,4,2.709,12.65,34.26,27.65,27.23,23.52,90.77,1009.82,14259.0,0.997,55.6,DEGRADED,DUPLICATE_RECEIVED,DUST,v1.0,DUST,0.4072,0.1965,0.3234,0.4072,0.0616,0.0113,CONNECTED,INFO,2.22,0,0.0,v1.0,True,SUCCESS,WIFI,GOOD,0.05
REC-03005,2026-09-10T01:49:20Z,SITE-B,ESP32-B01,PV-B01,SITE-B-DUS-04,5,2.71,12.57,34.08,27.53,27.06,23.52,90.4,1009.82,14038.0,1.112,55.4,DEGRADED,OK,DUST,v1.0,DUST,0.4435,0.1919,0.3015,0.4435,0.0539,0.0092,CONNECTED,INFO,2.28,0,0.0,v1.0,True,SUCCESS,WIFI,GOOD,0.05
REC-03006,2026-09-10T01:49:25Z,SITE-B,ESP32-B01,PV-B01,SITE-B-DUS-04,6,2.734,12.92,35.34,27.52,27.03,23.52,90.43,1009.81,14081.0,1.093,57.4,DEGRADED,OK,DUST,v1.0,DUST,0.4364,0.1908,0.307,0.4364,0.0559,0.0099,CONNECTED,INFO,3.81,0,0.0,v1.0,True,SUCCESS,WIFI,GOOD,0.05
REC-03007,2026-09-10T01:49:30Z,SITE-B,ESP32-B01,PV-B01,SITE-B-DUS-04,7,2.71,12.97,35.16,27.38,27.13,23.53,90.12,1009.81,14477.0,1.14,57.1,DEGRADED,OK,DUST,v1.0,DUST,0.4523,0.1929,0.2924,0.4523,0.0534,0.009,CONNECTED,INFO,4.75,0,0.0,v1.0,True,SUCCESS,WIFI,GOOD,0.05
REC-03008,2026-09-10T01:49:35Z,SITE-B,ESP32-B01,PV-B01,SITE-B-DUS-04,8,2.699,12.8,34.55,27.44,27.15,23.52,90.46,1009.82,14469.0,1.153,56.0,DEGRADED,OK,DUST,v1.0,DUST,0.4574,0.192,0.2904,0.4574,0.0517,0.0086,CONNECTED,INFO,3.74,0,0.0,v1.0,True,SUCCESS,WIFI,GOOD,0.05
REC-03009,2026-09-10T01:49:40Z,SITE-B,ESP32-B01,PV-B01,SITE-B-DUS-04,9,2.71,13.31,36.07,27.47,27.17,23.53,90.34,1009.87,14681.0,1.032,58.1,DEGRADED,OK,DUST,v1.0,DUST,0.4166,0.1964,0.3141,0.4166,0.0618,0.011,CONNECTED,INFO,2.93,0,0.0,v1.0,True,SUCCESS,WIFI,GOOD,0.05
REC-03010,2026-09-10T01:49:45Z,SITE-B,ESP32-B01,PV-B01,SITE-B-DUS-04,10,2.717,13.1,35.61,27.62,27.2,23.54,90.0,1009.82,14423.0,1.179,57.3,DEGRADED,OK,DUST,v1.0,DUST,0.4678,0.1864,0.2884,0.4678,0.049,0.0084,CONNECTED,INFO,4.38,0,0.0,v1.0,True,SUCCESS,WIFI,GOOD,0.05
REC-03011,2026-09-10T01:49:50Z,SITE-B,ESP32-B01,PV-B01,SITE-B-DUS-04,11,2.727,13.24,36.11,27.55,27.07,23.53,90.8,1009.87,14437.0,1.081,58.2,DEGRADED,OK,DUST,v1.0,DUST,0.4325,0.1913,0.3086,0.4325,0.0574,0.0102,CONNECTED,INFO,3.25,0,0.0,v1.0,True,SUCCESS,WIFI,GOOD,0.05
REC-03012,2026-09-10T01:49:55Z,SITE-B,ESP32-B01,PV-B01,SITE-B-DUS-04,12,2.729,13.32,36.33,27.54,27.02,23.53,90.93,1009.88,14336.0,1.138,58.5,DEGRADED,OK,DUST,v1.0,DUST,0.4514,0.1878,0.2985,0.4514,0.0532,0.0092,CONNECTED,INFO,3.34,0,0.0,v1.0,True,SUCCESS,WIFI,GOOD,0.05
REC-03013,2026-09-10T01:50:00Z,SITE-B,ESP32-B01,PV-B01,SITE-B-DUS-04,13,2.731,12.28,33.53,27.53,27.09,23.54,90.71,1009.85,14288.0,1.086,54.1,DEGRADED,OK,DUST,v1.0,DUST,0.4334,0.1948,0.3049,0.4334,0.0568,0.01,CONNECTED,INFO,4.4,0,0.0,v1.0,True,SUCCESS,WIFI,GOOD,0.47
REC-03014,2026-09-10T01:50:05Z,SITE-B,ESP32-B01,PV-B01,SITE-B-DUS-04,14,2.745,13.04,35.81,27.52,27.18,23.53,90.66,1009.88,14426.0,1.157,57.9,DEGRADED,OK,DUST,v1.0,DUST,0.459,0.1881,0.2929,0.459,0.0511,0.009,CONNECTED,INFO,3.82,0,0.0,v1.0,True,SUCCESS,WIFI,GOOD,0.47
REC-03015,2026-09-10T01:50:10Z,SITE-B,ESP32-B01,PV-B01,SITE-B-DUS-04,15,2.738,12.52,34.29,27.66,27.07,23.53,90.93,1009.8,14551.0,0.96,55.2,DEGRADED,DUPLICATE_RECEIVED,DUST,v1.0,DUST,0.3913,0.1972,0.3317,0.3913,0.0671,0.0126,CONNECTED,INFO,3.52,0,0.0,v1.0,True,SUCCESS,WIFI,GOOD,0.47
REC-03016,2026-09-10T01:50:15Z,SITE-B,ESP32-B01,PV-B01,SITE-B-DUS-04,16,2.708,13.09,35.45,27.6,26.99,23.54,90.09,1009.82,14488.0,1.146,57.0,DEGRADED,OK,DUST,v1.0,DUST,0.4537,0.1886,0.296,0.4537,0.0529,0.0089,CONNECTED,INFO,4.31,0,0.0,v1.0,True,SUCCESS,WIFI,GOOD,0.47
REC-03017,2026-09-10T01:50:20Z,SITE-B,ESP32-B01,PV-B01,SITE-B-DUS-04,17,2.723,12.89,35.1,27.68,27.17,23.53,90.08,1009.85,14164.0,1.052,56.8,DEGRADED,OK,DUST,v1.0,DUST,0.4251,0.1919,0.3151,0.4251,0.0575,0.0105,CONNECTED,INFO,3.26,0,0.0,v1.0,True,SUCCESS,WIFI,GOOD,0.47
REC-03018,2026-09-10T01:50:25Z,SITE-B,ESP32-B01,PV-B01,SITE-B-DUS-04,18,2.704,12.93,34.96,27.42,27.1,23.52,90.28,1009.85,14320.0,1.106,56.7,DEGRADED,OK,DUST,v1.0,DUST,0.4412,0.1937,0.3002,0.4412,0.0554,0.0094,CONNECTED,INFO,4.05,0,0.0,v1.0,True,SUCCESS,WIFI,GOOD,0.47
REC-03019,2026-09-10T01:50:30Z,SITE-B,ESP32-B01,PV-B01,SITE-B-DUS-04,19,2.746,12.48,34.26,27.64,27.02,23.51,90.49,1009.88,14178.0,1.177,55.4,DEGRADED,TEMP1_MISSING_-999,DUST,v1.0,DUST,0.4645,0.1851,0.2929,0.4645,0.049,0.0084,CONNECTED,INFO,3.43,0,0.0,v1.0,True,SUCCESS,WIFI,GOOD,0.47
REC-03020,2026-09-10T01:50:35Z,SITE-B,ESP32-B01,PV-B01,SITE-B-DUS-04,20,2.731,13.16,35.95,27.53,27.13,23.53,90.31,1009.81,14178.0,1.054,58.4,DEGRADED,OK,DUST,v1.0,DUST,0.4245,0.1928,0.3133,0.4245,0.0587,0.0107,CONNECTED,INFO,4.42,0,0.0,v1.0,True,SUCCESS,WIFI,GOOD,0.47
REC-03021,2026-09-10T01:50:40Z,SITE-B,ESP32-B01,PV-B01,SITE-B-DUS-04,21,2.72,12.49,33.95,27.54,27.08,23.55,90.09,1009.82,14440.0,1.044,55.3,DEGRADED,OK,DUST,v1.0,DUST,0.4191,0.1971,0.3122,0.4191,0.0608,0.0108,CONNECTED,INFO,3.39,0,0.0,v1.0,True,SUCCESS,WIFI,GOOD,0.47
REC-03022,2026-09-10T01:50:45Z,SITE-B,ESP32-B01,PV-B01,SITE-B-DUS-04,22,2.732,13.12,35.85,27.69,27.27,23.55,90.4,1009.84,14128.0,1.08,57.9,DEGRADED,OK,DUST,v1.0,DUST,0.4357,0.1902,0.3089,0.4357,0.055,0.0101,CONNECTED,INFO,3.37,0,0.0,v1.0,True,SUCCESS,WIFI,GOOD,0.47
REC-03023,2026-09-10T01:50:50Z,SITE-B,ESP32-B01,PV-B01,SITE-B-DUS-04,23,2.718,12.49,33.96,27.55,27.15,23.54,90.37,1009.82,14619.0,1.076,54.9,DEGRADED,OK,DUST,v1.0,DUST,0.4306,0.1957,0.3057,0.4306,0.0578,0.0101,CONNECTED,INFO,3.18,0,0.0,v1.0,True,SUCCESS,WIFI,GOOD,0.47
REC-03024,2026-09-10T01:50:55Z,SITE-B,ESP32-B01,PV-B01,SITE-B-DUS-04,24,2.743,12.87,35.3,27.64,27.2,23.53,90.65,1009.81,14423.0,1.039,56.9,DEGRADED,OK,DUST,v1.0,DUST,0.4198,0.1931,0.3168,0.4198,0.0593,0.011,CONNECTED,INFO,3.92,0,0.0,v1.0,True,SUCCESS,WIFI,GOOD,0.47
REC-03025,2026-09-10T01:51:00Z,SITE-B,ESP32-B01,PV-B01,SITE-B-DUS-04,25,2.699,13.63,36.8,27.54,27.17,23.55,90.41,1009.83,14335.0,1.108,59.0,DEGRADED,OK,DUST,v1.0,DUST,0.4438,0.1908,0.3011,0.4438,0.0548,0.0095,CONNECTED,INFO,2.52,0,0.0,v1.0,True,SUCCESS,WIFI,GOOD,0.47
REC-03026,2026-09-10T01:51:05Z,SITE-B,ESP32-B01,PV-B01,SITE-B-DUS-04,26,2.726,13.72,37.41,27.62,27.12,23.56,89.83,1009.83,14376.0,1.111,60.2,DEGRADED,OK,DUST,v1.0,DUST,0.4439,0.1882,0.3032,0.4439,0.0549,0.0098,CONNECTED,INFO,2.95,0,0.0,v1.0,True,SUCCESS,WIFI,GOOD,0.47
REC-03027,2026-09-10T01:51:10Z,SITE-B,ESP32-B01,PV-B01,SITE-B-DUS-04,27,2.745,12.43,34.13,27.48,27.13,23.57,90.52,1009.88,14274.0,1.13,54.9,DEGRADED,OK,DUST,v1.0,DUST,0.448,0.1934,0.2948,0.448,0.0542,0.0096,CONNECTED,INFO,4.61,0,0.0,v1.0,True,SUCCESS,WIFI,GOOD,0.47
REC-03028,2026-09-10T01:51:15Z,SITE-B,ESP32-B01,PV-B01,SITE-B-DUS-04,28,2.722,12.87,35.04,27.63,27.27,23.59,90.87,1009.81,14383.0,1.053,56.0,DEGRADED,OK,DUST,v1.0,DUST,0.425,0.1959,0.3093,0.425,0.059,0.0108,CONNECTED,INFO,2.68,0,0.0,v1.0,True,SUCCESS,WIFI,GOOD,0.47
REC-03029,2026-09-10T01:51:20Z,SITE-B,ESP32-B01,PV-B01,SITE-B-DUS-04,29,2.719,12.97,35.27,27.67,27.25,23.57,90.41,1009.86,14496.0,1.045,56.3,DEGRADED,OK,DUST,v1.0,DUST,0.4225,0.1948,0.3126,0.4225,0.0593,0.0108,CONNECTED,INFO,2.1,0,0.0,v1.0,True,SUCCESS,WIFI,GOOD,0.47
REC-03030,2026-09-10T01:51:25Z,SITE-B,ESP32-B01,PV-B01,SITE-B-DUS-04,30,2.724,13.84,37.72,27.75,27.09,23.56,90.7,1009.88,14537.0,1.095,59.7,DEGRADED,OK,DUST,v1.0,DUST,0.4386,0.1868,0.3087,0.4386,0.0559,0.01,CONNECTED,INFO,3.9,0,0.0,v1.0,True,SUCCESS,WIFI,GOOD,0.47
REC-03031,2026-09-10T01:51:30Z,SITE-B,ESP32-B01,PV-B01,SITE-B-DUS-04,31,2.724,13.11,35.71,27.58,27.1,23.56,90.25,1009.82,14419.0,1.087,56.7,DEGRADED,OK,DUST,v1.0,DUST,0.4346,0.1923,0.3058,0.4346,0.0572,0.0101,CONNECTED,INFO,2.4,0,0.0,v1.0,True,SUCCESS,WIFI,GOOD,0.47
REC-03032,2026-09-10T01:51:35Z,SITE-B,ESP32-B01,PV-B01,SITE-B-DUS-04,32,2.695,13.62,36.71,27.61,27.12,23.55,90.57,1009.85,14603.0,1.088,57.9,DEGRADED,OK,DUST,v1.0,DUST,0.4362,0.1913,0.3058,0.4362,0.0569,0.0098,CONNECTED,INFO,4.16,0,0.0,v1.0,True,SUCCESS,WIFI,GOOD,0.47
REC-03033,2026-09-10T01:51:40Z,SITE-B,ESP32-B01,PV-B01,SITE-B-DUS-04,33,2.714,13.36,36.26,27.59,27.28,23.55,90.18,1009.86,14439.0,1.06,57.2,DEGRADED,OK,DUST,v1.0,DUST,0.4284,0.1935,0.3099,0.4284,0.0578,0.0105,CONNECTED,INFO,2.58,0,0.0,v1.0,True,SUCCESS,WIFI,GOOD,0.47
REC-03034,2026-09-10T01:51:45Z,SITE-B,ESP32-B01,PV-B01,SITE-B-DUS-04,34,2.714,12.89,34.99,27.62,27.06,23.54,90.33,1009.85,14432.0,1.122,55.3,DEGRADED,OK,DUST,v1.0,DUST,0.4464,0.1901,0.3002,0.4464,0.054,0.0093,CONNECTED,INFO,4.58,0,0.0,v1.0,True,SUCCESS,WIFI,GOOD,0.47
REC-03035,2026-09-10T01:51:50Z,SITE-B,ESP32-B01,PV-B01,SITE-B-DUS-04,35,2.715,12.73,34.56,27.58,27.27,23.55,90.33,1009.84,14458.0,1.045,54.5,DEGRADED,OK,DUST,v1.0,DUST,0.4225,0.1966,0.3112,0.4225,0.0591,0.0107,CONNECTED,INFO,3.75,0,0.0,v1.0,True,SUCCESS,WIFI,GOOD,0.47
REC-03036,2026-09-10T01:51:55Z,SITE-B,ESP32-B01,PV-B01,SITE-B-DUS-04,36,2.718,13.08,35.54,27.48,27.24,23.55,90.54,1009.82,14896.0,1.095,56.1,DEGRADED,OK,DUST,v1.0,DUST,0.4376,0.1951,0.3002,0.4376,0.057,0.01,CONNECTED,INFO,3.98,0,0.0,v1.0,True,SUCCESS,WIFI,GOOD,0.47
REC-03037,2026-09-10T01:52:00Z,SITE-B,ESP32-B01,PV-B01,SITE-B-DUS-04,37,2.719,13.96,37.95,27.57,27.22,23.56,90.15,1009.86,14702.0,1.084,59.9,DEGRADED,OK,DUST,v1.0,DUST,0.4354,0.1909,0.306,0.4354,0.0574,0.0103,CONNECTED,INFO,2.78,0,0.0,v1.0,True,SUCCESS,WIFI,GOOD,0.47
REC-03038,2026-09-10T01:52:05Z,SITE-B,ESP32-B01,PV-B01,SITE-B-DUS-04,38,2.737,13.29,36.38,27.64,27.17,23.56,89.96,1009.83,14752.0,1.1,57.3,DEGRADED,OK,DUST,v1.0,DUST,0.4394,0.1904,0.304,0.4394,0.0561,0.0101,CONNECTED,INFO,4.62,0,0.0,v1.0,True,SUCCESS,WIFI,GOOD,0.47
REC-03039,2026-09-10T01:52:10Z,SITE-B,ESP32-B01,PV-B01,SITE-B-DUS-04,39,2.72,13.48,36.67,27.63,27.29,23.56,90.54,1009.84,14587.0,1.173,58.1,DEGRADED,OK,DUST,v1.0,DUST,0.4667,0.1865,0.2885,0.4667,0.0497,0.0086,CONNECTED,INFO,4.75,0,0.0,v1.0,True,SUCCESS,WIFI,GOOD,0.47
REC-03040,2026-09-10T01:52:15Z,SITE-B,ESP32-B01,PV-B01,SITE-B-DUS-04,40,2.724,12.74,34.71,27.68,27.2,23.56,90.53,1009.85,14627.0,1.023,55.1,DEGRADED,OK,DUST,v1.0,DUST,0.414,0.1959,0.3173,0.414,0.0615,0.0113,CONNECTED,INFO,4.46,0,0.0,v1.0,True,SUCCESS,WIFI,GOOD,0.47
REC-03041,2026-09-10T01:52:20Z,SITE-B,ESP32-B01,PV-B01,SITE-B-DUS-04,41,2.708,13.13,35.57,27.7,27.07,23.54,90.43,1009.87,14758.0,0.959,56.4,DEGRADED,OK,DUST,v1.0,DUST,0.3917,0.1965,0.3317,0.3917,0.0677,0.0124,CONNECTED,INFO,4.18,0,0.0,v1.0,True,SUCCESS,WIFI,GOOD,0.47
REC-03042,2026-09-10T01:52:25Z,SITE-B,ESP32-B01,PV-B01,SITE-B-DUS-04,42,2.722,13.47,36.66,27.62,27.11,23.52,90.68,1009.9,14685.0,1.066,57.9,DEGRADED,OK,DUST,v1.0,DUST,0.4282,0.1906,0.3125,0.4282,0.0582,0.0104,CONNECTED,INFO,3.39,0,0.0,v1.0,True,SUCCESS,WIFI,GOOD,0.47
REC-03043,2026-09-10T01:52:30Z,SITE-B,ESP32-B01,PV-B01,SITE-B-DUS-04,43,2.715,12.96,35.19,27.53,27.08,23.53,90.34,1009.82,14886.0,1.033,55.5,DEGRADED,OK,DUST,v1.0,DUST,0.4152,0.1964,0.3149,0.4152,0.0624,0.011,CONNECTED,INFO,3.31,0,0.0,v1.0,True,SUCCESS,WIFI,GOOD,0.47
REC-03044,2026-09-10T01:52:35Z,SITE-B,ESP32-B01,PV-B01,SITE-B-DUS-04,44,2.747,13.14,36.1,27.68,27.3,23.54,90.48,1009.84,14646.0,0.921,56.9,DEGRADED,OK,DUST,v1.0,DUST,0.3815,0.1973,0.3381,0.3815,0.0692,0.0138,CONNECTED,INFO,3.14,0,0.0,v1.0,True,SUCCESS,WIFI,GOOD,0.47
REC-03045,2026-09-10T01:52:40Z,SITE-B,ESP32-B01,PV-B01,SITE-B-DUS-04,45,2.71,13.05,35.37,27.65,27.32,23.54,90.3,1009.8,14758.0,1.207,55.7,DEGRADED,OK,DUST,v1.0,DUST,0.4786,0.1851,0.2808,0.4786,0.0476,0.008,CONNECTED,INFO,3.17,0,0.0,v1.0,True,SUCCESS,WIFI,GOOD,0.47
REC-03046,2026-09-10T01:52:45Z,SITE-B,ESP32-B01,PV-B01,SITE-B-DUS-04,46,2.739,13.48,36.93,27.63,27.29,23.53,90.32,1009.88,14815.0,1.136,58.0,DEGRADED,OK,DUST,v1.0,DUST,0.4535,0.1874,0.2976,0.4535,0.0521,0.0093,CONNECTED,INFO,3.34,0,0.0,v1.0,True,SUCCESS,WIFI,GOOD,0.47
REC-03047,2026-09-10T01:52:50Z,SITE-B,ESP32-B01,PV-B01,SITE-B-DUS-04,47,2.732,13.34,36.46,27.74,27.18,23.52,90.5,1009.84,14509.0,1.142,57.5,DEGRADED,OK,DUST,v1.0,DUST,0.4556,0.1847,0.2999,0.4556,0.0508,0.009,CONNECTED,INFO,3.22,0,0.0,v1.0,True,SUCCESS,WIFI,GOOD,0.47
REC-03048,2026-09-10T01:52:55Z,SITE-B,ESP32-B01,PV-B01,SITE-B-DUS-04,48,2.729,13.37,36.49,27.64,27.04,23.53,91.08,1009.83,14633.0,1.085,57.6,DEGRADED,OK,DUST,v1.0,DUST,0.4336,0.1894,0.3097,0.4336,0.0572,0.0102,CONNECTED,INFO,4.04,0,0.0,v1.0,True,SUCCESS,WIFI,GOOD,0.47
REC-03049,2026-09-10T01:53:00Z,SITE-B,ESP32-B01,PV-B01,SITE-B-DUS-04,49,2.735,13.41,36.67,27.62,27.08,23.54,90.62,1009.84,14347.0,1.127,57.9,DEGRADED,OK,DUST,v1.0,DUST,0.4487,0.1871,0.3013,0.4487,0.0534,0.0095,CONNECTED,INFO,3.97,0,0.0,v1.0,True,SUCCESS,WIFI,GOOD,0.47
REC-03050,2026-09-10T01:53:05Z,SITE-B,ESP32-B01,PV-B01,SITE-B-DUS-04,50,2.735,13.1,35.83,27.63,27.09,23.54,90.56,1009.84,14612.0,1.077,56.6,DEGRADED,OK,DUST,v1.0,DUST,0.431,0.1912,0.3097,0.431,0.0577,0.0104,CONNECTED,INFO,3.43,0,0.0,v1.0,True,SUCCESS,WIFI,GOOD,0.47
REC-03051,2026-09-10T01:53:10Z,SITE-B,ESP32-B01,PV-B01,SITE-B-DUS-04,51,2.72,13.43,36.53,27.66,27.15,23.54,90.63,1009.82,14500.0,1.151,58.0,DEGRADED,OK,DUST,v1.0,DUST,0.4579,0.1863,0.2958,0.4579,0.0512,0.0089,CONNECTED,INFO,3.27,0,0.0,v1.0,True,SUCCESS,WIFI,GOOD,0.47
REC-03052,2026-09-10T01:53:15Z,SITE-B,ESP32-B01,PV-B01,SITE-B-DUS-04,52,2.712,12.96,35.14,27.52,27.24,23.53,89.7,1009.88,14437.0,1.113,56.0,DEGRADED,OK,DUST,v1.0,DUST,0.4453,0.1925,0.299,0.4453,0.0538,0.0094,CONNECTED,INFO,3.69,0,0.0,v1.0,True,SUCCESS,WIFI,GOOD,0.47
REC-03053,2026-09-10T01:53:20Z,SITE-B,ESP32-B01,PV-B01,SITE-B-DUS-04,53,2.727,13.26,36.16,27.52,27.26,23.52,90.5,1009.86,14426.0,1.1,57.7,DEGRADED,OK,DUST,v1.0,DUST,0.4414,0.1911,0.3031,0.4414,0.0545,0.0098,CONNECTED,INFO,2.85,0,0.0,v1.0,True,SUCCESS,WIFI,GOOD,0.47
REC-03054,2026-09-10T01:53:25Z,SITE-B,ESP32-B01,PV-B01,SITE-B-DUS-04,54,2.703,12.62,34.12,27.59,27.13,23.52,90.67,1009.86,14607.0,1.104,54.3,DEGRADED,OK,DUST,v1.0,DUST,0.4408,0.1929,0.302,0.4408,0.0549,0.0094,CONNECTED,INFO,4.51,0,0.0,v1.0,True,SUCCESS,WIFI,GOOD,0.47
REC-03055,2026-09-10T01:53:30Z,SITE-B,ESP32-B01,PV-B01,SITE-B-DUS-04,55,2.717,12.92,35.1,27.51,26.98,23.52,90.43,1009.82,14380.0,1.19,55.9,DEGRADED,OK,DUST,v1.0,DUST,0.4682,0.1867,0.2873,0.4682,0.0496,0.0082,CONNECTED,INFO,4.37,0,0.0,v1.0,True,SUCCESS,WIFI,GOOD,0.47
REC-03056,2026-09-10T01:53:35Z,SITE-B,ESP32-B01,PV-B01,SITE-B-DUS-04,56,2.743,13.72,37.64,27.59,27.06,23.51,90.39,1009.82,14763.0,1.112,60.0,DEGRADED,OK,DUST,v1.0,DUST,0.4428,0.1866,0.3056,0.4428,0.0552,0.0098,CONNECTED,INFO,2.69,0,0.0,v1.0,True,SUCCESS,WIFI,GOOD,0.47
REC-03057,2026-09-10T01:53:40Z,SITE-B,ESP32-B01,PV-B01,SITE-B-DUS-04,57,2.729,13.28,36.25,27.59,27.23,23.53,90.12,1009.84,14592.0,1.04,57.7,DEGRADED,OK,DUST,v1.0,DUST,0.4206,0.1934,0.3153,0.4206,0.0597,0.011,CONNECTED,INFO,3.46,0,0.0,v1.0,True,SUCCESS,WIFI,GOOD,0.47
REC-03058,2026-09-10T01:53:45Z,SITE-B,ESP32-B01,PV-B01,SITE-B-DUS-04,58,2.713,13.32,36.14,27.58,27.15,23.53,90.27,1009.86,14372.0,1.122,57.6,DEGRADED,OK,DUST,v1.0,DUST,0.4481,0.1892,0.3002,0.4481,0.0533,0.0093,CONNECTED,INFO,3.27,0,0.0,v1.0,True,SUCCESS,WIFI,GOOD,0.47
REC-03059,2026-09-10T01:53:50Z,SITE-B,ESP32-B01,PV-B01,SITE-B-DUS-04,59,2.738,12.82,35.09,27.55,27.1,23.51,90.15,1009.86,14627.0,1.131,55.8,DEGRADED,OK,DUST,v1.0,DUST,0.449,0.1895,0.2989,0.449,0.0533,0.0093,CONNECTED,INFO,3.97,0,0.0,v1.0,True,SUCCESS,WIFI,GOOD,0.47
REC-03060,2026-09-10T01:53:55Z,SITE-B,ESP32-B01,PV-B01,SITE-B-DUS-04,60,2.703,12.88,34.8,27.71,27.1,23.5,90.7,1009.82,14670.0,1.093,55.4,DEGRADED,OK,DUST,v1.0,DUST,0.4377,0.1899,0.308,0.4377,0.0549,0.0095,CONNECTED,INFO,2.3,0,0.0,v1.0,True,SUCCESS,WIFI,GOOD,0.47
REC-03061,2026-09-10T05:07:00Z,SITE-C,ESP32-C01,PV-C01,SITE-C-OPE-20,1,3.262,0.0,0.0,50.01,49.65,29.92,80.48,1010.34,85371.0,0.186,0.0,POOR,OK,OPEN_CIRCUIT,v1.0,SHORT_CIRCUIT,0.7969,0.1541,0.0056,0.0046,0.0389,0.7969,CONNECTED,WARNING,4.48,0,0.0,v1.0,True,SUCCESS,LORA,GOOD,0.55
REC-03062,2026-09-10T05:07:05Z,SITE-C,ESP32-C01,PV-C01,SITE-C-OPE-20,2,3.259,0.1,0.34,49.91,49.65,29.93,80.55,1010.34,85901.0,0.182,0.1,POOR,OK,OPEN_CIRCUIT,v1.0,SHORT_CIRCUIT,0.8004,0.1508,0.0056,0.0045,0.0387,0.8004,ISOLATED,CRITICAL,3.74,0,0.0,v1.0,True,SUCCESS,LORA,GOOD,0.55
REC-03063,2026-09-10T05:07:10Z,SITE-C,ESP32-C01,PV-C01,SITE-C-OPE-20,3,3.262,0.0,0.0,50.1,49.49,29.94,79.82,1010.32,85673.0,0.192,0.0,POOR,OK,OPEN_CIRCUIT,v1.0,SHORT_CIRCUIT,0.7941,0.1554,0.0056,0.0046,0.0403,0.7941,CONNECTED,WARNING,4.8,0,0.0,v1.0,True,SUCCESS,LORA,GOOD,0.55
REC-03064,2026-09-10T05:07:15Z,SITE-C,ESP32-C01,PV-C01,SITE-C-OPE-20,4,3.258,0.0,0.0,49.92,49.55,29.93,80.21,1010.3,85214.0,0.181,0.0,POOR,OK,OPEN_CIRCUIT,v1.0,SHORT_CIRCUIT,0.7978,0.1534,0.0057,0.0046,0.0385,0.7978,CONNECTED,WARNING,3.53,0,0.0,v1.0,True,SUCCESS,LORA,GOOD,0.55
REC-03065,2026-09-10T05:07:20Z,SITE-C,ESP32-C01,PV-C01,SITE-C-OPE-20,5,3.254,0.16,0.52,49.98,49.47,29.91,80.3,1010.37,85640.0,0.18,0.1,POOR,OK,OPEN_CIRCUIT,v1.0,SHORT_CIRCUIT,0.7974,0.1531,0.0057,0.0046,0.0392,0.7974,CONNECTED,WARNING,3.33,0,0.0,v1.0,True,SUCCESS,LORA,GOOD,0.55
REC-03066,2026-09-10T05:07:25Z,SITE-C,ESP32-C01,PV-C01,SITE-C-OPE-20,6,3.258,0.24,0.79,49.95,49.5,29.91,80.83,1010.39,85532.0,0.198,0.2,POOR,OK,OPEN_CIRCUIT,v1.0,SHORT_CIRCUIT,0.7919,0.1561,0.0057,0.0047,0.0415,0.7919,CONNECTED,WARNING,3.53,0,0.0,v1.0,True,SUCCESS,LORA,GOOD,0.55
REC-03067,2026-09-10T05:07:30Z,SITE-C,ESP32-C01,PV-C01,SITE-C-OPE-20,7,3.268,0.48,1.57,50.01,49.57,29.91,80.33,1010.37,85961.0,0.19,0.4,POOR,OK,OPEN_CIRCUIT,v1.0,SHORT_CIRCUIT,0.796,0.1529,0.0057,0.0046,0.0408,0.796,CONNECTED,WARNING,4.3,0,0.0,v1.0,True,SUCCESS,LORA,GOOD,0.55
REC-03068,2026-09-10T05:07:35Z,SITE-C,ESP32-C01,PV-C01,SITE-C-OPE-20,8,3.254,0.27,0.89,49.96,49.71,29.9,79.96,1010.32,85954.0,0.187,0.2,POOR,OK,OPEN_CIRCUIT,v1.0,SHORT_CIRCUIT,0.7979,0.1524,0.0056,0.0046,0.0395,0.7979,CONNECTED,WARNING,4.1,0,0.0,v1.0,True,SUCCESS,LORA,GOOD,0.55
REC-03069,2026-09-10T05:07:40Z,SITE-C,ESP32-C01,PV-C01,SITE-C-OPE-20,9,3.266,0.1,0.31,50.16,49.68,29.88,80.17,1010.34,85788.0,0.168,0.1,POOR,OK,OPEN_CIRCUIT,v1.0,SHORT_CIRCUIT,0.8021,0.151,0.0055,0.0043,0.0372,0.8021,ISOLATED,CRITICAL,3.62,0,0.0,v1.0,True,SUCCESS,LORA,GOOD,0.55
REC-03070,2026-09-10T05:07:45Z,SITE-C,ESP32-C01,PV-C01,SITE-C-OPE-20,10,3.264,0.03,0.11,50.18,49.7,29.86,81.02,1010.36,85749.0,0.193,0.0,POOR,OK,OPEN_CIRCUIT,v1.0,SHORT_CIRCUIT,0.7936,0.1561,0.0055,0.0045,0.0402,0.7936,CONNECTED,WARNING,2.51,0,0.0,v1.0,True,SUCCESS,LORA,GOOD,0.55
REC-03071,2026-09-10T05:07:50Z,SITE-C,ESP32-C01,PV-C01,SITE-C-OPE-20,11,3.259,0.3,0.98,50.22,49.65,29.87,80.39,1010.33,85906.0,0.182,0.3,POOR,OK,OPEN_CIRCUIT,v1.0,SHORT_CIRCUIT,0.7964,0.1544,0.0056,0.0044,0.0393,0.7964,CONNECTED,WARNING,2.72,0,0.0,v1.0,True,SUCCESS,LORA,GOOD,0.55
REC-03072,2026-09-10T05:07:55Z,SITE-C,ESP32-C01,PV-C01,SITE-C-OPE-20,12,3.265,0.0,0.0,49.89,49.67,29.86,80.19,1010.39,86010.0,0.19,0.0,POOR,OK,OPEN_CIRCUIT,v1.0,SHORT_CIRCUIT,0.7977,0.1521,0.0055,0.0045,0.0402,0.7977,CONNECTED,WARNING,3.9,0,0.0,v1.0,True,SUCCESS,LORA,GOOD,0.55
REC-03073,2026-09-10T05:08:00Z,SITE-C,ESP32-C01,PV-C01,SITE-C-OPE-20,13,3.262,0.0,0.0,50.07,49.68,29.87,80.0,1010.37,85759.0,0.169,0.0,POOR,OK,OPEN_CIRCUIT,v1.0,SHORT_CIRCUIT,0.8021,0.1508,0.0055,0.0043,0.0372,0.8021,ISOLATED,CRITICAL,2.65,0,0.0,v1.0,True,SUCCESS,LORA,GOOD,0.55
REC-03074,2026-09-10T05:08:05Z,SITE-C,ESP32-C01,PV-C01,SITE-C-OPE-20,14,3.25,0.13,0.43,50.05,49.55,29.86,80.51,1010.41,85770.0,0.19,0.1,POOR,OK,OPEN_CIRCUIT,v1.0,SHORT_CIRCUIT,0.7935,0.1558,0.0057,0.0046,0.0405,0.7935,CONNECTED,WARNING,2.96,0,0.0,v1.0,True,SUCCESS,LORA,GOOD,0.55
REC-03075,2026-09-10T05:08:10Z,SITE-C,ESP32-C01,PV-C01,SITE-C-OPE-20,15,3.259,0.0,0.0,49.93,49.62,29.87,80.54,1010.34,85605.0,0.189,0.0,POOR,OK,OPEN_CIRCUIT,v1.0,SHORT_CIRCUIT,0.7959,0.154,0.0056,0.0046,0.0399,0.7959,CONNECTED,WARNING,4.27,0,0.0,v1.0,True,SUCCESS,LORA,GOOD,0.55
REC-03076,2026-09-10T05:08:15Z,SITE-C,ESP32-C01,PV-C01,SITE-C-OPE-20,16,3.259,0.6,1.95,50.05,49.61,29.87,80.63,1010.26,85649.0,0.185,0.5,POOR,OK,OPEN_CIRCUIT,v1.0,SHORT_CIRCUIT,0.7952,0.1543,0.0057,0.0046,0.0401,0.7952,CONNECTED,WARNING,3.44,0,0.0,v1.0,True,SUCCESS,LORA,GOOD,0.55
REC-03077,2026-09-10T05:08:20Z,SITE-C,ESP32-C01,PV-C01,SITE-C-OPE-20,17,3.268,0.14,0.46,49.83,49.5,29.87,81.32,1010.33,85208.0,0.178,0.1,POOR,OK,OPEN_CIRCUIT,v1.0,SHORT_CIRCUIT,0.7983,0.1523,0.0057,0.0046,0.0391,0.7983,CONNECTED,WARNING,2.77,0,0.0,v1.0,True,SUCCESS,LORA,GOOD,0.55
REC-03078,2026-09-10T05:08:25Z,SITE-C,ESP32-C01,PV-C01,SITE-C-OPE-20,18,3.259,0.0,0.0,50.11,49.56,29.87,80.13,1010.32,85747.0,0.199,0.0,POOR,OK,OPEN_CIRCUIT,v1.0,SHORT_CIRCUIT,0.791,0.1573,0.0056,0.0046,0.0415,0.791,CONNECTED,WARNING,3.69,0,0.0,v1.0,True,SUCCESS,LORA,GOOD,0.55
REC-03079,2026-09-10T05:08:30Z,SITE-C,ESP32-C01,PV-C01,SITE-C-OPE-20,19,3.26,0.49,1.6,49.86,49.53,29.87,80.39,1010.34,85511.0,0.18,0.4,POOR,OK,OPEN_CIRCUIT,v1.0,SHORT_CIRCUIT,0.7976,0.1523,0.0058,0.0046,0.0397,0.7976,CONNECTED,WARNING,2.81,0,0.0,v1.0,True,SUCCESS,LORA,GOOD,0.55
REC-03080,2026-09-10T05:08:35Z,SITE-C,ESP32-C01,PV-C01,SITE-C-OPE-20,20,3.255,0.44,1.43,50.01,49.55,29.88,80.59,1010.38,85369.0,0.196,0.4,POOR,OK,OPEN_CIRCUIT,v1.0,SHORT_CIRCUIT,0.7909,0.1572,0.0058,0.0048,0.0413,0.7909,CONNECTED,WARNING,2.19,0,0.0,v1.0,True,SUCCESS,LORA,GOOD,0.55
REC-03081,2026-09-10T05:08:40Z,SITE-C,ESP32-C01,PV-C01,SITE-C-OPE-20,21,3.261,0.0,0.0,50.03,49.56,29.88,80.37,1010.31,85250.0,0.197,0.0,POOR,OK,OPEN_CIRCUIT,v1.0,SHORT_CIRCUIT,0.7912,0.1576,0.0057,0.0047,0.0409,0.7912,CONNECTED,WARNING,3.49,0,0.0,v1.0,True,SUCCESS,LORA,GOOD,0.55
REC-03082,2026-09-10T05:08:45Z,SITE-C,ESP32-C01,PV-C01,SITE-C-OPE-20,22,3.255,0.52,1.71,49.96,49.65,29.88,79.88,1010.31,85632.0,0.179,0.4,POOR,OK,OPEN_CIRCUIT,v1.0,SHORT_CIRCUIT,0.7983,0.1524,0.0057,0.0046,0.039,0.7983,CONNECTED,WARNING,2.6,0,0.0,v1.0,True,SUCCESS,LORA,GOOD,0.55
REC-03083,2026-09-10T05:08:50Z,SITE-C,ESP32-C01,PV-C01,SITE-C-OPE-20,23,3.266,0.13,0.42,50.2,49.8,29.87,80.65,1010.31,85866.0,0.194,0.1,POOR,OK,OPEN_CIRCUIT,v1.0,SHORT_CIRCUIT,0.7945,0.1555,0.0055,0.0045,0.04,0.7945,CONNECTED,WARNING,4.28,0,0.0,v1.0,True,SUCCESS,LORA,GOOD,0.55
REC-03084,2026-09-10T05:08:55Z,SITE-C,ESP32-C01,PV-C01,SITE-C-OPE-20,24,3.258,0.32,1.04,50.05,49.83,29.88,80.31,1010.39,86485.0,0.183,0.3,POOR,OK,OPEN_CIRCUIT,v1.0,SHORT_CIRCUIT,0.8008,0.1504,0.0055,0.0044,0.0389,0.8008,ISOLATED,CRITICAL,4.4,0,0.0,v1.0,True,SUCCESS,LORA,GOOD,0.55
REC-03085,2026-09-10T05:09:00Z,SITE-C,ESP32-C01,PV-C01,SITE-C-OPE-20,25,3.254,0.49,1.61,50.24,49.84,29.88,80.18,1010.32,86469.0,0.193,0.4,POOR,OK,OPEN_CIRCUIT,v1.0,SHORT_CIRCUIT,0.7956,0.1542,0.0055,0.0045,0.0403,0.7956,CONNECTED,WARNING,2.64,0,0.0,v1.0,True,SUCCESS,LORA,GOOD,0.55
REC-03086,2026-09-10T05:09:05Z,SITE-C,ESP32-C01,PV-C01,SITE-C-OPE-20,26,3.266,0.07,0.24,50.12,49.68,29.89,80.23,1010.34,86672.0,0.178,0.1,POOR,OK,OPEN_CIRCUIT,v1.0,SHORT_CIRCUIT,0.8021,0.1495,0.0054,0.0043,0.0388,0.8021,ISOLATED,CRITICAL,3.85,0,0.0,v1.0,True,SUCCESS,LORA,GOOD,0.55
REC-03087,2026-09-10T05:09:10Z,SITE-C,ESP32-C01,PV-C01,SITE-C-OPE-20,27,3.253,0.2,0.66,50.24,50.08,29.88,80.97,1010.39,86760.0,0.186,0.2,POOR,OK,OPEN_CIRCUIT,v1.0,SHORT_CIRCUIT,0.8011,0.1512,0.0053,0.0043,0.0382,0.8011,ISOLATED,CRITICAL,2.87,0,0.0,v1.0,True,SUCCESS,LORA,GOOD,0.55
REC-03088,2026-09-10T05:09:15Z,SITE-C,ESP32-C01,PV-C01,SITE-C-OPE-20,28,3.261,0.18,0.57,50.14,49.71,29.87,80.89,1010.35,86575.0,0.188,0.1,POOR,OK,OPEN_CIRCUIT,v1.0,SHORT_CIRCUIT,0.7979,0.1522,0.0055,0.0044,0.04,0.7979,CONNECTED,WARNING,4.33,0,0.0,v1.0,True,SUCCESS,LORA,GOOD,0.55
REC-03089,2026-09-10T05:09:20Z,SITE-C,ESP32-C01,PV-C01,SITE-C-OPE-20,29,3.253,0.0,0.0,50.15,49.73,29.88,80.17,1010.26,86525.0,0.187,0.0,POOR,OK,OPEN_CIRCUIT,v1.0,SHORT_CIRCUIT,0.7982,0.1526,0.0054,0.0044,0.0394,0.7982,CONNECTED,WARNING,4.76,0,0.0,v1.0,True,SUCCESS,LORA,GOOD,0.55
REC-03090,2026-09-10T05:09:25Z,SITE-C,ESP32-C01,PV-C01,SITE-C-OPE-20,30,3.262,0.37,1.21,50.32,49.91,29.9,79.98,1010.32,86420.0,0.191,0.3,POOR,OK,OPEN_CIRCUIT,v1.0,SHORT_CIRCUIT,0.797,0.1537,0.0054,0.0044,0.0395,0.797,CONNECTED,WARNING,2.45,0,0.0,v1.0,True,SUCCESS,LORA,GOOD,0.55
REC-03091,2026-09-10T05:09:30Z,SITE-C,ESP32-C01,PV-C01,SITE-C-OPE-20,31,3.266,0.08,0.25,50.04,49.63,29.89,80.77,1010.31,86314.0,0.179,0.1,POOR,OK,OPEN_CIRCUIT,v1.0,SHORT_CIRCUIT,0.801,0.1502,0.0055,0.0044,0.0389,0.801,ISOLATED,CRITICAL,4.13,0,0.0,v1.0,True,SUCCESS,LORA,GOOD,0.55
REC-03092,2026-09-10T05:09:35Z,SITE-C,ESP32-C01,PV-C01,SITE-C-OPE-20,32,3.258,0.0,0.0,49.96,49.7,29.91,81.12,1010.28,86210.0,0.181,0.0,POOR,OK,OPEN_CIRCUIT,v1.0,SHORT_CIRCUIT,0.8013,0.1502,0.0055,0.0044,0.0386,0.8013,ISOLATED,CRITICAL,3.83,0,0.0,v1.0,True,SUCCESS,LORA,GOOD,0.55
REC-03093,2026-09-10T05:09:40Z,SITE-C,ESP32-C01,PV-C01,SITE-C-OPE-20,33,3.255,0.0,0.0,50.05,49.64,29.93,81.2,1010.32,86045.0,0.194,0.0,POOR,OK,OPEN_CIRCUIT,v1.0,SHORT_CIRCUIT,0.7957,0.1541,0.0055,0.0046,0.0402,0.7957,CONNECTED,WARNING,3.4,0,0.0,v1.0,True,SUCCESS,LORA,GOOD,0.55
REC-03094,2026-09-10T05:09:45Z,SITE-C,ESP32-C01,PV-C01,SITE-C-OPE-20,34,3.255,0.2,0.64,50.12,49.68,29.93,80.08,1010.25,86072.0,0.183,0.2,POOR,OK,OPEN_CIRCUIT,v1.0,SHORT_CIRCUIT,0.7987,0.1525,0.0055,0.0045,0.0388,0.7987,CONNECTED,WARNING,3.84,0,0.0,v1.0,True,SUCCESS,LORA,GOOD,0.55
REC-03095,2026-09-10T05:09:50Z,SITE-C,ESP32-C01,PV-C01,SITE-C-OPE-20,35,3.26,0.0,0.0,50.21,49.76,29.94,80.91,1010.34,86108.0,0.182,0.0,POOR,OK,OPEN_CIRCUIT,v1.0,SHORT_CIRCUIT,0.7998,0.1523,0.0054,0.0044,0.0381,0.7998,CONNECTED,WARNING,2.46,0,0.0,v1.0,True,SUCCESS,LORA,GOOD,0.55
REC-03096,2026-09-10T05:09:55Z,SITE-C,ESP32-C01,PV-C01,SITE-C-OPE-20,36,3.27,0.0,0.0,50.36,49.76,29.96,80.5,1010.33,87032.0,0.179,0.0,POOR,OK,OPEN_CIRCUIT,v1.0,SHORT_CIRCUIT,0.8032,0.1493,0.0053,0.0041,0.0381,0.8032,ISOLATED,CRITICAL,3.55,0,0.0,v1.0,True,SUCCESS,LORA,GOOD,0.55
REC-03097,2026-09-10T05:10:00Z,SITE-C,ESP32-C01,PV-C01,SITE-C-OPE-20,37,3.265,0.0,0.0,50.08,49.84,29.95,79.92,1010.31,86565.0,0.182,0.0,POOR,OK,OPEN_CIRCUIT,v1.0,SHORT_CIRCUIT,0.8034,0.1489,0.0053,0.0043,0.038,0.8034,ISOLATED,CRITICAL,4.24,0,0.0,v1.0,True,SUCCESS,LORA,GOOD,1.87
REC-03098,2026-09-10T05:10:05Z,SITE-C,ESP32-C01,PV-C01,SITE-C-OPE-20,38,3.266,0.0,0.0,50.33,49.86,29.94,80.24,1010.28,86530.0,0.177,0.0,POOR,OK,OPEN_CIRCUIT,v1.0,SHORT_CIRCUIT,0.8028,0.1504,0.0053,0.0042,0.0373,0.8028,ISOLATED,CRITICAL,2.63,0,0.0,v1.0,True,SUCCESS,LORA,GOOD,1.87
REC-03099,2026-09-10T05:10:10Z,SITE-C,ESP32-C01,PV-C01,SITE-C-OPE-20,39,3.255,0.16,0.51,50.17,49.82,29.93,80.26,1010.37,86489.0,0.194,0.1,POOR,OK,OPEN_CIRCUIT,v1.0,SHORT_CIRCUIT,0.7973,0.1531,0.0054,0.0045,0.0398,0.7973,CONNECTED,WARNING,3.16,0,0.0,v1.0,True,SUCCESS,LORA,GOOD,1.87
REC-03100,2026-09-10T05:10:15Z,SITE-C,ESP32-C01,PV-C01,SITE-C-OPE-20,40,3.265,0.9,2.95,50.28,50.17,29.93,80.64,1010.31,87348.0,0.183,0.7,POOR,OK,OPEN_CIRCUIT,v1.0,SHORT_CIRCUIT,0.8047,0.1474,0.0053,0.0043,0.0383,0.8047,ISOLATED,CRITICAL,2.33,0,0.0,v1.0,True,SUCCESS,LORA,GOOD,1.87
REC-03101,2026-09-10T05:10:20Z,SITE-C,ESP32-C01,PV-C01,SITE-C-OPE-20,41,3.265,0.0,0.0,50.37,49.96,29.93,80.09,1010.36,87602.0,0.176,0.0,POOR,OK,OPEN_CIRCUIT,v1.0,SHORT_CIRCUIT,0.8065,0.147,0.0051,0.004,0.0374,0.8065,ISOLATED,CRITICAL,3.69,0,0.0,v1.0,True,SUCCESS,LORA,GOOD,1.87
REC-03102,2026-09-10T05:10:25Z,SITE-C,ESP32-C01,PV-C01,SITE-C-OPE-20,42,3.261,0.32,1.04,50.21,49.88,29.93,80.78,1010.33,87568.0,0.185,0.3,POOR,OK,OPEN_CIRCUIT,v1.0,SHORT_CIRCUIT,0.8035,0.1478,0.0053,0.0042,0.0392,0.8035,ISOLATED,CRITICAL,2.99,0,0.0,v1.0,True,SUCCESS,LORA,GOOD,1.87
REC-03103,2026-09-10T05:10:30Z,SITE-C,ESP32-C01,PV-C01,SITE-C-OPE-20,43,3.256,0.0,0.0,50.47,50.05,29.93,80.64,1010.37,88192.0,0.173,0.0,POOR,OK,OPEN_CIRCUIT,v1.0,SHORT_CIRCUIT,0.8085,0.1457,0.005,0.0039,0.0368,0.8085,ISOLATED,CRITICAL,2.16,0,0.0,v1.0,True,SUCCESS,LORA,GOOD,1.87
REC-03104,2026-09-10T05:10:35Z,SITE-C,ESP32-C01,PV-C01,SITE-C-OPE-20,44,3.264,0.2,0.66,50.58,49.93,29.92,80.81,1010.35,87945.0,0.178,0.2,POOR,OK,OPEN_CIRCUIT,v1.0,SHORT_CIRCUIT,0.8043,0.1484,0.0051,0.004,0.0381,0.8043,ISOLATED,CRITICAL,2.12,0,0.0,v1.0,True,SUCCESS,LORA,GOOD,1.87
REC-03105,2026-09-10T05:10:40Z,SITE-C,ESP32-C01,PV-C01,SITE-C-OPE-20,45,3.255,0.16,0.51,50.64,50.27,29.94,80.3,1010.33,88251.0,0.201,0.1,POOR,OK,OPEN_CIRCUIT,v1.0,SHORT_CIRCUIT,0.8003,0.1512,0.005,0.0041,0.0395,0.8003,ISOLATED,CRITICAL,4.2,0,0.0,v1.0,True,SUCCESS,LORA,GOOD,1.87
REC-03106,2026-09-10T05:10:45Z,SITE-C,ESP32-C01,PV-C01,SITE-C-OPE-20,46,3.262,0.27,0.87,50.5,50.26,29.95,80.62,1010.3,87826.0,0.176,0.2,POOR,OK,OPEN_CIRCUIT,v1.0,SHORT_CIRCUIT,0.8083,0.1463,0.005,0.004,0.0364,0.8083,ISOLATED,CRITICAL,4.3,0,0.0,v1.0,True,SUCCESS,LORA,GOOD,1.87
REC-03107,2026-09-10T05:10:50Z,SITE-C,ESP32-C01,PV-C01,SITE-C-OPE-20,47,3.257,0.0,0.0,50.45,50.09,29.93,80.19,1010.37,87616.0,0.186,0.0,POOR,OK,OPEN_CIRCUIT,v1.0,SHORT_CIRCUIT,0.8034,0.1495,0.0051,0.0041,0.038,0.8034,ISOLATED,CRITICAL,2.22,0,0.0,v1.0,True,SUCCESS,LORA,GOOD,1.87
REC-03108,2026-09-10T05:10:55Z,SITE-C,ESP32-C01,PV-C01,SITE-C-OPE-20,48,3.254,0.18,0.58,50.4,49.89,29.94,80.7,1010.32,87044.0,0.209,0.1,POOR,OK,OPEN_CIRCUIT,v1.0,SHORT_CIRCUIT,0.7929,0.1558,0.0053,0.0044,0.0416,0.7929,CONNECTED,WARNING,4.77,0,0.0,v1.0,True,SUCCESS,LORA,GOOD,1.87
REC-03109,2026-09-10T05:11:00Z,SITE-C,ESP32-C01,PV-C01,SITE-C-OPE-20,49,3.258,0.75,2.45,50.31,49.85,29.94,80.43,1010.31,87427.0,0.189,0.6,POOR,OK,OPEN_CIRCUIT,v1.0,SHORT_CIRCUIT,0.8001,0.15,0.0054,0.0043,0.0401,0.8001,ISOLATED,CRITICAL,3.52,0,0.0,v1.0,True,SUCCESS,LORA,GOOD,1.87
REC-03110,2026-09-10T05:11:05Z,SITE-C,ESP32-C01,PV-C01,SITE-C-OPE-20,50,3.269,0.22,0.73,50.39,50.0,29.95,80.46,1010.33,86881.0,0.182,0.2,POOR,OK,OPEN_CIRCUIT,v1.0,SHORT_CIRCUIT,0.803,0.1499,0.0052,0.0042,0.0377,0.803,ISOLATED,CRITICAL,4.54,0,0.0,v1.0,True,SUCCESS,LORA,GOOD,1.87
REC-03111,2026-09-10T05:11:10Z,SITE-C,ESP32-C01,PV-C01,SITE-C-OPE-20,51,3.254,0.19,0.6,50.24,49.85,29.94,80.49,1010.33,86961.0,0.167,0.2,POOR,OK,OPEN_CIRCUIT,v1.0,SHORT_CIRCUIT,0.8068,0.1472,0.0053,0.0041,0.0365,0.8068,ISOLATED,CRITICAL,3.12,0,0.0,v1.0,True,SUCCESS,LORA,GOOD,1.87
REC-03112,2026-09-10T05:11:15Z,SITE-C,ESP32-C01,PV-C01,SITE-C-OPE-20,52,3.264,0.04,0.12,50.24,49.83,29.93,79.98,1010.36,87034.0,0.189,0.0,POOR,OK,OPEN_CIRCUIT,v1.0,SHORT_CIRCUIT,0.8007,0.1504,0.0053,0.0043,0.0393,0.8007,ISOLATED,CRITICAL,4.42,0,0.0,v1.0,True,SUCCESS,LORA,GOOD,1.87
REC-03113,2026-09-10T05:11:20Z,SITE-C,ESP32-C01,PV-C01,SITE-C-OPE-20,53,3.263,0.0,0.0,50.32,49.86,29.94,80.86,1010.27,86807.0,0.179,0.0,POOR,OK,OPEN_CIRCUIT,v1.0,SHORT_CIRCUIT,0.8029,0.1499,0.0053,0.0042,0.0377,0.8029,ISOLATED,CRITICAL,4.73,0,0.0,v1.0,True,SUCCESS,LORA,GOOD,1.87
REC-03114,2026-09-10T05:11:25Z,SITE-C,ESP32-C01,PV-C01,SITE-C-OPE-20,54,3.258,0.08,0.26,50.17,50.1,29.94,80.52,1010.4,87031.0,0.193,0.1,POOR,DUPLICATE_RECEIVED,OPEN_CIRCUIT,v1.0,SHORT_CIRCUIT,0.802,0.1498,0.0052,0.0043,0.0386,0.802,ISOLATED,CRITICAL,2.88,0,0.0,v1.0,True,SUCCESS,LORA,GOOD,1.87
REC-03115,2026-09-10T05:11:30Z,SITE-C,ESP32-C01,PV-C01,SITE-C-OPE-20,55,3.257,0.0,0.0,50.4,49.89,29.94,80.86,1010.34,87028.0,0.18,0.0,POOR,OK,OPEN_CIRCUIT,v1.0,SHORT_CIRCUIT,0.8025,0.1504,0.0052,0.0042,0.0377,0.8025,ISOLATED,CRITICAL,3.9,0,0.0,v1.0,True,SUCCESS,LORA,GOOD,1.87
REC-03116,2026-09-10T05:11:35Z,SITE-C,ESP32-C01,PV-C01,SITE-C-OPE-20,56,3.253,0.26,0.84,50.43,50.08,29.94,80.84,1010.33,87893.0,0.19,0.2,POOR,OK,OPEN_CIRCUIT,v1.0,SHORT_CIRCUIT,0.8026,0.1493,0.0051,0.0042,0.0388,0.8026,ISOLATED,CRITICAL,2.82,0,0.0,v1.0,True,SUCCESS,LORA,GOOD,1.87
REC-03117,2026-09-10T05:11:40Z,SITE-C,ESP32-C01,PV-C01,SITE-C-OPE-20,57,3.265,0.54,1.77,50.37,50.02,29.94,80.26,1010.34,87129.0,0.201,0.4,POOR,OK,OPEN_CIRCUIT,v1.0,SHORT_CIRCUIT,0.7971,0.1526,0.0053,0.0044,0.0406,0.7971,CONNECTED,WARNING,3.41,0,0.0,v1.0,True,SUCCESS,LORA,GOOD,1.87
REC-03118,2026-09-10T05:11:45Z,SITE-C,ESP32-C01,PV-C01,SITE-C-OPE-20,58,3.253,0.18,0.58,50.43,49.89,29.94,80.42,1010.28,86933.0,0.194,0.1,POOR,OK,OPEN_CIRCUIT,v1.0,SHORT_CIRCUIT,0.7971,0.1538,0.0053,0.0043,0.0396,0.7971,CONNECTED,WARNING,3.81,0,0.0,v1.0,True,SUCCESS,LORA,GOOD,1.87
REC-03119,2026-09-10T05:11:50Z,SITE-C,ESP32-C01,PV-C01,SITE-C-OPE-20,59,3.245,0.21,0.68,50.36,49.92,29.96,80.03,1010.33,87037.0,0.174,0.2,POOR,OK,OPEN_CIRCUIT,v1.0,SHORT_CIRCUIT,0.8043,0.1493,0.0053,0.0042,0.0369,0.8043,ISOLATED,CRITICAL,3.44,0,0.0,v1.0,True,SUCCESS,LORA,GOOD,1.87
REC-03120,2026-09-10T05:11:55Z,SITE-C,ESP32-C01,PV-C01,SITE-C-OPE-20,60,3.261,0.5,1.63,50.45,49.87,29.95,80.87,1010.35,86973.0,0.188,0.4,POOR,OK,OPEN_CIRCUIT,v1.0,SHORT_CIRCUIT,0.7989,0.1522,0.0054,0.0043,0.0393,0.7989,CONNECTED,WARNING,2.21,0,0.0,v1.0,True,SUCCESS,LORA,GOOD,1.87
REC-03121,2026-09-10T05:54:00Z,SITE-D,ESP32-D01,PV-D01,SITE-D-DUS-20,1,2.736,34.15,93.42,35.57,35.21,28.19,85.7,1010.55,30785.0,0.48,75.4,GOOD,CURRENT_SIGN_REVERSED,DUST,v1.0,OPEN_CIRCUIT,0.2166,0.1947,0.1799,0.2037,0.2166,0.205,CONNECTED,WARNING,3.51,0,0.0,v1.0,True,SUCCESS,LTE,GOOD,1.63
REC-03122,2026-09-10T05:54:05Z,SITE-D,ESP32-D01,PV-D01,SITE-D-DUS-20,2,2.732,34.09,93.14,35.61,35.09,28.21,85.79,1010.49,30974.0,0.516,74.9,DEGRADED,CURRENT_SIGN_REVERSED,DUST,v1.0,OPEN_CIRCUIT,0.2194,0.1933,0.177,0.2063,0.2194,0.204,CONNECTED,WARNING,4.21,0,0.0,v1.0,True,SUCCESS,LTE,GOOD,1.63
REC-03123,2026-09-10T05:54:10Z,SITE-D,ESP32-D01,PV-D01,SITE-D-DUS-20,3,2.715,34.39,93.36,35.58,35.18,28.2,86.44,1010.52,30968.0,0.567,75.1,GOOD,CURRENT_SIGN_REVERSED|DUPLICATE_RECEIVED,DUST,v1.0,OPEN_CIRCUIT,0.2189,0.1915,0.1766,0.2147,0.2189,0.1982,CONNECTED,WARNING,2.42,0,0.0,v1.0,True,SUCCESS,LTE,GOOD,1.63
REC-03124,2026-09-10T05:54:15Z,SITE-D,ESP32-D01,PV-D01,SITE-D-DUS-20,4,2.726,34.18,93.18,35.67,35.21,28.2,86.12,1010.55,30929.0,0.459,74.7,DEGRADED,CURRENT_SIGN_REVERSED,DUST,v1.0,OPEN_CIRCUIT,0.2174,0.1981,0.1807,0.1974,0.2174,0.2064,CONNECTED,WARNING,3.28,0,0.0,v1.0,True,SUCCESS,LTE,GOOD,1.63
REC-03125,2026-09-10T05:54:20Z,SITE-D,ESP32-D01,PV-D01,SITE-D-DUS-20,5,2.737,34.07,93.27,35.64,35.3,28.19,86.21,1010.5,30920.0,0.465,74.8,DEGRADED,CURRENT_SIGN_REVERSED,DUST,v1.0,OPEN_CIRCUIT,0.2165,0.196,0.1804,0.2008,0.2165,0.2063,CONNECTED,WARNING,2.29,0,0.0,v1.0,True,SUCCESS,LTE,GOOD,1.63
REC-03126,2026-09-10T05:54:25Z,SITE-D,ESP32-D01,PV-D01,SITE-D-DUS-20,6,2.756,33.84,93.28,35.54,35.22,28.19,86.27,1010.5,31008.0,0.539,74.9,DEGRADED,CURRENT_SIGN_REVERSED,DUST,v1.0,OPEN_CIRCUIT,0.2196,0.1896,0.1748,0.2111,0.2196,0.2049,CONNECTED,WARNING,3.7,0,0.0,v1.0,True,SUCCESS,LTE,GOOD,1.63
REC-03127,2026-09-10T05:54:30Z,SITE-D,ESP32-D01,PV-D01,SITE-D-DUS-20,7,2.735,34.79,95.14,35.49,35.21,28.19,86.08,1010.52,30755.0,0.447,76.2,GOOD,CURRENT_SIGN_REVERSED,DUST,v1.0,OPEN_CIRCUIT,0.2168,0.1977,0.1829,0.1948,0.2168,0.2077,CONNECTED,WARNING,3.08,0,0.0,v1.0,True,SUCCESS,LTE,GOOD,1.63
REC-03128,2026-09-10T05:54:35Z,SITE-D,ESP32-D01,PV-D01,SITE-D-DUS-20,8,2.75,33.94,93.36,35.49,35.36,28.19,86.03,1010.54,30911.0,0.489,74.7,DEGRADED,CURRENT_SIGN_REVERSED,DUST,v1.0,OPEN_CIRCUIT,0.2181,0.1921,0.1777,0.2056,0.2181,0.2065,CONNECTED,WARNING,2.53,0,0.0,v1.0,True,SUCCESS,LTE,GOOD,1.63
REC-03129,2026-09-10T05:54:40Z,SITE-D,ESP32-D01,PV-D01,SITE-D-DUS-20,9,2.735,34.71,94.93,35.59,35.22,28.18,86.4,1010.56,30949.0,0.364,75.9,GOOD,CURRENT_SIGN_REVERSED,DUST,v1.0,OPEN_CIRCUIT,0.2219,0.198,0.1941,0.1768,0.2219,0.2093,CONNECTED,WARNING,2.71,0,0.0,v1.0,True,SUCCESS,LTE,GOOD,1.63
REC-03130,2026-09-10T05:54:45Z,SITE-D,ESP32-D01,PV-D01,SITE-D-DUS-20,10,2.714,34.35,93.25,35.51,35.21,28.16,85.83,1010.54,31059.0,0.465,74.7,DEGRADED,CURRENT_SIGN_REVERSED,DUST,v1.0,OPEN_CIRCUIT,0.2189,0.1969,0.1795,0.1971,0.2189,0.2075,CONNECTED,WARNING,4.63,0,0.0,v1.0,True,SUCCESS,LTE,GOOD,1.63
REC-03131,2026-09-10T05:54:50Z,SITE-D,ESP32-D01,PV-D01,SITE-D-DUS-20,11,2.739,34.01,93.14,35.52,35.09,28.19,86.25,1010.6,30803.0,0.562,74.7,DEGRADED,CURRENT_SIGN_REVERSED,DUST,v1.0,OPEN_CIRCUIT,0.2187,0.191,0.1762,0.2143,0.2187,0.1998,CONNECTED,WARNING,2.2,0,0.0,v1.0,True,SUCCESS,LTE,GOOD,1.63
REC-03132,2026-09-10T05:54:55Z,SITE-D,ESP32-D01,PV-D01,SITE-D-DUS-20,12,2.726,34.71,94.64,35.62,35.27,28.19,86.2,1010.51,30995.0,0.504,75.4,GOOD,CURRENT_SIGN_REVERSED,DUST,v1.0,OPEN_CIRCUIT,0.2184,0.1923,0.178,0.2051,0.2184,0.2063,CONNECTED,WARNING,2.77,0,0.0,v1.0,True,SUCCESS,LTE,GOOD,1.63
REC-03133,2026-09-10T05:55:00Z,SITE-D,ESP32-D01,PV-D01,SITE-D-DUS-20,13,2.724,34.02,92.67,35.71,35.18,28.21,86.39,1010.55,30883.0,0.538,74.2,DEGRADED,CURRENT_SIGN_REVERSED,DUST,v1.0,OPEN_CIRCUIT,0.2174,0.1936,0.178,0.2115,0.2174,0.1994,CONNECTED,WARNING,4.19,0,0.0,v1.0,True,SUCCESS,LTE,GOOD,1.63
REC-03134,2026-09-10T05:55:05Z,SITE-D,ESP32-D01,PV-D01,SITE-D-DUS-20,14,2.725,34.58,94.23,35.47,35.22,28.23,87.12,1010.5,30907.0,0.541,75.7,GOOD,CURRENT_SIGN_REVERSED,DUST,v1.0,OPEN_CIRCUIT,0.224,0.1902,0.1732,0.2065,0.224,0.206,CONNECTED,WARNING,4.63,0,0.0,v1.0,True,SUCCESS,LTE,GOOD,1.63
REC-03135,2026-09-10T05:55:10Z,SITE-D,ESP32-D01,PV-D01,SITE-D-DUS-20,15,2.734,34.24,93.62,35.61,35.28,28.21,86.11,1010.58,30935.0,0.565,74.9,DEGRADED,TEMP1_MISSING_-999|CURRENT_SIGN_REVERSED,DUST,v1.0,OPEN_CIRCUIT,0.22,0.1898,0.1749,0.2141,0.22,0.2013,CONNECTED,WARNING,3.33,0,0.0,v1.0,True,SUCCESS,LTE,GOOD,1.63
REC-03136,2026-09-10T05:55:15Z,SITE-D,ESP32-D01,PV-D01,SITE-D-DUS-20,16,2.728,34.36,93.72,35.55,35.21,28.22,86.52,1010.57,30829.0,0.463,74.8,DEGRADED,CURRENT_SIGN_REVERSED,DUST,v1.0,OPEN_CIRCUIT,0.2183,0.1973,0.1805,0.1981,0.2183,0.2058,CONNECTED,WARNING,2.56,0,0.0,v1.0,True,SUCCESS,LTE,GOOD,1.63
REC-03137,2026-09-10T05:55:20Z,SITE-D,ESP32-D01,PV-D01,SITE-D-DUS-20,17,2.755,33.85,93.25,35.59,35.22,28.2,86.47,1010.55,30773.0,0.54,74.6,DEGRADED,CURRENT_SIGN_REVERSED,DUST,v1.0,OPEN_CIRCUIT,0.2191,0.1905,0.1754,0.2112,0.2191,0.2038,CONNECTED,WARNING,3.49,0,0.0,v1.0,True,SUCCESS,LTE,GOOD,1.63
REC-03138,2026-09-10T05:55:25Z,SITE-D,ESP32-D01,PV-D01,SITE-D-DUS-20,18,2.748,34.57,95.01,35.67,35.13,28.2,86.57,1010.48,30820.0,0.618,76.4,GOOD,CURRENT_SIGN_REVERSED,DUST,v1.0,DUST,0.222,0.1874,0.175,0.222,0.218,0.1975,CONNECTED,INFO,2.37,0,0.0,v1.0,True,SUCCESS,LTE,GOOD,1.63
REC-03139,2026-09-10T05:55:30Z,SITE-D,ESP32-D01,PV-D01,SITE-D-DUS-20,19,2.74,34.16,93.57,35.55,35.23,28.18,86.34,1010.55,30943.0,0.482,75.0,DEGRADED,CURRENT_SIGN_REVERSED,DUST,v1.0,OPEN_CIRCUIT,0.2164,0.1938,0.1797,0.2046,0.2164,0.2055,CONNECTED,WARNING,4.75,0,0.0,v1.0,True,SUCCESS,LTE,GOOD,1.63
REC-03140,2026-09-10T05:55:35Z,SITE-D,ESP32-D01,PV-D01,SITE-D-DUS-20,20,2.724,34.2,93.18,35.58,35.18,28.16,86.83,1010.51,30825.0,0.404,74.9,DEGRADED,CURRENT_SIGN_REVERSED,DUST,v1.0,OPEN_CIRCUIT,0.2206,0.1982,0.1867,0.1844,0.2206,0.21,CONNECTED,WARNING,3.64,0,0.0,v1.0,True,SUCCESS,LTE,GOOD,1.63
REC-03141,2026-09-10T05:55:40Z,SITE-D,ESP32-D01,PV-D01,SITE-D-DUS-20,21,2.717,34.55,93.89,35.6,35.41,28.15,86.61,1010.54,30705.0,0.448,75.6,GOOD,CURRENT_SIGN_REVERSED,DUST,v1.0,OPEN_CIRCUIT,0.2177,0.1968,0.1816,0.195,0.2177,0.209,CONNECTED,WARNING,2.38,0,0.0,v1.0,True,SUCCESS,LTE,GOOD,1.63
REC-03142,2026-09-10T05:55:45Z,SITE-D,ESP32-D01,PV-D01,SITE-D-DUS-20,22,2.735,33.79,92.41,35.65,35.37,28.15,86.61,1010.49,30902.0,0.512,74.4,DEGRADED,CURRENT_SIGN_REVERSED,DUST,v1.0,OPEN_CIRCUIT,0.2138,0.193,0.1802,0.2125,0.2138,0.2005,CONNECTED,WARNING,4.43,0,0.0,v1.0,True,SUCCESS,LTE,GOOD,1.63
REC-03143,2026-09-10T05:55:50Z,SITE-D,ESP32-D01,PV-D01,SITE-D-DUS-20,23,2.709,34.55,93.62,35.53,35.34,28.15,85.98,1010.54,30740.0,0.384,75.6,GOOD,CURRENT_SIGN_REVERSED,DUST,v1.0,OPEN_CIRCUIT,0.2234,0.1976,0.1889,0.1792,0.2234,0.211,CONNECTED,WARNING,3.4,0,0.0,v1.0,True,SUCCESS,LTE,GOOD,1.63
REC-03144,2026-09-10T05:55:55Z,SITE-D,ESP32-D01,PV-D01,SITE-D-DUS-20,24,2.73,34.12,93.13,35.71,35.16,28.14,86.43,1010.52,30821.0,0.438,75.0,DEGRADED,CURRENT_SIGN_REVERSED,DUST,v1.0,OPEN_CIRCUIT,0.2161,0.1971,0.1842,0.194,0.2161,0.2087,CONNECTED,WARNING,2.15,0,0.0,v1.0,True,SUCCESS,LTE,GOOD,1.63
REC-03145,2026-09-10T05:56:00Z,SITE-D,ESP32-D01,PV-D01,SITE-D-DUS-20,25,2.72,33.88,92.15,35.57,35.25,28.14,86.25,1010.51,30828.0,0.464,74.2,DEGRADED,CURRENT_SIGN_REVERSED,DUST,v1.0,OPEN_CIRCUIT,0.2178,0.1979,0.1798,0.1978,0.2178,0.2068,CONNECTED,WARNING,3.51,0,0.0,v1.0,True,SUCCESS,LTE,GOOD,1.63
REC-03146,2026-09-10T05:56:05Z,SITE-D,ESP32-D01,PV-D01,SITE-D-DUS-20,26,2.735,33.83,92.52,35.63,35.15,28.15,86.14,1010.55,30930.0,0.49,74.7,DEGRADED,CURRENT_SIGN_REVERSED,DUST,v1.0,OPEN_CIRCUIT,0.2136,0.195,0.1815,0.208,0.2136,0.202,CONNECTED,WARNING,4.47,0,0.0,v1.0,True,SUCCESS,LTE,GOOD,1.63
REC-03147,2026-09-10T05:56:10Z,SITE-D,ESP32-D01,PV-D01,SITE-D-DUS-20,27,2.735,33.58,91.83,35.56,35.37,28.15,86.21,1010.53,30464.0,0.591,74.3,DEGRADED,CURRENT_SIGN_REVERSED,DUST,v1.0,DUST,0.2254,0.1905,0.1783,0.2254,0.2137,0.1921,CONNECTED,INFO,2.79,0,0.0,v1.0,True,SUCCESS,LTE,GOOD,1.63
REC-03148,2026-09-10T05:56:15Z,SITE-D,ESP32-D01,PV-D01,SITE-D-DUS-20,28,2.728,34.08,92.96,35.67,35.33,28.15,86.38,1010.52,30674.0,0.525,74.9,DEGRADED,CURRENT_SIGN_REVERSED,DUST,v1.0,DUST,0.2142,0.1934,0.1812,0.2142,0.2129,0.1983,CONNECTED,INFO,3.05,0,0.0,v1.0,True,SUCCESS,LTE,GOOD,1.63
REC-03149,2026-09-10T05:56:20Z,SITE-D,ESP32-D01,PV-D01,SITE-D-DUS-20,29,2.749,33.7,92.66,35.76,35.16,28.16,86.54,1010.55,30661.0,0.417,74.7,DEGRADED,CURRENT_SIGN_REVERSED,DUST,v1.0,OPEN_CIRCUIT,0.2166,0.1984,0.1859,0.19,0.2166,0.2092,CONNECTED,WARNING,3.75,0,0.0,v1.0,True,SUCCESS,LTE,GOOD,1.63
REC-03150,2026-09-10T05:56:25Z,SITE-D,ESP32-D01,PV-D01,SITE-D-DUS-20,30,2.726,33.95,92.56,35.58,35.29,28.14,86.69,1010.59,30957.0,0.716,74.5,DEGRADED,CURRENT_SIGN_REVERSED,DUST,v1.0,DUST,0.2457,0.1844,0.1755,0.2457,0.2127,0.1817,CONNECTED,INFO,4.78,0,0.0,v1.0,True,SUCCESS,LTE,GOOD,1.63
REC-03151,2026-09-10T05:56:30Z,SITE-D,ESP32-D01,PV-D01,SITE-D-DUS-20,31,2.727,34.3,93.55,35.61,35.14,28.15,86.68,1010.54,30711.0,0.483,75.3,GOOD,CURRENT_SIGN_REVERSED,DUST,v1.0,OPEN_CIRCUIT,0.2144,0.1958,0.1818,0.2044,0.2144,0.2036,CONNECTED,WARNING,3.25,0,0.0,v1.0,True,SUCCESS,LTE,GOOD,1.63
REC-03152,2026-09-10T05:56:35Z,SITE-D,ESP32-D01,PV-D01,SITE-D-DUS-20,32,2.721,33.97,92.44,35.53,35.21,28.14,86.49,1010.48,30487.0,0.383,74.8,DEGRADED,CURRENT_SIGN_REVERSED,DUST,v1.0,OPEN_CIRCUIT,0.2238,0.1982,0.1882,0.1783,0.2238,0.2114,CONNECTED,WARNING,2.27,0,0.0,v1.0,True,SUCCESS,LTE,GOOD,1.63
REC-03153,2026-09-10T05:56:40Z,SITE-D,ESP32-D01,PV-D01,SITE-D-DUS-20,33,2.742,34.27,93.96,35.56,35.25,28.15,86.42,1010.48,30658.0,0.421,75.9,GOOD,CURRENT_SIGN_REVERSED,DUST,v1.0,OPEN_CIRCUIT,0.2175,0.1972,0.1853,0.1901,0.2175,0.2099,CONNECTED,WARNING,2.4,0,0.0,v1.0,True,SUCCESS,LTE,GOOD,1.63
REC-03154,2026-09-10T05:56:45Z,SITE-D,ESP32-D01,PV-D01,SITE-D-DUS-20,34,2.711,34.62,93.87,35.56,35.33,28.16,86.3,1010.53,30789.0,0.422,75.6,GOOD,CURRENT_SIGN_REVERSED,DUST,v1.0,OPEN_CIRCUIT,0.2196,0.1974,0.1845,0.1887,0.2196,0.2099,CONNECTED,WARNING,4.39,0,0.0,v1.0,True,SUCCESS,LTE,GOOD,1.63
REC-03155,2026-09-10T05:56:50Z,SITE-D,ESP32-D01,PV-D01,SITE-D-DUS-20,35,2.752,34.13,93.93,35.65,35.38,28.17,86.33,1010.56,31123.0,0.403,75.2,GOOD,CURRENT_SIGN_REVERSED,DUST,v1.0,OPEN_CIRCUIT,0.2175,0.198,0.1866,0.1878,0.2175,0.2101,CONNECTED,WARNING,4.05,0,0.0,v1.0,True,SUCCESS,LTE,GOOD,1.63
REC-03156,2026-09-10T05:56:55Z,SITE-D,ESP32-D01,PV-D01,SITE-D-DUS-20,36,2.723,34.36,93.57,35.57,35.29,28.17,86.17,1010.53,30711.0,0.514,75.3,GOOD,CURRENT_SIGN_REVERSED,DUST,v1.0,OPEN_CIRCUIT,0.2164,0.1931,0.1793,0.2091,0.2164,0.2021,CONNECTED,WARNING,4.71,0,0.0,v1.0,True,SUCCESS,LTE,GOOD,1.63
REC-03157,2026-09-10T05:57:00Z,SITE-D,ESP32-D01,PV-D01,SITE-D-DUS-20,37,2.719,33.52,91.12,35.51,35.21,28.17,86.27,1010.55,30373.0,0.324,74.1,DEGRADED,CURRENT_SIGN_REVERSED,DUST,v1.0,SHORT_CIRCUIT,0.2242,0.1989,0.1945,0.1611,0.2212,0.2242,CONNECTED,WARNING,4.17,0,0.0,v1.0,True,SUCCESS,LTE,GOOD,1.63
REC-03158,2026-09-10T05:57:05Z,SITE-D,ESP32-D01,PV-D01,SITE-D-DUS-20,38,2.732,34.01,92.91,35.33,34.98,28.16,86.51,1010.53,30399.0,0.543,75.4,GOOD,CURRENT_SIGN_REVERSED,DUST,v1.0,OPEN_CIRCUIT,0.2176,0.193,0.1783,0.212,0.2176,0.199,CONNECTED,WARNING,4.53,0,0.0,v1.0,True,SUCCESS,LTE,GOOD,1.63
REC-03159,2026-09-10T05:57:10Z,SITE-D,ESP32-D01,PV-D01,SITE-D-DUS-20,39,2.717,34.0,92.39,35.68,35.35,28.15,86.86,1010.56,30429.0,0.533,75.1,GOOD,CURRENT_SIGN_REVERSED,DUST,v1.0,DUST,0.2164,0.1947,0.1824,0.2164,0.2118,0.1948,CONNECTED,INFO,4.47,0,0.0,v1.0,True,SUCCESS,LTE,GOOD,1.63
REC-03160,2026-09-10T05:57:15Z,SITE-D,ESP32-D01,PV-D01,SITE-D-DUS-20,40,2.724,33.96,92.53,35.68,35.15,28.17,86.36,1010.55,30733.0,0.456,75.5,GOOD,CURRENT_SIGN_REVERSED,DUST,v1.0,OPEN_CIRCUIT,0.2179,0.1987,0.1806,0.1954,0.2179,0.2074,CONNECTED,WARNING,3.05,0,0.0,v1.0,True,SUCCESS,LTE,GOOD,1.63
REC-03161,2026-09-10T05:57:20Z,SITE-D,ESP32-D01,PV-D01,SITE-D-DUS-20,41,2.715,33.74,91.59,35.61,35.22,28.17,86.16,1010.5,30416.0,0.539,74.8,DEGRADED,CURRENT_SIGN_REVERSED,DUST,v1.0,DUST,0.2156,0.1954,0.181,0.2156,0.2139,0.1942,CONNECTED,INFO,3.79,0,0.0,v1.0,True,SUCCESS,LTE,GOOD,1.63
REC-03162,2026-09-10T05:57:25Z,SITE-D,ESP32-D01,PV-D01,SITE-D-DUS-20,42,2.728,33.53,91.48,35.48,35.38,28.16,86.69,1010.54,30406.0,0.418,74.8,DEGRADED,CURRENT_SIGN_REVERSED,DUST,v1.0,OPEN_CIRCUIT,0.2224,0.1994,0.1801,0.1859,0.2224,0.2122,CONNECTED,WARNING,3.0,0,0.0,v1.0,True,SUCCESS,LTE,GOOD,1.63
REC-03163,2026-09-10T05:57:30Z,SITE-D,ESP32-D01,PV-D01,SITE-D-DUS-20,43,2.724,33.47,91.18,35.39,35.05,28.16,85.8,1010.48,30199.0,0.433,74.8,DEGRADED,CURRENT_SIGN_REVERSED,DUST,v1.0,OPEN_CIRCUIT,0.2234,0.1999,0.1797,0.1863,0.2234,0.2106,CONNECTED,WARNING,4.33,0,0.0,v1.0,True,SUCCESS,LTE,GOOD,1.63
REC-03164,2026-09-10T05:57:35Z,SITE-D,ESP32-D01,PV-D01,SITE-D-DUS-20,44,2.713,34.03,92.32,35.37,35.15,28.16,86.71,1010.54,30212.0,0.517,75.8,GOOD,CURRENT_SIGN_REVERSED,DUST,v1.0,OPEN_CIRCUIT,0.2165,0.1954,0.1801,0.2097,0.2165,0.1983,CONNECTED,WARNING,3.52,0,0.0,v1.0,True,SUCCESS,LTE,GOOD,1.63
REC-03165,2026-09-10T05:57:40Z,SITE-D,ESP32-D01,PV-D01,SITE-D-DUS-20,45,2.727,33.66,91.77,35.56,35.2,28.16,85.97,1010.52,30362.0,0.471,75.2,GOOD,CURRENT_SIGN_REVERSED,DUST,v1.0,OPEN_CIRCUIT,0.2177,0.1985,0.1797,0.1992,0.2177,0.2049,CONNECTED,WARNING,3.78,0,0.0,v1.0,True,SUCCESS,LTE,GOOD,1.63
REC-03166,2026-09-10T05:57:45Z,SITE-D,ESP32-D01,PV-D01,SITE-D-DUS-20,46,2.749,32.97,90.64,35.61,35.25,28.15,86.6,1010.53,30344.0,0.446,74.2,DEGRADED,CURRENT_SIGN_REVERSED,DUST,v1.0,OPEN_CIRCUIT,0.2194,0.1998,0.1781,0.1929,0.2194,0.2099,CONNECTED,WARNING,4.04,0,0.0,v1.0,True,SUCCESS,LTE,GOOD,1.63
REC-03167,2026-09-10T05:57:50Z,SITE-D,ESP32-D01,PV-D01,SITE-D-DUS-20,47,2.744,33.63,92.28,35.52,35.17,28.16,86.26,1010.54,30329.0,0.477,75.5,GOOD,CURRENT_SIGN_REVERSED,DUST,v1.0,OPEN_CIRCUIT,0.2171,0.1963,0.1793,0.2016,0.2171,0.2057,CONNECTED,WARNING,3.7,0,0.0,v1.0,True,SUCCESS,LTE,GOOD,1.63
REC-03168,2026-09-10T05:57:55Z,SITE-D,ESP32-D01,PV-D01,SITE-D-DUS-20,48,2.728,33.52,91.45,35.58,35.26,28.17,86.5,1010.54,30320.0,0.563,74.7,DEGRADED,CURRENT_SIGN_REVERSED,DUST,v1.0,DUST,0.2196,0.1934,0.1793,0.2196,0.2144,0.1933,CONNECTED,INFO,3.99,0,0.0,v1.0,True,SUCCESS,LTE,GOOD,1.63
REC-03169,2026-09-10T05:58:00Z,SITE-D,ESP32-D01,PV-D01,SITE-D-DUS-20,49,2.753,33.53,92.32,35.51,35.1,28.17,87.02,1010.57,30109.0,0.56,75.8,GOOD,CURRENT_SIGN_REVERSED,DUST,v1.0,DUST,0.2172,0.1924,0.1784,0.2172,0.2154,0.1967,CONNECTED,INFO,4.43,0,0.0,v1.0,True,SUCCESS,LTE,GOOD,1.63
REC-03170,2026-09-10T05:58:05Z,SITE-D,ESP32-D01,PV-D01,SITE-D-DUS-20,50,2.713,33.74,91.55,35.43,35.19,28.17,86.15,1010.53,30220.0,0.509,75.2,GOOD,CURRENT_SIGN_REVERSED,DUST,v1.0,OPEN_CIRCUIT,0.2163,0.1963,0.1802,0.2093,0.2163,0.1979,CONNECTED,WARNING,2.16,0,0.0,v1.0,True,SUCCESS,LTE,GOOD,1.63
REC-03171,2026-09-10T05:58:10Z,SITE-D,ESP32-D01,PV-D01,SITE-D-DUS-20,51,2.754,33.66,92.7,35.58,35.19,28.16,86.1,1010.54,30191.0,0.462,76.1,GOOD,CURRENT_SIGN_REVERSED,DUST,v1.0,OPEN_CIRCUIT,0.2168,0.1975,0.1799,0.198,0.2168,0.2078,CONNECTED,WARNING,2.89,0,0.0,v1.0,True,SUCCESS,LTE,GOOD,1.63
REC-03172,2026-09-10T05:58:15Z,SITE-D,ESP32-D01,PV-D01,SITE-D-DUS-20,52,2.753,33.5,92.21,35.57,35.15,28.17,86.42,1010.57,30464.0,0.515,75.8,GOOD,CURRENT_SIGN_REVERSED,DUST,v1.0,OPEN_CIRCUIT,0.2154,0.1936,0.179,0.2106,0.2154,0.2013,CONNECTED,WARNING,3.07,0,0.0,v1.0,True,SUCCESS,LTE,GOOD,1.63
REC-03173,2026-09-10T05:58:20Z,SITE-D,ESP32-D01,PV-D01,SITE-D-DUS-20,53,2.735,33.58,91.83,35.39,35.15,28.16,86.86,1010.59,30225.0,0.432,75.7,GOOD,CURRENT_SIGN_REVERSED,DUST,v1.0,OPEN_CIRCUIT,0.222,0.1994,0.18,0.1877,0.222,0.2109,CONNECTED,WARNING,3.72,0,0.0,v1.0,True,SUCCESS,LTE,GOOD,1.63
REC-03174,2026-09-10T05:58:25Z,SITE-D,ESP32-D01,PV-D01,SITE-D-DUS-20,54,2.716,33.77,91.74,35.52,35.04,28.15,86.45,1010.53,29897.0,0.554,75.8,GOOD,CURRENT_SIGN_REVERSED,DUST,v1.0,DUST,0.2183,0.1965,0.1829,0.2183,0.2118,0.1905,CONNECTED,INFO,4.64,0,0.0,v1.0,True,SUCCESS,LTE,GOOD,1.63
REC-03175,2026-09-10T05:58:30Z,SITE-D,ESP32-D01,PV-D01,SITE-D-DUS-20,55,2.753,33.27,91.6,35.43,35.07,28.16,86.41,1010.51,29796.0,0.541,75.7,GOOD,CURRENT_SIGN_REVERSED,DUST,v1.0,DUST,0.2151,0.1942,0.1795,0.2151,0.2147,0.1964,CONNECTED,INFO,3.29,0,0.0,v1.0,True,SUCCESS,LTE,GOOD,1.63
REC-03176,2026-09-10T05:58:35Z,SITE-D,ESP32-D01,PV-D01,SITE-D-DUS-20,56,2.722,33.13,90.2,35.45,35.02,28.15,86.45,1010.52,29996.0,0.6,74.4,DEGRADED,CURRENT_SIGN_REVERSED,DUST,v1.0,DUST,0.2267,0.1945,0.1806,0.2267,0.2124,0.1858,CONNECTED,INFO,2.13,0,0.0,v1.0,True,SUCCESS,LTE,GOOD,1.63
REC-03177,2026-09-10T05:58:40Z,SITE-D,ESP32-D01,PV-D01,SITE-D-DUS-20,57,2.718,33.26,90.42,35.51,35.1,28.13,86.1,1010.54,30034.0,0.436,74.2,DEGRADED,CURRENT_SIGN_REVERSED,DUST,v1.0,OPEN_CIRCUIT,0.2207,0.2001,0.1819,0.1892,0.2207,0.208,CONNECTED,WARNING,2.66,0,0.0,v1.0,True,SUCCESS,LTE,GOOD,1.63
REC-03178,2026-09-10T05:58:45Z,SITE-D,ESP32-D01,PV-D01,SITE-D-DUS-20,58,2.759,33.17,91.52,35.54,35.26,28.15,86.45,1010.52,30250.0,0.428,74.8,DEGRADED,CURRENT_SIGN_REVERSED,DUST,v1.0,OPEN_CIRCUIT,0.2191,0.1992,0.1804,0.1901,0.2191,0.2112,CONNECTED,WARNING,2.27,0,0.0,v1.0,True,SUCCESS,LTE,GOOD,1.63
REC-03179,2026-09-10T05:58:50Z,SITE-D,ESP32-D01,PV-D01,SITE-D-DUS-20,59,2.737,33.7,92.21,35.56,35.17,28.13,86.28,1010.48,30029.0,0.517,75.7,GOOD,CURRENT_SIGN_REVERSED,DUST,v1.0,DUST,0.2143,0.1957,0.1834,0.2143,0.2108,0.1959,CONNECTED,INFO,3.43,0,0.0,v1.0,True,SUCCESS,LTE,GOOD,1.63
REC-03180,2026-09-10T05:58:55Z,SITE-D,ESP32-D01,PV-D01,SITE-D-DUS-20,60,2.731,32.68,89.24,35.4,35.15,28.12,86.8,1010.56,30039.0,0.467,73.5,DEGRADED,CURRENT_SIGN_REVERSED,DUST,v1.0,OPEN_CIRCUIT,0.2183,0.2016,0.1794,0.1974,0.2183,0.2032,CONNECTED,WARNING,4.75,0,0.0,v1.0,True,SUCCESS,LTE,GOOD,1.63
REC-03181,2026-09-10T07:04:00Z,SITE-B,ESP32-B01,PV-B01,SITE-B-NOR-18,1,2.786,74.46,207.46,37.97,37.32,28.85,82.76,1009.95,51252.0,0.125,95.5,GOOD,OK,NORMAL,v1.0,SHORT_CIRCUIT,0.2782,0.1125,0.2604,0.105,0.2439,0.2782,CONNECTED,WARNING,4.79,0,0.0,v1.0,True,SUCCESS,WIFI,GOOD,0.31
REC-03182,2026-09-10T07:04:05Z,SITE-B,ESP32-B01,PV-B01,SITE-B-NOR-18,2,2.771,74.55,206.62,37.98,37.31,28.85,82.13,1009.95,51531.0,0.132,95.0,GOOD,OK,NORMAL,v1.0,SHORT_CIRCUIT,0.2757,0.113,0.259,0.1048,0.2474,0.2757,CONNECTED,WARNING,2.63,0,0.0,v1.0,True,SUCCESS,WIFI,GOOD,0.31
REC-03183,2026-09-10T07:04:10Z,SITE-B,ESP32-B01,PV-B01,SITE-B-NOR-18,3,2.757,75.03,206.83,37.87,37.5,28.84,82.67,1009.92,51215.0,0.142,95.4,GOOD,OK,NORMAL,v1.0,SHORT_CIRCUIT,0.2719,0.1147,0.2605,0.1069,0.2459,0.2719,CONNECTED,WARNING,2.6,0,0.0,v1.0,True,SUCCESS,WIFI,GOOD,0.31
REC-03184,2026-09-10T07:04:15Z,SITE-B,ESP32-B01,PV-B01,SITE-B-NOR-18,4,2.766,74.01,204.72,37.87,37.29,28.84,82.3,1009.94,51250.0,0.132,94.4,GOOD,OK,NORMAL,v1.0,SHORT_CIRCUIT,0.2761,0.1144,0.2586,0.1067,0.2441,0.2761,CONNECTED,WARNING,4.31,0,0.0,v1.0,True,SUCCESS,WIFI,GOOD,0.31
REC-03185,2026-09-10T07:04:20Z,SITE-B,ESP32-B01,PV-B01,SITE-B-NOR-18,5,2.774,74.25,205.96,37.99,37.56,28.83,82.57,1009.93,50941.0,0.149,95.1,GOOD,OK,NORMAL,v1.0,SHORT_CIRCUIT,0.2708,0.1165,0.2564,0.1089,0.2474,0.2708,CONNECTED,WARNING,3.64,0,0.0,v1.0,True,SUCCESS,WIFI,GOOD,0.31
REC-03186,2026-09-10T07:04:25Z,SITE-B,ESP32-B01,PV-B01,SITE-B-NOR-18,6,2.781,74.49,207.14,37.79,37.37,28.83,82.33,1009.93,51066.0,0.126,95.6,GOOD,OK,NORMAL,v1.0,SHORT_CIRCUIT,0.2783,0.1127,0.2613,0.1061,0.2416,0.2783,CONNECTED,WARNING,3.42,0,0.0,v1.0,True,SUCCESS,WIFI,GOOD,0.31
REC-03187,2026-09-10T07:04:30Z,SITE-B,ESP32-B01,PV-B01,SITE-B-NOR-18,7,2.764,74.86,206.96,37.9,37.63,28.83,82.33,1009.89,51404.0,0.135,95.0,GOOD,OK,NORMAL,v1.0,SHORT_CIRCUIT,0.2763,0.1135,0.2618,0.1059,0.2426,0.2763,CONNECTED,WARNING,2.42,0,0.0,v1.0,True,SUCCESS,WIFI,GOOD,0.31
REC-03188,2026-09-10T07:04:35Z,SITE-B,ESP32-B01,PV-B01,SITE-B-NOR-18,8,2.784,74.2,206.54,37.96,37.45,28.84,82.96,1009.94,51184.0,0.129,94.9,GOOD,OK,NORMAL,v1.0,SHORT_CIRCUIT,0.2781,0.1137,0.2596,0.1062,0.2424,0.2781,CONNECTED,WARNING,4.13,0,0.0,v1.0,True,SUCCESS,WIFI,GOOD,0.31
REC-03189,2026-09-10T07:04:40Z,SITE-B,ESP32-B01,PV-B01,SITE-B-NOR-18,9,2.785,74.25,206.76,38.1,37.37,28.84,82.08,1009.97,51301.0,0.139,94.8,GOOD,OK,NORMAL,v1.0,SHORT_CIRCUIT,0.2734,0.114,0.2567,0.1061,0.2498,0.2734,CONNECTED,WARNING,4.36,0,0.0,v1.0,True,SUCCESS,WIFI,GOOD,0.31
REC-03190,2026-09-10T07:04:45Z,SITE-B,ESP32-B01,PV-B01,SITE-B-NOR-18,10,2.762,74.07,204.55,37.96,37.59,28.85,82.65,1009.94,51497.0,0.125,93.8,GOOD,OK,NORMAL,v1.0,SHORT_CIRCUIT,0.2811,0.1144,0.2617,0.1059,0.237,0.2811,CONNECTED,WARNING,3.61,0,0.0,v1.0,True,SUCCESS,WIFI,GOOD,0.31
REC-03191,2026-09-10T07:04:50Z,SITE-B,ESP32-B01,PV-B01,SITE-B-NOR-18,11,2.775,74.22,205.99,38.02,37.6,28.85,83.02,1009.97,51536.0,0.152,94.5,GOOD,OK,NORMAL,v1.0,SHORT_CIRCUIT,0.2729,0.1169,0.2519,0.1078,0.2506,0.2729,CONNECTED,WARNING,3.76,0,0.0,v1.0,True,SUCCESS,WIFI,GOOD,0.31
REC-03192,2026-09-10T07:04:55Z,SITE-B,ESP32-B01,PV-B01,SITE-B-NOR-18,12,2.75,75.46,207.53,37.98,37.41,28.86,82.71,1009.96,51357.0,0.116,95.2,GOOD,OK,NORMAL,v1.0,SHORT_CIRCUIT,0.2783,0.1105,0.2698,0.103,0.2384,0.2783,CONNECTED,WARNING,3.46,0,0.0,v1.0,True,SUCCESS,WIFI,GOOD,0.31
REC-03193,2026-09-10T07:05:00Z,SITE-B,ESP32-B01,PV-B01,SITE-B-NOR-18,13,2.78,74.51,207.14,38.05,37.42,28.86,82.1,1009.94,51036.0,0.15,95.3,GOOD,OK,NORMAL,v1.0,SHORT_CIRCUIT,0.2695,0.1167,0.2547,0.1082,0.2509,0.2695,CONNECTED,WARNING,2.98,0,0.0,v1.0,True,SUCCESS,WIFI,GOOD,0.31
REC-03194,2026-09-10T07:05:05Z,SITE-B,ESP32-B01,PV-B01,SITE-B-NOR-18,14,2.753,74.91,206.27,37.84,37.39,28.85,82.12,1009.92,51223.0,0.134,94.8,GOOD,OK,NORMAL,v1.0,SHORT_CIRCUIT,0.2742,0.1139,0.262,0.1062,0.2437,0.2742,CONNECTED,WARNING,4.08,0,0.0,v1.0,True,SUCCESS,WIFI,GOOD,0.31
REC-03195,2026-09-10T07:05:10Z,SITE-B,ESP32-B01,PV-B01,SITE-B-NOR-18,15,2.764,74.33,205.46,38.03,37.46,28.86,82.27,1009.93,51006.0,0.139,94.5,GOOD,OK,NORMAL,v1.0,SHORT_CIRCUIT,0.273,0.116,0.2594,0.1078,0.2438,0.273,CONNECTED,WARNING,4.76,0,0.0,v1.0,True,SUCCESS,WIFI,GOOD,0.31
REC-03196,2026-09-10T07:05:15Z,SITE-B,ESP32-B01,PV-B01,SITE-B-NOR-18,16,2.757,74.32,204.94,37.93,37.45,28.87,82.55,1009.9,51095.0,0.146,94.5,GOOD,OK,NORMAL,v1.0,SHORT_CIRCUIT,0.2718,0.1177,0.2564,0.1088,0.2453,0.2718,CONNECTED,WARNING,4.04,0,0.0,v1.0,True,SUCCESS,WIFI,GOOD,0.31
REC-03197,2026-09-10T07:05:20Z,SITE-B,ESP32-B01,PV-B01,SITE-B-NOR-18,17,2.756,75.36,207.73,38.07,37.47,28.88,82.57,1009.93,51278.0,0.142,95.5,GOOD,OK,NORMAL,v1.0,SHORT_CIRCUIT,0.2707,0.1149,0.2608,0.106,0.2476,0.2707,CONNECTED,WARNING,4.57,0,0.0,v1.0,True,SUCCESS,WIFI,GOOD,0.31
REC-03198,2026-09-10T07:05:25Z,SITE-B,ESP32-B01,PV-B01,SITE-B-NOR-18,18,2.78,74.5,207.1,37.92,37.34,28.89,82.12,1009.94,51214.0,0.126,95.2,GOOD,OK,NORMAL,v1.0,SHORT_CIRCUIT,0.2791,0.1148,0.2589,0.1062,0.241,0.2791,CONNECTED,WARNING,4.72,0,0.0,v1.0,True,SUCCESS,WIFI,GOOD,0.31
REC-03199,2026-09-10T07:05:30Z,SITE-B,ESP32-B01,PV-B01,SITE-B-NOR-18,19,2.775,74.17,205.86,37.97,37.42,28.89,82.24,1009.99,51256.0,0.139,94.7,GOOD,OK,NORMAL,v1.0,SHORT_CIRCUIT,0.2758,0.1173,0.2549,0.1079,0.2441,0.2758,CONNECTED,WARNING,4.16,0,0.0,v1.0,True,SUCCESS,WIFI,GOOD,0.31
REC-03200,2026-09-10T07:05:35Z,SITE-B,ESP32-B01,PV-B01,SITE-B-NOR-18,20,2.801,74.25,208.01,38.01,37.57,28.9,82.26,1009.96,51487.0,0.152,95.3,GOOD,OK,NORMAL,v1.0,SHORT_CIRCUIT,0.2756,0.1183,0.2464,0.1083,0.2515,0.2756,CONNECTED,WARNING,3.41,0,0.0,v1.0,True,SUCCESS,WIFI,GOOD,0.31
REC-03201,2026-09-10T07:05:40Z,SITE-B,ESP32-B01,PV-B01,SITE-B-NOR-18,21,2.783,74.45,207.19,37.87,37.43,28.9,82.45,1009.91,51182.0,0.124,95.4,GOOD,OK,NORMAL,v1.0,SHORT_CIRCUIT,0.2814,0.1155,0.2587,0.1067,0.2376,0.2814,CONNECTED,WARNING,2.4,0,0.0,v1.0,True,SUCCESS,WIFI,GOOD,0.31
REC-03202,2026-09-10T07:05:45Z,SITE-B,ESP32-B01,PV-B01,SITE-B-NOR-18,22,2.78,74.29,206.55,37.88,37.46,28.91,83.1,1009.9,51158.0,0.154,94.8,GOOD,OK,NORMAL,v1.0,SHORT_CIRCUIT,0.2728,0.1199,0.248,0.11,0.2493,0.2728,CONNECTED,WARNING,3.59,0,0.0,v1.0,True,SUCCESS,WIFI,GOOD,0.31
REC-03203,2026-09-10T07:05:50Z,SITE-B,ESP32-B01,PV-B01,SITE-B-NOR-18,23,2.755,74.28,204.63,37.89,37.37,28.91,82.22,1009.93,51166.0,0.137,94.1,GOOD,OK,NORMAL,v1.0,SHORT_CIRCUIT,0.2756,0.1184,0.2567,0.1085,0.2409,0.2756,CONNECTED,WARNING,2.63,0,0.0,v1.0,True,SUCCESS,WIFI,GOOD,0.31
REC-03204,2026-09-10T07:05:55Z,SITE-B,ESP32-B01,PV-B01,SITE-B-NOR-18,24,2.771,74.54,206.54,37.95,37.39,28.9,82.21,1009.96,51298.0,0.129,95.0,GOOD,OK,NORMAL,v1.0,SHORT_CIRCUIT,0.2783,0.1157,0.2587,0.1065,0.2408,0.2783,CONNECTED,WARNING,3.71,0,0.0,v1.0,True,SUCCESS,WIFI,GOOD,0.31
REC-03205,2026-09-10T07:06:00Z,SITE-B,ESP32-B01,PV-B01,SITE-B-NOR-18,25,2.765,74.78,206.78,37.84,37.52,28.9,82.16,1009.93,51383.0,0.124,95.2,GOOD,OK,NORMAL,v1.0,SHORT_CIRCUIT,0.2814,0.1153,0.261,0.1062,0.2361,0.2814,CONNECTED,WARNING,2.47,0,0.0,v1.0,True,SUCCESS,WIFI,GOOD,0.31
REC-03206,2026-09-10T07:06:05Z,SITE-B,ESP32-B01,PV-B01,SITE-B-NOR-18,26,2.799,74.02,207.18,37.85,37.28,28.9,82.69,1009.96,50964.0,0.131,95.7,GOOD,OK,NORMAL,v1.0,SHORT_CIRCUIT,0.279,0.1169,0.2537,0.1082,0.2421,0.279,CONNECTED,WARNING,3.82,0,0.0,v1.0,True,SUCCESS,WIFI,GOOD,0.31
REC-03207,2026-09-10T07:06:10Z,SITE-B,ESP32-B01,PV-B01,SITE-B-NOR-18,27,2.801,74.4,208.36,37.76,37.47,28.9,82.49,1009.93,51289.0,0.113,95.8,GOOD,OK,NORMAL,v1.0,SHORT_CIRCUIT,0.2877,0.1142,0.259,0.1058,0.2333,0.2877,CONNECTED,WARNING,2.37,0,0.0,v1.0,True,SUCCESS,WIFI,GOOD,0.31
REC-03208,2026-09-10T07:06:15Z,SITE-B,ESP32-B01,PV-B01,SITE-B-NOR-18,28,2.762,74.82,206.68,37.94,37.47,28.91,82.23,1009.96,51622.0,0.129,94.5,GOOD,OK,NORMAL,v1.0,SHORT_CIRCUIT,0.2794,0.1156,0.259,0.1056,0.2403,0.2794,CONNECTED,WARNING,2.29,0,0.0,v1.0,True,SUCCESS,WIFI,GOOD,0.31
REC-03209,2026-09-10T07:06:20Z,SITE-B,ESP32-B01,PV-B01,SITE-B-NOR-18,29,2.777,74.85,207.88,38.05,37.49,28.91,82.39,1009.89,51427.0,0.13,95.2,GOOD,OK,NORMAL,v1.0,SHORT_CIRCUIT,0.2785,0.1154,0.2588,0.1057,0.2417,0.2785,CONNECTED,WARNING,2.18,0,0.0,v1.0,True,SUCCESS,WIFI,GOOD,0.31
REC-03210,2026-09-10T07:06:25Z,SITE-B,ESP32-B01,PV-B01,SITE-B-NOR-18,30,2.787,74.81,208.5,38.05,37.43,28.89,82.26,1009.99,51680.0,0.122,95.4,GOOD,OK,NORMAL,v1.0,SHORT_CIRCUIT,0.2814,0.1128,0.2597,0.1037,0.2423,0.2814,CONNECTED,WARNING,3.28,0,0.0,v1.0,True,SUCCESS,WIFI,GOOD,0.31
REC-03211,2026-09-10T07:06:30Z,SITE-B,ESP32-B01,PV-B01,SITE-B-NOR-18,31,2.772,74.95,207.73,37.97,37.45,28.9,82.59,1009.91,51697.0,0.14,95.0,GOOD,OK,NORMAL,v1.0,SHORT_CIRCUIT,0.2757,0.1159,0.2551,0.1058,0.2475,0.2757,CONNECTED,WARNING,3.79,0,0.0,v1.0,True,SUCCESS,WIFI,GOOD,0.31
REC-03212,2026-09-10T07:06:35Z,SITE-B,ESP32-B01,PV-B01,SITE-B-NOR-18,32,2.758,75.72,208.83,38.05,37.53,28.89,83.31,1009.96,51989.0,0.131,95.0,GOOD,TEMP2_MISSING_-999,NORMAL,v1.0,SHORT_CIRCUIT,0.2769,0.1126,0.2619,0.1028,0.2457,0.2769,CONNECTED,WARNING,2.25,0,0.0,v1.0,True,SUCCESS,WIFI,GOOD,0.31
REC-03213,2026-09-10T07:06:40Z,SITE-B,ESP32-B01,PV-B01,SITE-B-NOR-18,33,2.783,74.6,207.58,37.9,37.43,28.87,82.67,1009.93,51527.0,0.127,95.0,GOOD,OK,NORMAL,v1.0,SHORT_CIRCUIT,0.2802,0.1137,0.2584,0.1052,0.2425,0.2802,CONNECTED,WARNING,3.35,0,0.0,v1.0,True,SUCCESS,WIFI,GOOD,0.31
REC-03214,2026-09-10T07:06:45Z,SITE-B,ESP32-B01,PV-B01,SITE-B-NOR-18,34,2.782,73.82,205.38,38.11,37.51,28.88,82.47,1009.94,51870.0,0.13,93.9,GOOD,OK,NORMAL,v1.0,SHORT_CIRCUIT,0.2813,0.1154,0.2551,0.1054,0.2428,0.2813,CONNECTED,WARNING,4.42,0,0.0,v1.0,True,SUCCESS,WIFI,GOOD,0.31
REC-03215,2026-09-10T07:06:50Z,SITE-B,ESP32-B01,PV-B01,SITE-B-NOR-18,35,2.764,75.37,208.35,38.12,37.5,28.88,82.3,1009.93,51312.0,0.137,95.5,GOOD,DUPLICATE_RECEIVED,NORMAL,v1.0,SHORT_CIRCUIT,0.2727,0.114,0.2619,0.1052,0.2463,0.2727,CONNECTED,WARNING,4.24,0,0.0,v1.0,True,SUCCESS,WIFI,GOOD,0.31
REC-03216,2026-09-10T07:06:55Z,SITE-B,ESP32-B01,PV-B01,SITE-B-NOR-18,36,2.771,74.43,206.27,37.9,37.56,28.87,82.1,1009.95,51362.0,0.134,95.2,GOOD,OK,NORMAL,v1.0,SHORT_CIRCUIT,0.2784,0.1156,0.2579,0.107,0.2412,0.2784,CONNECTED,WARNING,4.45,0,0.0,v1.0,True,SUCCESS,WIFI,GOOD,0.31
REC-03217,2026-09-10T07:07:00Z,SITE-B,ESP32-B01,PV-B01,SITE-B-NOR-18,37,2.765,74.18,205.14,38.08,37.39,28.87,82.72,1009.95,51104.0,0.126,94.8,GOOD,OK,NORMAL,v1.0,SHORT_CIRCUIT,0.2771,0.1146,0.2622,0.1063,0.2398,0.2771,CONNECTED,WARNING,4.35,0,0.0,v1.0,True,SUCCESS,WIFI,GOOD,0.31
REC-03218,2026-09-10T07:07:05Z,SITE-B,ESP32-B01,PV-B01,SITE-B-NOR-18,38,2.802,74.37,208.38,37.87,37.27,28.86,82.7,1009.97,51472.0,0.134,95.7,GOOD,OK,NORMAL,v1.0,SHORT_CIRCUIT,0.2777,0.1142,0.2537,0.1059,0.2486,0.2777,CONNECTED,WARNING,3.01,0,0.0,v1.0,True,SUCCESS,WIFI,GOOD,0.31
REC-03219,2026-09-10T07:07:10Z,SITE-B,ESP32-B01,PV-B01,SITE-B-NOR-18,39,2.758,74.76,206.22,37.82,37.51,28.85,82.36,1009.98,51123.0,0.132,94.9,GOOD,OK,NORMAL,v1.0,SHORT_CIRCUIT,0.2763,0.1145,0.2623,0.1069,0.2401,0.2763,CONNECTED,WARNING,4.52,0,0.0,v1.0,True,SUCCESS,WIFI,GOOD,0.31
REC-03220,2026-09-10T07:07:15Z,SITE-B,ESP32-B01,PV-B01,SITE-B-NOR-18,40,2.761,74.86,206.65,37.88,37.42,28.85,82.86,1009.95,51419.0,0.122,94.9,GOOD,OK,NORMAL,v1.0,SHORT_CIRCUIT,0.2792,0.1122,0.2643,0.1045,0.2399,0.2792,CONNECTED,WARNING,2.69,0,0.0,v1.0,True,SUCCESS,WIFI,GOOD,0.31
REC-03221,2026-09-10T07:07:20Z,SITE-B,ESP32-B01,PV-B01,SITE-B-NOR-18,41,2.763,74.94,207.03,37.94,37.62,28.84,82.51,1009.99,51690.0,0.13,94.7,GOOD,OK,NORMAL,v1.0,SHORT_CIRCUIT,0.2784,0.1127,0.2623,0.1045,0.242,0.2784,CONNECTED,WARNING,3.95,0,0.0,v1.0,True,SUCCESS,WIFI,GOOD,0.31
REC-03222,2026-09-10T07:07:25Z,SITE-B,ESP32-B01,PV-B01,SITE-B-NOR-18,42,2.788,74.8,208.52,38.14,37.58,28.84,82.73,1009.94,51310.0,0.139,95.4,GOOD,OK,NORMAL,v1.0,SHORT_CIRCUIT,0.2739,0.1135,0.2591,0.1056,0.248,0.2739,CONNECTED,WARNING,2.84,0,0.0,v1.0,True,SUCCESS,WIFI,GOOD,0.31
REC-03223,2026-09-10T07:07:30Z,SITE-B,ESP32-B01,PV-B01,SITE-B-NOR-18,43,2.78,74.56,207.26,37.93,37.41,28.83,82.59,1009.97,51468.0,0.139,94.8,GOOD,OK,NORMAL,v1.0,SHORT_CIRCUIT,0.2744,0.1137,0.2573,0.1059,0.2488,0.2744,CONNECTED,WARNING,2.74,0,0.0,v1.0,True,SUCCESS,WIFI,GOOD,0.31
REC-03224,2026-09-10T07:07:35Z,SITE-B,ESP32-B01,PV-B01,SITE-B-NOR-18,44,2.753,74.74,205.81,37.81,37.44,28.83,82.45,1009.95,50908.0,0.131,94.6,GOOD,OK,NORMAL,v1.0,SHORT_CIRCUIT,0.2745,0.1136,0.2646,0.1069,0.2404,0.2745,CONNECTED,WARNING,2.37,0,0.0,v1.0,True,SUCCESS,WIFI,GOOD,0.31
REC-03225,2026-09-10T07:07:40Z,SITE-B,ESP32-B01,PV-B01,SITE-B-NOR-18,45,2.764,75.09,207.53,37.78,37.31,28.83,82.21,1009.92,51093.0,0.14,95.6,GOOD,OK,NORMAL,v1.0,SHORT_CIRCUIT,0.2712,0.1136,0.2603,0.1065,0.2484,0.2712,CONNECTED,WARNING,3.32,0,0.0,v1.0,True,SUCCESS,WIFI,GOOD,0.31
REC-03226,2026-09-10T07:07:45Z,SITE-B,ESP32-B01,PV-B01,SITE-B-NOR-18,46,2.783,74.35,206.92,37.99,37.4,28.84,82.46,1009.95,51136.0,0.123,95.1,GOOD,OK,NORMAL,v1.0,SHORT_CIRCUIT,0.2788,0.1124,0.2623,0.1053,0.2412,0.2788,CONNECTED,WARNING,4.45,0,0.0,v1.0,True,SUCCESS,WIFI,GOOD,0.31
REC-03227,2026-09-10T07:07:50Z,SITE-B,ESP32-B01,PV-B01,SITE-B-NOR-18,47,2.769,74.72,206.94,37.98,37.45,28.84,82.75,1009.96,51235.0,0.124,95.1,GOOD,OK,NORMAL,v1.0,SHORT_CIRCUIT,0.2778,0.1121,0.2644,0.1048,0.2409,0.2778,CONNECTED,WARNING,4.21,0,0.0,v1.0,True,SUCCESS,WIFI,GOOD,0.31
REC-03228,2026-09-10T07:07:55Z,SITE-B,ESP32-B01,PV-B01,SITE-B-NOR-18,48,2.754,75.4,207.63,37.87,37.5,28.84,82.35,1009.94,51763.0,0.13,95.3,GOOD,OK,NORMAL,v1.0,SHORT_CIRCUIT,0.2767,0.1117,0.2636,0.1036,0.2444,0.2767,CONNECTED,WARNING,4.35,0,0.0,v1.0,True,SUCCESS,WIFI,GOOD,0.31
REC-03229,2026-09-10T07:08:00Z,SITE-B,ESP32-B01,PV-B01,SITE-B-NOR-18,49,2.792,74.1,206.92,37.75,37.47,28.84,82.63,1009.95,51602.0,0.148,94.9,GOOD,OK,NORMAL,v1.0,SHORT_CIRCUIT,0.2764,0.1163,0.2488,0.1078,0.2507,0.2764,CONNECTED,WARNING,4.36,0,0.0,v1.0,True,SUCCESS,WIFI,GOOD,0.31
REC-03230,2026-09-10T07:08:05Z,SITE-B,ESP32-B01,PV-B01,SITE-B-NOR-18,50,2.757,75.47,208.09,37.88,37.47,28.85,82.18,1009.97,51464.0,0.135,94.8,GOOD,OK,NORMAL,v1.0,SHORT_CIRCUIT,0.2741,0.1128,0.2626,0.1048,0.2458,0.2741,CONNECTED,WARNING,2.87,0,0.0,v1.0,True,SUCCESS,WIFI,GOOD,0.31
REC-03231,2026-09-10T07:08:10Z,SITE-B,ESP32-B01,PV-B01,SITE-B-NOR-18,51,2.779,75.26,209.11,38.09,37.66,28.83,82.73,1009.94,51697.0,0.13,95.4,GOOD,OK,NORMAL,v1.0,SHORT_CIRCUIT,0.2774,0.111,0.2632,0.1032,0.2451,0.2774,CONNECTED,WARNING,4.5,0,0.0,v1.0,True,SUCCESS,WIFI,GOOD,0.31
REC-03232,2026-09-10T07:08:15Z,SITE-B,ESP32-B01,PV-B01,SITE-B-NOR-18,52,2.755,75.32,207.48,38.05,37.47,28.84,82.59,1009.85,51980.0,0.148,94.2,GOOD,OK,NORMAL,v1.0,SHORT_CIRCUIT,0.27,0.1135,0.2579,0.1042,0.2544,0.27,CONNECTED,WARNING,4.65,0,0.0,v1.0,True,SUCCESS,WIFI,GOOD,0.31
REC-03233,2026-09-10T07:08:20Z,SITE-B,ESP32-B01,PV-B01,SITE-B-NOR-18,53,2.792,75.39,210.48,38.01,37.38,28.84,82.14,1009.99,51830.0,0.13,95.6,GOOD,OK,NORMAL,v1.0,SHORT_CIRCUIT,0.2767,0.1103,0.2598,0.1024,0.2509,0.2767,CONNECTED,WARNING,2.35,0,0.0,v1.0,True,SUCCESS,WIFI,GOOD,0.31
REC-03234,2026-09-10T07:08:25Z,SITE-B,ESP32-B01,PV-B01,SITE-B-NOR-18,54,2.786,75.43,210.16,38.21,37.45,28.85,82.43,1009.93,52167.0,0.155,94.9,GOOD,OK,NORMAL,v1.0,SHORT_CIRCUIT,0.2685,0.1134,0.2527,0.1035,0.2619,0.2685,CONNECTED,WARNING,2.21,0,0.0,v1.0,True,SUCCESS,WIFI,GOOD,0.31
REC-03235,2026-09-10T07:08:30Z,SITE-B,ESP32-B01,PV-B01,SITE-B-NOR-18,55,2.773,76.03,210.82,38.17,37.63,28.83,82.78,1009.92,51994.0,0.128,95.6,GOOD,OK,NORMAL,v1.0,SHORT_CIRCUIT,0.2761,0.1086,0.266,0.1007,0.2486,0.2761,CONNECTED,WARNING,2.16,0,0.0,v1.0,True,SUCCESS,WIFI,GOOD,0.31
REC-03236,2026-09-10T07:08:35Z,SITE-B,ESP32-B01,PV-B01,SITE-B-NOR-18,56,2.784,75.72,210.82,38.02,37.51,28.83,82.12,1009.91,51779.0,0.123,95.5,GOOD,OK,NORMAL,v1.0,SHORT_CIRCUIT,0.2784,0.1087,0.2649,0.1014,0.2465,0.2784,CONNECTED,WARNING,2.48,0,0.0,v1.0,True,SUCCESS,WIFI,GOOD,0.31
REC-03237,2026-09-10T07:08:40Z,SITE-B,ESP32-B01,PV-B01,SITE-B-NOR-18,57,2.788,75.32,209.96,38.02,37.53,28.82,82.18,1009.93,51766.0,0.131,95.3,GOOD,OK,NORMAL,v1.0,SHORT_CIRCUIT,0.2767,0.1103,0.2615,0.1028,0.2486,0.2767,CONNECTED,WARNING,2.87,0,0.0,v1.0,True,SUCCESS,WIFI,GOOD,0.31
REC-03238,2026-09-10T07:08:45Z,SITE-B,ESP32-B01,PV-B01,SITE-B-NOR-18,58,2.783,74.85,208.27,37.98,37.48,28.82,82.48,1009.92,51967.0,0.131,94.5,GOOD,OK,NORMAL,v1.0,SHORT_CIRCUIT,0.278,0.1111,0.2594,0.1031,0.2483,0.278,CONNECTED,WARNING,2.73,0,0.0,v1.0,True,SUCCESS,WIFI,GOOD,0.31
REC-03239,2026-09-10T07:08:50Z,SITE-B,ESP32-B01,PV-B01,SITE-B-NOR-18,59,2.765,75.98,210.1,38.03,37.52,28.81,83.14,1009.92,52144.0,0.125,94.9,GOOD,OK,NORMAL,v1.0,SHORT_CIRCUIT,0.2768,0.1076,0.2668,0.1001,0.2488,0.2768,CONNECTED,WARNING,2.91,0,0.0,v1.0,True,SUCCESS,WIFI,GOOD,0.31
REC-03240,2026-09-10T07:08:55Z,SITE-B,ESP32-B01,PV-B01,SITE-B-NOR-18,60,2.77,75.72,209.75,37.94,37.5,28.81,82.3,1009.92,52081.0,0.159,94.7,GOOD,OK,NORMAL,v1.0,SHORT_CIRCUIT,0.2672,0.1128,0.2541,0.1042,0.2616,0.2672,CONNECTED,WARNING,3.0,0,0.0,v1.0,True,SUCCESS,WIFI,GOOD,0.31
REC-03241,2026-09-10T07:15:00Z,SITE-D,ESP32-D01,PV-D01,SITE-D-PAR-02,1,2.437,31.58,76.96,35.8,34.01,28.49,84.69,1009.95,31072.0,0.088,61.7,DEGRADED,CURRENT_SIGN_REVERSED,PARTIAL_SHADING,v1.0,SHORT_CIRCUIT,0.319,0.1945,0.1842,0.0969,0.2054,0.319,CONNECTED,WARNING,2.96,0,0.0,v1.0,True,SUCCESS,LTE,GOOD,0.6
REC-03242,2026-09-10T07:15:05Z,SITE-D,ESP32-D01,PV-D01,SITE-D-PAR-02,2,2.436,30.82,75.09,35.76,33.82,28.5,84.97,1009.95,31131.0,0.087,60.2,DEGRADED,CURRENT_SIGN_REVERSED,PARTIAL_SHADING,v1.0,SHORT_CIRCUIT,0.32,0.1957,0.1813,0.0948,0.2081,0.32,CONNECTED,WARNING,2.33,0,0.0,v1.0,True,SUCCESS,LTE,GOOD,0.6
REC-03243,2026-09-10T07:15:10Z,SITE-D,ESP32-D01,PV-D01,SITE-D-PAR-02,3,2.42,31.55,76.35,35.86,33.97,28.49,84.69,1009.96,31151.0,0.081,61.1,DEGRADED,CURRENT_SIGN_REVERSED,PARTIAL_SHADING,v1.0,SHORT_CIRCUIT,0.3207,0.1942,0.1834,0.0955,0.2062,0.3207,CONNECTED,WARNING,3.51,0,0.0,v1.0,True,SUCCESS,LTE,GOOD,0.6
REC-03244,2026-09-10T07:15:15Z,SITE-D,ESP32-D01,PV-D01,SITE-D-PAR-02,4,2.434,31.33,76.24,35.91,33.87,28.5,85.17,1009.95,31477.0,0.086,60.8,DEGRADED,CURRENT_SIGN_REVERSED,PARTIAL_SHADING,v1.0,SHORT_CIRCUIT,0.3201,0.1944,0.1841,0.0964,0.2049,0.3201,CONNECTED,WARNING,3.33,0,0.0,v1.0,True,SUCCESS,LTE,GOOD,0.6
REC-03245,2026-09-10T07:15:20Z,SITE-D,ESP32-D01,PV-D01,SITE-D-PAR-02,5,2.417,30.79,74.44,35.78,33.83,28.48,84.79,1009.99,31210.0,0.086,59.4,DEGRADED,CURRENT_SIGN_REVERSED,PARTIAL_SHADING,v1.0,SHORT_CIRCUIT,0.3182,0.1962,0.1798,0.0942,0.2116,0.3182,CONNECTED,WARNING,4.31,0,0.0,v1.0,True,SUCCESS,LTE,GOOD,0.6
REC-03246,2026-09-10T07:15:25Z,SITE-D,ESP32-D01,PV-D01,SITE-D-PAR-02,6,2.416,31.05,75.02,35.89,33.96,28.48,85.21,1009.99,31332.0,0.104,59.9,DEGRADED,CURRENT_SIGN_REVERSED,PARTIAL_SHADING,v1.0,SHORT_CIRCUIT,0.3082,0.1991,0.1806,0.0979,0.2143,0.3082,CONNECTED,WARNING,3.61,0,0.0,v1.0,True,SUCCESS,LTE,GOOD,0.6
REC-03247,2026-09-10T07:15:30Z,SITE-D,ESP32-D01,PV-D01,SITE-D-PAR-02,7,2.416,31.01,74.93,35.82,33.95,28.49,85.15,1009.97,31260.0,0.089,59.8,DEGRADED,CURRENT_SIGN_REVERSED|DUPLICATE_RECEIVED,PARTIAL_SHADING,v1.0,SHORT_CIRCUIT,0.3169,0.1967,0.1805,0.0953,0.2106,0.3169,CONNECTED,WARNING,3.34,0,0.0,v1.0,True,SUCCESS,LTE,GOOD,0.6
REC-03248,2026-09-10T07:15:35Z,SITE-D,ESP32-D01,PV-D01,SITE-D-PAR-02,8,2.441,31.1,75.91,35.79,33.93,28.49,85.12,1009.99,31589.0,0.076,60.7,DEGRADED,CURRENT_SIGN_REVERSED,PARTIAL_SHADING,v1.0,SHORT_CIRCUIT,0.3286,0.1919,0.1833,0.0944,0.2017,0.3286,CONNECTED,WARNING,2.58,0,0.0,v1.0,True,SUCCESS,LTE,GOOD,0.6
REC-03249,2026-09-10T07:15:40Z,SITE-D,ESP32-D01,PV-D01,SITE-D-PAR-02,9,2.433,31.39,76.37,35.86,34.01,28.47,84.44,1009.95,31287.0,0.068,61.0,DEGRADED,CURRENT_SIGN_REVERSED,PARTIAL_SHADING,v1.0,SHORT_CIRCUIT,0.3318,0.1894,0.1848,0.094,0.1999,0.3318,CONNECTED,WARNING,4.62,0,0.0,v1.0,True,SUCCESS,LTE,GOOD,0.6
REC-03250,2026-09-10T07:15:45Z,SITE-D,ESP32-D01,PV-D01,SITE-D-PAR-02,10,2.435,31.84,77.53,35.82,34.03,28.48,84.81,1009.97,31277.0,0.074,61.8,DEGRADED,CURRENT_SIGN_REVERSED,PARTIAL_SHADING,v1.0,SHORT_CIRCUIT,0.3269,0.191,0.1857,0.0956,0.2008,0.3269,CONNECTED,WARNING,2.59,0,0.0,v1.0,True,SUCCESS,LTE,GOOD,0.6
REC-03251,2026-09-10T07:15:50Z,SITE-D,ESP32-D01,PV-D01,SITE-D-PAR-02,11,2.446,30.88,75.54,35.95,34.07,28.48,85.17,1009.98,31521.0,0.074,60.2,DEGRADED,CURRENT_SIGN_REVERSED,PARTIAL_SHADING,v1.0,SHORT_CIRCUIT,0.3331,0.1895,0.1849,0.0947,0.1979,0.3331,CONNECTED,WARNING,3.13,0,0.0,v1.0,True,SUCCESS,LTE,GOOD,0.6
REC-03252,2026-09-10T07:15:55Z,SITE-D,ESP32-D01,PV-D01,SITE-D-PAR-02,12,2.424,31.22,75.68,35.89,33.86,28.48,84.88,1009.98,31770.0,0.082,60.3,DEGRADED,CURRENT_SIGN_REVERSED,PARTIAL_SHADING,v1.0,SHORT_CIRCUIT,0.3219,0.1937,0.1828,0.0955,0.2061,0.3219,CONNECTED,WARNING,2.19,0,0.0,v1.0,True,SUCCESS,LTE,GOOD,0.6
REC-03253,2026-09-10T07:16:00Z,SITE-D,ESP32-D01,PV-D01,SITE-D-PAR-02,13,2.424,31.17,75.57,36.0,34.1,28.47,84.97,1009.98,31558.0,0.07,60.1,DEGRADED,CURRENT_SIGN_REVERSED,PARTIAL_SHADING,v1.0,SHORT_CIRCUIT,0.3317,0.1896,0.1845,0.0943,0.1999,0.3317,CONNECTED,WARNING,2.8,0,0.0,v1.0,True,SUCCESS,LTE,GOOD,0.6
REC-03254,2026-09-10T07:16:05Z,SITE-D,ESP32-D01,PV-D01,SITE-D-PAR-02,14,2.407,31.14,74.95,35.9,34.13,28.47,84.38,1009.97,31626.0,0.089,59.5,DEGRADED,CURRENT_SIGN_REVERSED,PARTIAL_SHADING,v1.0,SHORT_CIRCUIT,0.3178,0.1958,0.1808,0.096,0.2096,0.3178,CONNECTED,WARNING,4.69,0,0.0,v1.0,True,SUCCESS,LTE,GOOD,0.6
REC-03255,2026-09-10T07:16:10Z,SITE-D,ESP32-D01,PV-D01,SITE-D-PAR-02,15,2.44,31.41,76.66,35.89,33.95,28.47,85.38,1010.01,31747.0,0.063,61.0,DEGRADED,CURRENT_SIGN_REVERSED,PARTIAL_SHADING,v1.0,SHORT_CIRCUIT,0.3362,0.1876,0.1859,0.0938,0.1966,0.3362,CONNECTED,WARNING,3.24,0,0.0,v1.0,True,SUCCESS,LTE,GOOD,0.6
REC-03256,2026-09-10T07:16:15Z,SITE-D,ESP32-D01,PV-D01,SITE-D-PAR-02,16,2.428,31.5,76.48,36.1,33.87,28.49,84.56,1009.93,31769.0,0.061,60.7,DEGRADED,CURRENT_SIGN_REVERSED,PARTIAL_SHADING,v1.0,SHORT_CIRCUIT,0.335,0.1877,0.1871,0.094,0.1962,0.335,CONNECTED,WARNING,2.44,0,0.0,v1.0,True,SUCCESS,LTE,GOOD,0.6
REC-03257,2026-09-10T07:16:20Z,SITE-D,ESP32-D01,PV-D01,SITE-D-PAR-02,17,2.423,30.99,75.08,35.81,33.87,28.49,84.2,1009.95,31725.0,0.076,59.5,DEGRADED,CURRENT_SIGN_REVERSED,PARTIAL_SHADING,v1.0,SHORT_CIRCUIT,0.3259,0.1935,0.1814,0.0937,0.2054,0.3259,CONNECTED,WARNING,3.59,0,0.0,v1.0,True,SUCCESS,LTE,GOOD,0.6
REC-03258,2026-09-10T07:16:25Z,SITE-D,ESP32-D01,PV-D01,SITE-D-PAR-02,18,2.453,31.43,77.09,36.03,33.94,28.49,84.69,1009.94,31533.0,0.069,61.2,DEGRADED,CURRENT_SIGN_REVERSED,PARTIAL_SHADING,v1.0,SHORT_CIRCUIT,0.3341,0.1877,0.1883,0.0955,0.1944,0.3341,CONNECTED,WARNING,4.02,0,0.0,v1.0,True,SUCCESS,LTE,GOOD,0.6
REC-03259,2026-09-10T07:16:30Z,SITE-D,ESP32-D01,PV-D01,SITE-D-PAR-02,19,2.417,31.16,75.32,36.07,34.15,28.48,84.07,1009.94,31711.0,0.064,59.7,DEGRADED,CURRENT_SIGN_REVERSED,PARTIAL_SHADING,v1.0,SHORT_CIRCUIT,0.3354,0.1887,0.1845,0.0935,0.1978,0.3354,CONNECTED,WARNING,2.94,0,0.0,v1.0,True,SUCCESS,LTE,GOOD,0.6
REC-03260,2026-09-10T07:16:35Z,SITE-D,ESP32-D01,PV-D01,SITE-D-PAR-02,20,2.423,31.57,76.5,36.01,33.99,28.5,84.47,1009.89,31471.0,0.071,60.6,DEGRADED,CURRENT_SIGN_REVERSED,PARTIAL_SHADING,v1.0,SHORT_CIRCUIT,0.3283,0.1911,0.1856,0.0949,0.2002,0.3283,CONNECTED,WARNING,4.25,0,0.0,v1.0,True,SUCCESS,LTE,GOOD,0.6
REC-03261,2026-09-10T07:16:40Z,SITE-D,ESP32-D01,PV-D01,SITE-D-PAR-02,21,2.45,31.96,78.3,35.93,33.96,28.48,85.57,1009.99,31683.0,0.069,61.8,DEGRADED,CURRENT_SIGN_REVERSED,PARTIAL_SHADING,v1.0,SHORT_CIRCUIT,0.3321,0.1879,0.1887,0.0962,0.1951,0.3321,CONNECTED,WARNING,3.6,0,0.0,v1.0,True,SUCCESS,LTE,GOOD,0.6
REC-03262,2026-09-10T07:16:45Z,SITE-D,ESP32-D01,PV-D01,SITE-D-PAR-02,22,2.418,31.68,76.6,36.05,33.93,28.49,84.69,1009.92,31893.0,0.077,60.7,DEGRADED,CURRENT_SIGN_REVERSED,PARTIAL_SHADING,v1.0,SHORT_CIRCUIT,0.3238,0.1922,0.1854,0.0962,0.2024,0.3238,CONNECTED,WARNING,3.76,0,0.0,v1.0,True,SUCCESS,LTE,GOOD,0.6
REC-03263,2026-09-10T07:16:50Z,SITE-D,ESP32-D01,PV-D01,SITE-D-PAR-02,23,2.426,31.71,76.94,35.93,33.9,28.49,84.37,1009.96,31999.0,0.071,60.7,DEGRADED,CURRENT_SIGN_REVERSED,PARTIAL_SHADING,v1.0,SHORT_CIRCUIT,0.3281,0.191,0.1853,0.0952,0.2004,0.3281,CONNECTED,WARNING,3.74,0,0.0,v1.0,True,SUCCESS,LTE,GOOD,0.6
REC-03264,2026-09-10T07:16:55Z,SITE-D,ESP32-D01,PV-D01,SITE-D-PAR-02,24,2.414,31.53,76.1,35.89,34.07,28.47,84.81,1009.91,31871.0,0.072,60.0,DEGRADED,CURRENT_SIGN_REVERSED,PARTIAL_SHADING,v1.0,SHORT_CIRCUIT,0.3277,0.1915,0.1832,0.0946,0.2029,0.3277,CONNECTED,WARNING,2.75,0,0.0,v1.0,True,SUCCESS,LTE,GOOD,0.6
REC-03265,2026-09-10T07:17:00Z,SITE-D,ESP32-D01,PV-D01,SITE-D-PAR-02,25,2.425,31.63,76.71,35.91,33.98,28.46,84.53,1009.97,31468.0,0.077,60.6,DEGRADED,CURRENT_SIGN_REVERSED,PARTIAL_SHADING,v1.0,SHORT_CIRCUIT,0.3244,0.1913,0.185,0.0958,0.2035,0.3244,CONNECTED,WARNING,4.29,0,0.0,v1.0,True,SUCCESS,LTE,GOOD,0.6
REC-03266,2026-09-10T07:17:05Z,SITE-D,ESP32-D01,PV-D01,SITE-D-PAR-02,26,2.439,31.68,77.25,35.88,34.14,28.46,85.06,1009.93,31526.0,0.087,61.1,DEGRADED,CURRENT_SIGN_REVERSED,PARTIAL_SHADING,v1.0,SHORT_CIRCUIT,0.3219,0.1921,0.1855,0.0978,0.2026,0.3219,CONNECTED,WARNING,4.79,0,0.0,v1.0,True,SUCCESS,LTE,GOOD,0.6
REC-03267,2026-09-10T07:17:10Z,SITE-D,ESP32-D01,PV-D01,SITE-D-PAR-02,27,2.439,31.58,77.01,35.84,34.02,28.45,84.53,1009.92,31511.0,0.092,61.1,DEGRADED,CURRENT_SIGN_REVERSED,PARTIAL_SHADING,v1.0,SHORT_CIRCUIT,0.3179,0.1933,0.1847,0.0982,0.2059,0.3179,CONNECTED,WARNING,4.38,0,0.0,v1.0,True,SUCCESS,LTE,GOOD,0.6
REC-03268,2026-09-10T07:17:15Z,SITE-D,ESP32-D01,PV-D01,SITE-D-PAR-02,28,2.422,31.27,75.72,35.96,33.99,28.45,84.88,1009.96,31423.0,0.078,60.4,DEGRADED,CURRENT_SIGN_REVERSED,PARTIAL_SHADING,v1.0,SHORT_CIRCUIT,0.3248,0.1912,0.1841,0.0954,0.2045,0.3248,CONNECTED,WARNING,3.08,0,0.0,v1.0,True,SUCCESS,LTE,GOOD,0.6
REC-03269,2026-09-10T07:17:20Z,SITE-D,ESP32-D01,PV-D01,SITE-D-PAR-02,29,2.41,31.44,75.77,35.81,33.9,28.47,84.46,1009.93,31325.0,0.079,60.3,DEGRADED,CURRENT_SIGN_REVERSED,PARTIAL_SHADING,v1.0,SHORT_CIRCUIT,0.3203,0.1943,0.1818,0.0946,0.209,0.3203,CONNECTED,WARNING,4.44,0,0.0,v1.0,True,SUCCESS,LTE,GOOD,0.6
REC-03270,2026-09-10T07:17:25Z,SITE-D,ESP32-D01,PV-D01,SITE-D-PAR-02,30,2.423,31.16,75.51,35.91,33.88,28.48,85.58,1009.93,31662.0,0.075,59.8,DEGRADED,CURRENT_SIGN_REVERSED,PARTIAL_SHADING,v1.0,SHORT_CIRCUIT,0.3262,0.1922,0.1831,0.0944,0.204,0.3262,CONNECTED,WARNING,3.65,0,0.0,v1.0,True,SUCCESS,LTE,GOOD,0.6
REC-03271,2026-09-10T07:17:30Z,SITE-D,ESP32-D01,PV-D01,SITE-D-PAR-02,31,2.43,31.16,75.72,35.77,33.86,28.46,84.95,1009.96,31812.0,0.082,60.2,DEGRADED,CURRENT_SIGN_REVERSED,PARTIAL_SHADING,v1.0,SHORT_CIRCUIT,0.3228,0.1932,0.1821,0.0952,0.2067,0.3228,CONNECTED,WARNING,2.93,0,0.0,v1.0,True,SUCCESS,LTE,GOOD,0.6
REC-03272,2026-09-10T07:17:35Z,SITE-D,ESP32-D01,PV-D01,SITE-D-PAR-02,32,2.416,31.54,76.2,35.87,33.8,28.45,84.76,1009.97,31518.0,0.081,60.8,DEGRADED,CURRENT_SIGN_REVERSED,PARTIAL_SHADING,v1.0,SHORT_CIRCUIT,0.3192,0.1932,0.1833,0.0957,0.2087,0.3192,CONNECTED,WARNING,3.47,0,0.0,v1.0,True,SUCCESS,LTE,GOOD,0.6
REC-03273,2026-09-10T07:17:40Z,SITE-D,ESP32-D01,PV-D01,SITE-D-PAR-02,33,2.401,31.66,76.02,35.78,34.0,28.45,84.71,1009.93,31561.0,0.09,60.5,DEGRADED,CURRENT_SIGN_REVERSED,PARTIAL_SHADING,v1.0,SHORT_CIRCUIT,0.3129,0.1965,0.1807,0.0965,0.2134,0.3129,CONNECTED,WARNING,2.26,0,0.0,v1.0,True,SUCCESS,LTE,GOOD,0.6
REC-03274,2026-09-10T07:17:45Z,SITE-D,ESP32-D01,PV-D01,SITE-D-PAR-02,34,2.433,31.38,76.33,35.78,33.9,28.45,84.63,1009.92,31371.0,0.058,60.8,DEGRADED,CURRENT_SIGN_REVERSED,PARTIAL_SHADING,v1.0,SHORT_CIRCUIT,0.3369,0.1872,0.1845,0.0923,0.199,0.3369,CONNECTED,WARNING,2.57,0,0.0,v1.0,True,SUCCESS,LTE,GOOD,0.6
REC-03275,2026-09-10T07:17:50Z,SITE-D,ESP32-D01,PV-D01,SITE-D-PAR-02,35,2.443,31.86,77.81,35.88,34.01,28.45,84.57,1009.95,31357.0,0.075,61.8,DEGRADED,CURRENT_SIGN_REVERSED,PARTIAL_SHADING,v1.0,SHORT_CIRCUIT,0.3276,0.189,0.1873,0.0965,0.1996,0.3276,CONNECTED,WARNING,2.18,0,0.0,v1.0,True,SUCCESS,LTE,GOOD,0.6
REC-03276,2026-09-10T07:17:55Z,SITE-D,ESP32-D01,PV-D01,SITE-D-PAR-02,36,2.441,31.55,77.03,35.98,33.95,28.45,84.56,1009.97,31409.0,0.08,61.2,DEGRADED,CURRENT_SIGN_REVERSED,PARTIAL_SHADING,v1.0,SHORT_CIRCUIT,0.3251,0.1898,0.187,0.097,0.2012,0.3251,CONNECTED,WARNING,4.67,0,0.0,v1.0,True,SUCCESS,LTE,GOOD,0.6
REC-03277,2026-09-10T07:18:00Z,SITE-D,ESP32-D01,PV-D01,SITE-D-PAR-02,37,2.444,31.28,76.46,35.91,33.9,28.47,85.3,1009.99,31286.0,0.077,60.8,DEGRADED,CURRENT_SIGN_REVERSED,PARTIAL_SHADING,v1.0,SHORT_CIRCUIT,0.3273,0.1903,0.1857,0.0955,0.2011,0.3273,CONNECTED,WARNING,3.04,0,0.0,v1.0,True,SUCCESS,LTE,GOOD,0.6
REC-03278,2026-09-10T07:18:05Z,SITE-D,ESP32-D01,PV-D01,SITE-D-PAR-02,38,2.438,30.99,75.56,35.91,33.82,28.47,84.63,1009.92,31528.0,0.068,60.1,DEGRADED,CURRENT_SIGN_REVERSED,PARTIAL_SHADING,v1.0,SHORT_CIRCUIT,0.3326,0.1892,0.1845,0.0935,0.2002,0.3326,CONNECTED,WARNING,2.83,0,0.0,v1.0,True,SUCCESS,LTE,GOOD,0.6
REC-03279,2026-09-10T07:18:10Z,SITE-D,ESP32-D01,PV-D01,SITE-D-PAR-02,39,2.443,31.54,77.06,35.79,33.87,28.45,84.16,1009.94,31350.0,0.064,61.8,DEGRADED,CURRENT_SIGN_REVERSED,PARTIAL_SHADING,v1.0,SHORT_CIRCUIT,0.3338,0.1876,0.1859,0.0938,0.1989,0.3338,CONNECTED,WARNING,4.56,0,0.0,v1.0,True,SUCCESS,LTE,GOOD,0.6
REC-03280,2026-09-10T07:18:15Z,SITE-D,ESP32-D01,PV-D01,SITE-D-PAR-02,40,2.45,31.22,76.51,35.76,33.82,28.46,84.45,1009.99,31040.0,0.085,61.6,DEGRADED,CURRENT_SIGN_REVERSED,PARTIAL_SHADING,v1.0,SHORT_CIRCUIT,0.3219,0.1923,0.1844,0.096,0.2053,0.3219,CONNECTED,WARNING,3.85,0,0.0,v1.0,True,SUCCESS,LTE,GOOD,0.6
REC-03281,2026-09-10T07:18:20Z,SITE-D,ESP32-D01,PV-D01,SITE-D-PAR-02,41,2.418,31.7,76.65,35.87,33.93,28.48,85.08,1010.01,31297.0,0.069,61.5,DEGRADED,CURRENT_SIGN_REVERSED,PARTIAL_SHADING,v1.0,SHORT_CIRCUIT,0.3271,0.1913,0.1844,0.0942,0.203,0.3271,CONNECTED,WARNING,4.2,0,0.0,v1.0,True,SUCCESS,LTE,GOOD,0.6
REC-03282,2026-09-10T07:18:25Z,SITE-D,ESP32-D01,PV-D01,SITE-D-PAR-02,42,2.421,31.89,77.22,35.79,33.83,28.48,84.72,1009.92,31607.0,0.059,61.7,DEGRADED,CURRENT_SIGN_REVERSED,PARTIAL_SHADING,v1.0,SHORT_CIRCUIT,0.3324,0.1894,0.1848,0.093,0.2004,0.3324,CONNECTED,WARNING,2.55,0,0.0,v1.0,True,SUCCESS,LTE,GOOD,0.6
REC-03283,2026-09-10T07:18:30Z,SITE-D,ESP32-D01,PV-D01,SITE-D-PAR-02,43,2.421,31.0,75.07,35.93,33.96,28.48,84.76,1009.93,31813.0,0.086,59.8,DEGRADED,CURRENT_SIGN_REVERSED,PARTIAL_SHADING,v1.0,SHORT_CIRCUIT,0.3209,0.1945,0.182,0.0958,0.2068,0.3209,CONNECTED,WARNING,2.75,0,0.0,v1.0,True,SUCCESS,LTE,GOOD,0.6
REC-03284,2026-09-10T07:18:35Z,SITE-D,ESP32-D01,PV-D01,SITE-D-PAR-02,44,2.453,30.97,75.98,35.98,34.06,28.49,85.15,1009.96,31676.0,0.082,60.4,DEGRADED,CURRENT_SIGN_REVERSED,PARTIAL_SHADING,v1.0,SHORT_CIRCUIT,0.3291,0.1908,0.1856,0.0964,0.1982,0.3291,CONNECTED,WARNING,2.84,0,0.0,v1.0,True,SUCCESS,LTE,GOOD,0.6
REC-03285,2026-09-10T07:18:40Z,SITE-D,ESP32-D01,PV-D01,SITE-D-PAR-02,45,2.443,30.3,74.02,35.77,33.91,28.48,84.57,1009.93,31322.0,0.076,59.2,DEGRADED,CURRENT_SIGN_REVERSED,PARTIAL_SHADING,v1.0,SHORT_CIRCUIT,0.3309,0.1919,0.181,0.0928,0.2034,0.3309,CONNECTED,WARNING,3.93,0,0.0,v1.0,True,SUCCESS,LTE,GOOD,0.6
REC-03286,2026-09-10T07:18:45Z,SITE-D,ESP32-D01,PV-D01,SITE-D-PAR-02,46,2.437,31.38,76.47,35.77,33.94,28.46,84.99,1009.93,31399.0,0.068,61.3,DEGRADED,CURRENT_SIGN_REVERSED,PARTIAL_SHADING,v1.0,SHORT_CIRCUIT,0.3317,0.1894,0.1843,0.0938,0.2008,0.3317,CONNECTED,WARNING,2.93,0,0.0,v1.0,True,SUCCESS,LTE,GOOD,0.6
REC-03287,2026-09-10T07:18:50Z,SITE-D,ESP32-D01,PV-D01,SITE-D-PAR-02,47,2.425,31.47,76.32,35.8,33.94,28.47,84.6,1009.96,31616.0,0.076,61.0,DEGRADED,CURRENT_SIGN_REVERSED,PARTIAL_SHADING,v1.0,SHORT_CIRCUIT,0.3251,0.1923,0.1832,0.0949,0.2045,0.3251,CONNECTED,WARNING,4.4,0,0.0,v1.0,True,SUCCESS,LTE,GOOD,0.6
REC-03288,2026-09-10T07:18:55Z,SITE-D,ESP32-D01,PV-D01,SITE-D-PAR-02,48,2.439,31.4,76.58,35.74,34.06,28.48,84.97,1010.0,31265.0,0.089,60.9,DEGRADED,CURRENT_SIGN_REVERSED,PARTIAL_SHADING,v1.0,SHORT_CIRCUIT,0.32,0.1945,0.1831,0.0966,0.2057,0.32,CONNECTED,WARNING,4.45,0,0.0,v1.0,True,SUCCESS,LTE,GOOD,0.6
REC-03289,2026-09-10T07:19:00Z,SITE-D,ESP32-D01,PV-D01,SITE-D-PAR-02,49,2.407,31.21,75.14,35.85,33.96,28.5,84.68,1009.91,31916.0,0.061,59.5,DEGRADED,SPIKE_IRRADIANCE|CURRENT_SIGN_REVERSED,PARTIAL_SHADING,v1.0,SHORT_CIRCUIT,0.3333,0.1915,0.1815,0.0918,0.2019,0.3333,CONNECTED,WARNING,4.57,0,0.0,v1.0,True,SUCCESS,LTE,GOOD,0.6
REC-03290,2026-09-10T07:19:05Z,SITE-D,ESP32-D01,PV-D01,SITE-D-PAR-02,50,2.415,31.52,76.13,35.98,33.98,28.49,84.73,1009.99,31590.0,0.061,60.3,DEGRADED,CURRENT_SIGN_REVERSED,PARTIAL_SHADING,v1.0,SHORT_CIRCUIT,0.3335,0.1894,0.1848,0.0932,0.1992,0.3335,CONNECTED,WARNING,2.55,0,0.0,v1.0,True,SUCCESS,LTE,GOOD,0.6
REC-03291,2026-09-10T07:19:10Z,SITE-D,ESP32-D01,PV-D01,SITE-D-PAR-02,51,2.436,31.44,76.6,35.78,33.91,28.49,85.05,1009.93,31469.0,0.071,60.9,DEGRADED,CURRENT_SIGN_REVERSED,PARTIAL_SHADING,v1.0,SHORT_CIRCUIT,0.3293,0.1913,0.1841,0.0941,0.2012,0.3293,CONNECTED,WARNING,3.0,0,0.0,v1.0,True,SUCCESS,LTE,GOOD,0.6
REC-03292,2026-09-10T07:19:15Z,SITE-D,ESP32-D01,PV-D01,SITE-D-PAR-02,52,2.442,31.6,77.15,35.97,33.85,28.49,85.02,1009.96,31492.0,0.077,61.4,DEGRADED,CURRENT_SIGN_REVERSED,PARTIAL_SHADING,v1.0,SHORT_CIRCUIT,0.3259,0.1908,0.1869,0.0963,0.2001,0.3259,CONNECTED,WARNING,4.63,0,0.0,v1.0,True,SUCCESS,LTE,GOOD,0.6
REC-03293,2026-09-10T07:19:20Z,SITE-D,ESP32-D01,PV-D01,SITE-D-PAR-02,53,2.449,31.44,77.0,35.83,33.81,28.49,84.75,1010.0,31594.0,0.072,61.2,DEGRADED,CURRENT_SIGN_REVERSED,PARTIAL_SHADING,v1.0,SHORT_CIRCUIT,0.33,0.1902,0.1858,0.0949,0.1991,0.33,CONNECTED,WARNING,3.25,0,0.0,v1.0,True,SUCCESS,LTE,GOOD,0.6
REC-03294,2026-09-10T07:19:25Z,SITE-D,ESP32-D01,PV-D01,SITE-D-PAR-02,54,2.418,31.76,76.79,36.05,34.04,28.49,84.66,1009.96,31527.0,0.083,60.8,DEGRADED,CURRENT_SIGN_REVERSED,PARTIAL_SHADING,v1.0,SHORT_CIRCUIT,0.3203,0.1933,0.1856,0.0972,0.2037,0.3203,CONNECTED,WARNING,3.02,0,0.0,v1.0,True,SUCCESS,LTE,GOOD,0.6
REC-03295,2026-09-10T07:19:30Z,SITE-D,ESP32-D01,PV-D01,SITE-D-PAR-02,55,2.421,31.53,76.35,35.84,33.86,28.5,85.28,1009.94,31673.0,0.088,60.4,DEGRADED,CURRENT_SIGN_REVERSED,PARTIAL_SHADING,v1.0,SHORT_CIRCUIT,0.3164,0.1963,0.1826,0.0965,0.2083,0.3164,CONNECTED,WARNING,3.63,0,0.0,v1.0,True,SUCCESS,LTE,GOOD,0.6
REC-03296,2026-09-10T07:19:35Z,SITE-D,ESP32-D01,PV-D01,SITE-D-PAR-02,56,2.431,31.92,77.6,35.88,34.0,28.5,84.98,1009.97,31796.0,0.08,61.4,DEGRADED,CURRENT_SIGN_REVERSED,PARTIAL_SHADING,v1.0,SHORT_CIRCUIT,0.3231,0.193,0.1855,0.0968,0.2016,0.3231,CONNECTED,WARNING,2.39,0,0.0,v1.0,True,SUCCESS,LTE,GOOD,0.6
REC-03297,2026-09-10T07:19:40Z,SITE-D,ESP32-D01,PV-D01,SITE-D-PAR-02,57,2.409,31.8,76.6,35.82,33.98,28.5,84.68,1009.94,31757.0,0.083,60.6,DEGRADED,CURRENT_SIGN_REVERSED,PARTIAL_SHADING,v1.0,SHORT_CIRCUIT,0.318,0.196,0.1822,0.0959,0.2078,0.318,CONNECTED,WARNING,4.27,0,0.0,v1.0,True,SUCCESS,LTE,GOOD,0.6
REC-03298,2026-09-10T07:19:45Z,SITE-D,ESP32-D01,PV-D01,SITE-D-PAR-02,58,2.44,31.22,76.18,35.85,34.02,28.52,84.6,1009.97,31819.0,0.08,60.2,DEGRADED,CURRENT_SIGN_REVERSED,PARTIAL_SHADING,v1.0,SHORT_CIRCUIT,0.327,0.1934,0.1836,0.0954,0.2006,0.327,CONNECTED,WARNING,2.94,0,0.0,v1.0,True,SUCCESS,LTE,GOOD,0.6
REC-03299,2026-09-10T07:19:50Z,SITE-D,ESP32-D01,PV-D01,SITE-D-PAR-02,59,2.415,32.1,77.51,36.01,33.91,28.51,85.11,1009.94,31772.0,0.077,61.1,DEGRADED,CURRENT_SIGN_REVERSED,PARTIAL_SHADING,v1.0,SHORT_CIRCUIT,0.3213,0.1934,0.186,0.0966,0.2028,0.3213,CONNECTED,WARNING,3.68,0,0.0,v1.0,True,SUCCESS,LTE,GOOD,0.6
REC-03300,2026-09-10T07:19:55Z,SITE-D,ESP32-D01,PV-D01,SITE-D-PAR-02,60,2.421,31.99,77.45,35.9,33.85,28.51,84.83,1009.98,31856.0,0.064,61.2,DEGRADED,CURRENT_SIGN_REVERSED,PARTIAL_SHADING,v1.0,SHORT_CIRCUIT,0.3298,0.1909,0.1856,0.0942,0.1995,0.3298,CONNECTED,WARNING,4.13,0,0.0,v1.0,True,SUCCESS,LTE,GOOD,0.6
REC-03301,2026-09-10T07:52:00Z,SITE-F,ESP32-F01,PV-F01,SITE-F-OPE-16,1,3.292,0.0,0.0,46.42,46.32,30.41,79.75,1010.35,89264.0,0.167,0.0,POOR,OK,OPEN_CIRCUIT,v1.0,SHORT_CIRCUIT,0.8155,0.1153,0.0074,0.0052,0.0566,0.8155,ISOLATED,CRITICAL,4.27,0,0.0,v1.0,True,SUCCESS,WIFI,FAIR,10.13
REC-03302,2026-09-10T07:52:05Z,SITE-F,ESP32-F01,PV-F01,SITE-F-OPE-16,2,3.296,0.65,2.13,46.47,46.18,30.41,80.05,1010.34,89238.0,0.17,0.6,POOR,TEMP1_MISSING_-999,OPEN_CIRCUIT,v1.0,SHORT_CIRCUIT,0.8122,0.1161,0.0077,0.0054,0.0586,0.8122,ISOLATED,CRITICAL,4.25,0,0.0,v1.0,True,SUCCESS,WIFI,FAIR,10.13
REC-03303,2026-09-10T07:52:10Z,SITE-F,ESP32-F01,PV-F01,SITE-F-OPE-16,3,3.301,0.38,1.26,46.3,46.4,30.42,80.06,1010.33,88582.0,0.175,0.3,POOR,OK,OPEN_CIRCUIT,v1.0,SHORT_CIRCUIT,0.8128,0.1164,0.0076,0.0055,0.0577,0.8128,ISOLATED,CRITICAL,4.3,0,0.0,v1.0,True,SUCCESS,WIFI,FAIR,10.13
REC-03304,2026-09-10T07:52:15Z,SITE-F,ESP32-F01,PV-F01,SITE-F-OPE-16,4,3.301,0.0,0.0,46.5,46.3,30.44,79.91,1010.3,89201.0,0.161,0.0,POOR,OK,OPEN_CIRCUIT,v1.0,SHORT_CIRCUIT,0.8177,0.1145,0.0073,0.0051,0.0554,0.8177,ISOLATED,CRITICAL,4.7,0,0.0,v1.0,True,SUCCESS,WIFI,FAIR,10.13
REC-03305,2026-09-10T07:52:20Z,SITE-F,ESP32-F01,PV-F01,SITE-F-OPE-16,5,3.302,0.52,1.71,46.45,46.33,30.42,80.27,1010.32,88613.0,0.166,0.5,POOR,OK,OPEN_CIRCUIT,v1.0,SHORT_CIRCUIT,0.8145,0.1162,0.0076,0.0054,0.0563,0.8145,ISOLATED,CRITICAL,2.84,0,0.0,v1.0,True,SUCCESS,WIFI,FAIR,10.13
REC-03306,2026-09-10T07:52:25Z,SITE-F,ESP32-F01,PV-F01,SITE-F-OPE-16,6,3.295,0.0,0.0,46.29,46.28,30.43,79.94,1010.35,88419.0,0.159,0.0,POOR,TEMP2_SENTINEL_-127,OPEN_CIRCUIT,v1.0,SHORT_CIRCUIT,0.8169,0.1153,0.0075,0.0053,0.055,0.8169,ISOLATED,CRITICAL,2.12,0,0.0,v1.0,True,SUCCESS,WIFI,FAIR,10.13
REC-03307,2026-09-10T07:52:30Z,SITE-F,ESP32-F01,PV-F01,SITE-F-OPE-16,7,3.301,0.22,0.74,46.37,46.18,30.42,79.9,1010.34,88142.0,0.183,0.2,POOR,TEMP2_SENTINEL_-127,OPEN_CIRCUIT,v1.0,SHORT_CIRCUIT,0.8064,0.1199,0.0077,0.0056,0.0604,0.8064,ISOLATED,CRITICAL,2.46,0,0.0,v1.0,True,SUCCESS,WIFI,FAIR,10.13
REC-03308,2026-09-10T07:52:35Z,SITE-F,ESP32-F01,PV-F01,SITE-F-OPE-16,8,3.295,0.0,0.0,46.26,46.13,30.43,80.25,1010.35,88465.0,0.176,0.0,POOR,TEMP2_SENTINEL_-127,OPEN_CIRCUIT,v1.0,SHORT_CIRCUIT,0.8097,0.1177,0.0076,0.0055,0.0595,0.8097,ISOLATED,CRITICAL,3.73,0,0.0,v1.0,True,SUCCESS,WIFI,FAIR,10.13
REC-03309,2026-09-10T07:52:40Z,SITE-F,ESP32-F01,PV-F01,SITE-F-OPE-16,9,3.304,0.24,0.79,46.19,45.98,30.44,79.59,1010.35,87956.0,0.176,0.2,POOR,TEMP2_SENTINEL_-127,OPEN_CIRCUIT,v1.0,SHORT_CIRCUIT,0.8076,0.1184,0.0079,0.0056,0.0605,0.8076,ISOLATED,CRITICAL,4.79,0,0.0,v1.0,True,SUCCESS,WIFI,FAIR,10.13
REC-03310,2026-09-10T07:52:45Z,SITE-F,ESP32-F01,PV-F01,SITE-F-OPE-16,10,3.303,0.18,0.59,46.2,46.25,30.46,80.23,1010.31,88352.0,0.175,0.2,POOR,TEMP2_SENTINEL_-127,OPEN_CIRCUIT,v1.0,SHORT_CIRCUIT,0.8119,0.1164,0.0076,0.0055,0.0585,0.8119,ISOLATED,CRITICAL,4.14,0,0.0,v1.0,True,SUCCESS,WIFI,FAIR,10.13
REC-03311,2026-09-10T07:52:50Z,SITE-F,ESP32-F01,PV-F01,SITE-F-OPE-16,11,3.291,0.11,0.38,46.18,46.03,30.47,79.51,1010.34,88063.0,0.176,0.1,POOR,TEMP2_SENTINEL_-127,OPEN_CIRCUIT,v1.0,SHORT_CIRCUIT,0.8081,0.1184,0.0078,0.0056,0.0601,0.8081,ISOLATED,CRITICAL,3.94,0,0.0,v1.0,True,SUCCESS,WIFI,FAIR,10.13
REC-03312,2026-09-10T07:52:55Z,SITE-F,ESP32-F01,PV-F01,SITE-F-OPE-16,12,3.3,0.37,1.21,46.14,46.21,30.47,79.72,1010.31,88376.0,0.171,0.3,POOR,TEMP2_SENTINEL_-127,OPEN_CIRCUIT,v1.0,SHORT_CIRCUIT,0.813,0.1155,0.0077,0.0055,0.0582,0.813,ISOLATED,CRITICAL,4.13,0,0.0,v1.0,True,SUCCESS,WIFI,FAIR,10.13
REC-03313,2026-09-10T07:53:00Z,SITE-F,ESP32-F01,PV-F01,SITE-F-OPE-16,13,3.293,0.03,0.08,46.11,46.23,30.47,79.25,1010.34,88090.0,0.186,0.0,POOR,TEMP2_SENTINEL_-127,OPEN_CIRCUIT,v1.0,SHORT_CIRCUIT,0.8072,0.1186,0.0076,0.0057,0.0608,0.8072,ISOLATED,CRITICAL,4.53,0,0.0,v1.0,True,SUCCESS,WIFI,FAIR,10.13
REC-03314,2026-09-10T07:53:05Z,SITE-F,ESP32-F01,PV-F01,SITE-F-OPE-16,14,3.302,0.05,0.15,46.21,46.13,30.5,79.88,1010.36,88478.0,0.158,0.0,POOR,TEMP2_SENTINEL_-127,OPEN_CIRCUIT,v1.0,SHORT_CIRCUIT,0.8173,0.114,0.0076,0.0053,0.0559,0.8173,ISOLATED,CRITICAL,2.81,0,0.0,v1.0,True,SUCCESS,WIFI,FAIR,10.13
REC-03315,2026-09-10T07:53:10Z,SITE-F,ESP32-F01,PV-F01,SITE-F-OPE-16,15,3.292,0.4,1.33,46.37,46.23,30.51,80.2,1010.37,89090.0,0.162,0.4,POOR,TEMP2_SENTINEL_-127,OPEN_CIRCUIT,v1.0,SHORT_CIRCUIT,0.8167,0.1141,0.0075,0.0053,0.0564,0.8167,ISOLATED,CRITICAL,2.38,0,0.0,v1.0,True,SUCCESS,WIFI,FAIR,10.13
REC-03316,2026-09-10T07:53:15Z,SITE-F,ESP32-F01,PV-F01,SITE-F-OPE-16,16,3.299,0.06,0.21,46.45,46.3,30.5,79.52,1010.34,88995.0,0.19,0.1,POOR,TEMP2_SENTINEL_-127,OPEN_CIRCUIT,v1.0,SHORT_CIRCUIT,0.8076,0.1184,0.0074,0.0054,0.0612,0.8076,ISOLATED,CRITICAL,4.58,0,0.0,v1.0,True,SUCCESS,WIFI,FAIR,10.13
REC-03317,2026-09-10T07:53:20Z,SITE-F,ESP32-F01,PV-F01,SITE-F-OPE-16,17,3.301,0.0,0.0,46.47,46.45,30.51,79.72,1010.33,89291.0,0.179,0.0,POOR,TEMP2_SENTINEL_-127,OPEN_CIRCUIT,v1.0,SHORT_CIRCUIT,0.814,0.1157,0.0072,0.0052,0.0579,0.814,ISOLATED,CRITICAL,3.23,0,0.0,v1.0,True,SUCCESS,WIFI,FAIR,10.13
REC-03318,2026-09-10T07:53:25Z,SITE-F,ESP32-F01,PV-F01,SITE-F-OPE-16,18,3.297,0.0,0.0,46.47,46.35,30.52,79.73,1010.36,89279.0,0.156,0.0,POOR,TEMP2_SENTINEL_-127,OPEN_CIRCUIT,v1.0,SHORT_CIRCUIT,0.8207,0.1129,0.0072,0.005,0.0541,0.8207,ISOLATED,CRITICAL,2.61,0,0.0,v1.0,True,SUCCESS,WIFI,FAIR,10.13
REC-03319,2026-09-10T07:53:30Z,SITE-F,ESP32-F01,PV-F01,SITE-F-OPE-16,19,3.301,0.0,0.0,46.68,46.45,30.54,79.74,1010.29,89180.0,0.179,0.0,POOR,TEMP2_SENTINEL_-127,OPEN_CIRCUIT,v1.0,SHORT_CIRCUIT,0.8129,0.1172,0.0072,0.0052,0.0575,0.8129,ISOLATED,CRITICAL,4.43,0,0.0,v1.0,True,SUCCESS,WIFI,FAIR,10.13
REC-03320,2026-09-10T07:53:35Z,SITE-F,ESP32-F01,PV-F01,SITE-F-OPE-16,20,3.298,0.0,0.0,46.67,46.44,30.53,79.49,1010.36,89583.0,0.16,0.0,POOR,TEMP2_SENTINEL_-127,OPEN_CIRCUIT,v1.0,SHORT_CIRCUIT,0.8201,0.1137,0.0071,0.0049,0.0542,0.8201,ISOLATED,CRITICAL,2.68,0,0.0,v1.0,True,SUCCESS,WIFI,FAIR,10.13
REC-03321,2026-09-10T07:53:40Z,SITE-F,ESP32-F01,PV-F01,SITE-F-OPE-16,21,3.304,0.15,0.48,46.51,46.58,30.54,79.81,1010.32,89776.0,0.189,0.1,POOR,TEMP2_SENTINEL_-127,OPEN_CIRCUIT,v1.0,SHORT_CIRCUIT,0.813,0.1153,0.0071,0.0052,0.0594,0.813,ISOLATED,CRITICAL,2.34,0,0.0,v1.0,True,SUCCESS,WIFI,FAIR,10.13
REC-03322,2026-09-10T07:53:45Z,SITE-F,ESP32-F01,PV-F01,SITE-F-OPE-16,22,3.291,0.0,0.0,46.69,46.52,30.55,80.27,1010.32,89819.0,0.185,0.0,POOR,TEMP2_SENTINEL_-127,OPEN_CIRCUIT,v1.0,SHORT_CIRCUIT,0.8125,0.1167,0.0071,0.0051,0.0586,0.8125,ISOLATED,CRITICAL,4.25,0,0.0,v1.0,True,SUCCESS,WIFI,FAIR,10.13
REC-03323,2026-09-10T07:53:50Z,SITE-F,ESP32-F01,PV-F01,SITE-F-OPE-16,23,3.294,0.77,2.53,46.57,46.55,30.55,79.65,1010.31,90087.0,0.197,0.7,POOR,TEMP2_SENTINEL_-127,OPEN_CIRCUIT,v1.0,SHORT_CIRCUIT,0.8091,0.1163,0.0074,0.0054,0.0618,0.8091,ISOLATED,CRITICAL,2.3,0,0.0,v1.0,True,SUCCESS,WIFI,FAIR,10.13
REC-03324,2026-09-10T07:53:55Z,SITE-F,ESP32-F01,PV-F01,SITE-F-OPE-16,24,3.286,0.11,0.37,46.69,46.53,30.55,79.87,1010.28,89805.0,0.173,0.1,POOR,TEMP2_SENTINEL_-127,OPEN_CIRCUIT,v1.0,SHORT_CIRCUIT,0.8163,0.1153,0.0071,0.0051,0.0562,0.8163,ISOLATED,CRITICAL,3.65,0,0.0,v1.0,True,SUCCESS,WIFI,FAIR,10.13
REC-03325,2026-09-10T07:54:00Z,SITE-F,ESP32-F01,PV-F01,SITE-F-OPE-16,25,3.294,0.0,0.0,46.62,46.59,30.56,79.87,1010.36,90398.0,0.164,0.0,POOR,OK,OPEN_CIRCUIT,v1.0,SHORT_CIRCUIT,0.8224,0.1114,0.0069,0.0049,0.0544,0.8224,ISOLATED,CRITICAL,2.69,0,0.0,v1.0,True,SUCCESS,WIFI,FAIR,10.13
REC-03326,2026-09-10T07:54:05Z,SITE-F,ESP32-F01,PV-F01,SITE-F-OPE-16,26,3.29,0.12,0.4,46.67,46.74,30.58,79.68,1010.33,90426.0,0.171,0.1,POOR,OK,OPEN_CIRCUIT,v1.0,SHORT_CIRCUIT,0.8212,0.1123,0.0069,0.0049,0.0548,0.8212,ISOLATED,CRITICAL,3.99,0,0.0,v1.0,True,SUCCESS,WIFI,FAIR,10.13
REC-03327,2026-09-10T07:54:10Z,SITE-F,ESP32-F01,PV-F01,SITE-F-OPE-16,27,3.289,0.0,0.0,46.72,46.58,30.59,79.88,1010.31,90313.0,0.171,0.0,POOR,OK,OPEN_CIRCUIT,v1.0,SHORT_CIRCUIT,0.8192,0.1134,0.0069,0.0049,0.0556,0.8192,ISOLATED,CRITICAL,3.32,0,0.0,v1.0,True,SUCCESS,WIFI,FAIR,10.13
REC-03328,2026-09-10T07:54:15Z,SITE-F,ESP32-F01,PV-F01,SITE-F-OPE-16,28,3.289,0.07,0.23,46.55,46.45,30.57,79.69,1010.33,89858.0,0.18,0.1,POOR,OK,OPEN_CIRCUIT,v1.0,SHORT_CIRCUIT,0.8143,0.1151,0.0071,0.0051,0.0583,0.8143,ISOLATED,CRITICAL,2.44,0,0.0,v1.0,True,SUCCESS,WIFI,FAIR,10.13
REC-03329,2026-09-10T07:54:20Z,SITE-F,ESP32-F01,PV-F01,SITE-F-OPE-16,29,3.294,0.18,0.58,46.51,46.41,30.57,79.93,1010.31,89734.0,0.158,0.2,POOR,OK,OPEN_CIRCUIT,v1.0,SHORT_CIRCUIT,0.8216,0.1119,0.0072,0.005,0.0543,0.8216,ISOLATED,CRITICAL,3.75,0,0.0,v1.0,True,SUCCESS,WIFI,FAIR,10.13
REC-03330,2026-09-10T07:54:25Z,SITE-F,ESP32-F01,PV-F01,SITE-F-OPE-16,30,3.297,0.38,1.25,46.6,46.58,30.58,79.78,1010.27,89833.0,0.176,0.3,POOR,SPIKE_VOLTAGE,OPEN_CIRCUIT,v1.0,SHORT_CIRCUIT,0.817,0.114,0.0072,0.0051,0.0568,0.817,ISOLATED,CRITICAL,3.07,0,0.0,v1.0,True,SUCCESS,WIFI,FAIR,10.13
REC-03331,2026-09-10T07:54:30Z,SITE-F,ESP32-F01,PV-F01,SITE-F-OPE-16,31,3.299,0.21,0.69,46.48,46.43,30.58,79.38,1010.31,89732.0,0.166,0.2,POOR,OK,OPEN_CIRCUIT,v1.0,SHORT_CIRCUIT,0.8196,0.1124,0.0072,0.0051,0.0558,0.8196,ISOLATED,CRITICAL,2.97,0,0.0,v1.0,True,SUCCESS,WIFI,FAIR,10.13
REC-03332,2026-09-10T07:54:35Z,SITE-F,ESP32-F01,PV-F01,SITE-F-OPE-16,32,3.301,0.09,0.3,46.56,46.39,30.59,79.26,1010.28,89487.0,0.171,0.1,POOR,OK,OPEN_CIRCUIT,v1.0,SHORT_CIRCUIT,0.8168,0.1143,0.0072,0.0051,0.0567,0.8168,ISOLATED,CRITICAL,3.19,0,0.0,v1.0,True,SUCCESS,WIFI,FAIR,10.13
REC-03333,2026-09-10T07:54:40Z,SITE-F,ESP32-F01,PV-F01,SITE-F-OPE-16,33,3.301,0.61,2.0,46.66,46.44,30.59,79.16,1010.33,89701.0,0.19,0.5,POOR,OK,OPEN_CIRCUIT,v1.0,SHORT_CIRCUIT,0.81,0.1167,0.0073,0.0053,0.0606,0.81,ISOLATED,CRITICAL,4.76,0,0.0,v1.0,True,SUCCESS,WIFI,FAIR,10.13
REC-03334,2026-09-10T07:54:45Z,SITE-F,ESP32-F01,PV-F01,SITE-F-OPE-16,34,3.291,0.01,0.04,46.54,46.51,30.59,79.68,1010.37,89841.0,0.186,0.0,POOR,OK,OPEN_CIRCUIT,v1.0,SHORT_CIRCUIT,0.8132,0.1155,0.0071,0.0052,0.0591,0.8132,ISOLATED,CRITICAL,2.46,0,0.0,v1.0,True,SUCCESS,WIFI,FAIR,10.13
REC-03335,2026-09-10T07:54:50Z,SITE-F,ESP32-F01,PV-F01,SITE-F-OPE-16,35,3.293,0.55,1.8,46.63,46.4,30.6,80.05,1010.3,89363.0,0.183,0.5,POOR,TEMP1_MISSING_-999,OPEN_CIRCUIT,v1.0,SHORT_CIRCUIT,0.8112,0.1169,0.0074,0.0053,0.0592,0.8112,ISOLATED,CRITICAL,4.32,0,0.0,v1.0,True,SUCCESS,WIFI,FAIR,10.13
REC-03336,2026-09-10T07:54:55Z,SITE-F,ESP32-F01,PV-F01,SITE-F-OPE-16,36,3.297,0.51,1.67,46.54,46.5,30.61,79.58,1010.34,90119.0,0.182,0.4,POOR,OK,OPEN_CIRCUIT,v1.0,SHORT_CIRCUIT,0.8151,0.1136,0.0072,0.0052,0.0588,0.8151,ISOLATED,CRITICAL,4.39,0,0.0,v1.0,True,SUCCESS,WIFI,FAIR,10.13
REC-03337,2026-09-10T07:55:00Z,SITE-F,ESP32-F01,PV-F01,SITE-F-OPE-16,37,3.297,0.35,1.15,46.58,46.6,30.63,79.73,1010.3,89735.0,0.173,0.3,POOR,OK,OPEN_CIRCUIT,v1.0,SHORT_CIRCUIT,0.8186,0.1133,0.0071,0.0051,0.0559,0.8186,ISOLATED,CRITICAL,4.78,0,0.0,v1.0,True,SUCCESS,WIFI,FAIR,10.13
REC-03338,2026-09-10T07:55:05Z,SITE-F,ESP32-F01,PV-F01,SITE-F-OPE-16,38,3.303,0.37,1.22,46.74,46.5,30.64,79.6,1010.32,90046.0,0.176,0.3,POOR,OK,OPEN_CIRCUIT,v1.0,SHORT_CIRCUIT,0.8169,0.1139,0.0071,0.005,0.0571,0.8169,ISOLATED,CRITICAL,2.47,0,0.0,v1.0,True,SUCCESS,WIFI,FAIR,10.13
REC-03339,2026-09-10T07:55:10Z,SITE-F,ESP32-F01,PV-F01,SITE-F-OPE-16,39,3.295,0.35,1.15,46.54,46.41,30.65,79.55,1010.29,89631.0,0.16,0.3,POOR,OK,OPEN_CIRCUIT,v1.0,SHORT_CIRCUIT,0.8211,0.112,0.0072,0.005,0.0546,0.8211,ISOLATED,CRITICAL,4.77,0,0.0,v1.0,True,SUCCESS,WIFI,FAIR,10.13
REC-03340,2026-09-10T07:55:15Z,SITE-F,ESP32-F01,PV-F01,SITE-F-OPE-16,40,3.3,0.0,0.0,46.67,46.61,30.64,80.46,1010.34,89675.0,0.164,0.0,POOR,OK,OPEN_CIRCUIT,v1.0,SHORT_CIRCUIT,0.8218,0.1127,0.0069,0.0049,0.0537,0.8218,ISOLATED,CRITICAL,2.52,0,0.0,v1.0,True,SUCCESS,WIFI,FAIR,10.13
REC-03341,2026-09-10T07:55:20Z,SITE-F,ESP32-F01,PV-F01,SITE-F-OPE-16,41,3.296,0.0,0.0,46.43,46.43,30.63,79.56,1010.36,89142.0,0.177,0.0,POOR,OK,OPEN_CIRCUIT,v1.0,SHORT_CIRCUIT,0.8151,0.115,0.0072,0.0052,0.0575,0.8151,ISOLATED,CRITICAL,4.44,0,0.0,v1.0,True,SUCCESS,WIFI,FAIR,10.13
REC-03342,2026-09-10T07:55:25Z,SITE-F,ESP32-F01,PV-F01,SITE-F-OPE-16,42,3.299,0.0,0.0,46.43,46.36,30.62,79.39,1010.33,88920.0,0.165,0.0,POOR,OK,OPEN_CIRCUIT,v1.0,SHORT_CIRCUIT,0.8182,0.114,0.0072,0.0051,0.0555,0.8182,ISOLATED,CRITICAL,4.74,0,0.0,v1.0,True,SUCCESS,WIFI,FAIR,10.13
REC-03343,2026-09-10T07:55:30Z,SITE-F,ESP32-F01,PV-F01,SITE-F-OPE-16,43,3.299,0.45,1.47,46.33,46.38,30.62,79.53,1010.34,88956.0,0.183,0.4,POOR,OK,OPEN_CIRCUIT,v1.0,SHORT_CIRCUIT,0.8122,0.1155,0.0074,0.0054,0.0594,0.8122,ISOLATED,CRITICAL,3.25,0,0.0,v1.0,True,SUCCESS,WIFI,FAIR,10.13
REC-03344,2026-09-10T07:55:35Z,SITE-F,ESP32-F01,PV-F01,SITE-F-OPE-16,44,3.297,0.0,0.0,46.43,46.35,30.61,79.82,1010.34,89086.0,0.176,0.0,POOR,OK,OPEN_CIRCUIT,v1.0,SHORT_CIRCUIT,0.8144,0.1153,0.0072,0.0052,0.0578,0.8144,ISOLATED,CRITICAL,2.84,0,0.0,v1.0,True,SUCCESS,WIFI,FAIR,10.13
REC-03345,2026-09-10T07:55:40Z,SITE-F,ESP32-F01,PV-F01,SITE-F-OPE-16,45,3.292,0.0,0.0,46.43,46.36,30.62,79.63,1010.31,89190.0,0.173,0.0,POOR,OK,OPEN_CIRCUIT,v1.0,SHORT_CIRCUIT,0.8156,0.1148,0.0072,0.0052,0.0572,0.8156,ISOLATED,CRITICAL,4.39,0,0.0,v1.0,True,SUCCESS,WIFI,FAIR,10.13
REC-03346,2026-09-10T07:55:45Z,SITE-F,ESP32-F01,PV-F01,SITE-F-OPE-16,46,3.299,0.0,0.0,46.41,46.17,30.63,79.89,1010.36,88732.0,0.17,0.0,POOR,OK,OPEN_CIRCUIT,v1.0,SHORT_CIRCUIT,0.8142,0.1155,0.0074,0.0052,0.0577,0.8142,ISOLATED,CRITICAL,2.91,0,0.0,v1.0,True,SUCCESS,WIFI,FAIR,10.13
REC-03347,2026-09-10T07:55:50Z,SITE-F,ESP32-F01,PV-F01,SITE-F-OPE-16,47,3.301,0.0,0.0,46.34,46.26,30.63,79.58,1010.3,89182.0,0.181,0.0,POOR,OK,OPEN_CIRCUIT,v1.0,SHORT_CIRCUIT,0.8128,0.115,0.0073,0.0053,0.0596,0.8128,ISOLATED,CRITICAL,4.16,0,0.0,v1.0,True,SUCCESS,WIFI,FAIR,10.13
REC-03348,2026-09-10T07:55:55Z,SITE-F,ESP32-F01,PV-F01,SITE-F-OPE-16,48,3.298,0.0,0.0,46.38,46.49,30.64,79.62,1010.27,89166.0,0.183,0.0,POOR,OK,OPEN_CIRCUIT,v1.0,SHORT_CIRCUIT,0.8142,0.1151,0.0072,0.0053,0.0583,0.8142,ISOLATED,CRITICAL,3.3,0,0.0,v1.0,True,SUCCESS,WIFI,FAIR,10.13
REC-03349,2026-09-10T07:56:00Z,SITE-F,ESP32-F01,PV-F01,SITE-F-OPE-16,49,3.284,0.0,0.0,46.55,46.31,30.64,79.59,1010.29,89531.0,0.167,0.0,POOR,OK,OPEN_CIRCUIT,v1.0,SHORT_CIRCUIT,0.817,0.1144,0.0072,0.0051,0.0564,0.817,ISOLATED,CRITICAL,4.78,0,0.0,v1.0,True,SUCCESS,WIFI,FAIR,10.13
REC-03350,2026-09-10T07:56:05Z,SITE-F,ESP32-F01,PV-F01,SITE-F-OPE-16,50,3.297,0.11,0.35,46.3,46.35,30.62,79.77,1010.34,89274.0,0.171,0.1,POOR,OK,OPEN_CIRCUIT,v1.0,SHORT_CIRCUIT,0.8172,0.1131,0.0073,0.0052,0.0572,0.8172,ISOLATED,CRITICAL,3.82,0,0.0,v1.0,True,SUCCESS,WIFI,FAIR,10.13
REC-03351,2026-09-10T07:56:10Z,SITE-F,ESP32-F01,PV-F01,SITE-F-OPE-16,51,3.301,0.0,0.0,46.26,46.54,30.62,80.01,1010.31,89511.0,0.174,0.0,POOR,OK,OPEN_CIRCUIT,v1.0,SHORT_CIRCUIT,0.8192,0.112,0.0071,0.0051,0.0566,0.8192,ISOLATED,CRITICAL,2.46,0,0.0,v1.0,True,SUCCESS,WIFI,FAIR,10.13
REC-03352,2026-09-10T07:56:15Z,SITE-F,ESP32-F01,PV-F01,SITE-F-OPE-16,52,3.292,0.24,0.78,46.48,46.53,30.64,80.05,1010.32,90043.0,0.179,0.2,POOR,OK,OPEN_CIRCUIT,v1.0,SHORT_CIRCUIT,0.8169,0.1131,0.0071,0.0051,0.0578,0.8169,ISOLATED,CRITICAL,2.12,0,0.0,v1.0,True,SUCCESS,WIFI,FAIR,10.13
REC-03353,2026-09-10T07:56:20Z,SITE-F,ESP32-F01,PV-F01,SITE-F-OPE-16,53,3.302,0.74,2.45,46.63,46.54,30.66,80.22,1010.31,90319.0,0.179,0.6,POOR,OK,OPEN_CIRCUIT,v1.0,SHORT_CIRCUIT,0.8172,0.1125,0.0072,0.0051,0.058,0.8172,ISOLATED,CRITICAL,2.48,0,0.0,v1.0,True,SUCCESS,WIFI,FAIR,10.13
REC-03354,2026-09-10T07:56:25Z,SITE-F,ESP32-F01,PV-F01,SITE-F-OPE-16,54,3.294,0.45,1.5,46.62,46.49,30.68,79.41,1010.33,90498.0,0.175,0.4,POOR,OK,OPEN_CIRCUIT,v1.0,SHORT_CIRCUIT,0.8185,0.112,0.0071,0.005,0.0574,0.8185,ISOLATED,CRITICAL,2.18,0,0.0,v1.0,True,SUCCESS,WIFI,FAIR,10.13
REC-03355,2026-09-10T07:56:30Z,SITE-F,ESP32-F01,PV-F01,SITE-F-OPE-16,55,3.295,0.0,0.0,46.57,46.54,30.68,79.49,1010.35,90739.0,0.183,0.0,POOR,OK,OPEN_CIRCUIT,v1.0,SHORT_CIRCUIT,0.8175,0.1121,0.0069,0.0049,0.0586,0.8175,ISOLATED,CRITICAL,4.76,0,0.0,v1.0,True,SUCCESS,WIFI,FAIR,10.13
REC-03356,2026-09-10T07:56:35Z,SITE-F,ESP32-F01,PV-F01,SITE-F-OPE-16,56,3.298,0.28,0.91,46.69,46.6,30.69,79.52,1010.37,90507.0,0.175,0.2,POOR,OK,OPEN_CIRCUIT,v1.0,SHORT_CIRCUIT,0.8198,0.1119,0.0069,0.0049,0.0565,0.8198,ISOLATED,CRITICAL,3.84,0,0.0,v1.0,True,SUCCESS,WIFI,FAIR,10.13
REC-03357,2026-09-10T07:56:40Z,SITE-F,ESP32-F01,PV-F01,SITE-F-OPE-16,57,3.292,0.0,0.0,46.58,46.57,30.67,79.8,1010.29,90059.0,0.162,0.0,POOR,OK,OPEN_CIRCUIT,v1.0,SHORT_CIRCUIT,0.8232,0.1112,0.0069,0.0049,0.0539,0.8232,ISOLATED,CRITICAL,3.97,0,0.0,v1.0,True,SUCCESS,WIFI,FAIR,10.13
REC-03358,2026-09-10T07:56:45Z,SITE-F,ESP32-F01,PV-F01,SITE-F-OPE-16,58,3.301,0.29,0.95,46.45,46.62,30.68,79.48,1010.35,90267.0,0.189,0.3,POOR,OK,OPEN_CIRCUIT,v1.0,SHORT_CIRCUIT,0.8158,0.1126,0.007,0.0051,0.0594,0.8158,ISOLATED,CRITICAL,3.43,0,0.0,v1.0,True,SUCCESS,WIFI,FAIR,10.13
REC-03359,2026-09-10T07:56:50Z,SITE-F,ESP32-F01,PV-F01,SITE-F-OPE-16,59,3.303,0.34,1.11,46.54,46.52,30.69,79.59,1010.33,89853.0,0.186,0.3,POOR,OK,OPEN_CIRCUIT,v1.0,SHORT_CIRCUIT,0.8146,0.114,0.0071,0.0052,0.0591,0.8146,ISOLATED,CRITICAL,4.28,0,0.0,v1.0,True,SUCCESS,WIFI,FAIR,10.13
REC-03360,2026-09-10T07:56:55Z,SITE-F,ESP32-F01,PV-F01,SITE-F-OPE-16,60,3.292,0.11,0.35,46.57,46.4,30.69,80.01,1010.28,89925.0,0.162,0.1,POOR,OK,OPEN_CIRCUIT,v1.0,SHORT_CIRCUIT,0.8213,0.1117,0.0071,0.0049,0.055,0.8213,ISOLATED,CRITICAL,3.56,0,0.0,v1.0,True,SUCCESS,WIFI,FAIR,10.13
REC-03361,2026-09-10T08:31:00Z,SITE-D,ESP32-D01,PV-D01,SITE-D-PAR-04,1,2.585,26.54,68.61,33.67,30.69,26.52,98.91,1009.18,27841.0,0.052,62.0,DEGRADED,CURRENT_SIGN_REVERSED,PARTIAL_SHADING,v1.0,PARTIAL_SHADING,0.2617,0.158,0.2617,0.1077,0.2509,0.2217,CONNECTED,INFO,3.34,0,0.0,v1.0,True,SUCCESS,LTE,GOOD,0.15
REC-03362,2026-09-10T08:31:05Z,SITE-D,ESP32-D01,PV-D01,SITE-D-PAR-04,2,2.549,26.65,67.92,33.58,30.81,26.51,98.22,1009.3,27580.0,0.046,61.4,DEGRADED,CURRENT_SIGN_REVERSED,PARTIAL_SHADING,v1.0,PARTIAL_SHADING,0.2643,0.1615,0.2643,0.1096,0.2464,0.2181,CONNECTED,INFO,4.24,0,0.0,v1.0,True,SUCCESS,LTE,GOOD,0.15
REC-03363,2026-09-10T08:31:10Z,SITE-D,ESP32-D01,PV-D01,SITE-D-PAR-04,3,2.585,26.22,67.78,33.52,30.68,26.52,98.99,1009.26,27841.0,0.051,61.5,DEGRADED,CURRENT_SIGN_REVERSED,PARTIAL_SHADING,v1.0,PARTIAL_SHADING,0.2591,0.1592,0.2591,0.1068,0.2514,0.2235,CONNECTED,INFO,4.53,0,0.0,v1.0,True,SUCCESS,LTE,GOOD,0.15
REC-03364,2026-09-10T08:31:15Z,SITE-D,ESP32-D01,PV-D01,SITE-D-PAR-04,4,2.595,26.73,69.36,33.59,30.75,26.53,98.33,1009.29,27610.0,0.069,62.9,DEGRADED,CURRENT_SIGN_REVERSED,PARTIAL_SHADING,v1.0,PARTIAL_SHADING,0.261,0.1609,0.261,0.111,0.2521,0.215,CONNECTED,INFO,4.17,0,0.0,v1.0,True,SUCCESS,LTE,GOOD,0.15
REC-03365,2026-09-10T08:31:20Z,SITE-D,ESP32-D01,PV-D01,SITE-D-PAR-04,5,2.582,26.57,68.59,33.6,30.72,26.54,99.21,1009.28,27445.0,0.059,62.5,DEGRADED,CURRENT_SIGN_REVERSED,PARTIAL_SHADING,v1.0,PARTIAL_SHADING,0.2618,0.1604,0.2618,0.1099,0.2497,0.2182,CONNECTED,INFO,3.91,0,0.0,v1.0,True,SUCCESS,LTE,GOOD,0.15
REC-03366,2026-09-10T08:31:25Z,SITE-D,ESP32-D01,PV-D01,SITE-D-PAR-04,6,2.589,26.66,69.02,33.59,30.69,26.55,98.86,1009.27,27902.0,0.041,62.7,DEGRADED,CURRENT_SIGN_REVERSED,PARTIAL_SHADING,v1.0,PARTIAL_SHADING,0.2562,0.1554,0.2562,0.1042,0.2511,0.233,CONNECTED,INFO,3.64,0,0.0,v1.0,True,SUCCESS,LTE,GOOD,0.15
REC-03367,2026-09-10T08:31:30Z,SITE-D,ESP32-D01,PV-D01,SITE-D-PAR-04,7,2.578,26.61,68.61,33.62,30.68,26.56,98.66,1009.24,27829.0,0.065,62.2,DEGRADED,CURRENT_SIGN_REVERSED,PARTIAL_SHADING,v1.0,PARTIAL_SHADING,0.2593,0.161,0.2593,0.11,0.2532,0.2165,CONNECTED,INFO,3.45,0,0.0,v1.0,True,SUCCESS,LTE,GOOD,0.15
REC-03368,2026-09-10T08:31:35Z,SITE-D,ESP32-D01,PV-D01,SITE-D-PAR-04,8,2.567,26.59,68.24,33.42,30.69,26.54,99.1,1009.26,27869.0,0.045,61.9,DEGRADED,CURRENT_SIGN_REVERSED,PARTIAL_SHADING,v1.0,PARTIAL_SHADING,0.2557,0.1595,0.2557,0.1058,0.2524,0.2267,CONNECTED,INFO,3.86,0,0.0,v1.0,True,SUCCESS,LTE,GOOD,0.15
REC-03369,2026-09-10T08:31:40Z,SITE-D,ESP32-D01,PV-D01,SITE-D-PAR-04,9,2.574,26.99,69.46,33.35,30.89,26.54,98.91,1009.29,27813.0,0.061,62.9,DEGRADED,CURRENT_SIGN_REVERSED,PARTIAL_SHADING,v1.0,PARTIAL_SHADING,0.2553,0.1628,0.2553,0.1095,0.2519,0.2206,CONNECTED,INFO,4.75,0,0.0,v1.0,True,SUCCESS,LTE,GOOD,0.15
REC-03370,2026-09-10T08:31:45Z,SITE-D,ESP32-D01,PV-D01,SITE-D-PAR-04,10,2.556,27.13,69.34,33.69,30.86,26.54,99.2,1009.25,27877.0,0.06,62.5,DEGRADED,CURRENT_SIGN_REVERSED,PARTIAL_SHADING,v1.0,PARTIAL_SHADING,0.2627,0.1619,0.2627,0.1117,0.2493,0.2144,CONNECTED,INFO,3.52,0,0.0,v1.0,True,SUCCESS,LTE,GOOD,0.15
REC-03371,2026-09-10T08:31:50Z,SITE-D,ESP32-D01,PV-D01,SITE-D-PAR-04,11,2.579,27.16,70.07,33.64,30.87,26.55,98.82,1009.31,27836.0,0.06,63.2,DEGRADED,CURRENT_SIGN_REVERSED,PARTIAL_SHADING,v1.0,PARTIAL_SHADING,0.2595,0.1599,0.2595,0.1101,0.2502,0.2203,CONNECTED,INFO,2.98,0,0.0,v1.0,True,SUCCESS,LTE,GOOD,0.15
REC-03372,2026-09-10T08:31:55Z,SITE-D,ESP32-D01,PV-D01,SITE-D-PAR-04,12,2.572,26.8,68.93,33.59,30.71,26.56,98.84,1009.21,27916.0,0.073,62.3,DEGRADED,CURRENT_SIGN_REVERSED,PARTIAL_SHADING,v1.0,PARTIAL_SHADING,0.2589,0.163,0.2589,0.1118,0.2547,0.2115,CONNECTED,INFO,4.08,0,0.0,v1.0,True,SUCCESS,LTE,GOOD,0.15
REC-03373,2026-09-10T08:32:00Z,SITE-D,ESP32-D01,PV-D01,SITE-D-PAR-04,13,2.559,27.18,69.57,33.66,30.67,26.57,98.71,1009.2,28017.0,0.046,62.8,DEGRADED,CURRENT_SIGN_REVERSED,PARTIAL_SHADING,v1.0,PARTIAL_SHADING,0.2572,0.1575,0.2572,0.1067,0.2532,0.2255,CONNECTED,INFO,4.6,0,0.0,v1.0,True,SUCCESS,LTE,GOOD,0.15
REC-03374,2026-09-10T08:32:05Z,SITE-D,ESP32-D01,PV-D01,SITE-D-PAR-04,14,2.574,26.51,68.22,33.74,30.86,26.55,98.88,1009.28,27743.0,0.06,61.8,DEGRADED,CURRENT_SIGN_REVERSED,PARTIAL_SHADING,v1.0,PARTIAL_SHADING,0.2637,0.1612,0.2637,0.1111,0.2465,0.2176,CONNECTED,INFO,2.29,0,0.0,v1.0,True,SUCCESS,LTE,GOOD,0.15
REC-03375,2026-09-10T08:32:10Z,SITE-D,ESP32-D01,PV-D01,SITE-D-PAR-04,15,2.588,26.53,68.66,33.69,30.84,26.54,99.31,1009.23,28046.0,0.067,62.2,DEGRADED,CURRENT_SIGN_REVERSED,PARTIAL_SHADING,v1.0,PARTIAL_SHADING,0.2611,0.1611,0.2611,0.1107,0.2504,0.2167,CONNECTED,INFO,2.7,0,0.0,v1.0,True,SUCCESS,LTE,GOOD,0.15
REC-03376,2026-09-10T08:32:15Z,SITE-D,ESP32-D01,PV-D01,SITE-D-PAR-04,16,2.587,26.92,69.65,33.64,30.76,26.56,98.65,1009.31,27656.0,0.048,63.2,DEGRADED,CURRENT_SIGN_REVERSED,PARTIAL_SHADING,v1.0,PARTIAL_SHADING,0.2583,0.1567,0.2583,0.1069,0.2496,0.2285,CONNECTED,INFO,4.5,0,0.0,v1.0,True,SUCCESS,LTE,GOOD,0.15
REC-03377,2026-09-10T08:32:20Z,SITE-D,ESP32-D01,PV-D01,SITE-D-PAR-04,17,2.581,26.77,69.08,33.47,30.7,26.56,98.99,1009.29,27418.0,0.047,62.8,DEGRADED,CURRENT_SIGN_REVERSED,PARTIAL_SHADING,v1.0,PARTIAL_SHADING,0.2566,0.1582,0.2566,0.1065,0.2505,0.2282,CONNECTED,INFO,3.76,0,0.0,v1.0,True,SUCCESS,LTE,GOOD,0.15
REC-03378,2026-09-10T08:32:25Z,SITE-D,ESP32-D01,PV-D01,SITE-D-PAR-04,18,2.587,26.37,68.2,33.49,30.62,26.57,98.54,1009.3,27348.0,0.051,62.1,DEGRADED,CURRENT_SIGN_REVERSED,PARTIAL_SHADING,v1.0,PARTIAL_SHADING,0.257,0.1587,0.257,0.1068,0.2509,0.2266,CONNECTED,INFO,3.67,0,0.0,v1.0,True,SUCCESS,LTE,GOOD,0.15
REC-03379,2026-09-10T08:32:30Z,SITE-D,ESP32-D01,PV-D01,SITE-D-PAR-04,19,2.561,26.32,67.4,33.38,30.82,26.56,98.18,1009.28,27428.0,0.057,61.2,DEGRADED,CURRENT_SIGN_REVERSED,PARTIAL_SHADING,v1.0,PARTIAL_SHADING,0.2582,0.1642,0.2582,0.11,0.2479,0.2196,CONNECTED,INFO,2.27,0,0.0,v1.0,True,SUCCESS,LTE,GOOD,0.15
REC-03380,2026-09-10T08:32:35Z,SITE-D,ESP32-D01,PV-D01,SITE-D-PAR-04,20,2.581,26.59,68.62,33.63,30.86,26.57,98.86,1009.22,27711.0,0.04,62.1,DEGRADED,CURRENT_SIGN_REVERSED,PARTIAL_SHADING,v1.0,PARTIAL_SHADING,0.2579,0.1569,0.2579,0.1058,0.2454,0.234,CONNECTED,INFO,2.11,0,0.0,v1.0,True,SUCCESS,LTE,GOOD,0.15
REC-03381,2026-09-10T08:32:40Z,SITE-D,ESP32-D01,PV-D01,SITE-D-PAR-04,21,2.571,26.54,68.25,33.68,30.73,26.56,98.91,1009.2,27816.0,0.06,61.6,DEGRADED,CURRENT_SIGN_REVERSED,PARTIAL_SHADING,v1.0,PARTIAL_SHADING,0.261,0.1608,0.261,0.11,0.2504,0.2178,CONNECTED,INFO,3.17,0,0.0,v1.0,True,SUCCESS,LTE,GOOD,0.15
REC-03382,2026-09-10T08:32:45Z,SITE-D,ESP32-D01,PV-D01,SITE-D-PAR-04,22,2.562,27.32,70.01,33.71,30.74,26.56,98.77,1009.29,27981.0,0.04,63.1,DEGRADED,CURRENT_SIGN_REVERSED,PARTIAL_SHADING,v1.0,PARTIAL_SHADING,0.2584,0.156,0.2584,0.1061,0.2507,0.2288,CONNECTED,INFO,4.12,0,0.0,v1.0,True,SUCCESS,LTE,GOOD,0.15
REC-03383,2026-09-10T08:32:50Z,SITE-D,ESP32-D01,PV-D01,SITE-D-PAR-04,23,2.592,26.9,69.75,33.67,30.9,26.55,98.35,1009.21,27853.0,0.067,62.9,DEGRADED,CURRENT_SIGN_REVERSED,PARTIAL_SHADING,v1.0,PARTIAL_SHADING,0.2602,0.1606,0.2602,0.111,0.2496,0.2186,CONNECTED,INFO,4.53,0,0.0,v1.0,True,SUCCESS,LTE,GOOD,0.15
REC-03384,2026-09-10T08:32:55Z,SITE-D,ESP32-D01,PV-D01,SITE-D-PAR-04,24,2.574,26.34,67.79,33.56,30.71,26.54,98.89,1009.3,27787.0,0.059,61.6,DEGRADED,CURRENT_SIGN_REVERSED,PARTIAL_SHADING,v1.0,PARTIAL_SHADING,0.2601,0.1615,0.2601,0.1093,0.2511,0.218,CONNECTED,INFO,3.25,0,0.0,v1.0,True,SUCCESS,LTE,GOOD,0.15
REC-03385,2026-09-10T08:33:00Z,SITE-D,ESP32-D01,PV-D01,SITE-D-PAR-04,25,2.569,26.29,67.55,33.5,30.87,26.54,98.88,1009.27,27698.0,0.073,61.3,DEGRADED,CURRENT_SIGN_REVERSED,PARTIAL_SHADING,v1.0,PARTIAL_SHADING,0.2614,0.1662,0.2614,0.1133,0.249,0.2102,CONNECTED,INFO,2.17,0,0.0,v1.0,True,SUCCESS,LTE,GOOD,0.15
REC-03386,2026-09-10T08:33:05Z,SITE-D,ESP32-D01,PV-D01,SITE-D-PAR-04,26,2.558,26.21,67.05,33.45,30.69,26.5,98.53,1009.25,27503.0,0.061,61.3,DEGRADED,CURRENT_SIGN_REVERSED,PARTIAL_SHADING,v1.0,PARTIAL_SHADING,0.2636,0.1646,0.2636,0.1113,0.2504,0.2101,CONNECTED,INFO,2.42,0,0.0,v1.0,True,SUCCESS,LTE,GOOD,0.15
REC-03387,2026-09-10T08:33:10Z,SITE-D,ESP32-D01,PV-D01,SITE-D-PAR-04,27,2.59,26.01,67.37,33.46,30.63,26.5,98.39,1009.26,27255.0,0.051,61.9,DEGRADED,CURRENT_SIGN_REVERSED,PARTIAL_SHADING,v1.0,PARTIAL_SHADING,0.2623,0.1599,0.2623,0.1077,0.2494,0.2208,CONNECTED,INFO,2.8,0,0.0,v1.0,True,SUCCESS,LTE,GOOD,0.15
REC-03388,2026-09-10T08:33:15Z,SITE-D,ESP32-D01,PV-D01,SITE-D-PAR-04,28,2.59,26.14,67.69,33.4,30.67,26.49,98.72,1009.26,27541.0,0.046,62.3,DEGRADED,CURRENT_SIGN_REVERSED,PARTIAL_SHADING,v1.0,PARTIAL_SHADING,0.2597,0.159,0.2597,0.106,0.2505,0.2249,CONNECTED,INFO,3.07,0,0.0,v1.0,True,SUCCESS,LTE,GOOD,0.15
REC-03389,2026-09-10T08:33:20Z,SITE-D,ESP32-D01,PV-D01,SITE-D-PAR-04,29,2.56,26.64,68.2,33.63,30.65,26.49,99.0,1009.24,27120.0,0.056,62.7,DEGRADED,CURRENT_SIGN_REVERSED,PARTIAL_SHADING,v1.0,PARTIAL_SHADING,0.2686,0.1617,0.2686,0.1119,0.2483,0.2095,CONNECTED,INFO,2.56,0,0.0,v1.0,True,SUCCESS,LTE,GOOD,0.15
REC-03390,2026-09-10T08:33:25Z,SITE-D,ESP32-D01,PV-D01,SITE-D-PAR-04,30,2.575,25.92,66.75,33.39,30.77,26.49,98.92,1009.29,27358.0,0.054,61.4,DEGRADED,CURRENT_SIGN_REVERSED,PARTIAL_SHADING,v1.0,PARTIAL_SHADING,0.2629,0.1633,0.2629,0.1095,0.2472,0.2172,CONNECTED,INFO,2.57,0,0.0,v1.0,True,SUCCESS,LTE,GOOD,0.15
REC-03391,2026-09-10T08:33:30Z,SITE-D,ESP32-D01,PV-D01,SITE-D-PAR-04,31,2.555,27.07,69.17,33.52,30.79,26.5,98.54,1009.29,27413.0,0.066,63.4,DEGRADED,CURRENT_SIGN_REVERSED,PARTIAL_SHADING,v1.0,PARTIAL_SHADING,0.2647,0.1644,0.2647,0.1136,0.2504,0.2068,CONNECTED,INFO,4.11,0,0.0,v1.0,True,SUCCESS,LTE,GOOD,0.15
REC-03392,2026-09-10T08:33:35Z,SITE-D,ESP32-D01,PV-D01,SITE-D-PAR-04,32,2.589,26.07,67.48,33.4,30.83,26.51,98.84,1009.25,27596.0,0.045,61.7,DEGRADED,CURRENT_SIGN_REVERSED,PARTIAL_SHADING,v1.0,PARTIAL_SHADING,0.2587,0.1598,0.2587,0.1062,0.2468,0.2285,CONNECTED,INFO,3.17,0,0.0,v1.0,True,SUCCESS,LTE,GOOD,0.15
REC-03393,2026-09-10T08:33:40Z,SITE-D,ESP32-D01,PV-D01,SITE-D-PAR-04,33,2.578,25.94,66.88,33.6,30.77,26.51,99.07,1009.23,27455.0,0.074,61.2,DEGRADED,CURRENT_SIGN_REVERSED,PARTIAL_SHADING,v1.0,PARTIAL_SHADING,0.2665,0.1654,0.2665,0.114,0.248,0.2061,CONNECTED,INFO,3.38,0,0.0,v1.0,True,SUCCESS,LTE,GOOD,0.15
REC-03394,2026-09-10T08:33:45Z,SITE-D,ESP32-D01,PV-D01,SITE-D-PAR-04,34,2.549,27.03,68.88,33.61,30.76,26.52,98.45,1009.29,27575.0,0.067,62.8,DEGRADED,CURRENT_SIGN_REVERSED,PARTIAL_SHADING,v1.0,PARTIAL_SHADING,0.2648,0.1643,0.2648,0.1138,0.2508,0.2063,CONNECTED,INFO,4.21,0,0.0,v1.0,True,SUCCESS,LTE,GOOD,0.15
REC-03395,2026-09-10T08:33:50Z,SITE-D,ESP32-D01,PV-D01,SITE-D-PAR-04,35,2.583,26.99,69.7,33.62,30.83,26.53,98.82,1009.19,27664.0,0.052,63.2,DEGRADED,CURRENT_SIGN_REVERSED,PARTIAL_SHADING,v1.0,PARTIAL_SHADING,0.2607,0.1585,0.2607,0.1086,0.2489,0.2234,CONNECTED,INFO,4.69,0,0.0,v1.0,True,SUCCESS,LTE,GOOD,0.15
REC-03396,2026-09-10T08:33:55Z,SITE-D,ESP32-D01,PV-D01,SITE-D-PAR-04,36,2.589,26.53,68.67,33.58,30.8,26.53,99.2,1009.26,27955.0,0.072,62.2,DEGRADED,CURRENT_SIGN_REVERSED,PARTIAL_SHADING,v1.0,PARTIAL_SHADING,0.2601,0.1625,0.2601,0.1113,0.2525,0.2135,CONNECTED,INFO,3.68,0,0.0,v1.0,True,SUCCESS,LTE,GOOD,0.15
REC-03397,2026-09-10T08:34:00Z,SITE-D,ESP32-D01,PV-D01,SITE-D-PAR-04,37,2.569,26.71,68.61,33.63,30.93,26.54,98.42,1009.27,27682.0,0.046,62.3,DEGRADED,CURRENT_SIGN_REVERSED,PARTIAL_SHADING,v1.0,PARTIAL_SHADING,0.2616,0.1596,0.2616,0.1086,0.2446,0.2256,CONNECTED,INFO,3.38,0,0.0,v1.0,True,SUCCESS,LTE,GOOD,0.15
REC-03398,2026-09-10T08:34:05Z,SITE-D,ESP32-D01,PV-D01,SITE-D-PAR-04,38,2.562,26.71,68.43,33.6,30.91,26.54,99.15,1009.23,27931.0,0.056,62.3,DEGRADED,CURRENT_SIGN_REVERSED,PARTIAL_SHADING,v1.0,PARTIAL_SHADING,0.2608,0.1621,0.2608,0.1102,0.2477,0.2192,CONNECTED,INFO,4.19,0,0.0,v1.0,True,SUCCESS,LTE,GOOD,0.15
REC-03399,2026-09-10T08:34:10Z,SITE-D,ESP32-D01,PV-D01,SITE-D-PAR-04,39,2.599,26.4,68.61,33.61,30.8,26.52,99.29,1009.28,27556.0,0.041,62.7,DEGRADED,CURRENT_SIGN_REVERSED,PARTIAL_SHADING,v1.0,PARTIAL_SHADING,0.2607,0.156,0.2607,0.1056,0.2461,0.2316,CONNECTED,INFO,3.21,0,0.0,v1.0,True,SUCCESS,LTE,GOOD,0.15
REC-03400,2026-09-10T08:34:15Z,SITE-D,ESP32-D01,PV-D01,SITE-D-PAR-04,40,2.564,26.07,66.85,33.79,30.75,26.54,98.73,1009.25,27515.0,0.072,61.1,DEGRADED,CURRENT_SIGN_REVERSED,PARTIAL_SHADING,v1.0,PARTIAL_SHADING,0.2686,0.1646,0.2686,0.1147,0.2466,0.2055,CONNECTED,INFO,4.33,0,0.0,v1.0,True,SUCCESS,LTE,GOOD,0.15
REC-03401,2026-09-10T08:34:20Z,SITE-D,ESP32-D01,PV-D01,SITE-D-PAR-04,41,2.573,25.59,65.85,33.63,30.92,26.55,98.7,1009.23,27403.0,0.038,60.4,DEGRADED,TEMP2_MISSING_-999|CURRENT_SIGN_REVERSED,PARTIAL_SHADING,v1.0,PARTIAL_SHADING,0.2635,0.16,0.2635,0.1072,0.2387,0.2305,CONNECTED,INFO,3.37,0,0.0,v1.0,True,SUCCESS,LTE,GOOD,0.15
REC-03402,2026-09-10T08:34:25Z,SITE-D,ESP32-D01,PV-D01,SITE-D-PAR-04,42,2.568,26.04,66.88,33.66,30.81,26.55,99.11,1009.28,27482.0,0.04,61.4,DEGRADED,CURRENT_SIGN_REVERSED,PARTIAL_SHADING,v1.0,PARTIAL_SHADING,0.263,0.1591,0.263,0.1073,0.2428,0.2277,CONNECTED,INFO,2.8,0,0.0,v1.0,True,SUCCESS,LTE,GOOD,0.15
REC-03403,2026-09-10T08:34:30Z,SITE-D,ESP32-D01,PV-D01,SITE-D-PAR-04,43,2.553,26.9,68.68,33.56,30.77,26.54,98.74,1009.22,27331.0,0.048,63.0,DEGRADED,CURRENT_SIGN_REVERSED,PARTIAL_SHADING,v1.0,PARTIAL_SHADING,0.2624,0.1609,0.2624,0.1097,0.2474,0.2195,CONNECTED,INFO,2.66,0,0.0,v1.0,True,SUCCESS,LTE,GOOD,0.15
REC-03404,2026-09-10T08:34:35Z,SITE-D,ESP32-D01,PV-D01,SITE-D-PAR-04,44,2.565,26.76,68.64,33.5,30.87,26.55,98.09,1009.28,27276.0,0.067,63.3,DEGRADED,CURRENT_SIGN_REVERSED,PARTIAL_SHADING,v1.0,PARTIAL_SHADING,0.2619,0.1647,0.2619,0.1133,0.2475,0.2126,CONNECTED,INFO,4.48,0,0.0,v1.0,True,SUCCESS,LTE,GOOD,0.15
REC-03405,2026-09-10T08:34:40Z,SITE-D,ESP32-D01,PV-D01,SITE-D-PAR-04,45,2.565,26.03,66.77,33.54,30.68,26.54,98.77,1009.19,27150.0,0.064,61.8,DEGRADED,CURRENT_SIGN_REVERSED,PARTIAL_SHADING,v1.0,PARTIAL_SHADING,0.2646,0.1644,0.2646,0.1123,0.2478,0.2109,CONNECTED,INFO,3.66,0,0.0,v1.0,True,SUCCESS,LTE,GOOD,0.15
REC-03406,2026-09-10T08:34:45Z,SITE-D,ESP32-D01,PV-D01,SITE-D-PAR-04,46,2.552,25.79,65.81,33.74,30.7,26.55,98.94,1009.26,27155.0,0.055,61.1,DEGRADED,CURRENT_SIGN_REVERSED,PARTIAL_SHADING,v1.0,PARTIAL_SHADING,0.2689,0.1633,0.2689,0.1121,0.2431,0.2126,CONNECTED,INFO,3.9,0,0.0,v1.0,True,SUCCESS,LTE,GOOD,0.15
REC-03407,2026-09-10T08:34:50Z,SITE-D,ESP32-D01,PV-D01,SITE-D-PAR-04,47,2.572,26.1,67.12,33.52,30.71,26.53,99.02,1009.25,27154.0,0.064,62.3,DEGRADED,CURRENT_SIGN_REVERSED,PARTIAL_SHADING,v1.0,PARTIAL_SHADING,0.2644,0.164,0.2644,0.1121,0.2478,0.2119,CONNECTED,INFO,3.41,0,0.0,v1.0,True,SUCCESS,LTE,GOOD,0.15
REC-03408,2026-09-10T08:34:55Z,SITE-D,ESP32-D01,PV-D01,SITE-D-PAR-04,48,2.583,26.07,67.34,33.56,30.61,26.55,98.54,1009.23,27121.0,0.053,62.6,DEGRADED,CURRENT_SIGN_REVERSED,PARTIAL_SHADING,v1.0,PARTIAL_SHADING,0.2621,0.1599,0.2621,0.1086,0.2484,0.2211,CONNECTED,INFO,4.06,0,0.0,v1.0,True,SUCCESS,LTE,GOOD,0.15
REC-03409,2026-09-10T08:35:00Z,SITE-D,ESP32-D01,PV-D01,SITE-D-PAR-04,49,2.555,26.18,66.91,33.46,30.74,26.54,98.72,1009.26,27052.0,0.058,62.2,DEGRADED,CURRENT_SIGN_REVERSED,PARTIAL_SHADING,v1.0,PARTIAL_SHADING,0.2637,0.1648,0.2637,0.1119,0.2463,0.2134,CONNECTED,INFO,4.18,0,0.0,v1.0,True,SUCCESS,LTE,GOOD,0.15
REC-03410,2026-09-10T08:35:05Z,SITE-D,ESP32-D01,PV-D01,SITE-D-PAR-04,50,2.586,25.12,64.94,33.31,30.66,26.54,99.09,1009.25,27215.0,0.071,60.5,DEGRADED,CURRENT_SIGN_REVERSED,PARTIAL_SHADING,v1.0,PARTIAL_SHADING,0.2602,0.1669,0.2602,0.1112,0.2491,0.2126,CONNECTED,INFO,3.77,0,0.0,v1.0,True,SUCCESS,LTE,GOOD,0.15
REC-03411,2026-09-10T08:35:10Z,SITE-D,ESP32-D01,PV-D01,SITE-D-PAR-04,51,2.57,26.75,68.72,33.47,30.67,26.52,98.78,1009.28,26922.0,0.052,64.4,DEGRADED,CURRENT_SIGN_REVERSED,PARTIAL_SHADING,v1.0,PARTIAL_SHADING,0.2632,0.1608,0.2632,0.1099,0.2487,0.2174,CONNECTED,INFO,2.7,0,0.0,v1.0,True,SUCCESS,LTE,GOOD,0.15
REC-03412,2026-09-10T08:35:15Z,SITE-D,ESP32-D01,PV-D01,SITE-D-PAR-04,52,2.552,26.14,66.72,33.72,30.66,26.52,98.34,1009.27,27205.0,0.046,62.6,DEGRADED,CURRENT_SIGN_REVERSED,PARTIAL_SHADING,v1.0,PARTIAL_SHADING,0.2688,0.1608,0.2688,0.1102,0.2446,0.2156,CONNECTED,INFO,4.17,0,0.0,v1.0,True,SUCCESS,LTE,GOOD,0.15
REC-03413,2026-09-10T08:35:20Z,SITE-D,ESP32-D01,PV-D01,SITE-D-PAR-04,53,2.586,25.66,66.38,33.57,30.66,26.51,99.17,1009.26,26804.0,0.059,62.3,DEGRADED,CURRENT_SIGN_REVERSED,PARTIAL_SHADING,v1.0,PARTIAL_SHADING,0.268,0.1623,0.268,0.1113,0.2448,0.2135,CONNECTED,INFO,2.8,0,0.0,v1.0,True,SUCCESS,LTE,GOOD,0.15
REC-03414,2026-09-10T08:35:25Z,SITE-D,ESP32-D01,PV-D01,SITE-D-PAR-04,54,2.555,25.52,65.2,33.64,30.62,26.52,98.74,1009.26,26915.0,0.061,61.3,DEGRADED,CURRENT_SIGN_REVERSED,PARTIAL_SHADING,v1.0,PARTIAL_SHADING,0.2706,0.1652,0.2706,0.1134,0.2443,0.2066,CONNECTED,INFO,3.69,0,0.0,v1.0,True,SUCCESS,LTE,GOOD,0.15
REC-03415,2026-09-10T08:35:30Z,SITE-D,ESP32-D01,PV-D01,SITE-D-PAR-04,55,2.578,25.99,67.02,33.5,30.73,26.52,99.13,1009.24,26671.0,0.055,63.0,DEGRADED,CURRENT_SIGN_REVERSED,PARTIAL_SHADING,v1.0,PARTIAL_SHADING,0.2665,0.1625,0.2665,0.1112,0.2437,0.2161,CONNECTED,INFO,3.68,0,0.0,v1.0,True,SUCCESS,LTE,GOOD,0.15
REC-03416,2026-09-10T08:35:35Z,SITE-D,ESP32-D01,PV-D01,SITE-D-PAR-04,56,2.56,25.91,66.35,33.35,30.71,26.53,98.38,1009.24,27025.0,0.064,62.2,DEGRADED,CURRENT_SIGN_REVERSED,PARTIAL_SHADING,v1.0,PARTIAL_SHADING,0.2627,0.1666,0.2627,0.1123,0.2477,0.2106,CONNECTED,INFO,3.59,0,0.0,v1.0,True,SUCCESS,LTE,GOOD,0.15
REC-03417,2026-09-10T08:35:40Z,SITE-D,ESP32-D01,PV-D01,SITE-D-PAR-04,57,2.577,25.81,66.51,33.46,30.74,26.52,98.76,1009.26,26766.0,0.052,62.3,DEGRADED,CURRENT_SIGN_REVERSED,PARTIAL_SHADING,v1.0,PARTIAL_SHADING,0.2653,0.1626,0.2653,0.1103,0.2434,0.2183,CONNECTED,INFO,4.38,0,0.0,v1.0,True,SUCCESS,LTE,GOOD,0.15
REC-03418,2026-09-10T08:35:45Z,SITE-D,ESP32-D01,PV-D01,SITE-D-PAR-04,58,2.589,25.83,66.87,33.56,30.9,26.52,98.95,1009.24,26887.0,0.055,62.7,DEGRADED,CURRENT_SIGN_REVERSED,PARTIAL_SHADING,v1.0,PARTIAL_SHADING,0.2666,0.1623,0.2666,0.1111,0.2404,0.2196,CONNECTED,INFO,2.79,0,0.0,v1.0,True,SUCCESS,LTE,GOOD,0.15
REC-03419,2026-09-10T08:35:50Z,SITE-D,ESP32-D01,PV-D01,SITE-D-PAR-04,59,2.566,25.62,65.74,33.51,30.66,26.51,98.77,1009.28,26648.0,0.058,62.0,DEGRADED,CURRENT_SIGN_REVERSED,PARTIAL_SHADING,v1.0,PARTIAL_SHADING,0.269,0.1646,0.269,0.1125,0.2437,0.2102,CONNECTED,INFO,2.94,0,0.0,v1.0,True,SUCCESS,LTE,GOOD,0.15
REC-03420,2026-09-10T08:35:55Z,SITE-D,ESP32-D01,PV-D01,SITE-D-PAR-04,60,2.588,25.79,66.73,33.52,30.75,26.52,98.45,1009.25,26861.0,0.057,62.6,DEGRADED,CURRENT_SIGN_REVERSED,PARTIAL_SHADING,v1.0,PARTIAL_SHADING,0.2657,0.1623,0.2657,0.1107,0.2439,0.2174,CONNECTED,INFO,2.2,0,0.0,v1.0,True,SUCCESS,LTE,GOOD,0.15
REC-03421,2026-09-10T09:59:00Z,SITE-C,ESP32-C01,PV-C01,SITE-C-OPE-08,1,3.224,0.32,1.04,32.96,32.39,28.77,83.55,1008.36,17990.0,0.187,1.4,POOR,OK,OPEN_CIRCUIT,v1.0,SHORT_CIRCUIT,0.4116,0.2986,0.0588,0.0381,0.1929,0.4116,CONNECTED,WARNING,4.51,0,0.0,v1.0,True,SUCCESS,LORA,GOOD,1.09
REC-03422,2026-09-10T09:59:05Z,SITE-C,ESP32-C01,PV-C01,SITE-C-OPE-08,2,3.226,0.61,1.95,32.96,32.53,28.77,83.48,1008.4,17824.0,0.165,2.7,POOR,OK,OPEN_CIRCUIT,v1.0,SHORT_CIRCUIT,0.4328,0.2893,0.0576,0.0357,0.1846,0.4328,CONNECTED,WARNING,4.38,0,0.0,v1.0,True,SUCCESS,LORA,GOOD,1.09
REC-03423,2026-09-10T09:59:10Z,SITE-C,ESP32-C01,PV-C01,SITE-C-OPE-08,3,3.221,0.17,0.56,32.94,32.48,28.77,83.99,1008.45,17635.0,0.164,0.8,POOR,OK,OPEN_CIRCUIT,v1.0,SHORT_CIRCUIT,0.4303,0.2934,0.0571,0.0351,0.1841,0.4303,CONNECTED,WARNING,3.1,0,0.0,v1.0,True,SUCCESS,LORA,GOOD,1.09
REC-03424,2026-09-10T09:59:15Z,SITE-C,ESP32-C01,PV-C01,SITE-C-OPE-08,4,3.229,0.0,0.0,32.77,32.47,28.78,83.6,1008.42,17600.0,0.189,0.0,POOR,OK,OPEN_CIRCUIT,v1.0,SHORT_CIRCUIT,0.4137,0.2957,0.0575,0.0376,0.1955,0.4137,CONNECTED,WARNING,4.15,0,0.0,v1.0,True,SUCCESS,LORA,GOOD,1.09
REC-03425,2026-09-10T09:59:20Z,SITE-C,ESP32-C01,PV-C01,SITE-C-OPE-08,5,3.23,0.39,1.27,32.89,32.51,28.77,83.46,1008.42,17670.0,0.191,1.8,POOR,OK,OPEN_CIRCUIT,v1.0,SHORT_CIRCUIT,0.4108,0.297,0.0587,0.0386,0.1949,0.4108,CONNECTED,WARNING,3.53,0,0.0,v1.0,True,SUCCESS,LORA,GOOD,1.09
REC-03426,2026-09-10T09:59:25Z,SITE-C,ESP32-C01,PV-C01,SITE-C-OPE-08,6,3.229,0.0,0.0,32.83,32.37,28.77,83.82,1008.46,17524.0,0.193,0.0,POOR,OK,OPEN_CIRCUIT,v1.0,SHORT_CIRCUIT,0.4059,0.3007,0.0585,0.0384,0.1964,0.4059,CONNECTED,WARNING,4.65,0,0.0,v1.0,True,SUCCESS,LORA,GOOD,1.09
REC-03427,2026-09-10T09:59:30Z,SITE-C,ESP32-C01,PV-C01,SITE-C-OPE-08,7,3.227,0.21,0.68,32.79,32.4,28.76,83.72,1008.4,17385.0,0.172,1.0,POOR,OK,OPEN_CIRCUIT,v1.0,SHORT_CIRCUIT,0.4235,0.2932,0.0578,0.0362,0.1893,0.4235,CONNECTED,WARNING,4.52,0,0.0,v1.0,True,SUCCESS,LORA,GOOD,1.09
REC-03428,2026-09-10T09:59:35Z,SITE-C,ESP32-C01,PV-C01,SITE-C-OPE-08,8,3.231,0.0,0.0,32.84,32.34,28.76,83.71,1008.4,17555.0,0.181,0.0,POOR,OK,OPEN_CIRCUIT,v1.0,SHORT_CIRCUIT,0.4154,0.2977,0.0581,0.0371,0.1917,0.4154,CONNECTED,WARNING,3.69,0,0.0,v1.0,True,SUCCESS,LORA,GOOD,1.09
REC-03429,2026-09-10T09:59:40Z,SITE-C,ESP32-C01,PV-C01,SITE-C-OPE-08,9,3.23,0.25,0.79,32.96,32.43,28.75,83.83,1008.44,17820.0,0.182,1.1,POOR,OK,OPEN_CIRCUIT,v1.0,SHORT_CIRCUIT,0.4153,0.2982,0.0587,0.0376,0.1902,0.4153,CONNECTED,WARNING,4.78,0,0.0,v1.0,True,SUCCESS,LORA,GOOD,1.09
REC-03430,2026-09-10T09:59:45Z,SITE-C,ESP32-C01,PV-C01,SITE-C-OPE-08,10,3.223,0.19,0.62,32.96,32.46,28.76,83.66,1008.41,17288.0,0.162,0.9,POOR,OK,OPEN_CIRCUIT,v1.0,SHORT_CIRCUIT,0.4284,0.2958,0.0576,0.0351,0.1831,0.4284,CONNECTED,WARNING,3.3,0,0.0,v1.0,True,SUCCESS,LORA,GOOD,1.09
REC-03431,2026-09-10T09:59:50Z,SITE-C,ESP32-C01,PV-C01,SITE-C-OPE-08,11,3.212,0.08,0.25,32.9,32.42,28.75,83.95,1008.41,17894.0,0.181,0.3,POOR,OK,OPEN_CIRCUIT,v1.0,SHORT_CIRCUIT,0.414,0.2995,0.0584,0.0372,0.1908,0.414,CONNECTED,WARNING,4.2,0,0.0,v1.0,True,SUCCESS,LORA,GOOD,1.09
REC-03432,2026-09-10T09:59:55Z,SITE-C,ESP32-C01,PV-C01,SITE-C-OPE-08,12,3.225,0.09,0.28,32.8,32.49,28.74,83.27,1008.48,17754.0,0.18,0.4,POOR,OK,OPEN_CIRCUIT,v1.0,SHORT_CIRCUIT,0.4192,0.2948,0.0579,0.0371,0.1911,0.4192,CONNECTED,WARNING,3.66,0,0.0,v1.0,True,SUCCESS,LORA,GOOD,1.09
REC-03433,2026-09-10T10:00:00Z,SITE-C,ESP32-C01,PV-C01,SITE-C-OPE-08,13,3.227,0.33,1.07,32.79,32.37,28.75,84.07,1008.4,17737.0,0.186,1.5,POOR,OK,OPEN_CIRCUIT,v1.0,SHORT_CIRCUIT,0.4129,0.2954,0.0589,0.0381,0.1946,0.4129,CONNECTED,WARNING,2.22,0,0.0,v1.0,True,SUCCESS,LORA,GOOD,2.92
REC-03434,2026-09-10T10:00:05Z,SITE-C,ESP32-C01,PV-C01,SITE-C-OPE-08,14,3.227,0.31,1.0,32.82,32.46,28.74,83.43,1008.41,17793.0,0.173,1.4,POOR,OK,OPEN_CIRCUIT,v1.0,SHORT_CIRCUIT,0.4251,0.2917,0.058,0.0365,0.1887,0.4251,CONNECTED,WARNING,3.67,0,0.0,v1.0,True,SUCCESS,LORA,GOOD,2.92
REC-03435,2026-09-10T10:00:10Z,SITE-C,ESP32-C01,PV-C01,SITE-C-OPE-08,15,3.226,0.0,0.0,32.9,32.5,28.75,83.21,1008.44,17943.0,0.192,0.0,POOR,OK,OPEN_CIRCUIT,v1.0,SHORT_CIRCUIT,0.4092,0.3,0.0583,0.0384,0.194,0.4092,CONNECTED,WARNING,4.16,0,0.0,v1.0,True,SUCCESS,LORA,GOOD,2.92
REC-03436,2026-09-10T10:00:15Z,SITE-C,ESP32-C01,PV-C01,SITE-C-OPE-08,16,3.224,0.24,0.77,32.89,32.4,28.75,83.46,1008.43,17741.0,0.18,1.1,POOR,OK,OPEN_CIRCUIT,v1.0,SHORT_CIRCUIT,0.416,0.2973,0.0586,0.0373,0.1907,0.416,CONNECTED,WARNING,2.18,0,0.0,v1.0,True,SUCCESS,LORA,GOOD,2.92
REC-03437,2026-09-10T10:00:20Z,SITE-C,ESP32-C01,PV-C01,SITE-C-OPE-08,17,3.223,0.0,0.0,32.83,32.32,28.74,83.6,1008.39,17865.0,0.196,0.0,POOR,OK,OPEN_CIRCUIT,v1.0,SHORT_CIRCUIT,0.4018,0.3025,0.0594,0.0391,0.1972,0.4018,CONNECTED,WARNING,3.01,0,0.0,v1.0,True,SUCCESS,LORA,GOOD,2.92
REC-03438,2026-09-10T10:00:25Z,SITE-C,ESP32-C01,PV-C01,SITE-C-OPE-08,18,3.222,0.18,0.59,32.97,32.32,28.73,83.48,1008.48,17958.0,0.186,0.8,POOR,OK,OPEN_CIRCUIT,v1.0,SHORT_CIRCUIT,0.4076,0.3027,0.0597,0.0384,0.1916,0.4076,CONNECTED,WARNING,3.76,0,0.0,v1.0,True,SUCCESS,LORA,GOOD,2.92
REC-03439,2026-09-10T10:00:30Z,SITE-C,ESP32-C01,PV-C01,SITE-C-OPE-08,19,3.23,0.2,0.64,32.95,32.49,28.72,83.41,1008.41,17893.0,0.182,0.9,POOR,OK,OPEN_CIRCUIT,v1.0,SHORT_CIRCUIT,0.4153,0.2986,0.0589,0.0378,0.1894,0.4153,CONNECTED,WARNING,4.43,0,0.0,v1.0,True,SUCCESS,LORA,GOOD,2.92
REC-03440,2026-09-10T10:00:35Z,SITE-C,ESP32-C01,PV-C01,SITE-C-OPE-08,20,3.233,0.44,1.42,32.69,32.6,28.71,84.0,1008.42,17625.0,0.167,2.0,POOR,OK,OPEN_CIRCUIT,v1.0,SHORT_CIRCUIT,0.4339,0.2853,0.0576,0.036,0.1871,0.4339,CONNECTED,WARNING,4.43,0,0.0,v1.0,True,SUCCESS,LORA,GOOD,2.92
REC-03441,2026-09-10T10:00:40Z,SITE-C,ESP32-C01,PV-C01,SITE-C-OPE-08,21,3.221,0.1,0.32,32.91,32.41,28.71,83.44,1008.44,17722.0,0.166,0.4,POOR,OK,OPEN_CIRCUIT,v1.0,SHORT_CIRCUIT,0.4245,0.2969,0.0584,0.0359,0.1843,0.4245,CONNECTED,WARNING,2.86,0,0.0,v1.0,True,SUCCESS,LORA,GOOD,2.92
REC-03442,2026-09-10T10:00:45Z,SITE-C,ESP32-C01,PV-C01,SITE-C-OPE-08,22,3.227,0.36,1.15,32.97,32.5,28.71,83.02,1008.49,17516.0,0.195,1.6,POOR,OK,OPEN_CIRCUIT,v1.0,SHORT_CIRCUIT,0.4001,0.3054,0.0606,0.0398,0.1941,0.4001,CONNECTED,WARNING,4.06,0,0.0,v1.0,True,SUCCESS,LORA,GOOD,2.92
REC-03443,2026-09-10T10:00:50Z,SITE-C,ESP32-C01,PV-C01,SITE-C-OPE-08,23,3.231,0.0,0.0,32.93,32.28,28.7,83.59,1008.42,17894.0,0.188,0.0,POOR,OK,OPEN_CIRCUIT,v1.0,SHORT_CIRCUIT,0.4051,0.3042,0.06,0.0387,0.192,0.4051,CONNECTED,WARNING,4.52,0,0.0,v1.0,True,SUCCESS,LORA,GOOD,2.92
REC-03444,2026-09-10T10:00:55Z,SITE-C,ESP32-C01,PV-C01,SITE-C-OPE-08,24,3.226,0.11,0.34,32.95,32.49,28.67,84.31,1008.4,17750.0,0.176,0.5,POOR,OK,OPEN_CIRCUIT,v1.0,SHORT_CIRCUIT,0.4153,0.3014,0.0596,0.0376,0.1862,0.4153,CONNECTED,WARNING,2.78,0,0.0,v1.0,True,SUCCESS,LORA,GOOD,2.92
REC-03445,2026-09-10T10:01:00Z,SITE-C,ESP32-C01,PV-C01,SITE-C-OPE-08,25,3.231,0.07,0.22,32.87,32.36,28.67,83.38,1008.44,17678.0,0.175,0.3,POOR,OK,OPEN_CIRCUIT,v1.0,SHORT_CIRCUIT,0.4156,0.3,0.0597,0.0374,0.1873,0.4156,CONNECTED,WARNING,3.42,0,0.0,v1.0,True,SUCCESS,LORA,GOOD,2.92
REC-03446,2026-09-10T10:01:05Z,SITE-C,ESP32-C01,PV-C01,SITE-C-OPE-08,26,3.233,0.21,0.67,32.88,32.4,28.68,83.43,1008.49,17852.0,0.181,0.9,POOR,OK,OPEN_CIRCUIT,v1.0,SHORT_CIRCUIT,0.4135,0.299,0.0598,0.0382,0.1896,0.4135,CONNECTED,WARNING,2.4,0,0.0,v1.0,True,SUCCESS,LORA,GOOD,2.92
REC-03447,2026-09-10T10:01:10Z,SITE-C,ESP32-C01,PV-C01,SITE-C-OPE-08,27,3.23,0.0,0.0,32.89,32.45,28.69,83.58,1008.43,17639.0,0.166,0.0,POOR,OK,OPEN_CIRCUIT,v1.0,SHORT_CIRCUIT,0.4255,0.2965,0.0583,0.036,0.1836,0.4255,CONNECTED,WARNING,2.13,0,0.0,v1.0,True,SUCCESS,LORA,GOOD,2.92
REC-03448,2026-09-10T10:01:15Z,SITE-C,ESP32-C01,PV-C01,SITE-C-OPE-08,28,3.225,0.0,0.0,32.91,32.31,28.68,84.16,1008.42,17809.0,0.174,0.0,POOR,OK,OPEN_CIRCUIT,v1.0,SHORT_CIRCUIT,0.415,0.3014,0.0596,0.0372,0.1868,0.415,CONNECTED,WARNING,3.26,0,0.0,v1.0,True,SUCCESS,LORA,GOOD,2.92
REC-03449,2026-09-10T10:01:20Z,SITE-C,ESP32-C01,PV-C01,SITE-C-OPE-08,29,3.234,0.0,0.0,32.85,32.7,28.69,83.59,1008.44,17709.0,0.185,0.0,POOR,OK,OPEN_CIRCUIT,v1.0,SHORT_CIRCUIT,0.4163,0.2975,0.0583,0.038,0.1899,0.4163,CONNECTED,WARNING,3.48,0,0.0,v1.0,True,SUCCESS,LORA,GOOD,2.92
REC-03450,2026-09-10T10:01:25Z,SITE-C,ESP32-C01,PV-C01,SITE-C-OPE-08,30,3.226,0.21,0.66,32.96,32.38,28.7,83.39,1008.37,17765.0,0.186,0.9,POOR,OK,OPEN_CIRCUIT,v1.0,SHORT_CIRCUIT,0.4064,0.3037,0.0602,0.0387,0.1909,0.4064,CONNECTED,WARNING,2.77,0,0.0,v1.0,True,SUCCESS,LORA,GOOD,2.92
REC-03451,2026-09-10T10:01:30Z,SITE-C,ESP32-C01,PV-C01,SITE-C-OPE-08,31,3.226,0.0,0.0,33.0,32.48,28.7,83.81,1008.41,17779.0,0.175,0.0,POOR,OK,OPEN_CIRCUIT,v1.0,SHORT_CIRCUIT,0.417,0.3016,0.0588,0.037,0.1855,0.417,CONNECTED,WARNING,4.16,0,0.0,v1.0,True,SUCCESS,LORA,GOOD,2.92
REC-03452,2026-09-10T10:01:35Z,SITE-C,ESP32-C01,PV-C01,SITE-C-OPE-08,32,3.229,0.15,0.48,32.84,32.55,28.7,83.79,1008.38,17960.0,0.195,0.7,POOR,OK,OPEN_CIRCUIT,v1.0,SHORT_CIRCUIT,0.4065,0.2997,0.0594,0.0394,0.195,0.4065,CONNECTED,WARNING,4.57,0,0.0,v1.0,True,SUCCESS,LORA,GOOD,2.92
REC-03453,2026-09-10T10:01:40Z,SITE-C,ESP32-C01,PV-C01,SITE-C-OPE-08,33,3.225,0.0,0.0,32.8,32.47,28.7,83.85,1008.42,17746.0,0.189,0.0,POOR,OK,OPEN_CIRCUIT,v1.0,SHORT_CIRCUIT,0.4084,0.3004,0.0592,0.0385,0.1935,0.4084,CONNECTED,WARNING,4.55,0,0.0,v1.0,True,SUCCESS,LORA,GOOD,2.92
REC-03454,2026-09-10T10:01:45Z,SITE-C,ESP32-C01,PV-C01,SITE-C-OPE-08,34,3.225,0.0,0.0,32.78,32.34,28.71,83.38,1008.41,17892.0,0.171,0.0,POOR,TEMP2_MISSING_-999,OPEN_CIRCUIT,v1.0,SHORT_CIRCUIT,0.4234,0.2942,0.0582,0.0363,0.1879,0.4234,CONNECTED,WARNING,2.49,0,0.0,v1.0,True,SUCCESS,LORA,GOOD,2.92
REC-03455,2026-09-10T10:01:50Z,SITE-C,ESP32-C01,PV-C01,SITE-C-OPE-08,35,3.225,0.58,1.88,32.9,32.43,28.73,83.53,1008.35,17854.0,0.166,2.6,POOR,OK,OPEN_CIRCUIT,v1.0,SHORT_CIRCUIT,0.4286,0.291,0.0586,0.0363,0.1855,0.4286,CONNECTED,WARNING,4.14,0,0.0,v1.0,True,SUCCESS,LORA,GOOD,2.92
REC-03456,2026-09-10T10:01:55Z,SITE-C,ESP32-C01,PV-C01,SITE-C-OPE-08,36,3.226,0.35,1.12,32.9,32.26,28.73,84.04,1008.44,17785.0,0.185,1.6,POOR,OK,OPEN_CIRCUIT,v1.0,SHORT_CIRCUIT,0.4083,0.3004,0.06,0.0384,0.1928,0.4083,CONNECTED,WARNING,4.41,0,0.0,v1.0,True,SUCCESS,LORA,GOOD,2.92
REC-03457,2026-09-10T10:02:00Z,SITE-C,ESP32-C01,PV-C01,SITE-C-OPE-08,37,3.228,0.06,0.2,32.91,32.4,28.73,83.82,1008.45,17405.0,0.174,0.3,POOR,OK,OPEN_CIRCUIT,v1.0,SHORT_CIRCUIT,0.4177,0.2996,0.0586,0.0367,0.1875,0.4177,CONNECTED,WARNING,3.14,0,0.0,v1.0,True,SUCCESS,LORA,GOOD,2.92
REC-03458,2026-09-10T10:02:05Z,SITE-C,ESP32-C01,PV-C01,SITE-C-OPE-08,38,3.216,0.08,0.26,32.88,32.53,28.71,83.94,1008.42,17540.0,0.173,0.4,POOR,OK,OPEN_CIRCUIT,v1.0,SHORT_CIRCUIT,0.4192,0.2989,0.0585,0.0366,0.1868,0.4192,CONNECTED,WARNING,3.43,0,0.0,v1.0,True,SUCCESS,LORA,GOOD,2.92
REC-03459,2026-09-10T10:02:10Z,SITE-C,ESP32-C01,PV-C01,SITE-C-OPE-08,39,3.226,0.06,0.2,32.79,32.27,28.72,83.68,1008.38,17454.0,0.181,0.3,POOR,OK,OPEN_CIRCUIT,v1.0,SHORT_CIRCUIT,0.4108,0.3,0.0594,0.0376,0.1922,0.4108,CONNECTED,WARNING,4.24,0,0.0,v1.0,True,SUCCESS,LORA,GOOD,2.92
REC-03460,2026-09-10T10:02:15Z,SITE-C,ESP32-C01,PV-C01,SITE-C-OPE-08,40,3.218,0.0,0.0,32.66,32.31,28.73,84.02,1008.47,18017.0,0.186,0.0,POOR,OK,OPEN_CIRCUIT,v1.0,SHORT_CIRCUIT,0.413,0.2949,0.0585,0.0378,0.1958,0.413,CONNECTED,WARNING,4.39,0,0.0,v1.0,True,SUCCESS,LORA,GOOD,2.92
REC-03461,2026-09-10T10:02:20Z,SITE-C,ESP32-C01,PV-C01,SITE-C-OPE-08,41,3.225,0.41,1.32,32.78,32.52,28.73,83.79,1008.49,17480.0,0.187,1.8,POOR,OK,OPEN_CIRCUIT,v1.0,SHORT_CIRCUIT,0.4118,0.2963,0.0592,0.0384,0.1943,0.4118,CONNECTED,WARNING,4.23,0,0.0,v1.0,True,SUCCESS,LORA,GOOD,2.92
REC-03462,2026-09-10T10:02:25Z,SITE-C,ESP32-C01,PV-C01,SITE-C-OPE-08,42,3.229,0.05,0.16,32.98,32.38,28.73,83.54,1008.44,17517.0,0.18,0.2,POOR,OK,OPEN_CIRCUIT,v1.0,SHORT_CIRCUIT,0.4117,0.303,0.0591,0.0375,0.1887,0.4117,CONNECTED,WARNING,3.64,0,0.0,v1.0,True,SUCCESS,LORA,GOOD,2.92
REC-03463,2026-09-10T10:02:30Z,SITE-C,ESP32-C01,PV-C01,SITE-C-OPE-08,43,3.226,0.15,0.48,32.87,32.33,28.73,83.92,1008.42,17323.0,0.156,0.7,POOR,OK,OPEN_CIRCUIT,v1.0,SHORT_CIRCUIT,0.4317,0.2937,0.0579,0.0347,0.182,0.4317,CONNECTED,WARNING,4.22,0,0.0,v1.0,True,SUCCESS,LORA,GOOD,2.92
REC-03464,2026-09-10T10:02:35Z,SITE-C,ESP32-C01,PV-C01,SITE-C-OPE-08,44,3.231,0.1,0.33,32.88,32.43,28.74,83.44,1008.42,17548.0,0.189,0.5,POOR,OK,OPEN_CIRCUIT,v1.0,SHORT_CIRCUIT,0.4083,0.3008,0.059,0.0384,0.1935,0.4083,CONNECTED,WARNING,4.62,0,0.0,v1.0,True,SUCCESS,LORA,GOOD,2.92
REC-03465,2026-09-10T10:02:40Z,SITE-C,ESP32-C01,PV-C01,SITE-C-OPE-08,45,3.229,0.14,0.47,32.93,32.37,28.75,84.16,1008.44,17796.0,0.171,0.6,POOR,OK,OPEN_CIRCUIT,v1.0,SHORT_CIRCUIT,0.4237,0.2955,0.0579,0.0362,0.1867,0.4237,CONNECTED,WARNING,4.26,0,0.0,v1.0,True,SUCCESS,LORA,GOOD,2.92
REC-03466,2026-09-10T10:02:45Z,SITE-C,ESP32-C01,PV-C01,SITE-C-OPE-08,46,3.217,0.38,1.23,32.78,32.19,28.77,84.0,1008.43,17896.0,0.182,1.7,POOR,OK,OPEN_CIRCUIT,v1.0,SHORT_CIRCUIT,0.4134,0.2951,0.0591,0.0376,0.1948,0.4134,CONNECTED,WARNING,2.17,0,0.0,v1.0,True,SUCCESS,LORA,GOOD,2.92
REC-03467,2026-09-10T10:02:50Z,SITE-C,ESP32-C01,PV-C01,SITE-C-OPE-08,47,3.234,0.06,0.21,32.9,32.33,28.78,83.61,1008.44,17674.0,0.178,0.3,POOR,OK,OPEN_CIRCUIT,v1.0,SHORT_CIRCUIT,0.4194,0.2961,0.0577,0.0366,0.1902,0.4194,CONNECTED,WARNING,3.64,0,0.0,v1.0,True,SUCCESS,LORA,GOOD,2.92
REC-03468,2026-09-10T10:02:55Z,SITE-C,ESP32-C01,PV-C01,SITE-C-OPE-08,48,3.229,0.11,0.37,32.91,32.59,28.77,83.64,1008.44,17985.0,0.201,0.5,POOR,OK,OPEN_CIRCUIT,v1.0,SHORT_CIRCUIT,0.4054,0.2997,0.0583,0.0394,0.1973,0.4054,CONNECTED,WARNING,2.89,0,0.0,v1.0,True,SUCCESS,LORA,GOOD,2.92
REC-03469,2026-09-10T10:03:00Z,SITE-C,ESP32-C01,PV-C01,SITE-C-OPE-08,49,3.225,0.35,1.11,32.8,32.45,28.77,83.74,1008.41,17766.0,0.2,1.5,POOR,OK,OPEN_CIRCUIT,v1.0,SHORT_CIRCUIT,0.4034,0.2981,0.0591,0.0396,0.1999,0.4034,CONNECTED,WARNING,3.52,0,0.0,v1.0,True,SUCCESS,LORA,GOOD,2.92
REC-03470,2026-09-10T10:03:05Z,SITE-C,ESP32-C01,PV-C01,SITE-C-OPE-08,50,3.226,0.32,1.04,32.93,32.58,28.76,83.65,1008.41,17830.0,0.174,1.4,POOR,OK,OPEN_CIRCUIT,v1.0,SHORT_CIRCUIT,0.4258,0.2928,0.0575,0.0365,0.1874,0.4258,CONNECTED,WARNING,3.81,0,0.0,v1.0,True,SUCCESS,LORA,GOOD,2.92
REC-03471,2026-09-10T10:03:10Z,SITE-C,ESP32-C01,PV-C01,SITE-C-OPE-08,51,3.218,0.43,1.39,33.01,32.38,28.77,84.1,1008.42,17948.0,0.166,1.9,POOR,OK,OPEN_CIRCUIT,v1.0,SHORT_CIRCUIT,0.4271,0.2942,0.058,0.0358,0.1848,0.4271,CONNECTED,WARNING,3.83,0,0.0,v1.0,True,SUCCESS,LORA,GOOD,2.92
REC-03472,2026-09-10T10:03:15Z,SITE-C,ESP32-C01,PV-C01,SITE-C-OPE-08,52,3.23,0.28,0.89,32.89,32.48,28.79,83.54,1008.44,18222.0,0.166,1.2,POOR,OK,OPEN_CIRCUIT,v1.0,SHORT_CIRCUIT,0.4371,0.2859,0.0562,0.0352,0.1857,0.4371,CONNECTED,WARNING,4.49,0,0.0,v1.0,True,SUCCESS,LORA,GOOD,2.92
REC-03473,2026-09-10T10:03:20Z,SITE-C,ESP32-C01,PV-C01,SITE-C-OPE-08,53,3.232,0.44,1.41,32.79,32.47,28.8,83.25,1008.38,18015.0,0.182,1.9,POOR,OK,OPEN_CIRCUIT,v1.0,SHORT_CIRCUIT,0.4246,0.2876,0.0571,0.0371,0.1936,0.4246,CONNECTED,WARNING,3.39,0,0.0,v1.0,True,SUCCESS,LORA,GOOD,2.92
REC-03474,2026-09-10T10:03:25Z,SITE-C,ESP32-C01,PV-C01,SITE-C-OPE-08,54,3.225,0.14,0.45,32.93,32.43,28.8,83.62,1008.42,17836.0,0.174,0.6,POOR,OK,OPEN_CIRCUIT,v1.0,SHORT_CIRCUIT,0.425,0.2936,0.0569,0.036,0.1885,0.425,CONNECTED,WARNING,3.74,0,0.0,v1.0,True,SUCCESS,LORA,GOOD,2.92
REC-03475,2026-09-10T10:03:30Z,SITE-C,ESP32-C01,PV-C01,SITE-C-OPE-08,55,3.224,0.28,0.89,32.82,32.44,28.8,83.93,1008.43,17909.0,0.168,1.2,POOR,OK,OPEN_CIRCUIT,v1.0,SHORT_CIRCUIT,0.4331,0.2872,0.0564,0.0353,0.188,0.4331,CONNECTED,WARNING,4.57,0,0.0,v1.0,True,SUCCESS,LORA,GOOD,2.92
REC-03476,2026-09-10T10:03:35Z,SITE-C,ESP32-C01,PV-C01,SITE-C-OPE-08,56,3.229,0.01,0.02,32.91,32.36,28.82,84.0,1008.42,17961.0,0.174,0.0,POOR,OK,OPEN_CIRCUIT,v1.0,SHORT_CIRCUIT,0.4268,0.2921,0.0563,0.0356,0.1891,0.4268,CONNECTED,WARNING,2.45,0,0.0,v1.0,True,SUCCESS,LORA,GOOD,2.92
REC-03477,2026-09-10T10:03:40Z,SITE-C,ESP32-C01,PV-C01,SITE-C-OPE-08,57,3.234,0.3,0.96,32.82,32.53,28.83,83.73,1008.47,17892.0,0.184,1.3,POOR,OK,OPEN_CIRCUIT,v1.0,SHORT_CIRCUIT,0.4248,0.2882,0.0563,0.0368,0.194,0.4248,CONNECTED,WARNING,3.84,0,0.0,v1.0,True,SUCCESS,LORA,GOOD,2.92
REC-03478,2026-09-10T10:03:45Z,SITE-C,ESP32-C01,PV-C01,SITE-C-OPE-08,58,3.234,0.79,2.54,32.88,32.46,28.82,83.51,1008.47,18068.0,0.178,3.5,POOR,OK,OPEN_CIRCUIT,v1.0,SHORT_CIRCUIT,0.4284,0.2854,0.0573,0.0369,0.1919,0.4284,CONNECTED,WARNING,2.62,0,0.0,v1.0,True,SUCCESS,LORA,GOOD,2.92
REC-03479,2026-09-10T10:03:50Z,SITE-C,ESP32-C01,PV-C01,SITE-C-OPE-08,59,3.233,0.26,0.85,32.97,32.41,28.83,83.69,1008.44,17603.0,0.174,1.2,POOR,OK,OPEN_CIRCUIT,v1.0,SHORT_CIRCUIT,0.4257,0.2929,0.0567,0.0359,0.1887,0.4257,CONNECTED,WARNING,3.65,0,0.0,v1.0,True,SUCCESS,LORA,GOOD,2.92
REC-03480,2026-09-10T10:03:55Z,SITE-C,ESP32-C01,PV-C01,SITE-C-OPE-08,60,3.239,0.0,0.0,32.87,32.44,28.81,83.5,1008.48,18002.0,0.175,0.0,POOR,OK,OPEN_CIRCUIT,v1.0,SHORT_CIRCUIT,0.43,0.2891,0.0559,0.0357,0.1892,0.43,CONNECTED,WARNING,2.41,0,0.0,v1.0,True,SUCCESS,LORA,GOOD,2.92
REC-03481,2026-09-10T10:31:00Z,SITE-E,ESP32-E01,PV-E01,SITE-E-PAR-10,1,2.519,35.32,88.98,37.7,35.99,29.09,78.4,1008.62,35488.0,0.176,56.3,DEGRADED,OK,PARTIAL_SHADING,v1.0,SHORT_CIRCUIT,0.2763,0.2216,0.2012,0.1323,0.1687,0.2763,CONNECTED,WARNING,2.45,0,0.0,v1.0,True,SUCCESS,LORA,POOR,41.25
REC-03482,2026-09-10T10:31:05Z,SITE-E,ESP32-E01,PV-E01,SITE-E-PAR-10,2,2.535,35.88,90.95,37.67,35.88,29.08,78.71,1008.62,35432.0,0.174,57.8,DEGRADED,OK,PARTIAL_SHADING,v1.0,SHORT_CIRCUIT,0.2738,0.2176,0.2059,0.1356,0.1672,0.2738,CONNECTED,WARNING,4.67,0,0.0,v1.0,True,SUCCESS,LORA,POOR,41.25
REC-03483,2026-09-10T10:31:10Z,SITE-E,ESP32-E01,PV-E01,SITE-E-PAR-10,3,2.523,36.04,90.94,37.59,35.85,29.08,78.78,1008.55,35366.0,0.172,57.8,DEGRADED,OK,PARTIAL_SHADING,v1.0,SHORT_CIRCUIT,0.2747,0.2173,0.2053,0.1343,0.1683,0.2747,CONNECTED,WARNING,4.05,0,0.0,v1.0,True,SUCCESS,LORA,POOR,41.25
REC-03484,2026-09-10T10:31:15Z,SITE-E,ESP32-E01,PV-E01,SITE-E-PAR-10,4,2.528,35.71,90.28,37.66,35.89,29.07,78.21,1008.64,35224.0,0.181,57.4,DEGRADED,OK,PARTIAL_SHADING,v1.0,SHORT_CIRCUIT,0.2706,0.2188,0.2045,0.136,0.1701,0.2706,CONNECTED,WARNING,3.82,0,0.0,v1.0,True,SUCCESS,LORA,POOR,41.25
REC-03485,2026-09-10T10:31:20Z,SITE-E,ESP32-E01,PV-E01,SITE-E-PAR-10,5,2.521,36.28,91.46,37.58,35.83,29.07,78.38,1008.53,35310.0,0.182,58.1,DEGRADED,OK,PARTIAL_SHADING,v1.0,SHORT_CIRCUIT,0.2691,0.218,0.2054,0.1368,0.1708,0.2691,CONNECTED,WARNING,4.77,0,0.0,v1.0,True,SUCCESS,LORA,POOR,41.25
REC-03486,2026-09-10T10:31:25Z,SITE-E,ESP32-E01,PV-E01,SITE-E-PAR-10,6,2.518,35.36,89.06,37.71,35.87,29.07,78.59,1008.63,35638.0,0.166,56.5,DEGRADED,OK,PARTIAL_SHADING,v1.0,SHORT_CIRCUIT,0.2801,0.2182,0.2032,0.1313,0.1672,0.2801,CONNECTED,WARNING,2.55,0,0.0,v1.0,True,SUCCESS,LORA,POOR,41.25
REC-03487,2026-09-10T10:31:30Z,SITE-E,ESP32-E01,PV-E01,SITE-E-PAR-10,7,2.513,36.28,91.17,37.76,35.87,29.07,78.99,1008.58,35728.0,0.162,57.4,DEGRADED,LOST_IN_TRANSIT,PARTIAL_SHADING,v1.0,SHORT_CIRCUIT,0.2782,0.2151,0.2073,0.1339,0.1654,0.2782,CONNECTED,WARNING,3.67,0,0.0,v1.0,True,SUCCESS,LORA,POOR,41.25
REC-03488,2026-09-10T10:31:35Z,SITE-E,ESP32-E01,PV-E01,SITE-E-PAR-10,8,2.54,35.41,89.95,37.52,35.75,29.07,78.46,1008.62,35440.0,0.146,57.0,DEGRADED,OK,PARTIAL_SHADING,v1.0,SHORT_CIRCUIT,0.2901,0.2135,0.2058,0.1283,0.1623,0.2901,CONNECTED,WARNING,4.0,0,0.0,v1.0,True,SUCCESS,LORA,POOR,41.25
REC-03489,2026-09-10T10:31:40Z,SITE-E,ESP32-E01,PV-E01,SITE-E-PAR-10,9,2.52,36.0,90.71,37.54,35.91,29.07,78.74,1008.62,35256.0,0.168,57.5,DEGRADED,OK,PARTIAL_SHADING,v1.0,SHORT_CIRCUIT,0.2776,0.2165,0.2051,0.133,0.1678,0.2776,CONNECTED,WARNING,4.31,0,0.0,v1.0,True,SUCCESS,LORA,POOR,41.25
REC-03490,2026-09-10T10:31:45Z,SITE-E,ESP32-E01,PV-E01,SITE-E-PAR-10,10,2.53,36.01,91.12,37.85,35.94,29.08,78.77,1008.6,35467.0,0.16,57.5,DEGRADED,OK,PARTIAL_SHADING,v1.0,SHORT_CIRCUIT,0.279,0.2153,0.2082,0.1343,0.1632,0.279,CONNECTED,WARNING,3.31,0,0.0,v1.0,True,SUCCESS,LORA,POOR,41.25
REC-03491,2026-09-10T10:31:50Z,SITE-E,ESP32-E01,PV-E01,SITE-E-PAR-10,11,2.541,36.24,92.06,37.74,35.87,29.09,78.63,1008.61,35520.0,0.175,58.2,DEGRADED,OK,PARTIAL_SHADING,v1.0,SHORT_CIRCUIT,0.2716,0.2173,0.2076,0.1376,0.1659,0.2716,CONNECTED,WARNING,2.91,0,0.0,v1.0,True,SUCCESS,LORA,POOR,41.25
REC-03492,2026-09-10T10:31:55Z,SITE-E,ESP32-E01,PV-E01,SITE-E-PAR-10,12,2.521,36.06,90.91,37.6,36.01,29.08,78.78,1008.6,35644.0,0.168,57.4,DEGRADED,OK,PARTIAL_SHADING,v1.0,SHORT_CIRCUIT,0.2781,0.2167,0.2053,0.1339,0.166,0.2781,CONNECTED,WARNING,3.18,0,0.0,v1.0,True,SUCCESS,LORA,POOR,41.25
REC-03493,2026-09-10T10:32:00Z,SITE-E,ESP32-E01,PV-E01,SITE-E-PAR-10,13,2.543,35.74,90.91,37.58,35.87,29.08,78.3,1008.62,35755.0,0.169,57.3,DEGRADED,OK,PARTIAL_SHADING,v1.0,SHORT_CIRCUIT,0.2782,0.2166,0.2056,0.1343,0.1653,0.2782,CONNECTED,WARNING,2.72,0,0.0,v1.0,True,SUCCESS,LORA,POOR,41.25
REC-03494,2026-09-10T10:32:05Z,SITE-E,ESP32-E01,PV-E01,SITE-E-PAR-10,14,2.523,35.98,90.77,37.77,35.84,29.1,78.5,1008.67,35860.0,0.179,57.0,DEGRADED,LOST_IN_TRANSIT,PARTIAL_SHADING,v1.0,SHORT_CIRCUIT,0.2704,0.2192,0.2054,0.1368,0.1683,0.2704,CONNECTED,WARNING,3.58,0,0.0,v1.0,True,SUCCESS,LORA,POOR,41.25
REC-03495,2026-09-10T10:32:10Z,SITE-E,ESP32-E01,PV-E01,SITE-E-PAR-10,15,2.532,36.25,91.79,37.72,35.98,29.1,79.13,1008.56,35950.0,0.175,57.3,DEGRADED,OK,PARTIAL_SHADING,v1.0,SHORT_CIRCUIT,0.2732,0.2178,0.2066,0.1372,0.1653,0.2732,CONNECTED,WARNING,3.03,0,0.0,v1.0,True,SUCCESS,LORA,POOR,41.25
REC-03496,2026-09-10T10:32:15Z,SITE-E,ESP32-E01,PV-E01,SITE-E-PAR-10,16,2.534,36.16,91.63,37.81,35.93,29.08,79.15,1008.5,35965.0,0.17,57.1,DEGRADED,OK,PARTIAL_SHADING,v1.0,SHORT_CIRCUIT,0.275,0.2162,0.2077,0.1368,0.1643,0.275,CONNECTED,WARNING,2.85,0,0.0,v1.0,True,SUCCESS,LORA,POOR,41.25
REC-03497,2026-09-10T10:32:20Z,SITE-E,ESP32-E01,PV-E01,SITE-E-PAR-10,17,2.519,36.65,92.33,37.8,36.05,29.08,78.95,1008.59,36162.0,0.188,57.9,DEGRADED,OK,PARTIAL_SHADING,v1.0,SHORT_CIRCUIT,0.2659,0.2183,0.2067,0.141,0.1681,0.2659,CONNECTED,WARNING,3.04,0,0.0,v1.0,True,SUCCESS,LORA,POOR,41.25
REC-03498,2026-09-10T10:32:25Z,SITE-E,ESP32-E01,PV-E01,SITE-E-PAR-10,18,2.507,36.55,91.62,37.75,35.93,29.07,79.03,1008.59,35697.0,0.178,57.5,DEGRADED,OK,PARTIAL_SHADING,v1.0,SHORT_CIRCUIT,0.2699,0.2172,0.2065,0.1373,0.169,0.2699,CONNECTED,WARNING,4.08,0,0.0,v1.0,True,SUCCESS,LORA,POOR,41.25
REC-03499,2026-09-10T10:32:30Z,SITE-E,ESP32-E01,PV-E01,SITE-E-PAR-10,19,2.52,35.87,90.4,37.89,36.11,29.07,78.15,1008.59,35820.0,0.167,56.4,DEGRADED,LOST_IN_TRANSIT,PARTIAL_SHADING,v1.0,SHORT_CIRCUIT,0.2793,0.2184,0.2046,0.1336,0.164,0.2793,CONNECTED,WARNING,3.86,0,0.0,v1.0,True,SUCCESS,LORA,POOR,41.25
REC-03500,2026-09-10T10:32:35Z,SITE-E,ESP32-E01,PV-E01,SITE-E-PAR-10,20,2.504,36.3,90.89,37.92,36.07,29.07,78.42,1008.57,35617.0,0.167,56.9,DEGRADED,LOST_IN_TRANSIT,PARTIAL_SHADING,v1.0,SHORT_CIRCUIT,0.2752,0.2163,0.2073,0.1355,0.1657,0.2752,CONNECTED,WARNING,4.42,0,0.0,v1.0,True,SUCCESS,LORA,POOR,41.25
REC-03501,2026-09-10T10:32:40Z,SITE-E,ESP32-E01,PV-E01,SITE-E-PAR-10,21,2.52,36.32,91.53,37.74,35.93,29.07,78.61,1008.63,35863.0,0.179,57.3,DEGRADED,LOST_IN_TRANSIT,PARTIAL_SHADING,v1.0,SHORT_CIRCUIT,0.2706,0.2173,0.2064,0.1377,0.168,0.2706,CONNECTED,WARNING,4.03,0,0.0,v1.0,True,SUCCESS,LORA,POOR,41.25
REC-03502,2026-09-10T10:32:45Z,SITE-E,ESP32-E01,PV-E01,SITE-E-PAR-10,22,2.53,35.63,90.16,37.63,35.88,29.05,79.42,1008.56,35789.0,0.173,56.8,DEGRADED,LOST_IN_TRANSIT,PARTIAL_SHADING,v1.0,SHORT_CIRCUIT,0.2764,0.2165,0.2048,0.1346,0.1676,0.2764,CONNECTED,WARNING,2.91,0,0.0,v1.0,True,SUCCESS,LORA,POOR,41.25
REC-03503,2026-09-10T10:32:50Z,SITE-E,ESP32-E01,PV-E01,SITE-E-PAR-10,23,2.518,35.95,90.51,37.72,35.96,29.07,78.61,1008.61,35417.0,0.16,57.3,DEGRADED,OK,PARTIAL_SHADING,v1.0,SHORT_CIRCUIT,0.2805,0.2154,0.2064,0.1326,0.165,0.2805,CONNECTED,WARNING,3.4,0,0.0,v1.0,True,SUCCESS,LORA,POOR,41.25
REC-03504,2026-09-10T10:32:55Z,SITE-E,ESP32-E01,PV-E01,SITE-E-PAR-10,24,2.5,36.47,91.18,37.84,36.01,29.06,78.92,1008.62,35820.0,0.18,57.5,DEGRADED,OK,PARTIAL_SHADING,v1.0,SHORT_CIRCUIT,0.2691,0.2174,0.2063,0.1379,0.1693,0.2691,CONNECTED,WARNING,2.15,0,0.0,v1.0,True,SUCCESS,LORA,POOR,41.25
REC-03505,2026-09-10T10:33:00Z,SITE-E,ESP32-E01,PV-E01,SITE-E-PAR-10,25,2.521,36.29,91.49,37.67,35.76,29.06,78.81,1008.61,35601.0,0.184,57.7,DEGRADED,OK,PARTIAL_SHADING,v1.0,SHORT_CIRCUIT,0.2674,0.2177,0.2059,0.1379,0.171,0.2674,CONNECTED,WARNING,3.16,0,0.0,v1.0,True,SUCCESS,LORA,POOR,41.25
REC-03506,2026-09-10T10:33:05Z,SITE-E,ESP32-E01,PV-E01,SITE-E-PAR-10,26,2.539,36.15,91.79,37.77,35.95,29.04,78.81,1008.61,35729.0,0.183,58.0,DEGRADED,OK,PARTIAL_SHADING,v1.0,SHORT_CIRCUIT,0.269,0.2163,0.2074,0.1397,0.1676,0.269,CONNECTED,WARNING,2.69,0,0.0,v1.0,True,SUCCESS,LORA,POOR,41.25
REC-03507,2026-09-10T10:33:10Z,SITE-E,ESP32-E01,PV-E01,SITE-E-PAR-10,27,2.544,35.43,90.13,37.62,35.74,29.04,78.69,1008.63,35362.0,0.186,57.1,DEGRADED,OK,PARTIAL_SHADING,v1.0,SHORT_CIRCUIT,0.269,0.2182,0.2045,0.1371,0.1713,0.269,CONNECTED,WARNING,2.85,0,0.0,v1.0,True,SUCCESS,LORA,POOR,41.25
REC-03508,2026-09-10T10:33:15Z,SITE-E,ESP32-E01,PV-E01,SITE-E-PAR-10,28,2.523,35.54,89.67,37.64,35.82,29.03,78.34,1008.6,35151.0,0.192,57.1,DEGRADED,OK,PARTIAL_SHADING,v1.0,SHORT_CIRCUIT,0.2656,0.2191,0.2034,0.1374,0.1745,0.2656,CONNECTED,WARNING,2.29,0,0.0,v1.0,True,SUCCESS,LORA,POOR,41.25
REC-03509,2026-09-10T10:33:20Z,SITE-E,ESP32-E01,PV-E01,SITE-E-PAR-10,29,2.516,35.5,89.32,37.57,35.97,29.04,77.89,1008.59,35350.0,0.188,56.8,DEGRADED,OK,PARTIAL_SHADING,v1.0,SHORT_CIRCUIT,0.2696,0.2192,0.2023,0.1358,0.1732,0.2696,CONNECTED,WARNING,2.58,0,0.0,v1.0,True,SUCCESS,LORA,POOR,41.25
REC-03510,2026-09-10T10:33:25Z,SITE-E,ESP32-E01,PV-E01,SITE-E-PAR-10,30,2.51,35.72,89.64,37.66,36.12,29.04,79.08,1008.61,35379.0,0.174,57.0,DEGRADED,OK,PARTIAL_SHADING,v1.0,SHORT_CIRCUIT,0.2766,0.2176,0.2034,0.1336,0.1688,0.2766,CONNECTED,WARNING,4.16,0,0.0,v1.0,True,SUCCESS,LORA,POOR,41.25
REC-03511,2026-09-10T10:33:30Z,SITE-E,ESP32-E01,PV-E01,SITE-E-PAR-10,31,2.511,35.6,89.39,37.62,35.84,29.05,78.52,1008.62,35117.0,0.169,57.1,DEGRADED,OK,PARTIAL_SHADING,v1.0,SHORT_CIRCUIT,0.2768,0.2169,0.2041,0.1322,0.1701,0.2768,CONNECTED,WARNING,4.3,0,0.0,v1.0,True,SUCCESS,LORA,POOR,41.25
REC-03512,2026-09-10T10:33:35Z,SITE-E,ESP32-E01,PV-E01,SITE-E-PAR-10,32,2.531,35.66,90.24,37.68,35.76,29.04,78.14,1008.63,35191.0,0.153,57.7,DEGRADED,OK,PARTIAL_SHADING,v1.0,SHORT_CIRCUIT,0.284,0.2132,0.2072,0.1309,0.1646,0.284,CONNECTED,WARNING,3.49,0,0.0,v1.0,True,SUCCESS,LORA,POOR,41.25
REC-03513,2026-09-10T10:33:40Z,SITE-E,ESP32-E01,PV-E01,SITE-E-PAR-10,33,2.526,35.9,90.67,37.81,35.85,29.03,78.83,1008.55,35297.0,0.171,57.9,DEGRADED,LOST_IN_TRANSIT,PARTIAL_SHADING,v1.0,SHORT_CIRCUIT,0.2738,0.2152,0.2073,0.1358,0.1678,0.2738,CONNECTED,WARNING,3.0,0,0.0,v1.0,True,SUCCESS,LORA,POOR,41.25
REC-03514,2026-09-10T10:33:45Z,SITE-E,ESP32-E01,PV-E01,SITE-E-PAR-10,34,2.53,35.62,90.12,37.61,35.87,29.03,78.83,1008.59,34975.0,0.176,57.5,DEGRADED,OK,PARTIAL_SHADING,v1.0,SHORT_CIRCUIT,0.2736,0.2165,0.2051,0.1348,0.1701,0.2736,CONNECTED,WARNING,4.03,0,0.0,v1.0,True,SUCCESS,LORA,POOR,41.25
REC-03515,2026-09-10T10:33:50Z,SITE-E,ESP32-E01,PV-E01,SITE-E-PAR-10,35,2.526,35.28,89.12,37.49,35.82,29.03,78.93,1008.57,35149.0,0.171,56.9,DEGRADED,OK,PARTIAL_SHADING,v1.0,SHORT_CIRCUIT,0.2782,0.2164,0.2033,0.1319,0.1702,0.2782,CONNECTED,WARNING,4.31,0,0.0,v1.0,True,SUCCESS,LORA,POOR,41.25
REC-03516,2026-09-10T10:33:55Z,SITE-E,ESP32-E01,PV-E01,SITE-E-PAR-10,36,2.54,35.0,88.9,37.63,35.8,29.01,79.03,1008.62,35126.0,0.152,56.7,DEGRADED,OK,PARTIAL_SHADING,v1.0,SHORT_CIRCUIT,0.2887,0.214,0.2044,0.1283,0.1645,0.2887,CONNECTED,WARNING,4.54,0,0.0,v1.0,True,SUCCESS,LORA,POOR,41.25
REC-03517,2026-09-10T10:34:00Z,SITE-E,ESP32-E01,PV-E01,SITE-E-PAR-10,37,2.517,35.61,89.64,37.64,35.81,29.0,78.42,1008.62,35058.0,0.168,57.3,DEGRADED,OK,PARTIAL_SHADING,v1.0,SHORT_CIRCUIT,0.2773,0.2143,0.2055,0.1329,0.17,0.2773,CONNECTED,WARNING,3.5,0,0.0,v1.0,True,SUCCESS,LORA,POOR,41.25
REC-03518,2026-09-10T10:34:05Z,SITE-E,ESP32-E01,PV-E01,SITE-E-PAR-10,38,2.525,35.91,90.68,37.65,35.89,28.99,78.44,1008.59,35196.0,0.177,58.0,DEGRADED,OK,PARTIAL_SHADING,v1.0,SHORT_CIRCUIT,0.2728,0.2143,0.2064,0.1362,0.1703,0.2728,CONNECTED,WARNING,3.39,0,0.0,v1.0,True,SUCCESS,LORA,POOR,41.25
REC-03519,2026-09-10T10:34:10Z,SITE-E,ESP32-E01,PV-E01,SITE-E-PAR-10,39,2.521,35.51,89.52,37.64,35.87,29.01,78.6,1008.58,35137.0,0.161,57.1,DEGRADED,OK,PARTIAL_SHADING,v1.0,SHORT_CIRCUIT,0.2816,0.2137,0.2056,0.1315,0.1675,0.2816,CONNECTED,WARNING,2.25,0,0.0,v1.0,True,SUCCESS,LORA,POOR,41.25
REC-03520,2026-09-10T10:34:15Z,SITE-E,ESP32-E01,PV-E01,SITE-E-PAR-10,40,2.524,35.14,88.71,37.78,35.82,29.02,78.95,1008.62,35023.0,0.173,56.4,DEGRADED,OK,PARTIAL_SHADING,v1.0,SHORT_CIRCUIT,0.2763,0.2184,0.2029,0.1322,0.1701,0.2763,CONNECTED,WARNING,4.12,0,0.0,v1.0,True,SUCCESS,LORA,POOR,41.25
REC-03521,2026-09-10T10:34:20Z,SITE-E,ESP32-E01,PV-E01,SITE-E-PAR-10,41,2.543,36.23,92.12,37.7,35.86,29.01,78.07,1008.6,35372.0,0.175,58.5,DEGRADED,OK,PARTIAL_SHADING,v1.0,SHORT_CIRCUIT,0.2725,0.2137,0.2087,0.1381,0.1671,0.2725,CONNECTED,WARNING,4.61,0,0.0,v1.0,True,SUCCESS,LORA,POOR,41.25
REC-03522,2026-09-10T10:34:25Z,SITE-E,ESP32-E01,PV-E01,SITE-E-PAR-10,42,2.51,35.8,89.84,37.67,35.87,29.02,78.74,1008.64,35176.0,0.182,57.1,DEGRADED,OK,PARTIAL_SHADING,v1.0,SHORT_CIRCUIT,0.2699,0.2171,0.2044,0.1357,0.1728,0.2699,CONNECTED,WARNING,4.8,0,0.0,v1.0,True,SUCCESS,LORA,POOR,41.25
REC-03523,2026-09-10T10:34:30Z,SITE-E,ESP32-E01,PV-E01,SITE-E-PAR-10,43,2.544,35.64,90.65,37.62,35.83,29.0,78.98,1008.65,35478.0,0.188,57.5,DEGRADED,OK,PARTIAL_SHADING,v1.0,SHORT_CIRCUIT,0.2686,0.2162,0.2054,0.1385,0.1712,0.2686,CONNECTED,WARNING,2.38,0,0.0,v1.0,True,SUCCESS,LORA,POOR,41.25
REC-03524,2026-09-10T10:34:35Z,SITE-E,ESP32-E01,PV-E01,SITE-E-PAR-10,44,2.516,35.44,89.16,37.55,35.86,28.99,78.97,1008.63,35574.0,0.167,56.5,DEGRADED,OK,PARTIAL_SHADING,v1.0,SHORT_CIRCUIT,0.2807,0.2138,0.2042,0.1319,0.1694,0.2807,CONNECTED,WARNING,2.46,0,0.0,v1.0,True,SUCCESS,LORA,POOR,41.25
REC-03525,2026-09-10T10:34:40Z,SITE-E,ESP32-E01,PV-E01,SITE-E-PAR-10,45,2.514,35.73,89.82,37.68,35.93,29.0,78.91,1008.61,35051.0,0.173,57.0,DEGRADED,OK,PARTIAL_SHADING,v1.0,SHORT_CIRCUIT,0.2748,0.215,0.2055,0.1343,0.1704,0.2748,CONNECTED,WARNING,2.96,0,0.0,v1.0,True,SUCCESS,LORA,POOR,41.25
REC-03526,2026-09-10T10:34:45Z,SITE-E,ESP32-E01,PV-E01,SITE-E-PAR-10,46,2.526,35.89,90.66,37.66,35.85,29.0,79.02,1008.65,35212.0,0.173,57.6,DEGRADED,OK,PARTIAL_SHADING,v1.0,SHORT_CIRCUIT,0.2745,0.2142,0.2066,0.1354,0.1693,0.2745,CONNECTED,WARNING,4.49,0,0.0,v1.0,True,SUCCESS,LORA,POOR,41.25
REC-03527,2026-09-10T10:34:50Z,SITE-E,ESP32-E01,PV-E01,SITE-E-PAR-10,47,2.503,35.98,90.07,37.57,35.74,28.99,77.88,1008.61,35453.0,0.177,57.2,DEGRADED,OK,PARTIAL_SHADING,v1.0,SHORT_CIRCUIT,0.2729,0.2147,0.2047,0.1345,0.1732,0.2729,CONNECTED,WARNING,3.19,0,0.0,v1.0,True,SUCCESS,LORA,POOR,41.25
REC-03528,2026-09-10T10:34:55Z,SITE-E,ESP32-E01,PV-E01,SITE-E-PAR-10,48,2.542,35.55,90.36,37.69,36.0,28.99,79.18,1008.59,35336.0,0.176,57.1,DEGRADED,LOST_IN_TRANSIT,PARTIAL_SHADING,v1.0,SHORT_CIRCUIT,0.2758,0.2151,0.2056,0.1359,0.1677,0.2758,CONNECTED,WARNING,2.34,0,0.0,v1.0,True,SUCCESS,LORA,POOR,41.25
REC-03529,2026-09-10T10:35:00Z,SITE-E,ESP32-E01,PV-E01,SITE-E-PAR-10,49,2.509,35.75,89.71,37.64,35.91,28.99,78.8,1008.58,35471.0,0.185,57.0,DEGRADED,OK,PARTIAL_SHADING,v1.0,SHORT_CIRCUIT,0.27,0.2162,0.2041,0.1364,0.1734,0.27,CONNECTED,WARNING,3.16,0,0.0,v1.0,True,SUCCESS,LORA,POOR,41.25
REC-03530,2026-09-10T10:35:05Z,SITE-E,ESP32-E01,PV-E01,SITE-E-PAR-10,50,2.52,35.69,89.93,37.63,35.8,29.0,79.1,1008.58,35686.0,0.148,56.9,DEGRADED,OK,PARTIAL_SHADING,v1.0,SHORT_CIRCUIT,0.2886,0.2107,0.2069,0.1297,0.1641,0.2886,CONNECTED,WARNING,3.84,0,0.0,v1.0,True,SUCCESS,LORA,POOR,41.25
REC-03531,2026-09-10T10:35:10Z,SITE-E,ESP32-E01,PV-E01,SITE-E-PAR-10,51,2.513,36.53,91.79,37.65,35.91,29.01,78.35,1008.6,35629.0,0.175,57.8,DEGRADED,OK,PARTIAL_SHADING,v1.0,SHORT_CIRCUIT,0.2728,0.214,0.2073,0.1369,0.1691,0.2728,CONNECTED,WARNING,3.88,0,0.0,v1.0,True,SUCCESS,LORA,POOR,41.25
REC-03532,2026-09-10T10:35:15Z,SITE-E,ESP32-E01,PV-E01,SITE-E-PAR-10,52,2.532,36.18,91.59,37.74,35.87,29.01,78.17,1008.61,35558.0,0.176,57.7,DEGRADED,OK,PARTIAL_SHADING,v1.0,SHORT_CIRCUIT,0.2721,0.2142,0.2079,0.1378,0.1679,0.2721,CONNECTED,WARNING,2.17,0,0.0,v1.0,True,SUCCESS,LORA,POOR,41.25
REC-03533,2026-09-10T10:35:20Z,SITE-E,ESP32-E01,PV-E01,SITE-E-PAR-10,53,2.548,35.67,90.9,37.68,35.98,29.02,79.24,1008.56,35302.0,0.169,57.3,DEGRADED,OK,PARTIAL_SHADING,v1.0,SHORT_CIRCUIT,0.2779,0.2143,0.2071,0.1354,0.1652,0.2779,CONNECTED,WARNING,4.54,0,0.0,v1.0,True,SUCCESS,LORA,POOR,41.25
REC-03534,2026-09-10T10:35:25Z,SITE-E,ESP32-E01,PV-E01,SITE-E-PAR-10,54,2.541,35.55,90.34,37.64,35.89,29.03,78.42,1008.59,35812.0,0.148,56.9,DEGRADED,SPIKE_IRRADIANCE,PARTIAL_SHADING,v1.0,SHORT_CIRCUIT,0.2896,0.2117,0.2072,0.1305,0.1611,0.2896,CONNECTED,WARNING,2.57,0,0.0,v1.0,True,SUCCESS,LORA,POOR,41.25
REC-03535,2026-09-10T10:35:30Z,SITE-E,ESP32-E01,PV-E01,SITE-E-PAR-10,55,2.515,36.06,90.68,37.61,35.9,29.04,78.61,1008.61,35922.0,0.17,57.2,DEGRADED,OK,PARTIAL_SHADING,v1.0,SHORT_CIRCUIT,0.2773,0.2152,0.2054,0.1343,0.1677,0.2773,CONNECTED,WARNING,4.5,0,0.0,v1.0,True,SUCCESS,LORA,POOR,41.25
REC-03536,2026-09-10T10:35:35Z,SITE-E,ESP32-E01,PV-E01,SITE-E-PAR-10,56,2.517,35.77,90.04,37.67,35.89,29.06,78.86,1008.62,35872.0,0.164,56.8,DEGRADED,OK,PARTIAL_SHADING,v1.0,SHORT_CIRCUIT,0.2801,0.2157,0.2052,0.1327,0.1662,0.2801,CONNECTED,WARNING,2.61,0,0.0,v1.0,True,SUCCESS,LORA,POOR,41.25
REC-03537,2026-09-10T10:35:40Z,SITE-E,ESP32-E01,PV-E01,SITE-E-PAR-10,57,2.511,35.69,89.64,37.73,35.76,29.05,78.93,1008.6,35416.0,0.188,56.8,DEGRADED,OK,PARTIAL_SHADING,v1.0,SHORT_CIRCUIT,0.2662,0.2193,0.2037,0.1368,0.1739,0.2662,CONNECTED,WARNING,3.09,0,0.0,v1.0,True,SUCCESS,LORA,POOR,41.25
REC-03538,2026-09-10T10:35:45Z,SITE-E,ESP32-E01,PV-E01,SITE-E-PAR-10,58,2.545,35.1,89.33,37.62,35.95,29.03,79.02,1008.61,35096.0,0.175,56.9,DEGRADED,OK,PARTIAL_SHADING,v1.0,SHORT_CIRCUIT,0.2779,0.2185,0.2027,0.1329,0.1681,0.2779,CONNECTED,WARNING,2.19,0,0.0,v1.0,True,SUCCESS,LORA,POOR,41.25
REC-03539,2026-09-10T10:35:50Z,SITE-E,ESP32-E01,PV-E01,SITE-E-PAR-10,59,2.515,35.61,89.58,37.64,35.94,29.03,78.77,1008.56,35634.0,0.163,56.7,DEGRADED,LOST_IN_TRANSIT,PARTIAL_SHADING,v1.0,SHORT_CIRCUIT,0.2815,0.2147,0.2049,0.132,0.1669,0.2815,CONNECTED,WARNING,4.14,0,0.0,v1.0,True,SUCCESS,LORA,POOR,41.25
REC-03540,2026-09-10T10:35:55Z,SITE-E,ESP32-E01,PV-E01,SITE-E-PAR-10,60,2.544,35.74,90.92,37.67,35.82,29.03,78.38,1008.57,35496.0,0.15,57.5,DEGRADED,OK,PARTIAL_SHADING,v1.0,SHORT_CIRCUIT,0.2865,0.2116,0.2084,0.1316,0.1619,0.2865,CONNECTED,WARNING,2.3,0,0.0,v1.0,True,SUCCESS,LORA,POOR,41.25
REC-03541,2026-09-11T01:44:00Z,SITE-B,ESP32-B01,PV-B01,SITE-B-OPE-18,1,3.212,0.29,0.94,26.56,26.12,24.13,92.8,1010.34,9113.0,0.103,2.5,POOR,DUST_BASELINE_DRIFT,OPEN_CIRCUIT,v1.3,NORMAL,0.4841,0.4841,0.2603,0.0667,0.1332,0.0557,CONNECTED,NONE,3.64,3,0.7143,v1.3,True,SUCCESS,WIFI,GOOD,0.13
REC-03542,2026-09-11T01:44:05Z,SITE-B,ESP32-B01,PV-B01,SITE-B-OPE-18,2,3.206,0.17,0.53,26.53,26.02,24.13,92.65,1010.29,9250.0,0.117,1.4,POOR,DUST_BASELINE_DRIFT,OPEN_CIRCUIT,v1.3,NORMAL,0.4716,0.4716,0.2633,0.0732,0.1359,0.056,CONNECTED,NONE,4.4,3,0.7143,v1.3,True,SUCCESS,WIFI,GOOD,0.13
REC-03543,2026-09-11T01:44:10Z,SITE-B,ESP32-B01,PV-B01,SITE-B-OPE-18,3,3.205,0.22,0.72,26.49,26.04,24.15,92.74,1010.32,9350.0,0.096,1.9,POOR,DUST_BASELINE_DRIFT,OPEN_CIRCUIT,v1.3,NORMAL,0.4917,0.4917,0.2532,0.0628,0.1362,0.056,CONNECTED,NONE,3.34,3,0.7143,v1.3,True,SUCCESS,WIFI,GOOD,0.13
REC-03544,2026-09-11T01:44:15Z,SITE-B,ESP32-B01,PV-B01,SITE-B-OPE-18,4,3.204,0.0,0.0,26.5,26.11,24.14,93.19,1010.29,9360.0,0.092,0.0,POOR,DUST_BASELINE_DRIFT,OPEN_CIRCUIT,v1.3,NORMAL,0.4925,0.4925,0.2528,0.0614,0.1369,0.0563,CONNECTED,NONE,4.1,3,0.7143,v1.3,True,SUCCESS,WIFI,GOOD,0.13
REC-03545,2026-09-11T01:44:20Z,SITE-B,ESP32-B01,PV-B01,SITE-B-OPE-18,5,3.208,0.25,0.79,26.56,26.07,24.14,93.06,1010.29,9236.0,0.099,2.1,POOR,DUST_BASELINE_DRIFT,OPEN_CIRCUIT,v1.3,NORMAL,0.4871,0.4871,0.2577,0.0645,0.1348,0.0558,CONNECTED,NONE,2.13,3,0.7143,v1.3,True,SUCCESS,WIFI,GOOD,0.13
REC-03546,2026-09-11T01:44:25Z,SITE-B,ESP32-B01,PV-B01,SITE-B-OPE-18,6,3.201,0.13,0.42,26.53,26.01,24.14,92.7,1010.32,9231.0,0.11,1.1,POOR,DUST_BASELINE_DRIFT,OPEN_CIRCUIT,v1.3,NORMAL,0.4778,0.4778,0.2602,0.0697,0.136,0.0562,CONNECTED,NONE,2.96,3,0.7143,v1.3,True,SUCCESS,WIFI,GOOD,0.13
REC-03547,2026-09-11T01:44:30Z,SITE-B,ESP32-B01,PV-B01,SITE-B-OPE-18,7,3.203,0.0,0.0,26.5,26.17,24.13,92.83,1010.32,9199.0,0.097,0.0,POOR,DUST_BASELINE_DRIFT,OPEN_CIRCUIT,v1.3,NORMAL,0.4887,0.4887,0.2558,0.0642,0.1348,0.0565,CONNECTED,NONE,3.47,3,0.7143,v1.3,True,SUCCESS,WIFI,GOOD,0.13
REC-03548,2026-09-11T01:44:35Z,SITE-B,ESP32-B01,PV-B01,SITE-B-OPE-18,8,3.208,0.0,0.0,26.54,25.97,24.14,92.8,1010.31,9015.0,0.103,0.0,POOR,DUST_BASELINE_DRIFT,OPEN_CIRCUIT,v1.3,NORMAL,0.4819,0.4819,0.2591,0.0663,0.1366,0.0561,CONNECTED,NONE,3.16,3,0.7143,v1.3,True,SUCCESS,WIFI,GOOD,0.13
REC-03549,2026-09-11T01:44:40Z,SITE-B,ESP32-B01,PV-B01,SITE-B-OPE-18,9,3.204,0.11,0.35,26.47,25.8,24.14,92.67,1010.28,8902.0,0.105,0.9,POOR,DUST_BASELINE_DRIFT,OPEN_CIRCUIT,v1.3,NORMAL,0.4834,0.4834,0.2583,0.067,0.1356,0.0558,CONNECTED,NONE,4.35,3,0.7143,v1.3,True,SUCCESS,WIFI,GOOD,0.13
REC-03550,2026-09-11T01:44:45Z,SITE-B,ESP32-B01,PV-B01,SITE-B-OPE-18,10,3.197,0.34,1.1,26.52,26.06,24.15,92.4,1010.28,9038.0,0.122,3.0,POOR,DUST_BASELINE_DRIFT,OPEN_CIRCUIT,v1.3,NORMAL,0.4709,0.4709,0.2635,0.0763,0.1329,0.0564,CONNECTED,NONE,4.31,3,0.7143,v1.3,True,SUCCESS,WIFI,GOOD,0.13
REC-03551,2026-09-11T01:44:50Z,SITE-B,ESP32-B01,PV-B01,SITE-B-OPE-18,11,3.204,0.04,0.14,26.65,26.05,24.16,93.05,1010.25,9211.0,0.109,0.4,POOR,DUST_BASELINE_DRIFT,OPEN_CIRCUIT,v1.3,NORMAL,0.4746,0.4746,0.2619,0.069,0.1381,0.0564,CONNECTED,NONE,3.12,3,0.7143,v1.3,True,SUCCESS,WIFI,GOOD,0.13
REC-03552,2026-09-11T01:44:55Z,SITE-B,ESP32-B01,PV-B01,SITE-B-OPE-18,12,3.207,0.21,0.68,26.46,26.04,24.16,93.15,1010.29,9145.0,0.091,1.9,POOR,DUST_BASELINE_DRIFT,OPEN_CIRCUIT,v1.3,NORMAL,0.4972,0.4972,0.2505,0.0607,0.1355,0.0561,CONNECTED,NONE,3.59,3,0.7143,v1.3,True,SUCCESS,WIFI,GOOD,0.13
REC-03553,2026-09-11T01:45:00Z,SITE-B,ESP32-B01,PV-B01,SITE-B-OPE-18,13,3.205,0.0,0.0,26.46,26.05,24.16,92.62,1010.3,8983.0,0.078,0.0,POOR,DUST_BASELINE_DRIFT,OPEN_CIRCUIT,v1.3,NORMAL,0.5063,0.5063,0.2466,0.0555,0.1353,0.0563,CONNECTED,NONE,2.18,3,0.7143,v1.3,True,SUCCESS,WIFI,GOOD,0.13
REC-03554,2026-09-11T01:45:05Z,SITE-B,ESP32-B01,PV-B01,SITE-B-OPE-18,14,3.196,0.0,0.0,26.4,25.98,24.17,92.6,1010.31,8921.0,0.102,0.0,POOR,DUST_BASELINE_DRIFT,OPEN_CIRCUIT,v1.3,NORMAL,0.4888,0.4888,0.252,0.0658,0.1363,0.057,CONNECTED,NONE,3.12,3,0.7143,v1.3,True,SUCCESS,WIFI,GOOD,0.13
REC-03555,2026-09-11T01:45:10Z,SITE-B,ESP32-B01,PV-B01,SITE-B-OPE-18,15,3.21,0.34,1.1,26.48,26.11,24.16,93.07,1010.25,9261.0,0.093,3.0,POOR,DUST_BASELINE_DRIFT,OPEN_CIRCUIT,v1.3,NORMAL,0.496,0.496,0.2514,0.0616,0.135,0.056,CONNECTED,NONE,2.68,3,0.7143,v1.3,True,SUCCESS,WIFI,GOOD,0.13
REC-03556,2026-09-11T01:45:15Z,SITE-B,ESP32-B01,PV-B01,SITE-B-OPE-18,16,3.204,0.0,0.0,26.53,25.92,24.15,92.6,1010.29,9013.0,0.095,0.0,POOR,DUST_BASELINE_DRIFT,OPEN_CIRCUIT,v1.3,NORMAL,0.4893,0.4893,0.2554,0.0625,0.1367,0.0561,CONNECTED,NONE,3.26,3,0.7143,v1.3,True,SUCCESS,WIFI,GOOD,0.13
REC-03557,2026-09-11T01:45:20Z,SITE-B,ESP32-B01,PV-B01,SITE-B-OPE-18,17,3.206,0.81,2.59,26.46,26.03,24.15,92.38,1010.28,9076.0,0.09,7.2,POOR,DUST_BASELINE_DRIFT,OPEN_CIRCUIT,v1.3,NORMAL,0.504,0.504,0.2517,0.0605,0.1287,0.0551,CONNECTED,NONE,4.01,3,0.7143,v1.3,True,SUCCESS,WIFI,GOOD,0.13
REC-03558,2026-09-11T01:45:25Z,SITE-B,ESP32-B01,PV-B01,SITE-B-OPE-18,18,3.21,0.21,0.68,26.39,25.96,24.15,92.67,1010.29,8783.0,0.095,1.9,POOR,TEMP1_SENTINEL_-127|DUST_BASELINE_DRIFT,OPEN_CIRCUIT,v1.3,NORMAL,0.496,0.496,0.2519,0.0627,0.1335,0.056,CONNECTED,NONE,2.95,3,0.7143,v1.3,True,SUCCESS,WIFI,GOOD,0.13
REC-03559,2026-09-11T01:45:30Z,SITE-B,ESP32-B01,PV-B01,SITE-B-OPE-18,19,3.204,0.0,0.0,26.52,26.1,24.17,93.21,1010.33,8964.0,0.095,0.0,POOR,TEMP1_SENTINEL_-127|DUST_BASELINE_DRIFT,OPEN_CIRCUIT,v1.3,NORMAL,0.4909,0.4909,0.2532,0.0628,0.1364,0.0568,CONNECTED,NONE,3.46,3,0.7143,v1.3,True,SUCCESS,WIFI,GOOD,0.13
REC-03560,2026-09-11T01:45:35Z,SITE-B,ESP32-B01,PV-B01,SITE-B-OPE-18,20,3.196,0.0,0.0,26.53,25.96,24.17,92.64,1010.33,9160.0,0.099,0.0,POOR,TEMP1_SENTINEL_-127|DUST_BASELINE_DRIFT,OPEN_CIRCUIT,v1.3,NORMAL,0.4868,0.4868,0.2543,0.0642,0.138,0.0567,CONNECTED,NONE,2.19,3,0.7143,v1.3,True,SUCCESS,WIFI,GOOD,0.13
REC-03561,2026-09-11T01:45:40Z,SITE-B,ESP32-B01,PV-B01,SITE-B-OPE-18,21,3.214,0.35,1.14,26.54,26.02,24.17,92.61,1010.32,8788.0,0.093,3.1,POOR,TEMP1_SENTINEL_-127|DUST_BASELINE_DRIFT,OPEN_CIRCUIT,v1.3,NORMAL,0.4949,0.4949,0.2542,0.0616,0.1334,0.0558,CONNECTED,NONE,3.83,3,0.7143,v1.3,True,SUCCESS,WIFI,GOOD,0.13
REC-03562,2026-09-11T01:45:45Z,SITE-B,ESP32-B01,PV-B01,SITE-B-OPE-18,22,3.194,0.07,0.23,26.41,26.04,24.17,92.66,1010.29,8977.0,0.093,0.6,POOR,TEMP1_SENTINEL_-127|DUST_BASELINE_DRIFT,OPEN_CIRCUIT,v1.3,NORMAL,0.4971,0.4971,0.2492,0.0619,0.1349,0.0569,CONNECTED,NONE,4.09,3,0.7143,v1.3,True,SUCCESS,WIFI,GOOD,0.13
REC-03563,2026-09-11T01:45:50Z,SITE-B,ESP32-B01,PV-B01,SITE-B-OPE-18,23,3.203,0.31,0.99,26.62,26.05,24.18,92.45,1010.28,9066.0,0.105,2.7,POOR,TEMP1_SENTINEL_-127|DUST_BASELINE_DRIFT,OPEN_CIRCUIT,v1.3,NORMAL,0.4824,0.4824,0.2586,0.0671,0.1355,0.0564,CONNECTED,NONE,2.75,3,0.7143,v1.3,True,SUCCESS,WIFI,GOOD,0.13
REC-03564,2026-09-11T01:45:55Z,SITE-B,ESP32-B01,PV-B01,SITE-B-OPE-18,24,3.212,0.0,0.0,26.47,25.98,24.17,92.4,1010.33,9260.0,0.1,0.0,POOR,TEMP1_SENTINEL_-127|DUST_BASELINE_DRIFT,OPEN_CIRCUIT,v1.3,NORMAL,0.4865,0.4865,0.2524,0.0641,0.1406,0.0564,CONNECTED,NONE,3.67,3,0.7143,v1.3,True,SUCCESS,WIFI,GOOD,0.13
REC-03565,2026-09-11T01:46:00Z,SITE-B,ESP32-B01,PV-B01,SITE-B-OPE-18,25,3.202,0.29,0.93,26.43,26.07,24.16,92.72,1010.34,9184.0,0.1,2.5,POOR,TEMP1_SENTINEL_-127|DUST_BASELINE_DRIFT,OPEN_CIRCUIT,v1.3,NORMAL,0.4917,0.4917,0.2523,0.0649,0.1347,0.0564,CONNECTED,NONE,4.22,3,0.7143,v1.3,True,SUCCESS,WIFI,GOOD,0.13
REC-03566,2026-09-11T01:46:05Z,SITE-B,ESP32-B01,PV-B01,SITE-B-OPE-18,26,3.202,0.11,0.35,26.6,26.05,24.15,92.38,1010.34,9294.0,0.1,1.0,POOR,TEMP1_SENTINEL_-127|DUST_BASELINE_DRIFT,OPEN_CIRCUIT,v1.3,NORMAL,0.4841,0.4841,0.2581,0.0649,0.1367,0.0562,CONNECTED,NONE,3.6,3,0.7143,v1.3,True,SUCCESS,WIFI,GOOD,0.13
REC-03567,2026-09-11T01:46:10Z,SITE-B,ESP32-B01,PV-B01,SITE-B-OPE-18,27,3.204,0.16,0.51,26.63,26.08,24.18,92.68,1010.3,9144.0,0.091,1.4,POOR,DUST_BASELINE_DRIFT,OPEN_CIRCUIT,v1.3,NORMAL,0.4922,0.4922,0.254,0.0607,0.1367,0.0564,CONNECTED,NONE,4.2,3,0.7143,v1.3,True,SUCCESS,WIFI,GOOD,0.13
REC-03568,2026-09-11T01:46:15Z,SITE-B,ESP32-B01,PV-B01,SITE-B-OPE-18,28,3.204,0.33,1.05,26.5,26.18,24.18,92.88,1010.29,9155.0,0.114,2.9,POOR,DUST_BASELINE_DRIFT,OPEN_CIRCUIT,v1.3,NORMAL,0.4788,0.4788,0.2571,0.0717,0.1355,0.0569,CONNECTED,NONE,2.64,3,0.7143,v1.3,True,SUCCESS,WIFI,GOOD,0.13
REC-03569,2026-09-11T01:46:20Z,SITE-B,ESP32-B01,PV-B01,SITE-B-OPE-18,29,3.2,0.2,0.64,26.46,26.07,24.18,92.91,1010.31,8852.0,0.12,1.8,POOR,DUST_BASELINE_DRIFT,OPEN_CIRCUIT,v1.3,NORMAL,0.474,0.474,0.2588,0.0749,0.1352,0.0571,CONNECTED,NONE,4.4,3,0.7143,v1.3,True,SUCCESS,WIFI,GOOD,0.13
REC-03570,2026-09-11T01:46:25Z,SITE-B,ESP32-B01,PV-B01,SITE-B-OPE-18,30,3.202,0.3,0.97,26.59,26.01,24.18,92.76,1010.31,8888.0,0.112,2.7,POOR,DUST_BASELINE_DRIFT,OPEN_CIRCUIT,v1.3,NORMAL,0.4775,0.4775,0.2606,0.0706,0.1349,0.0565,CONNECTED,NONE,2.98,3,0.7143,v1.3,True,SUCCESS,WIFI,GOOD,0.13
REC-03571,2026-09-11T01:46:30Z,SITE-B,ESP32-B01,PV-B01,SITE-B-OPE-18,31,3.211,0.0,0.0,26.45,26.24,24.17,92.44,1010.28,9312.0,0.082,0.0,POOR,DUST_BASELINE_DRIFT,OPEN_CIRCUIT,v1.3,NORMAL,0.5031,0.5031,0.2454,0.057,0.1378,0.0568,CONNECTED,NONE,2.49,3,0.7143,v1.3,True,SUCCESS,WIFI,GOOD,0.13
REC-03572,2026-09-11T01:46:35Z,SITE-B,ESP32-B01,PV-B01,SITE-B-OPE-18,32,3.203,0.28,0.89,26.76,26.17,24.19,92.68,1010.28,9040.0,0.093,2.4,POOR,DUST_BASELINE_DRIFT,OPEN_CIRCUIT,v1.3,NORMAL,0.4886,0.4886,0.2582,0.0619,0.1349,0.0564,CONNECTED,NONE,3.41,3,0.7143,v1.3,True,SUCCESS,WIFI,GOOD,0.13
REC-03573,2026-09-11T01:46:40Z,SITE-B,ESP32-B01,PV-B01,SITE-B-OPE-18,33,3.209,0.06,0.2,26.46,26.12,24.17,92.9,1010.38,9011.0,0.107,0.6,POOR,DUST_BASELINE_DRIFT,OPEN_CIRCUIT,v1.3,NORMAL,0.4828,0.4828,0.255,0.0682,0.1371,0.0569,CONNECTED,NONE,2.99,3,0.7143,v1.3,True,SUCCESS,WIFI,GOOD,0.13
REC-03574,2026-09-11T01:46:45Z,SITE-B,ESP32-B01,PV-B01,SITE-B-OPE-18,34,3.202,0.0,0.0,26.58,26.07,24.17,92.99,1010.28,8804.0,0.092,0.0,POOR,DUST_BASELINE_DRIFT,OPEN_CIRCUIT,v1.3,NORMAL,0.4919,0.4919,0.2547,0.0616,0.1351,0.0567,CONNECTED,NONE,4.11,3,0.7143,v1.3,True,SUCCESS,WIFI,GOOD,0.13
REC-03575,2026-09-11T01:46:50Z,SITE-B,ESP32-B01,PV-B01,SITE-B-OPE-18,35,3.214,0.0,0.0,26.54,26.14,24.17,92.72,1010.32,9316.0,0.093,0.0,POOR,DUST_BASELINE_DRIFT,OPEN_CIRCUIT,v1.3,NORMAL,0.4906,0.4906,0.2519,0.0613,0.1397,0.0565,CONNECTED,NONE,3.73,3,0.7143,v1.3,True,SUCCESS,WIFI,GOOD,0.13
REC-03576,2026-09-11T01:46:55Z,SITE-B,ESP32-B01,PV-B01,SITE-B-OPE-18,36,3.211,0.0,0.0,26.49,25.93,24.16,92.59,1010.27,8985.0,0.086,0.0,POOR,DUST_BASELINE_DRIFT,OPEN_CIRCUIT,v1.3,NORMAL,0.4979,0.4979,0.2504,0.0583,0.1374,0.056,CONNECTED,NONE,4.03,3,0.7143,v1.3,True,SUCCESS,WIFI,GOOD,0.13
REC-03577,2026-09-11T01:47:00Z,SITE-B,ESP32-B01,PV-B01,SITE-B-OPE-18,37,3.207,0.24,0.77,26.5,26.23,24.16,92.82,1010.29,9065.0,0.096,2.1,POOR,DUST_BASELINE_DRIFT,OPEN_CIRCUIT,v1.3,NORMAL,0.4929,0.4929,0.2534,0.0635,0.1336,0.0566,CONNECTED,NONE,2.81,3,0.7143,v1.3,True,SUCCESS,WIFI,GOOD,0.13
REC-03578,2026-09-11T01:47:05Z,SITE-B,ESP32-B01,PV-B01,SITE-B-OPE-18,38,3.21,0.22,0.7,26.66,26.17,24.14,92.69,1010.26,9324.0,0.092,1.9,POOR,DUST_BASELINE_DRIFT,OPEN_CIRCUIT,v1.3,NORMAL,0.4897,0.4897,0.2581,0.0616,0.1348,0.0558,CONNECTED,NONE,3.56,3,0.7143,v1.3,True,SUCCESS,WIFI,GOOD,0.13
REC-03579,2026-09-11T01:47:10Z,SITE-B,ESP32-B01,PV-B01,SITE-B-OPE-18,39,3.214,0.25,0.81,26.6,26.09,24.16,92.49,1010.26,8829.0,0.076,2.2,POOR,DUST_BASELINE_DRIFT,OPEN_CIRCUIT,v1.3,NORMAL,0.506,0.506,0.2509,0.0549,0.1325,0.0556,CONNECTED,NONE,4.14,3,0.7143,v1.3,True,SUCCESS,WIFI,GOOD,0.13
REC-03580,2026-09-11T01:47:15Z,SITE-B,ESP32-B01,PV-B01,SITE-B-OPE-18,40,3.202,0.15,0.49,26.51,26.17,24.16,92.89,1010.31,9360.0,0.112,1.3,POOR,DUST_BASELINE_DRIFT,OPEN_CIRCUIT,v1.3,NORMAL,0.4777,0.4777,0.2577,0.0707,0.1371,0.0568,CONNECTED,NONE,3.7,3,0.7143,v1.3,True,SUCCESS,WIFI,GOOD,0.13
REC-03581,2026-09-11T01:47:20Z,SITE-B,ESP32-B01,PV-B01,SITE-B-OPE-18,41,3.201,0.0,0.0,26.53,26.15,24.17,92.81,1010.3,9043.0,0.104,0.0,POOR,DUST_BASELINE_DRIFT,OPEN_CIRCUIT,v1.3,NORMAL,0.4832,0.4832,0.256,0.067,0.1366,0.0571,CONNECTED,NONE,2.41,3,0.7143,v1.3,True,SUCCESS,WIFI,GOOD,0.13
REC-03582,2026-09-11T01:47:25Z,SITE-B,ESP32-B01,PV-B01,SITE-B-OPE-18,42,3.208,0.0,0.0,26.51,26.02,24.16,92.47,1010.35,9133.0,0.087,0.0,POOR,DUST_BASELINE_DRIFT,OPEN_CIRCUIT,v1.3,NORMAL,0.4967,0.4967,0.2507,0.0589,0.1375,0.0562,CONNECTED,NONE,3.78,3,0.7143,v1.3,True,SUCCESS,WIFI,GOOD,0.13
REC-03583,2026-09-11T01:47:30Z,SITE-B,ESP32-B01,PV-B01,SITE-B-OPE-18,43,3.2,0.0,0.0,26.65,26.12,24.18,92.61,1010.29,9024.0,0.109,0.0,POOR,DUST_BASELINE_DRIFT,OPEN_CIRCUIT,v1.3,NORMAL,0.4755,0.4755,0.2606,0.0693,0.1375,0.0571,CONNECTED,NONE,4.66,3,0.7143,v1.3,True,SUCCESS,WIFI,GOOD,0.13
REC-03584,2026-09-11T01:47:35Z,SITE-B,ESP32-B01,PV-B01,SITE-B-OPE-18,44,3.198,0.14,0.45,26.65,26.13,24.18,92.74,1010.29,8930.0,0.101,1.2,POOR,DUST_BASELINE_DRIFT,OPEN_CIRCUIT,v1.3,NORMAL,0.4841,0.4841,0.2585,0.0657,0.1348,0.0569,CONNECTED,NONE,3.8,3,0.7143,v1.3,True,SUCCESS,WIFI,GOOD,0.13
REC-03585,2026-09-11T01:47:40Z,SITE-B,ESP32-B01,PV-B01,SITE-B-OPE-18,45,3.198,0.76,2.45,26.62,26.09,24.19,92.34,1010.29,9008.0,0.112,6.6,POOR,DUST_BASELINE_DRIFT,OPEN_CIRCUIT,v1.3,NORMAL,0.4818,0.4818,0.2604,0.0707,0.131,0.0561,CONNECTED,NONE,3.81,3,0.7143,v1.3,True,SUCCESS,WIFI,GOOD,0.13
REC-03586,2026-09-11T01:47:45Z,SITE-B,ESP32-B01,PV-B01,SITE-B-OPE-18,46,3.207,0.0,0.0,26.6,26.09,24.19,92.58,1010.26,9000.0,0.107,0.0,POOR,DUST_BASELINE_DRIFT,OPEN_CIRCUIT,v1.3,NORMAL,0.4784,0.4784,0.2577,0.0679,0.139,0.057,CONNECTED,NONE,2.33,3,0.7143,v1.3,True,SUCCESS,WIFI,GOOD,0.13
REC-03587,2026-09-11T01:47:50Z,SITE-B,ESP32-B01,PV-B01,SITE-B-OPE-18,47,3.196,0.0,0.0,26.64,26.19,24.19,92.99,1010.31,8975.0,0.092,0.0,POOR,DUST_BASELINE_DRIFT,OPEN_CIRCUIT,v1.3,NORMAL,0.491,0.491,0.254,0.0617,0.136,0.0573,CONNECTED,NONE,4.15,3,0.7143,v1.3,True,SUCCESS,WIFI,GOOD,0.13
REC-03588,2026-09-11T01:47:55Z,SITE-B,ESP32-B01,PV-B01,SITE-B-OPE-18,48,3.204,0.11,0.36,26.44,26.12,24.2,92.65,1010.28,9331.0,0.107,1.0,POOR,DUST_BASELINE_DRIFT,OPEN_CIRCUIT,v1.3,NORMAL,0.4843,0.4843,0.2506,0.0674,0.1403,0.0573,CONNECTED,NONE,3.46,3,0.7143,v1.3,True,SUCCESS,WIFI,GOOD,0.13
REC-03589,2026-09-11T01:48:00Z,SITE-B,ESP32-B01,PV-B01,SITE-B-OPE-18,49,3.189,0.17,0.54,26.6,26.25,24.24,92.56,1010.25,8976.0,0.107,1.5,POOR,DUST_BASELINE_DRIFT,OPEN_CIRCUIT,v1.3,NORMAL,0.4831,0.4831,0.2532,0.0682,0.1372,0.0583,CONNECTED,NONE,3.8,3,0.7143,v1.3,True,SUCCESS,WIFI,GOOD,0.13
REC-03590,2026-09-11T01:48:05Z,SITE-B,ESP32-B01,PV-B01,SITE-B-OPE-18,50,3.208,0.0,0.0,26.65,26.04,24.23,93.12,1010.32,8825.0,0.111,0.0,POOR,DUST_BASELINE_DRIFT,OPEN_CIRCUIT,v1.3,NORMAL,0.4745,0.4745,0.2577,0.0693,0.1412,0.0574,CONNECTED,NONE,4.37,3,0.7143,v1.3,True,SUCCESS,WIFI,GOOD,0.13
REC-03591,2026-09-11T01:48:10Z,SITE-B,ESP32-B01,PV-B01,SITE-B-OPE-18,51,3.208,0.16,0.53,26.57,26.12,24.23,92.9,1010.27,8793.0,0.11,1.4,POOR,DUST_BASELINE_DRIFT,OPEN_CIRCUIT,v1.3,NORMAL,0.4798,0.4798,0.255,0.0691,0.1387,0.0575,CONNECTED,NONE,2.93,3,0.7143,v1.3,True,SUCCESS,WIFI,GOOD,0.13
REC-03592,2026-09-11T01:48:15Z,SITE-B,ESP32-B01,PV-B01,SITE-B-OPE-18,52,3.204,0.23,0.73,26.56,26.01,24.22,93.01,1010.3,9138.0,0.121,2.0,POOR,DUST_BASELINE_DRIFT,OPEN_CIRCUIT,v1.3,NORMAL,0.4703,0.4703,0.2579,0.0741,0.1407,0.0571,CONNECTED,NONE,3.44,3,0.7143,v1.3,True,SUCCESS,WIFI,GOOD,0.13
REC-03593,2026-09-11T01:48:20Z,SITE-B,ESP32-B01,PV-B01,SITE-B-OPE-18,53,3.211,0.07,0.22,26.51,26.15,24.22,92.56,1010.3,8814.0,0.11,0.6,POOR,DUST_BASELINE_DRIFT,OPEN_CIRCUIT,v1.3,NORMAL,0.4803,0.4803,0.2538,0.0692,0.1392,0.0576,CONNECTED,NONE,4.23,3,0.7143,v1.3,True,SUCCESS,WIFI,GOOD,0.13
REC-03594,2026-09-11T01:48:25Z,SITE-B,ESP32-B01,PV-B01,SITE-B-OPE-18,54,3.209,0.65,2.09,26.52,26.01,24.22,92.71,1010.3,9037.0,0.092,5.7,POOR,DUST_BASELINE_DRIFT,OPEN_CIRCUIT,v1.3,NORMAL,0.5003,0.5003,0.2482,0.0604,0.1351,0.0561,CONNECTED,NONE,4.69,3,0.7143,v1.3,True,SUCCESS,WIFI,GOOD,0.13
REC-03595,2026-09-11T01:48:30Z,SITE-B,ESP32-B01,PV-B01,SITE-B-OPE-18,55,3.201,0.0,0.0,26.51,26.11,24.24,92.8,1010.26,9353.0,0.102,0.0,POOR,DUST_BASELINE_DRIFT,OPEN_CIRCUIT,v1.3,NORMAL,0.4861,0.4861,0.2476,0.0646,0.1438,0.0579,CONNECTED,NONE,4.44,3,0.7143,v1.3,True,SUCCESS,WIFI,GOOD,0.13
REC-03596,2026-09-11T01:48:35Z,SITE-B,ESP32-B01,PV-B01,SITE-B-OPE-18,56,3.201,0.55,1.75,26.59,26.19,24.24,92.87,1010.33,9101.0,0.09,4.8,POOR,DUST_BASELINE_DRIFT,OPEN_CIRCUIT,v1.3,NORMAL,0.5003,0.5003,0.2474,0.0599,0.1354,0.057,CONNECTED,NONE,3.17,3,0.7143,v1.3,True,SUCCESS,WIFI,GOOD,0.13
REC-03597,2026-09-11T01:48:40Z,SITE-B,ESP32-B01,PV-B01,SITE-B-OPE-18,57,3.21,0.0,0.0,26.55,26.12,24.25,93.49,1010.27,9139.0,0.112,0.0,POOR,DUST_BASELINE_DRIFT,OPEN_CIRCUIT,v1.3,NORMAL,0.4765,0.4765,0.2518,0.0692,0.1445,0.0579,CONNECTED,NONE,2.19,3,0.7143,v1.3,True,SUCCESS,WIFI,GOOD,0.13
REC-03598,2026-09-11T01:48:45Z,SITE-B,ESP32-B01,PV-B01,SITE-B-OPE-18,58,3.209,0.0,0.0,26.46,26.05,24.23,92.83,1010.22,9051.0,0.091,0.0,POOR,DUST_BASELINE_DRIFT,OPEN_CIRCUIT,v1.3,NORMAL,0.4965,0.4965,0.2446,0.0598,0.1418,0.0573,CONNECTED,NONE,2.93,3,0.7143,v1.3,True,SUCCESS,WIFI,GOOD,0.13
REC-03599,2026-09-11T01:48:50Z,SITE-B,ESP32-B01,PV-B01,SITE-B-OPE-18,59,3.204,0.03,0.09,26.66,26.2,24.23,93.13,1010.32,9112.0,0.122,0.3,POOR,DUST_BASELINE_DRIFT,OPEN_CIRCUIT,v1.3,NORMAL,0.4653,0.4653,0.26,0.0751,0.1417,0.0579,CONNECTED,NONE,4.5,3,0.7143,v1.3,True,SUCCESS,WIFI,GOOD,0.13
REC-03600,2026-09-11T01:48:55Z,SITE-B,ESP32-B01,PV-B01,SITE-B-OPE-18,60,3.197,0.5,1.61,26.64,26.15,24.22,93.49,1010.31,9100.0,0.097,4.4,POOR,DUST_BASELINE_DRIFT,OPEN_CIRCUIT,v1.3,NORMAL,0.4921,0.4921,0.253,0.0633,0.1348,0.0568,CONNECTED,NONE,3.92,3,0.7143,v1.3,True,SUCCESS,WIFI,GOOD,0.13
REC-03601,2026-09-11T02:21:00Z,SITE-E,ESP32-E01,PV-E01,SITE-E-NOR-08,1,2.743,47.27,129.67,33.6,33.08,25.53,85.01,1009.61,32180.0,0.115,85.5,GOOD,OK,NORMAL,v1.3,NORMAL,0.6516,0.6516,0.2084,0.0327,0.058,0.0493,CONNECTED,NONE,3.56,3,0.7143,v1.3,True,SUCCESS,LORA,POOR,16.95
REC-03602,2026-09-11T02:21:05Z,SITE-E,ESP32-E01,PV-E01,SITE-E-NOR-08,2,2.728,47.49,129.53,33.62,33.02,25.53,84.92,1009.62,32471.0,0.131,85.6,GOOD,OK,NORMAL,v1.3,NORMAL,0.6395,0.6395,0.2156,0.0358,0.0591,0.0501,CONNECTED,NONE,3.96,3,0.7143,v1.3,True,SUCCESS,LORA,POOR,16.95
REC-03603,2026-09-11T02:21:10Z,SITE-E,ESP32-E01,PV-E01,SITE-E-NOR-08,3,2.764,47.2,130.47,33.55,33.0,25.53,85.11,1009.67,32331.0,0.12,86.3,GOOD,OK,NORMAL,v1.3,NORMAL,0.6544,0.6544,0.2049,0.0334,0.0599,0.0474,CONNECTED,NONE,4.12,3,0.7143,v1.3,True,SUCCESS,LORA,POOR,16.95
REC-03604,2026-09-11T02:21:15Z,SITE-E,ESP32-E01,PV-E01,SITE-E-NOR-08,4,2.764,47.23,130.53,33.63,33.06,25.53,84.91,1009.69,32350.0,0.136,86.1,GOOD,OK,NORMAL,v1.3,NORMAL,0.6418,0.6418,0.2133,0.0371,0.0603,0.0475,CONNECTED,NONE,3.73,3,0.7143,v1.3,True,SUCCESS,LORA,POOR,16.95
REC-03605,2026-09-11T02:21:20Z,SITE-E,ESP32-E01,PV-E01,SITE-E-NOR-08,5,2.763,47.16,130.3,33.55,33.02,25.53,85.26,1009.65,32311.0,0.139,85.8,GOOD,OK,NORMAL,v1.3,NORMAL,0.6424,0.6424,0.212,0.0377,0.0606,0.0473,CONNECTED,NONE,3.06,3,0.7143,v1.3,True,SUCCESS,LORA,POOR,16.95
REC-03606,2026-09-11T02:21:25Z,SITE-E,ESP32-E01,PV-E01,SITE-E-NOR-08,6,2.762,47.05,129.92,33.54,33.13,25.53,84.52,1009.61,32454.0,0.144,85.5,GOOD,TEMP1_MISSING_-999,NORMAL,v1.3,NORMAL,0.6384,0.6384,0.214,0.0391,0.0608,0.0477,CONNECTED,NONE,3.22,3,0.7143,v1.3,True,SUCCESS,LORA,POOR,16.95
REC-03607,2026-09-11T02:21:30Z,SITE-E,ESP32-E01,PV-E01,SITE-E-NOR-08,7,2.75,47.91,131.74,33.64,33.09,25.53,84.84,1009.65,32665.0,0.126,86.4,GOOD,OK,NORMAL,v1.3,NORMAL,0.6493,0.6493,0.2087,0.0341,0.0596,0.0483,CONNECTED,NONE,2.32,3,0.7143,v1.3,True,SUCCESS,LORA,POOR,16.95
REC-03608,2026-09-11T02:21:35Z,SITE-E,ESP32-E01,PV-E01,SITE-E-NOR-08,8,2.765,46.22,127.81,33.54,33.09,25.54,85.61,1009.71,32321.0,0.14,84.0,GOOD,OK,NORMAL,v1.3,NORMAL,0.6363,0.6363,0.215,0.0391,0.0615,0.0481,CONNECTED,NONE,2.17,3,0.7143,v1.3,True,SUCCESS,LORA,POOR,16.95
REC-03609,2026-09-11T02:21:40Z,SITE-E,ESP32-E01,PV-E01,SITE-E-NOR-08,9,2.751,47.68,131.15,33.62,33.12,25.56,84.81,1009.64,32448.0,0.145,86.2,GOOD,OK,NORMAL,v1.3,NORMAL,0.6393,0.6393,0.2133,0.0389,0.0604,0.0481,CONNECTED,NONE,3.45,3,0.7143,v1.3,True,SUCCESS,LORA,POOR,16.95
REC-03610,2026-09-11T02:21:45Z,SITE-E,ESP32-E01,PV-E01,SITE-E-NOR-08,10,2.749,48.35,132.9,33.51,33.0,25.56,84.93,1009.68,32577.0,0.115,87.4,GOOD,OK,NORMAL,v1.3,NORMAL,0.6657,0.6657,0.196,0.0313,0.0595,0.0475,CONNECTED,NONE,3.58,3,0.7143,v1.3,True,SUCCESS,LORA,POOR,16.95
REC-03611,2026-09-11T02:21:50Z,SITE-E,ESP32-E01,PV-E01,SITE-E-NOR-08,11,2.768,46.69,129.25,33.54,33.04,25.57,84.74,1009.62,32130.0,0.137,85.0,GOOD,OK,NORMAL,v1.3,NORMAL,0.6446,0.6446,0.2089,0.038,0.0613,0.0472,CONNECTED,NONE,4.52,3,0.7143,v1.3,True,SUCCESS,LORA,POOR,16.95
REC-03612,2026-09-11T02:21:55Z,SITE-E,ESP32-E01,PV-E01,SITE-E-NOR-08,12,2.761,47.15,130.21,33.66,32.94,25.57,85.1,1009.64,32374.0,0.141,85.8,GOOD,OK,NORMAL,v1.3,NORMAL,0.6395,0.6395,0.2128,0.0384,0.0621,0.0473,CONNECTED,NONE,3.45,3,0.7143,v1.3,True,SUCCESS,LORA,POOR,16.95
REC-03613,2026-09-11T02:22:00Z,SITE-E,ESP32-E01,PV-E01,SITE-E-NOR-08,13,2.762,47.09,130.04,33.67,33.14,25.56,84.78,1009.66,32325.0,0.128,85.7,GOOD,OK,NORMAL,v1.3,NORMAL,0.6458,0.6458,0.2102,0.0357,0.0602,0.0481,CONNECTED,NONE,2.34,3,0.7143,v1.3,True,SUCCESS,LORA,POOR,16.95
REC-03614,2026-09-11T02:22:05Z,SITE-E,ESP32-E01,PV-E01,SITE-E-NOR-08,14,2.739,47.43,129.91,33.51,32.99,25.57,84.94,1009.65,32373.0,0.119,85.6,GOOD,OK,NORMAL,v1.3,NORMAL,0.6557,0.6557,0.2024,0.0331,0.0599,0.0489,CONNECTED,NONE,3.7,3,0.7143,v1.3,True,SUCCESS,LORA,POOR,16.95
REC-03615,2026-09-11T02:22:10Z,SITE-E,ESP32-E01,PV-E01,SITE-E-NOR-08,15,2.774,47.22,130.98,33.61,33.07,25.57,85.25,1009.62,32215.0,0.14,86.5,GOOD,OK,NORMAL,v1.3,NORMAL,0.6451,0.6451,0.2089,0.0382,0.0613,0.0465,CONNECTED,NONE,3.5,3,0.7143,v1.3,True,SUCCESS,LORA,POOR,16.95
REC-03616,2026-09-11T02:22:15Z,SITE-E,ESP32-E01,PV-E01,SITE-E-NOR-08,16,2.761,47.39,130.83,33.54,33.11,25.55,84.79,1009.62,32389.0,0.119,86.2,GOOD,OK,NORMAL,v1.3,NORMAL,0.6573,0.6573,0.2022,0.0332,0.0597,0.0477,CONNECTED,NONE,2.28,3,0.7143,v1.3,True,SUCCESS,LORA,POOR,16.95
REC-03617,2026-09-11T02:22:20Z,SITE-E,ESP32-E01,PV-E01,SITE-E-NOR-08,17,2.764,47.12,130.24,33.56,33.1,25.55,85.24,1009.67,32562.0,0.129,86.1,GOOD,OK,NORMAL,v1.3,NORMAL,0.6492,0.6492,0.2066,0.0355,0.0611,0.0476,CONNECTED,NONE,2.81,3,0.7143,v1.3,True,SUCCESS,LORA,POOR,16.95
REC-03618,2026-09-11T02:22:25Z,SITE-E,ESP32-E01,PV-E01,SITE-E-NOR-08,18,2.773,47.12,130.67,33.69,32.99,25.55,85.25,1009.68,32204.0,0.131,86.4,GOOD,OK,NORMAL,v1.3,NORMAL,0.6453,0.6453,0.2109,0.0362,0.0608,0.0468,CONNECTED,NONE,3.33,3,0.7143,v1.3,True,SUCCESS,LORA,POOR,16.95
REC-03619,2026-09-11T02:22:30Z,SITE-E,ESP32-E01,PV-E01,SITE-E-NOR-08,19,2.749,47.19,129.71,33.63,33.06,25.54,85.32,1009.69,32267.0,0.138,85.9,GOOD,OK,NORMAL,v1.3,NORMAL,0.6379,0.6379,0.2159,0.0378,0.0598,0.0486,CONNECTED,NONE,3.26,3,0.7143,v1.3,True,SUCCESS,LORA,POOR,16.95
REC-03620,2026-09-11T02:22:35Z,SITE-E,ESP32-E01,PV-E01,SITE-E-NOR-08,20,2.765,47.97,132.67,33.64,33.21,25.56,85.04,1009.69,32558.0,0.125,87.7,GOOD,OK,NORMAL,v1.3,NORMAL,0.6557,0.6557,0.2034,0.034,0.0597,0.0473,CONNECTED,NONE,3.88,3,0.7143,v1.3,True,SUCCESS,LORA,POOR,16.95
REC-03621,2026-09-11T02:22:40Z,SITE-E,ESP32-E01,PV-E01,SITE-E-NOR-08,21,2.766,46.82,129.48,33.69,33.17,25.56,85.97,1009.64,31970.0,0.124,86.2,GOOD,OK,NORMAL,v1.3,NORMAL,0.6465,0.6465,0.2109,0.0354,0.0591,0.0481,CONNECTED,NONE,4.56,3,0.7143,v1.3,True,SUCCESS,LORA,POOR,16.95
REC-03622,2026-09-11T02:22:45Z,SITE-E,ESP32-E01,PV-E01,SITE-E-NOR-08,22,2.766,46.86,129.62,33.5,33.13,25.57,85.32,1009.63,32411.0,0.132,86.0,GOOD,OK,NORMAL,v1.3,NORMAL,0.6497,0.6497,0.2049,0.0365,0.0614,0.0475,CONNECTED,NONE,2.76,3,0.7143,v1.3,True,SUCCESS,LORA,POOR,16.95
REC-03623,2026-09-11T02:22:50Z,SITE-E,ESP32-E01,PV-E01,SITE-E-NOR-08,23,2.773,46.12,127.88,33.46,33.07,25.57,85.1,1009.68,32074.0,0.141,85.1,GOOD,OK,NORMAL,v1.3,NORMAL,0.6419,0.6419,0.2094,0.0395,0.062,0.0472,CONNECTED,NONE,4.63,3,0.7143,v1.3,True,SUCCESS,LORA,POOR,16.95
REC-03624,2026-09-11T02:22:55Z,SITE-E,ESP32-E01,PV-E01,SITE-E-NOR-08,24,2.761,46.79,129.2,33.5,32.98,25.58,84.74,1009.66,32459.0,0.154,85.6,GOOD,OK,NORMAL,v1.3,NORMAL,0.6353,0.6353,0.2122,0.0418,0.0634,0.0472,CONNECTED,NONE,4.46,3,0.7143,v1.3,True,SUCCESS,LORA,POOR,16.95
REC-03625,2026-09-11T02:23:00Z,SITE-E,ESP32-E01,PV-E01,SITE-E-NOR-08,25,2.734,47.6,130.13,33.53,33.1,25.57,84.97,1009.61,32258.0,0.116,86.4,GOOD,OK,NORMAL,v1.3,NORMAL,0.6569,0.6569,0.2026,0.0326,0.0584,0.0496,CONNECTED,NONE,2.95,3,0.7143,v1.3,True,SUCCESS,LORA,POOR,16.95
REC-03626,2026-09-11T02:23:05Z,SITE-E,ESP32-E01,PV-E01,SITE-E-NOR-08,26,2.744,46.78,128.38,33.36,33.04,25.57,85.43,1009.61,32187.0,0.134,85.2,GOOD,OK,NORMAL,v1.3,NORMAL,0.6489,0.6489,0.2049,0.0369,0.0605,0.0487,CONNECTED,NONE,4.5,3,0.7143,v1.3,True,SUCCESS,LORA,POOR,16.95
REC-03627,2026-09-11T02:23:10Z,SITE-E,ESP32-E01,PV-E01,SITE-E-NOR-08,27,2.771,46.31,128.33,33.58,33.14,25.57,85.51,1009.65,32317.0,0.12,84.7,GOOD,OK,NORMAL,v1.3,NORMAL,0.651,0.651,0.2054,0.0346,0.0612,0.0479,CONNECTED,NONE,3.38,3,0.7143,v1.3,True,SUCCESS,LORA,POOR,16.95
REC-03628,2026-09-11T02:23:15Z,SITE-E,ESP32-E01,PV-E01,SITE-E-NOR-08,28,2.776,46.92,130.26,33.55,33.04,25.56,85.44,1009.63,32206.0,0.141,86.0,GOOD,OK,NORMAL,v1.3,NORMAL,0.6443,0.6443,0.2091,0.0386,0.0616,0.0464,CONNECTED,NONE,3.72,3,0.7143,v1.3,True,SUCCESS,LORA,POOR,16.95
REC-03629,2026-09-11T02:23:20Z,SITE-E,ESP32-E01,PV-E01,SITE-E-NOR-08,29,2.774,47.5,131.77,33.7,33.12,25.55,85.24,1009.64,32432.0,0.122,86.7,GOOD,OK,NORMAL,v1.3,NORMAL,0.653,0.653,0.206,0.0339,0.0602,0.0469,CONNECTED,NONE,4.26,3,0.7143,v1.3,True,SUCCESS,LORA,POOR,16.95
REC-03630,2026-09-11T02:23:25Z,SITE-E,ESP32-E01,PV-E01,SITE-E-NOR-08,30,2.734,47.7,130.4,33.67,33.16,25.55,84.62,1009.67,32559.0,0.124,85.8,GOOD,OK,NORMAL,v1.3,NORMAL,0.6459,0.6459,0.2111,0.0342,0.0589,0.05,CONNECTED,NONE,2.5,3,0.7143,v1.3,True,SUCCESS,LORA,POOR,16.95
REC-03631,2026-09-11T02:23:30Z,SITE-E,ESP32-E01,PV-E01,SITE-E-NOR-08,31,2.748,47.44,130.36,33.61,33.18,25.56,85.15,1009.66,32463.0,0.125,85.7,GOOD,OK,NORMAL,v1.3,NORMAL,0.6494,0.6494,0.2076,0.0346,0.0595,0.0489,CONNECTED,NONE,4.54,3,0.7143,v1.3,True,SUCCESS,LORA,POOR,16.95
REC-03632,2026-09-11T02:23:35Z,SITE-E,ESP32-E01,PV-E01,SITE-E-NOR-08,32,2.763,46.75,129.15,33.69,33.19,25.56,84.63,1009.68,32424.0,0.13,84.9,GOOD,OK,NORMAL,v1.3,NORMAL,0.6414,0.6414,0.2129,0.0365,0.0607,0.0484,CONNECTED,NONE,4.57,3,0.7143,v1.3,True,SUCCESS,LORA,POOR,16.95
REC-03633,2026-09-11T02:23:40Z,SITE-E,ESP32-E01,PV-E01,SITE-E-NOR-08,33,2.757,47.57,131.13,33.72,33.11,25.56,84.55,1009.58,32516.0,0.134,85.9,GOOD,OK,NORMAL,v1.3,NORMAL,0.6426,0.6426,0.2123,0.0365,0.0605,0.048,CONNECTED,NONE,3.47,3,0.7143,v1.3,True,SUCCESS,LORA,POOR,16.95
REC-03634,2026-09-11T02:23:45Z,SITE-E,ESP32-E01,PV-E01,SITE-E-NOR-08,34,2.739,47.95,131.35,33.58,33.03,25.56,85.07,1009.65,32636.0,0.136,86.3,GOOD,OK,NORMAL,v1.3,NORMAL,0.6458,0.6458,0.2089,0.0363,0.0605,0.0486,CONNECTED,NONE,2.19,3,0.7143,v1.3,True,SUCCESS,LORA,POOR,16.95
REC-03635,2026-09-11T02:23:50Z,SITE-E,ESP32-E01,PV-E01,SITE-E-NOR-08,35,2.76,46.75,129.05,33.58,33.25,25.56,85.16,1009.66,32575.0,0.131,85.0,GOOD,OK,NORMAL,v1.3,NORMAL,0.6444,0.6444,0.2096,0.0365,0.0609,0.0486,CONNECTED,NONE,2.86,3,0.7143,v1.3,True,SUCCESS,LORA,POOR,16.95
REC-03636,2026-09-11T02:23:55Z,SITE-E,ESP32-E01,PV-E01,SITE-E-NOR-08,36,2.744,47.83,131.24,33.43,33.3,25.53,85.27,1009.59,32229.0,0.118,86.6,GOOD,OK,NORMAL,v1.3,NORMAL,0.6601,0.6601,0.2013,0.0327,0.0568,0.0491,CONNECTED,NONE,4.36,3,0.7143,v1.3,True,SUCCESS,LORA,POOR,16.95
REC-03637,2026-09-11T02:24:00Z,SITE-E,ESP32-E01,PV-E01,SITE-E-NOR-08,37,2.752,47.51,130.75,33.51,33.13,25.52,85.15,1009.62,32239.0,0.138,86.3,GOOD,OK,NORMAL,v1.3,NORMAL,0.644,0.644,0.2118,0.0372,0.0588,0.0482,CONNECTED,NONE,2.92,3,0.7143,v1.3,True,SUCCESS,LORA,POOR,16.95
REC-03638,2026-09-11T02:24:05Z,SITE-E,ESP32-E01,PV-E01,SITE-E-NOR-08,38,2.754,47.75,131.48,33.52,32.97,25.53,85.16,1009.61,32374.0,0.13,86.8,GOOD,OK,NORMAL,v1.3,NORMAL,0.6513,0.6513,0.2064,0.035,0.0598,0.0475,CONNECTED,NONE,4.28,3,0.7143,v1.3,True,SUCCESS,LORA,POOR,16.95
REC-03639,2026-09-11T02:24:10Z,SITE-E,ESP32-E01,PV-E01,SITE-E-NOR-08,39,2.735,47.8,130.7,33.58,33.02,25.52,84.7,1009.64,32616.0,0.143,86.1,GOOD,OK,NORMAL,v1.3,NORMAL,0.6366,0.6366,0.2165,0.038,0.0599,0.0491,CONNECTED,NONE,2.44,3,0.7143,v1.3,True,SUCCESS,LORA,POOR,16.95
REC-03640,2026-09-11T02:24:15Z,SITE-E,ESP32-E01,PV-E01,SITE-E-NOR-08,40,2.733,47.99,131.16,33.53,33.15,25.52,84.97,1009.69,32686.0,0.124,86.1,GOOD,OK,NORMAL,v1.3,NORMAL,0.6509,0.6509,0.2076,0.0335,0.0584,0.0496,CONNECTED,NONE,2.41,3,0.7143,v1.3,True,SUCCESS,LORA,POOR,16.95
REC-03641,2026-09-11T02:24:20Z,SITE-E,ESP32-E01,PV-E01,SITE-E-NOR-08,41,2.767,47.28,130.84,33.53,33.18,25.53,84.55,1009.7,32231.0,0.115,86.1,GOOD,OK,NORMAL,v1.3,NORMAL,0.6592,0.6592,0.2022,0.0325,0.0585,0.0476,CONNECTED,NONE,2.14,3,0.7143,v1.3,True,SUCCESS,LORA,POOR,16.95
REC-03642,2026-09-11T02:24:25Z,SITE-E,ESP32-E01,PV-E01,SITE-E-NOR-08,42,2.757,47.39,130.65,33.45,32.95,25.52,84.4,1009.62,32308.0,0.131,86.2,GOOD,OK,NORMAL,v1.3,NORMAL,0.6508,0.6508,0.2065,0.0354,0.06,0.0473,CONNECTED,NONE,4.09,3,0.7143,v1.3,True,SUCCESS,LORA,POOR,16.95
REC-03643,2026-09-11T02:24:30Z,SITE-E,ESP32-E01,PV-E01,SITE-E-NOR-08,43,2.781,46.25,128.64,33.52,33.0,25.52,85.22,1009.66,32068.0,0.144,85.2,GOOD,OK,NORMAL,v1.3,NORMAL,0.6369,0.6369,0.2152,0.0399,0.0614,0.0465,CONNECTED,NONE,3.66,3,0.7143,v1.3,True,SUCCESS,LORA,POOR,16.95
REC-03644,2026-09-11T02:24:35Z,SITE-E,ESP32-E01,PV-E01,SITE-E-NOR-08,44,2.761,46.94,129.62,33.57,33.05,25.51,84.77,1009.66,32365.0,0.133,85.3,GOOD,OK,NORMAL,v1.3,NORMAL,0.6418,0.6418,0.2137,0.0365,0.06,0.0479,CONNECTED,NONE,4.47,3,0.7143,v1.3,True,SUCCESS,LORA,POOR,16.95
REC-03645,2026-09-11T02:24:40Z,SITE-E,ESP32-E01,PV-E01,SITE-E-NOR-08,45,2.755,47.25,130.18,33.58,33.12,25.53,85.26,1009.65,32675.0,0.129,85.6,GOOD,OK,NORMAL,v1.3,NORMAL,0.646,0.646,0.2098,0.0353,0.0605,0.0484,CONNECTED,NONE,3.8,3,0.7143,v1.3,True,SUCCESS,LORA,POOR,16.95
REC-03646,2026-09-11T02:24:45Z,SITE-E,ESP32-E01,PV-E01,SITE-E-NOR-08,46,2.745,47.54,130.49,33.57,33.04,25.53,85.33,1009.65,32268.0,0.122,85.7,GOOD,OK,NORMAL,v1.3,NORMAL,0.6509,0.6509,0.2081,0.0337,0.0586,0.0487,CONNECTED,NONE,2.39,3,0.7143,v1.3,True,SUCCESS,LORA,POOR,16.95
REC-03647,2026-09-11T02:24:50Z,SITE-E,ESP32-E01,PV-E01,SITE-E-NOR-08,47,2.769,47.34,131.1,33.41,32.91,25.53,84.81,1009.65,32108.0,0.149,86.4,GOOD,OK,NORMAL,v1.3,NORMAL,0.6443,0.6443,0.2089,0.0398,0.061,0.046,CONNECTED,NONE,4.66,3,0.7143,v1.3,True,SUCCESS,LORA,POOR,16.95
REC-03648,2026-09-11T02:24:55Z,SITE-E,ESP32-E01,PV-E01,SITE-E-NOR-08,48,2.748,47.48,130.47,33.48,33.08,25.54,85.18,1009.69,32227.0,0.121,86.0,GOOD,OK,NORMAL,v1.3,NORMAL,0.6558,0.6558,0.2036,0.0335,0.0586,0.0484,CONNECTED,NONE,3.88,3,0.7143,v1.3,True,SUCCESS,LORA,POOR,16.95
REC-03649,2026-09-11T02:25:00Z,SITE-E,ESP32-E01,PV-E01,SITE-E-NOR-08,49,2.764,47.54,131.43,33.51,33.13,25.55,84.8,1009.67,32444.0,0.124,86.5,GOOD,TEMP1_MISSING_-999,NORMAL,v1.3,NORMAL,0.6572,0.6572,0.2016,0.034,0.0599,0.0473,CONNECTED,NONE,4.68,3,0.7143,v1.3,True,SUCCESS,LORA,POOR,16.95
REC-03650,2026-09-11T02:25:05Z,SITE-E,ESP32-E01,PV-E01,SITE-E-NOR-08,50,2.775,47.48,131.77,33.5,33.03,25.54,84.45,1009.61,32469.0,0.137,86.8,GOOD,OK,NORMAL,v1.3,NORMAL,0.651,0.651,0.2049,0.0367,0.0613,0.0461,CONNECTED,NONE,3.7,3,0.7143,v1.3,True,SUCCESS,LORA,POOR,16.95
REC-03651,2026-09-11T02:25:10Z,SITE-E,ESP32-E01,PV-E01,SITE-E-NOR-08,51,2.775,46.97,130.33,33.55,33.08,25.53,85.04,1009.66,32546.0,0.112,85.6,GOOD,OK,NORMAL,v1.3,NORMAL,0.6594,0.6594,0.2011,0.0319,0.0605,0.047,CONNECTED,NONE,2.28,3,0.7143,v1.3,True,SUCCESS,LORA,POOR,16.95
REC-03652,2026-09-11T02:25:15Z,SITE-E,ESP32-E01,PV-E01,SITE-E-NOR-08,52,2.756,48.04,132.41,33.72,33.07,25.54,84.86,1009.67,32882.0,0.144,86.3,GOOD,OK,NORMAL,v1.3,NORMAL,0.6381,0.6381,0.2148,0.0381,0.0614,0.0476,CONNECTED,NONE,3.04,3,0.7143,v1.3,True,SUCCESS,LORA,POOR,16.95
REC-03653,2026-09-11T02:25:20Z,SITE-E,ESP32-E01,PV-E01,SITE-E-NOR-08,53,2.758,47.41,130.74,33.66,33.03,25.54,84.87,1009.65,32349.0,0.137,85.5,GOOD,OK,NORMAL,v1.3,NORMAL,0.6408,0.6408,0.2139,0.0372,0.0603,0.0477,CONNECTED,NONE,2.63,3,0.7143,v1.3,True,SUCCESS,LORA,POOR,16.95
REC-03654,2026-09-11T02:25:25Z,SITE-E,ESP32-E01,PV-E01,SITE-E-NOR-08,54,2.742,47.65,130.65,33.5,33.16,25.51,85.59,1009.67,32692.0,0.14,85.7,GOOD,OK,NORMAL,v1.3,NORMAL,0.641,0.641,0.2132,0.0373,0.0595,0.049,CONNECTED,NONE,2.76,3,0.7143,v1.3,True,SUCCESS,LORA,POOR,16.95
REC-03655,2026-09-11T02:25:30Z,SITE-E,ESP32-E01,PV-E01,SITE-E-NOR-08,55,2.733,47.79,130.6,33.63,33.1,25.51,84.54,1009.65,32382.0,0.137,85.9,GOOD,LOST_IN_TRANSIT,NORMAL,v1.3,NORMAL,0.6372,0.6372,0.2181,0.0369,0.0581,0.0497,CONNECTED,NONE,2.59,3,0.7143,v1.3,True,SUCCESS,LORA,POOR,16.95
REC-03656,2026-09-11T02:25:35Z,SITE-E,ESP32-E01,PV-E01,SITE-E-NOR-08,56,2.755,46.48,128.04,33.64,33.13,25.5,85.11,1009.65,32695.0,0.129,83.8,GOOD,LOST_IN_TRANSIT,NORMAL,v1.3,NORMAL,0.6358,0.6358,0.2183,0.0361,0.0605,0.0492,CONNECTED,NONE,2.39,3,0.7143,v1.3,True,SUCCESS,LORA,POOR,16.95
REC-03657,2026-09-11T02:25:40Z,SITE-E,ESP32-E01,PV-E01,SITE-E-NOR-08,57,2.756,48.48,133.6,33.56,33.24,25.52,84.7,1009.64,32488.0,0.12,87.2,GOOD,OK,NORMAL,v1.3,NORMAL,0.6604,0.6604,0.202,0.0324,0.0575,0.0477,CONNECTED,NONE,2.97,3,0.7143,v1.3,True,SUCCESS,LORA,POOR,16.95
REC-03658,2026-09-11T02:25:45Z,SITE-E,ESP32-E01,PV-E01,SITE-E-NOR-08,58,2.77,47.79,132.39,33.69,33.04,25.52,85.27,1009.58,32674.0,0.13,86.4,GOOD,OK,NORMAL,v1.3,NORMAL,0.6477,0.6477,0.21,0.035,0.0606,0.0467,CONNECTED,NONE,3.67,3,0.7143,v1.3,True,SUCCESS,LORA,POOR,16.95
REC-03659,2026-09-11T02:25:50Z,SITE-E,ESP32-E01,PV-E01,SITE-E-NOR-08,59,2.741,47.85,131.15,33.62,33.09,25.51,85.09,1009.64,32712.0,0.121,85.6,GOOD,LOST_IN_TRANSIT,NORMAL,v1.3,NORMAL,0.6492,0.6492,0.2098,0.0331,0.0588,0.0491,CONNECTED,NONE,2.33,3,0.7143,v1.3,True,SUCCESS,LORA,POOR,16.95
REC-03660,2026-09-11T02:25:55Z,SITE-E,ESP32-E01,PV-E01,SITE-E-NOR-08,60,2.776,47.9,132.97,33.51,33.13,25.5,85.11,1009.62,32771.0,0.136,87.0,GOOD,OK,NORMAL,v1.3,NORMAL,0.6513,0.6513,0.2062,0.0358,0.0605,0.0461,CONNECTED,NONE,2.61,3,0.7143,v1.3,True,SUCCESS,LORA,POOR,16.95
REC-03661,2026-09-11T03:26:00Z,SITE-F,ESP32-F01,PV-F01,SITE-F-PAR-12,1,2.355,53.82,126.74,40.3,38.83,27.5,84.25,1011.33,47246.0,0.087,60.4,DEGRADED,OK,PARTIAL_SHADING,v1.3,NORMAL,0.4111,0.4111,0.388,0.0327,0.0589,0.1091,CONNECTED,NONE,3.74,3,0.7143,v1.3,True,SUCCESS,WIFI,POOR,17.14
REC-03662,2026-09-11T03:26:05Z,SITE-F,ESP32-F01,PV-F01,SITE-F-PAR-12,2,2.368,54.51,129.08,40.37,38.98,27.52,84.06,1011.32,47343.0,0.097,61.4,DEGRADED,OK,PARTIAL_SHADING,v1.3,NORMAL,0.4151,0.4151,0.3859,0.0349,0.0596,0.1045,CONNECTED,NONE,2.34,3,0.7143,v1.3,True,SUCCESS,WIFI,POOR,17.14
REC-03663,2026-09-11T03:26:10Z,SITE-F,ESP32-F01,PV-F01,SITE-F-PAR-12,3,2.358,53.95,127.25,40.27,38.87,27.52,84.12,1011.25,47390.0,0.085,60.6,DEGRADED,OK,PARTIAL_SHADING,v1.3,NORMAL,0.4137,0.4137,0.3885,0.0326,0.0581,0.1071,CONNECTED,NONE,3.48,3,0.7143,v1.3,True,SUCCESS,WIFI,POOR,17.14
REC-03664,2026-09-11T03:26:15Z,SITE-F,ESP32-F01,PV-F01,SITE-F-PAR-12,4,2.379,54.63,129.95,40.47,38.92,27.53,84.55,1011.29,47736.0,0.102,61.5,DEGRADED,OK,PARTIAL_SHADING,v1.3,NORMAL,0.4173,0.4173,0.3843,0.0362,0.0609,0.1013,CONNECTED,NONE,4.53,3,0.7143,v1.3,True,SUCCESS,WIFI,POOR,17.14
REC-03665,2026-09-11T03:26:20Z,SITE-F,ESP32-F01,PV-F01,SITE-F-PAR-12,5,2.381,54.62,130.02,40.3,38.96,27.52,84.17,1011.29,47539.0,0.091,61.7,DEGRADED,TEMP2_MISSING_-999|DUPLICATE_RECEIVED,PARTIAL_SHADING,v1.3,NORMAL,0.4223,0.4223,0.3837,0.034,0.0585,0.1014,CONNECTED,NONE,3.38,3,0.7143,v1.3,True,SUCCESS,WIFI,POOR,17.14
REC-03666,2026-09-11T03:26:25Z,SITE-F,ESP32-F01,PV-F01,SITE-F-PAR-12,6,2.352,54.45,128.05,40.34,38.89,27.53,83.9,1011.27,47878.0,0.089,60.6,DEGRADED,OK,PARTIAL_SHADING,v1.3,NORMAL,0.41,0.41,0.3916,0.0331,0.0586,0.1066,CONNECTED,NONE,3.26,3,0.7143,v1.3,True,SUCCESS,WIFI,POOR,17.14
REC-03667,2026-09-11T03:26:30Z,SITE-F,ESP32-F01,PV-F01,SITE-F-PAR-12,7,2.356,54.51,128.45,40.24,38.87,27.52,84.65,1011.27,47726.0,0.092,60.8,DEGRADED,OK,PARTIAL_SHADING,v1.3,NORMAL,0.4146,0.4146,0.3865,0.0337,0.0592,0.1061,CONNECTED,NONE,3.79,3,0.7143,v1.3,True,SUCCESS,WIFI,POOR,17.14
REC-03668,2026-09-11T03:26:35Z,SITE-F,ESP32-F01,PV-F01,SITE-F-PAR-12,8,2.368,54.93,130.06,40.37,38.85,27.51,84.02,1011.27,47757.0,0.106,61.5,DEGRADED,OK,PARTIAL_SHADING,v1.3,NORMAL,0.4168,0.4168,0.3817,0.0364,0.0617,0.1034,CONNECTED,NONE,4.66,3,0.7143,v1.3,True,SUCCESS,WIFI,POOR,17.14
REC-03669,2026-09-11T03:26:40Z,SITE-F,ESP32-F01,PV-F01,SITE-F-PAR-12,9,2.351,54.63,128.44,40.39,39.1,27.51,84.31,1011.34,47960.0,0.078,60.5,DEGRADED,OK,PARTIAL_SHADING,v1.3,NORMAL,0.4044,0.4044,0.4005,0.031,0.056,0.1081,CONNECTED,NONE,3.14,3,0.7143,v1.3,True,SUCCESS,WIFI,POOR,17.14
REC-03670,2026-09-11T03:26:45Z,SITE-F,ESP32-F01,PV-F01,SITE-F-PAR-12,10,2.374,54.47,129.34,40.41,38.83,27.51,84.45,1011.27,47987.0,0.109,61.0,DEGRADED,OK,PARTIAL_SHADING,v1.3,NORMAL,0.4134,0.4134,0.3817,0.0373,0.0642,0.1034,CONNECTED,NONE,4.54,3,0.7143,v1.3,True,SUCCESS,WIFI,POOR,17.14
REC-03671,2026-09-11T03:26:50Z,SITE-F,ESP32-F01,PV-F01,SITE-F-PAR-12,11,2.359,54.8,129.26,40.33,38.96,27.5,84.3,1011.29,47998.0,0.102,60.8,DEGRADED,OK,PARTIAL_SHADING,v1.3,NORMAL,0.4095,0.4095,0.3874,0.0355,0.0609,0.1067,CONNECTED,NONE,3.19,3,0.7143,v1.3,True,SUCCESS,WIFI,POOR,17.14
REC-03672,2026-09-11T03:26:55Z,SITE-F,ESP32-F01,PV-F01,SITE-F-PAR-12,12,2.357,55.35,130.45,40.34,39.0,27.5,83.56,1011.2,47729.0,0.092,61.4,DEGRADED,OK,PARTIAL_SHADING,v1.3,NORMAL,0.4134,0.4134,0.3899,0.0332,0.0583,0.1052,CONNECTED,NONE,3.31,3,0.7143,v1.3,True,SUCCESS,WIFI,POOR,17.14
REC-03673,2026-09-11T03:27:00Z,SITE-F,ESP32-F01,PV-F01,SITE-F-PAR-12,13,2.381,55.25,131.57,40.4,38.93,27.5,84.42,1011.3,48072.0,0.104,62.0,DEGRADED,OK,PARTIAL_SHADING,v1.3,NORMAL,0.419,0.419,0.3826,0.0361,0.0616,0.1008,CONNECTED,NONE,3.72,3,0.7143,v1.3,True,SUCCESS,WIFI,POOR,17.14
REC-03674,2026-09-11T03:27:05Z,SITE-F,ESP32-F01,PV-F01,SITE-F-PAR-12,14,2.355,55.02,129.58,40.51,38.86,27.5,84.7,1011.32,48105.0,0.089,60.8,DEGRADED,TEMP1_MISSING_-999,PARTIAL_SHADING,v1.3,NORMAL,0.4087,0.4087,0.3941,0.0327,0.0589,0.1057,CONNECTED,NONE,3.66,3,0.7143,v1.3,True,SUCCESS,WIFI,POOR,17.14
REC-03675,2026-09-11T03:27:10Z,SITE-F,ESP32-F01,PV-F01,SITE-F-PAR-12,15,2.353,54.97,129.33,40.47,38.91,27.52,84.54,1011.25,48291.0,0.095,60.6,DEGRADED,OK,PARTIAL_SHADING,v1.3,NORMAL,0.4069,0.4069,0.3936,0.034,0.0598,0.1056,CONNECTED,NONE,4.14,3,0.7143,v1.3,True,SUCCESS,WIFI,POOR,17.14
REC-03676,2026-09-11T03:27:15Z,SITE-F,ESP32-F01,PV-F01,SITE-F-PAR-12,16,2.384,55.32,131.86,40.56,39.03,27.5,83.66,1011.26,48066.0,0.087,61.9,DEGRADED,OK,PARTIAL_SHADING,v1.3,NORMAL,0.4173,0.4173,0.3922,0.0329,0.0576,0.1,CONNECTED,NONE,4.44,3,0.7143,v1.3,True,SUCCESS,WIFI,POOR,17.14
REC-03677,2026-09-11T03:27:20Z,SITE-F,ESP32-F01,PV-F01,SITE-F-PAR-12,17,2.342,54.8,128.32,40.49,38.96,27.53,84.94,1011.29,48009.0,0.102,60.0,DEGRADED,OK,PARTIAL_SHADING,v1.3,NORMAL,0.4021,0.4021,0.3941,0.0354,0.0599,0.1084,CONNECTED,NONE,2.58,3,0.7143,v1.3,True,SUCCESS,WIFI,POOR,17.14
REC-03678,2026-09-11T03:27:25Z,SITE-F,ESP32-F01,PV-F01,SITE-F-PAR-12,18,2.355,55.24,130.1,40.48,38.84,27.53,83.9,1011.28,47824.0,0.085,61.0,DEGRADED,OK,PARTIAL_SHADING,v1.3,NORMAL,0.4156,0.4156,0.3925,0.0321,0.0567,0.1031,CONNECTED,NONE,4.52,3,0.7143,v1.3,True,SUCCESS,WIFI,POOR,17.14
REC-03679,2026-09-11T03:27:30Z,SITE-F,ESP32-F01,PV-F01,SITE-F-PAR-12,19,2.355,55.13,129.85,40.5,39.05,27.53,83.98,1011.29,48020.0,0.091,60.9,DEGRADED,OK,PARTIAL_SHADING,v1.3,NORMAL,0.408,0.408,0.3963,0.0334,0.0574,0.1048,CONNECTED,NONE,4.46,3,0.7143,v1.3,True,SUCCESS,WIFI,POOR,17.14
REC-03680,2026-09-11T03:27:35Z,SITE-F,ESP32-F01,PV-F01,SITE-F-PAR-12,20,2.352,55.45,130.44,40.55,38.93,27.53,84.53,1011.27,48178.0,0.099,61.2,DEGRADED,OK,PARTIAL_SHADING,v1.3,NORMAL,0.409,0.409,0.3933,0.0347,0.0589,0.1041,CONNECTED,NONE,3.39,3,0.7143,v1.3,True,SUCCESS,WIFI,POOR,17.14
REC-03681,2026-09-11T03:27:40Z,SITE-F,ESP32-F01,PV-F01,SITE-F-PAR-12,21,2.355,55.59,130.89,40.54,39.06,27.52,84.44,1011.34,48402.0,0.102,61.3,DEGRADED,OK,PARTIAL_SHADING,v1.3,NORMAL,0.406,0.406,0.3948,0.0354,0.0592,0.1046,CONNECTED,NONE,2.1,3,0.7143,v1.3,True,SUCCESS,WIFI,POOR,17.14
REC-03682,2026-09-11T03:27:45Z,SITE-F,ESP32-F01,PV-F01,SITE-F-PAR-12,22,2.374,54.77,130.04,40.34,38.98,27.5,84.32,1011.26,48184.0,0.084,61.0,DEGRADED,OK,PARTIAL_SHADING,v1.3,NORMAL,0.4148,0.4148,0.3912,0.0323,0.0585,0.1032,CONNECTED,NONE,4.41,3,0.7143,v1.3,True,SUCCESS,WIFI,POOR,17.14
REC-03683,2026-09-11T03:27:50Z,SITE-F,ESP32-F01,PV-F01,SITE-F-PAR-12,23,2.359,55.27,130.37,40.52,39.0,27.5,84.13,1011.36,48089.0,0.1,61.0,DEGRADED,OK,PARTIAL_SHADING,v1.3,NORMAL,0.4079,0.4079,0.3923,0.035,0.0595,0.1054,CONNECTED,NONE,3.04,3,0.7143,v1.3,True,SUCCESS,WIFI,POOR,17.14
REC-03684,2026-09-11T03:27:55Z,SITE-F,ESP32-F01,PV-F01,SITE-F-PAR-12,24,2.367,55.12,130.47,40.49,39.05,27.51,84.7,1011.32,48213.0,0.082,61.0,DEGRADED,OK,PARTIAL_SHADING,v1.3,NORMAL,0.411,0.411,0.3972,0.0318,0.0566,0.1033,CONNECTED,NONE,3.66,3,0.7143,v1.3,True,SUCCESS,WIFI,POOR,17.14
REC-03685,2026-09-11T03:28:00Z,SITE-F,ESP32-F01,PV-F01,SITE-F-PAR-12,25,2.345,55.22,129.47,40.45,38.95,27.5,84.29,1011.3,48482.0,0.07,60.6,DEGRADED,OK,PARTIAL_SHADING,v1.3,NORMAL,0.405,0.405,0.4037,0.0291,0.0552,0.1069,CONNECTED,NONE,4.68,3,0.7143,v1.3,True,SUCCESS,WIFI,POOR,17.14
REC-03686,2026-09-11T03:28:05Z,SITE-F,ESP32-F01,PV-F01,SITE-F-PAR-12,26,2.353,55.74,131.15,40.39,39.03,27.49,83.83,1011.25,48341.0,0.085,61.0,DEGRADED,OK,PARTIAL_SHADING,v1.3,NORMAL,0.4098,0.4098,0.3964,0.0317,0.0567,0.1054,CONNECTED,NONE,3.38,3,0.7143,v1.3,True,SUCCESS,WIFI,POOR,17.14
REC-03687,2026-09-11T03:28:10Z,SITE-F,ESP32-F01,PV-F01,SITE-F-PAR-12,27,2.381,55.26,131.54,40.39,39.06,27.49,84.67,1011.31,48747.0,0.1,61.3,DEGRADED,OK,PARTIAL_SHADING,v1.3,NORMAL,0.4117,0.4117,0.3891,0.0354,0.0618,0.102,CONNECTED,NONE,4.36,3,0.7143,v1.3,True,SUCCESS,WIFI,POOR,17.14
REC-03688,2026-09-11T03:28:15Z,SITE-F,ESP32-F01,PV-F01,SITE-F-PAR-12,28,2.371,55.21,130.91,40.44,38.95,27.49,84.37,1011.3,48513.0,0.092,61.3,DEGRADED,OK,PARTIAL_SHADING,v1.3,NORMAL,0.4115,0.4115,0.3916,0.0335,0.0603,0.1031,CONNECTED,NONE,2.62,3,0.7143,v1.3,True,SUCCESS,WIFI,POOR,17.14
REC-03689,2026-09-11T03:28:20Z,SITE-F,ESP32-F01,PV-F01,SITE-F-PAR-12,29,2.371,55.58,131.76,40.38,39.13,27.5,84.63,1011.22,48673.0,0.087,61.5,DEGRADED,OK,PARTIAL_SHADING,v1.3,NORMAL,0.4119,0.4119,0.3954,0.0327,0.0576,0.1024,CONNECTED,NONE,4.56,3,0.7143,v1.3,True,SUCCESS,WIFI,POOR,17.14
REC-03690,2026-09-11T03:28:25Z,SITE-F,ESP32-F01,PV-F01,SITE-F-PAR-12,30,2.367,55.46,131.27,40.43,39.0,27.49,84.47,1011.24,48105.0,0.093,61.7,DEGRADED,OK,PARTIAL_SHADING,v1.3,NORMAL,0.4137,0.4137,0.3907,0.0336,0.0584,0.1035,CONNECTED,NONE,2.46,3,0.7143,v1.3,True,SUCCESS,WIFI,POOR,17.14
REC-03691,2026-09-11T03:28:30Z,SITE-F,ESP32-F01,PV-F01,SITE-F-PAR-12,31,2.366,55.31,130.86,40.54,38.94,27.47,85.02,1011.29,48209.0,0.092,61.2,DEGRADED,OK,PARTIAL_SHADING,v1.3,NORMAL,0.4093,0.4093,0.3931,0.0332,0.0595,0.1048,CONNECTED,NONE,3.23,3,0.7143,v1.3,True,SUCCESS,WIFI,POOR,17.14
REC-03692,2026-09-11T03:28:35Z,SITE-F,ESP32-F01,PV-F01,SITE-F-PAR-12,32,2.379,55.23,131.38,40.45,39.02,27.48,84.21,1011.28,48328.0,0.098,61.5,DEGRADED,OK,PARTIAL_SHADING,v1.3,NORMAL,0.4129,0.4129,0.3889,0.0348,0.0608,0.1027,CONNECTED,NONE,3.43,3,0.7143,v1.3,True,SUCCESS,WIFI,POOR,17.14
REC-03693,2026-09-11T03:28:40Z,SITE-F,ESP32-F01,PV-F01,SITE-F-PAR-12,33,2.389,54.62,130.5,40.48,39.05,27.49,84.3,1011.26,48208.0,0.076,61.3,DEGRADED,OK,PARTIAL_SHADING,v1.3,NORMAL,0.4149,0.4149,0.3951,0.0311,0.0575,0.1013,CONNECTED,NONE,4.16,3,0.7143,v1.3,True,SUCCESS,WIFI,POOR,17.14
REC-03694,2026-09-11T03:28:45Z,SITE-F,ESP32-F01,PV-F01,SITE-F-PAR-12,34,2.372,55.3,131.15,40.34,38.96,27.48,84.52,1011.31,47840.0,0.091,61.8,DEGRADED,OK,PARTIAL_SHADING,v1.3,NORMAL,0.4183,0.4183,0.3868,0.0332,0.0584,0.1033,CONNECTED,NONE,2.71,3,0.7143,v1.3,True,SUCCESS,WIFI,POOR,17.14
REC-03695,2026-09-11T03:28:50Z,SITE-F,ESP32-F01,PV-F01,SITE-F-PAR-12,35,2.361,54.74,129.25,40.41,38.99,27.47,84.21,1011.25,47540.0,0.093,61.2,DEGRADED,OK,PARTIAL_SHADING,v1.3,NORMAL,0.4091,0.4091,0.3902,0.0335,0.0592,0.1079,CONNECTED,NONE,4.52,3,0.7143,v1.3,True,SUCCESS,WIFI,POOR,17.14
REC-03696,2026-09-11T03:28:55Z,SITE-F,ESP32-F01,PV-F01,SITE-F-PAR-12,36,2.343,54.74,128.29,40.45,39.03,27.47,84.54,1011.27,47717.0,0.078,60.7,DEGRADED,OK,PARTIAL_SHADING,v1.3,NORMAL,0.4013,0.4013,0.4008,0.0304,0.0562,0.1112,CONNECTED,NONE,2.15,3,0.7143,v1.3,True,SUCCESS,WIFI,POOR,17.14
REC-03697,2026-09-11T03:29:00Z,SITE-F,ESP32-F01,PV-F01,SITE-F-PAR-12,37,2.346,54.5,127.89,40.24,39.12,27.47,83.42,1011.26,47455.0,0.078,60.7,DEGRADED,OK,PARTIAL_SHADING,v1.3,NORMAL,0.4038,0.4038,0.3968,0.0305,0.057,0.1119,CONNECTED,NONE,2.35,3,0.7143,v1.3,True,SUCCESS,WIFI,POOR,17.14
REC-03698,2026-09-11T03:29:05Z,SITE-F,ESP32-F01,PV-F01,SITE-F-PAR-12,38,2.334,54.68,127.64,40.32,39.04,27.46,84.28,1011.3,47829.0,0.088,60.5,DEGRADED,OK,PARTIAL_SHADING,v1.3,NORMAL,0.3983,0.3983,0.3966,0.032,0.0588,0.1143,CONNECTED,NONE,2.88,3,0.7143,v1.3,True,SUCCESS,WIFI,POOR,17.14
REC-03699,2026-09-11T03:29:10Z,SITE-F,ESP32-F01,PV-F01,SITE-F-PAR-12,39,2.361,54.71,129.19,40.27,38.81,27.48,84.27,1011.23,47507.0,0.092,61.3,DEGRADED,OK,PARTIAL_SHADING,v1.3,NORMAL,0.4167,0.4167,0.384,0.0333,0.0596,0.1064,CONNECTED,NONE,3.89,3,0.7143,v1.3,True,SUCCESS,WIFI,POOR,17.14
REC-03700,2026-09-11T03:29:15Z,SITE-F,ESP32-F01,PV-F01,SITE-F-PAR-12,40,2.339,54.71,127.98,40.39,38.89,27.49,84.26,1011.27,47546.0,0.092,60.8,DEGRADED,OK,PARTIAL_SHADING,v1.3,NORMAL,0.4047,0.4047,0.3928,0.0329,0.0588,0.1108,CONNECTED,NONE,4.23,3,0.7143,v1.3,True,SUCCESS,WIFI,POOR,17.14
REC-03701,2026-09-11T03:29:20Z,SITE-F,ESP32-F01,PV-F01,SITE-F-PAR-12,41,2.364,54.96,129.95,40.38,38.91,27.49,84.04,1011.23,47752.0,0.086,61.6,DEGRADED,OK,PARTIAL_SHADING,v1.3,NORMAL,0.4151,0.4151,0.39,0.0323,0.0578,0.1048,CONNECTED,NONE,2.36,3,0.7143,v1.3,True,SUCCESS,WIFI,POOR,17.14
REC-03702,2026-09-11T03:29:25Z,SITE-F,ESP32-F01,PV-F01,SITE-F-PAR-12,42,2.365,54.63,129.22,40.39,39.01,27.47,84.57,1011.27,47885.0,0.086,61.2,DEGRADED,OK,PARTIAL_SHADING,v1.3,NORMAL,0.4088,0.4088,0.3931,0.0324,0.0584,0.1073,CONNECTED,NONE,3.03,3,0.7143,v1.3,True,SUCCESS,WIFI,POOR,17.14
REC-03703,2026-09-11T03:29:30Z,SITE-F,ESP32-F01,PV-F01,SITE-F-PAR-12,43,2.366,55.27,130.78,40.42,38.93,27.47,84.15,1011.3,47886.0,0.088,61.7,DEGRADED,OK,PARTIAL_SHADING,v1.3,NORMAL,0.4143,0.4143,0.3903,0.0324,0.0582,0.1048,CONNECTED,NONE,3.01,3,0.7143,v1.3,True,SUCCESS,WIFI,POOR,17.14
REC-03704,2026-09-11T03:29:35Z,SITE-F,ESP32-F01,PV-F01,SITE-F-PAR-12,44,2.364,54.96,129.93,40.43,38.93,27.46,84.36,1011.3,47823.0,0.095,61.4,DEGRADED,OK,PARTIAL_SHADING,v1.3,NORMAL,0.4102,0.4102,0.3891,0.0338,0.06,0.1069,CONNECTED,NONE,2.44,3,0.7143,v1.3,True,SUCCESS,WIFI,POOR,17.14
REC-03705,2026-09-11T03:29:40Z,SITE-F,ESP32-F01,PV-F01,SITE-F-PAR-12,45,2.359,54.67,128.98,40.43,38.87,27.45,84.29,1011.26,47608.0,0.104,61.0,DEGRADED,OK,PARTIAL_SHADING,v1.3,NORMAL,0.4073,0.4073,0.3858,0.0354,0.0621,0.1094,CONNECTED,NONE,2.28,3,0.7143,v1.3,True,SUCCESS,WIFI,POOR,17.14
REC-03706,2026-09-11T03:29:45Z,SITE-F,ESP32-F01,PV-F01,SITE-F-PAR-12,46,2.369,54.04,128.03,40.34,38.9,27.45,84.45,1011.3,47824.0,0.07,60.6,DEGRADED,OK,PARTIAL_SHADING,v1.3,NORMAL,0.4098,0.4098,0.3948,0.0295,0.0578,0.1082,CONNECTED,NONE,3.96,3,0.7143,v1.3,True,SUCCESS,WIFI,POOR,17.14
REC-03707,2026-09-11T03:29:50Z,SITE-F,ESP32-F01,PV-F01,SITE-F-PAR-12,47,2.379,54.53,129.75,40.32,38.9,27.46,84.73,1011.27,47884.0,0.098,61.4,DEGRADED,OK,PARTIAL_SHADING,v1.3,NORMAL,0.4145,0.4145,0.3832,0.0348,0.0623,0.1051,CONNECTED,NONE,3.32,3,0.7143,v1.3,True,SUCCESS,WIFI,POOR,17.14
REC-03708,2026-09-11T03:29:55Z,SITE-F,ESP32-F01,PV-F01,SITE-F-PAR-12,48,2.356,54.92,129.39,40.34,38.89,27.44,84.36,1011.32,47303.0,0.091,61.4,DEGRADED,OK,PARTIAL_SHADING,v1.3,NORMAL,0.4114,0.4114,0.3873,0.0326,0.0592,0.1094,CONNECTED,NONE,4.44,3,0.7143,v1.3,True,SUCCESS,WIFI,POOR,17.14
REC-03709,2026-09-11T03:30:00Z,SITE-F,ESP32-F01,PV-F01,SITE-F-PAR-12,49,2.381,54.09,128.77,40.32,38.81,27.44,84.55,1011.28,47788.0,0.097,61.2,DEGRADED,OK,PARTIAL_SHADING,v1.3,NORMAL,0.4131,0.4131,0.3818,0.0345,0.064,0.1066,CONNECTED,NONE,3.55,3,0.7143,v1.3,True,SUCCESS,WIFI,FAIR,6.72
REC-03710,2026-09-11T03:30:05Z,SITE-F,ESP32-F01,PV-F01,SITE-F-PAR-12,50,2.353,54.35,127.9,40.49,38.97,27.44,84.34,1011.19,47359.0,0.104,60.8,DEGRADED,OK,PARTIAL_SHADING,v1.3,NORMAL,0.4003,0.4003,0.3896,0.0354,0.0619,0.1128,CONNECTED,NONE,3.02,3,0.7143,v1.3,True,SUCCESS,WIFI,FAIR,6.72
REC-03711,2026-09-11T03:30:10Z,SITE-F,ESP32-F01,PV-F01,SITE-F-PAR-12,51,2.359,54.39,128.3,40.32,38.95,27.45,84.15,1011.31,47595.0,0.084,61.0,DEGRADED,OK,PARTIAL_SHADING,v1.3,NORMAL,0.4082,0.4082,0.3916,0.0318,0.0584,0.1101,CONNECTED,NONE,3.46,3,0.7143,v1.3,True,SUCCESS,WIFI,FAIR,6.72
REC-03712,2026-09-11T03:30:15Z,SITE-F,ESP32-F01,PV-F01,SITE-F-PAR-12,52,2.364,54.64,129.18,40.37,38.8,27.45,84.26,1011.27,47518.0,0.101,61.4,DEGRADED,OK,PARTIAL_SHADING,v1.3,NORMAL,0.4123,0.4123,0.3828,0.0348,0.0621,0.1079,CONNECTED,NONE,2.33,3,0.7143,v1.3,True,SUCCESS,WIFI,FAIR,6.72
REC-03713,2026-09-11T03:30:20Z,SITE-F,ESP32-F01,PV-F01,SITE-F-PAR-12,53,2.375,54.3,128.96,40.4,38.93,27.45,84.21,1011.27,47569.0,0.079,61.2,DEGRADED,OK,PARTIAL_SHADING,v1.3,NORMAL,0.4128,0.4128,0.3911,0.0311,0.0583,0.1067,CONNECTED,NONE,3.77,3,0.7143,v1.3,True,SUCCESS,WIFI,FAIR,6.72
REC-03714,2026-09-11T03:30:25Z,SITE-F,ESP32-F01,PV-F01,SITE-F-PAR-12,54,2.375,54.11,128.48,40.46,38.79,27.46,84.47,1011.29,47532.0,0.093,61.0,DEGRADED,OK,PARTIAL_SHADING,v1.3,NORMAL,0.4124,0.4124,0.3855,0.0337,0.062,0.1064,CONNECTED,NONE,3.32,3,0.7143,v1.3,True,SUCCESS,WIFI,FAIR,6.72
REC-03715,2026-09-11T03:30:30Z,SITE-F,ESP32-F01,PV-F01,SITE-F-PAR-12,55,2.362,54.5,128.76,40.27,39.01,27.46,84.33,1011.24,47331.0,0.09,61.2,DEGRADED,OK,PARTIAL_SHADING,v1.3,NORMAL,0.4107,0.4107,0.3881,0.0329,0.0593,0.109,CONNECTED,NONE,3.37,3,0.7143,v1.3,True,SUCCESS,WIFI,FAIR,6.72
REC-03716,2026-09-11T03:30:35Z,SITE-F,ESP32-F01,PV-F01,SITE-F-PAR-12,56,2.37,54.1,128.19,40.44,39.03,27.47,84.06,1011.28,47586.0,0.092,60.9,DEGRADED,OK,PARTIAL_SHADING,v1.3,NORMAL,0.4069,0.4069,0.3913,0.0339,0.0597,0.1083,CONNECTED,NONE,2.48,3,0.7143,v1.3,True,SUCCESS,WIFI,FAIR,6.72
REC-03717,2026-09-11T03:30:40Z,SITE-F,ESP32-F01,PV-F01,SITE-F-PAR-12,57,2.38,53.61,127.57,40.3,38.87,27.46,84.23,1011.3,47334.0,0.082,60.8,DEGRADED,OK,PARTIAL_SHADING,v1.3,NORMAL,0.4149,0.4149,0.3861,0.032,0.06,0.107,CONNECTED,NONE,3.62,3,0.7143,v1.3,True,SUCCESS,WIFI,FAIR,6.72
REC-03718,2026-09-11T03:30:45Z,SITE-F,ESP32-F01,PV-F01,SITE-F-PAR-12,58,2.378,54.81,130.36,40.53,38.83,27.48,83.84,1011.29,47262.0,0.096,62.0,DEGRADED,OK,PARTIAL_SHADING,v1.3,NORMAL,0.4193,0.4193,0.3837,0.0343,0.0598,0.1029,CONNECTED,NONE,2.47,3,0.7143,v1.3,True,SUCCESS,WIFI,FAIR,6.72
REC-03719,2026-09-11T03:30:50Z,SITE-F,ESP32-F01,PV-F01,SITE-F-PAR-12,59,2.344,54.59,127.97,40.35,38.84,27.47,84.24,1011.26,47262.0,0.108,60.9,DEGRADED,OK,PARTIAL_SHADING,v1.3,NORMAL,0.4065,0.4065,0.3835,0.036,0.0625,0.1114,CONNECTED,NONE,2.11,3,0.7143,v1.3,True,SUCCESS,WIFI,FAIR,6.72
REC-03720,2026-09-11T03:30:55Z,SITE-F,ESP32-F01,PV-F01,SITE-F-PAR-12,60,2.339,54.92,128.47,40.23,38.87,27.49,84.3,1011.31,47253.0,0.082,61.1,DEGRADED,OK,PARTIAL_SHADING,v1.3,NORMAL,0.4141,0.4141,0.3883,0.031,0.0573,0.1093,CONNECTED,NONE,2.46,3,0.7143,v1.3,True,SUCCESS,WIFI,FAIR,6.72
REC-03721,2026-09-11T05:08:00Z,SITE-E,ESP32-E01,PV-E01,SITE-E-SHO-10,1,0.019,161.23,3.08,51.39,52.47,29.23,77.08,1010.22,89708.0,0.132,0.8,POOR,OK,SHORT_CIRCUIT,v1.3,PARTIAL_SHADING,0.5836,0.0067,0.5836,0.001,0.0052,0.4035,CONNECTED,INFO,2.48,3,0.7143,v1.4,False,SUCCESS,LORA,FAIR,5.18
REC-03722,2026-09-11T05:08:05Z,SITE-E,ESP32-E01,PV-E01,SITE-E-SHO-10,2,0.026,161.2,4.23,51.39,52.49,29.23,77.22,1010.21,90035.0,0.117,1.1,POOR,OK,SHORT_CIRCUIT,v1.3,PARTIAL_SHADING,0.5905,0.0064,0.5905,0.001,0.0049,0.3973,CONNECTED,INFO,2.82,3,0.7143,v1.4,False,SUCCESS,LORA,FAIR,5.18
REC-03723,2026-09-11T05:08:10Z,SITE-E,ESP32-E01,PV-E01,SITE-E-SHO-10,3,0.026,161.24,4.19,51.39,52.56,29.24,77.51,1010.29,90258.0,0.109,1.1,POOR,LOST_IN_TRANSIT,SHORT_CIRCUIT,v1.3,PARTIAL_SHADING,0.5941,0.0062,0.5941,0.001,0.0047,0.3941,CONNECTED,INFO,4.35,3,0.7143,v1.4,False,SUCCESS,LORA,FAIR,5.18
REC-03724,2026-09-11T05:08:15Z,SITE-E,ESP32-E01,PV-E01,SITE-E-SHO-10,4,0.032,161.57,5.15,51.34,52.33,29.22,77.44,1010.24,89695.0,0.112,1.3,POOR,LOST_IN_TRANSIT,SHORT_CIRCUIT,v1.3,PARTIAL_SHADING,0.5904,0.0064,0.5904,0.001,0.0049,0.3973,CONNECTED,INFO,2.14,3,0.7143,v1.4,False,SUCCESS,LORA,FAIR,5.18
REC-03725,2026-09-11T05:08:20Z,SITE-E,ESP32-E01,PV-E01,SITE-E-SHO-10,5,0.021,161.25,3.36,51.42,52.39,29.21,77.35,1010.23,89872.0,0.125,0.9,POOR,OK,SHORT_CIRCUIT,v1.3,PARTIAL_SHADING,0.5847,0.0066,0.5847,0.001,0.0051,0.4027,CONNECTED,INFO,3.79,3,0.7143,v1.4,False,SUCCESS,LORA,FAIR,5.18
REC-03726,2026-09-11T05:08:25Z,SITE-E,ESP32-E01,PV-E01,SITE-E-SHO-10,6,0.022,161.76,3.59,51.24,52.31,29.2,77.03,1010.25,90032.0,0.107,0.9,POOR,OK,SHORT_CIRCUIT,v1.3,PARTIAL_SHADING,0.5864,0.0064,0.5864,0.001,0.0049,0.4013,CONNECTED,INFO,2.72,3,0.7143,v1.4,False,SUCCESS,LORA,FAIR,5.18
REC-03727,2026-09-11T05:08:30Z,SITE-E,ESP32-E01,PV-E01,SITE-E-SHO-10,7,0.025,161.66,4.12,51.42,52.41,29.19,77.51,1010.21,89773.0,0.135,1.0,POOR,OK,SHORT_CIRCUIT,v1.3,PARTIAL_SHADING,0.582,0.0068,0.582,0.001,0.0052,0.4051,CONNECTED,INFO,3.73,3,0.7143,v1.4,False,SUCCESS,LORA,FAIR,5.18
REC-03728,2026-09-11T05:08:35Z,SITE-E,ESP32-E01,PV-E01,SITE-E-SHO-10,8,0.023,161.19,3.77,51.45,52.37,29.17,77.6,1010.22,89797.0,0.129,1.0,POOR,OK,SHORT_CIRCUIT,v1.3,PARTIAL_SHADING,0.5823,0.0066,0.5823,0.001,0.0051,0.405,CONNECTED,INFO,4.24,3,0.7143,v1.4,False,SUCCESS,LORA,FAIR,5.18
REC-03729,2026-09-11T05:08:40Z,SITE-E,ESP32-E01,PV-E01,SITE-E-SHO-10,9,0.016,160.87,2.62,51.38,52.42,29.17,77.45,1010.26,89723.0,0.104,0.7,POOR,OK,SHORT_CIRCUIT,v1.3,PARTIAL_SHADING,0.5874,0.0062,0.5874,0.0009,0.0047,0.4008,CONNECTED,INFO,3.41,3,0.7143,v1.4,False,SUCCESS,LORA,FAIR,5.18
REC-03730,2026-09-11T05:08:45Z,SITE-E,ESP32-E01,PV-E01,SITE-E-SHO-10,10,0.028,161.07,4.57,51.54,52.44,29.18,78.08,1010.21,89836.0,0.124,1.2,POOR,OK,SHORT_CIRCUIT,v1.3,PARTIAL_SHADING,0.5877,0.0064,0.5877,0.001,0.0049,0.4,CONNECTED,INFO,3.59,3,0.7143,v1.4,False,SUCCESS,LORA,FAIR,5.18
REC-03731,2026-09-11T05:08:50Z,SITE-E,ESP32-E01,PV-E01,SITE-E-SHO-10,11,0.031,161.73,5.08,51.42,52.6,29.18,77.42,1010.2,90175.0,0.106,1.3,POOR,OK,SHORT_CIRCUIT,v1.3,PARTIAL_SHADING,0.5938,0.0061,0.5938,0.0009,0.0046,0.3946,CONNECTED,INFO,4.59,3,0.7143,v1.4,False,SUCCESS,LORA,FAIR,5.18
REC-03732,2026-09-11T05:08:55Z,SITE-E,ESP32-E01,PV-E01,SITE-E-SHO-10,12,0.024,162.79,3.95,51.54,52.53,29.15,77.54,1010.23,90490.0,0.108,1.0,POOR,OK,SHORT_CIRCUIT,v1.3,PARTIAL_SHADING,0.5894,0.006,0.5894,0.0009,0.0046,0.3991,CONNECTED,INFO,4.53,3,0.7143,v1.4,False,SUCCESS,LORA,FAIR,5.18
REC-03733,2026-09-11T05:09:00Z,SITE-E,ESP32-E01,PV-E01,SITE-E-SHO-10,13,0.017,162.0,2.77,51.62,52.57,29.13,77.39,1010.25,90089.0,0.111,0.7,POOR,OK,SHORT_CIRCUIT,v1.3,PARTIAL_SHADING,0.5872,0.006,0.5872,0.0009,0.0046,0.4014,CONNECTED,INFO,3.07,3,0.7143,v1.4,False,SUCCESS,LORA,FAIR,5.18
REC-03734,2026-09-11T05:09:05Z,SITE-E,ESP32-E01,PV-E01,SITE-E-SHO-10,14,0.023,161.74,3.7,51.49,52.57,29.12,77.16,1010.28,90667.0,0.109,0.9,POOR,OK,SHORT_CIRCUIT,v1.3,PARTIAL_SHADING,0.588,0.006,0.588,0.0009,0.0046,0.4005,CONNECTED,INFO,3.52,3,0.7143,v1.4,False,SUCCESS,LORA,FAIR,5.18
REC-03735,2026-09-11T05:09:10Z,SITE-E,ESP32-E01,PV-E01,SITE-E-SHO-10,15,0.019,162.34,3.08,51.68,52.77,29.12,76.85,1010.25,91041.0,0.123,0.8,POOR,OK,SHORT_CIRCUIT,v1.3,PARTIAL_SHADING,0.5868,0.006,0.5868,0.0009,0.0046,0.4017,CONNECTED,INFO,3.31,3,0.7143,v1.4,False,SUCCESS,LORA,FAIR,5.18
REC-03736,2026-09-11T05:09:15Z,SITE-E,ESP32-E01,PV-E01,SITE-E-SHO-10,16,0.022,162.92,3.63,51.67,52.67,29.13,76.97,1010.26,90820.0,0.119,0.9,POOR,OK,SHORT_CIRCUIT,v1.3,PARTIAL_SHADING,0.5877,0.006,0.5877,0.0009,0.0046,0.4009,CONNECTED,INFO,3.47,3,0.7143,v1.4,False,SUCCESS,LORA,FAIR,5.18
REC-03737,2026-09-11T05:09:20Z,SITE-E,ESP32-E01,PV-E01,SITE-E-SHO-10,17,0.025,163.15,4.0,51.66,52.67,29.12,76.97,1010.21,90886.0,0.12,1.0,POOR,OK,SHORT_CIRCUIT,v1.3,PARTIAL_SHADING,0.5874,0.006,0.5874,0.0009,0.0046,0.4011,CONNECTED,INFO,2.49,3,0.7143,v1.4,False,SUCCESS,LORA,FAIR,5.18
REC-03738,2026-09-11T05:09:25Z,SITE-E,ESP32-E01,PV-E01,SITE-E-SHO-10,18,0.027,162.23,4.34,51.56,52.6,29.1,76.84,1010.25,90831.0,0.116,1.1,POOR,OK,SHORT_CIRCUIT,v1.3,PARTIAL_SHADING,0.587,0.006,0.587,0.0009,0.0046,0.4015,CONNECTED,INFO,3.41,3,0.7143,v1.4,False,SUCCESS,LORA,FAIR,5.18
REC-03739,2026-09-11T05:09:30Z,SITE-E,ESP32-E01,PV-E01,SITE-E-SHO-10,19,0.031,162.88,4.98,51.57,52.65,29.09,77.11,1010.21,90542.0,0.111,1.3,POOR,OK,SHORT_CIRCUIT,v1.3,PARTIAL_SHADING,0.5891,0.0059,0.5891,0.0009,0.0045,0.3996,CONNECTED,INFO,2.66,3,0.7143,v1.4,False,SUCCESS,LORA,FAIR,5.18
REC-03740,2026-09-11T05:09:35Z,SITE-E,ESP32-E01,PV-E01,SITE-E-SHO-10,20,0.027,162.37,4.33,51.58,52.71,29.09,77.2,1010.27,90939.0,0.111,1.1,POOR,OK,SHORT_CIRCUIT,v1.3,PARTIAL_SHADING,0.5893,0.0059,0.5893,0.0009,0.0044,0.3995,CONNECTED,INFO,2.89,3,0.7143,v1.4,False,SUCCESS,LORA,FAIR,5.18
REC-03741,2026-09-11T05:09:40Z,SITE-E,ESP32-E01,PV-E01,SITE-E-SHO-10,21,0.018,163.06,2.98,51.5,52.56,29.07,77.56,1010.24,90943.0,0.127,0.7,POOR,OK,SHORT_CIRCUIT,v1.3,PARTIAL_SHADING,0.5779,0.0062,0.5779,0.0009,0.0048,0.4101,CONNECTED,INFO,2.24,3,0.7143,v1.4,False,SUCCESS,LORA,FAIR,5.18
REC-03742,2026-09-11T05:09:45Z,SITE-E,ESP32-E01,PV-E01,SITE-E-SHO-10,22,0.027,162.16,4.36,51.58,52.49,29.05,76.84,1010.24,90604.0,0.113,1.1,POOR,OK,SHORT_CIRCUIT,v1.3,PARTIAL_SHADING,0.5842,0.006,0.5842,0.0009,0.0046,0.4043,CONNECTED,INFO,3.52,3,0.7143,v1.4,False,SUCCESS,LORA,FAIR,5.18
REC-03743,2026-09-11T05:09:50Z,SITE-E,ESP32-E01,PV-E01,SITE-E-SHO-10,23,0.022,162.94,3.61,51.77,52.85,29.06,77.47,1010.26,91312.0,0.13,0.9,POOR,OK,SHORT_CIRCUIT,v1.3,PARTIAL_SHADING,0.5842,0.006,0.5842,0.0009,0.0045,0.4044,CONNECTED,INFO,3.64,3,0.7143,v1.4,False,SUCCESS,LORA,FAIR,5.18
REC-03744,2026-09-11T05:09:55Z,SITE-E,ESP32-E01,PV-E01,SITE-E-SHO-10,24,0.023,162.63,3.69,51.41,52.48,29.07,77.28,1010.23,90740.0,0.11,0.9,POOR,OK,SHORT_CIRCUIT,v1.3,PARTIAL_SHADING,0.5825,0.0061,0.5825,0.0009,0.0046,0.4058,CONNECTED,INFO,3.18,3,0.7143,v1.4,False,SUCCESS,LORA,FAIR,5.18
REC-03745,2026-09-11T05:10:00Z,SITE-E,ESP32-E01,PV-E01,SITE-E-SHO-10,25,0.024,163.72,3.87,51.75,52.75,29.08,77.31,1010.23,91493.0,0.116,1.0,POOR,OK,SHORT_CIRCUIT,v1.3,PARTIAL_SHADING,0.5879,0.0058,0.5879,0.0009,0.0044,0.4011,CONNECTED,INFO,4.23,3,0.7143,v1.4,False,SUCCESS,LORA,FAIR,5.61
REC-03746,2026-09-11T05:10:05Z,SITE-E,ESP32-E01,PV-E01,SITE-E-SHO-10,26,0.024,164.03,4.0,51.68,52.71,29.08,77.17,1010.21,91338.0,0.119,1.0,POOR,OK,SHORT_CIRCUIT,v1.3,PARTIAL_SHADING,0.5856,0.0059,0.5856,0.0009,0.0045,0.4031,CONNECTED,INFO,2.38,3,0.7143,v1.4,False,SUCCESS,LORA,FAIR,5.61
REC-03747,2026-09-11T05:10:10Z,SITE-E,ESP32-E01,PV-E01,SITE-E-SHO-10,27,0.029,163.67,4.7,51.73,52.7,29.1,77.83,1010.29,91147.0,0.128,1.2,POOR,OK,SHORT_CIRCUIT,v1.3,PARTIAL_SHADING,0.5861,0.0061,0.5861,0.0009,0.0046,0.4023,CONNECTED,INFO,4.2,3,0.7143,v1.4,False,SUCCESS,LORA,FAIR,5.61
REC-03748,2026-09-11T05:10:15Z,SITE-E,ESP32-E01,PV-E01,SITE-E-SHO-10,28,0.026,162.79,4.25,51.54,52.51,29.09,76.96,1010.23,91397.0,0.126,1.1,POOR,OK,SHORT_CIRCUIT,v1.3,PARTIAL_SHADING,0.5819,0.0062,0.5819,0.0009,0.0048,0.4062,CONNECTED,INFO,4.02,3,0.7143,v1.4,False,SUCCESS,LORA,FAIR,5.61
REC-03749,2026-09-11T05:10:20Z,SITE-E,ESP32-E01,PV-E01,SITE-E-SHO-10,29,0.018,163.16,2.88,51.53,52.79,29.08,77.03,1010.23,90843.0,0.119,0.7,POOR,OK,SHORT_CIRCUIT,v1.3,PARTIAL_SHADING,0.5834,0.006,0.5834,0.0009,0.0046,0.4052,CONNECTED,INFO,3.42,3,0.7143,v1.4,False,SUCCESS,LORA,FAIR,5.61
REC-03750,2026-09-11T05:10:25Z,SITE-E,ESP32-E01,PV-E01,SITE-E-SHO-10,30,0.016,163.06,2.62,51.64,52.58,29.07,77.24,1010.26,90830.0,0.117,0.7,POOR,OK,SHORT_CIRCUIT,v1.3,PARTIAL_SHADING,0.5818,0.006,0.5818,0.0009,0.0046,0.4067,CONNECTED,INFO,4.69,3,0.7143,v1.4,False,SUCCESS,LORA,FAIR,5.61
REC-03751,2026-09-11T05:10:30Z,SITE-E,ESP32-E01,PV-E01,SITE-E-SHO-10,31,0.027,162.81,4.37,51.55,52.54,29.09,77.32,1010.24,91053.0,0.107,1.1,POOR,OK,SHORT_CIRCUIT,v1.3,PARTIAL_SHADING,0.5879,0.0059,0.5879,0.0009,0.0045,0.4009,CONNECTED,INFO,3.72,3,0.7143,v1.4,False,SUCCESS,LORA,FAIR,5.61
REC-03752,2026-09-11T05:10:35Z,SITE-E,ESP32-E01,PV-E01,SITE-E-SHO-10,32,0.026,163.3,4.29,51.68,52.53,29.1,77.27,1010.17,91263.0,0.114,1.1,POOR,OK,SHORT_CIRCUIT,v1.3,PARTIAL_SHADING,0.5872,0.0059,0.5872,0.0009,0.0045,0.4015,CONNECTED,INFO,4.21,3,0.7143,v1.4,False,SUCCESS,LORA,FAIR,5.61
REC-03753,2026-09-11T05:10:40Z,SITE-E,ESP32-E01,PV-E01,SITE-E-SHO-10,33,0.03,163.57,4.89,51.55,52.46,29.1,77.19,1010.3,90823.0,0.139,1.2,POOR,OK,SHORT_CIRCUIT,v1.3,PARTIAL_SHADING,0.5786,0.0066,0.5786,0.001,0.005,0.4089,CONNECTED,INFO,3.84,3,0.7143,v1.4,False,SUCCESS,LORA,FAIR,5.61
REC-03754,2026-09-11T05:10:45Z,SITE-E,ESP32-E01,PV-E01,SITE-E-SHO-10,34,0.023,163.15,3.77,51.62,52.72,29.11,77.36,1010.23,91382.0,0.106,0.9,POOR,OK,SHORT_CIRCUIT,v1.3,PARTIAL_SHADING,0.5907,0.0057,0.5907,0.0009,0.0043,0.3984,CONNECTED,INFO,2.58,3,0.7143,v1.4,False,SUCCESS,LORA,FAIR,5.61
REC-03755,2026-09-11T05:10:50Z,SITE-E,ESP32-E01,PV-E01,SITE-E-SHO-10,35,0.025,164.27,4.12,51.74,52.66,29.11,77.38,1010.21,91485.0,0.11,1.0,POOR,OK,SHORT_CIRCUIT,v1.3,PARTIAL_SHADING,0.5899,0.0058,0.5899,0.0009,0.0043,0.3991,CONNECTED,INFO,3.88,3,0.7143,v1.4,False,SUCCESS,LORA,FAIR,5.61
REC-03756,2026-09-11T05:10:55Z,SITE-E,ESP32-E01,PV-E01,SITE-E-SHO-10,36,0.026,164.87,4.32,51.81,52.78,29.11,77.19,1010.24,91759.0,0.102,1.1,POOR,OK,SHORT_CIRCUIT,v1.3,PARTIAL_SHADING,0.5943,0.0055,0.5943,0.0008,0.0041,0.3953,CONNECTED,INFO,4.66,3,0.7143,v1.4,False,SUCCESS,LORA,FAIR,5.61
REC-03757,2026-09-11T05:11:00Z,SITE-D,ESP32-D01,PV-D01,SITE-D-NOR-06,1,2.78,39.23,109.09,33.24,32.82,27.03,84.74,1010.7,28916.0,0.087,93.1,GOOD,CURRENT_SIGN_REVERSED,NORMAL,v1.4,NORMAL,0.8368,0.8368,0.0789,0.016,0.047,0.0213,CONNECTED,NONE,4.16,4,0.7143,v1.4,True,SUCCESS,LTE,GOOD,0.43
REC-03758,2026-09-11T05:11:00Z,SITE-E,ESP32-E01,PV-E01,SITE-E-SHO-10,37,0.016,164.85,2.65,51.87,52.78,29.1,77.75,1010.22,91917.0,0.109,0.7,POOR,OK,SHORT_CIRCUIT,v1.3,PARTIAL_SHADING,0.5894,0.0055,0.5894,0.0008,0.0042,0.4,CONNECTED,INFO,2.2,3,0.7143,v1.4,False,SUCCESS,LORA,FAIR,5.61
REC-03759,2026-09-11T05:11:05Z,SITE-D,ESP32-D01,PV-D01,SITE-D-NOR-06,2,2.778,38.56,107.13,33.24,32.73,27.03,85.0,1010.77,28169.0,0.085,91.9,GOOD,CURRENT_SIGN_REVERSED,NORMAL,v1.4,NORMAL,0.8352,0.8352,0.0809,0.0163,0.0459,0.0217,CONNECTED,NONE,2.77,4,0.7143,v1.4,True,SUCCESS,LTE,GOOD,0.43
REC-03760,2026-09-11T05:11:05Z,SITE-E,ESP32-E01,PV-E01,SITE-E-SHO-10,38,0.016,164.67,2.6,51.8,52.9,29.1,77.33,1010.23,92075.0,0.104,0.6,POOR,OK,SHORT_CIRCUIT,v1.3,PARTIAL_SHADING,0.5915,0.0054,0.5915,0.0008,0.0041,0.3981,CONNECTED,INFO,2.82,3,0.7143,v1.4,False,SUCCESS,LORA,FAIR,5.61
REC-03761,2026-09-11T05:11:10Z,SITE-D,ESP32-D01,PV-D01,SITE-D-NOR-06,3,2.779,38.68,107.48,33.37,32.69,27.02,85.11,1010.85,28377.0,0.085,91.8,GOOD,CURRENT_SIGN_REVERSED,NORMAL,v1.4,NORMAL,0.8324,0.8324,0.0828,0.0164,0.0467,0.0217,CONNECTED,NONE,3.7,4,0.7143,v1.4,True,SUCCESS,LTE,GOOD,0.43
REC-03762,2026-09-11T05:11:10Z,SITE-E,ESP32-E01,PV-E01,SITE-E-SHO-10,39,0.027,164.91,4.53,51.77,52.83,29.1,77.12,1010.24,91557.0,0.104,1.1,POOR,OK,SHORT_CIRCUIT,v1.3,PARTIAL_SHADING,0.5936,0.0055,0.5936,0.0008,0.0041,0.3959,CONNECTED,INFO,3.52,3,0.7143,v1.4,False,SUCCESS,LORA,FAIR,5.61
REC-03763,2026-09-11T05:11:15Z,SITE-D,ESP32-D01,PV-D01,SITE-D-NOR-06,4,2.761,38.91,107.43,33.33,32.8,27.0,85.63,1010.8,28445.0,0.089,91.5,GOOD,CURRENT_SIGN_REVERSED,NORMAL,v1.4,NORMAL,0.8306,0.8306,0.084,0.0172,0.0459,0.0223,CONNECTED,NONE,3.42,4,0.7143,v1.4,True,SUCCESS,LTE,GOOD,0.43
REC-03764,2026-09-11T05:11:15Z,SITE-E,ESP32-E01,PV-E01,SITE-E-SHO-10,40,0.026,164.9,4.23,51.86,52.87,29.1,77.57,1010.18,91908.0,0.119,1.1,POOR,OK,SHORT_CIRCUIT,v1.3,PARTIAL_SHADING,0.5904,0.0057,0.5904,0.0009,0.0043,0.3987,CONNECTED,INFO,3.23,3,0.7143,v1.4,False,SUCCESS,LORA,FAIR,5.61
REC-03765,2026-09-11T05:11:20Z,SITE-D,ESP32-D01,PV-D01,SITE-D-NOR-06,5,2.79,38.94,108.65,33.36,32.9,27.01,84.95,1010.75,28373.0,0.085,92.6,GOOD,CURRENT_SIGN_REVERSED,NORMAL,v1.4,NORMAL,0.8344,0.8344,0.082,0.0164,0.0457,0.0215,CONNECTED,NONE,2.14,4,0.7143,v1.4,True,SUCCESS,LTE,GOOD,0.43
REC-03766,2026-09-11T05:11:20Z,SITE-E,ESP32-E01,PV-E01,SITE-E-SHO-10,41,0.03,164.26,5.0,51.85,52.82,29.1,76.59,1010.26,91584.0,0.123,1.2,POOR,OK,SHORT_CIRCUIT,v1.3,PARTIAL_SHADING,0.5904,0.0058,0.5904,0.0009,0.0044,0.3985,CONNECTED,INFO,3.0,3,0.7143,v1.4,False,SUCCESS,LORA,FAIR,5.61
REC-03767,2026-09-11T05:11:25Z,SITE-D,ESP32-D01,PV-D01,SITE-D-NOR-06,6,2.756,39.68,109.38,33.25,33.03,27.01,84.96,1010.79,28856.0,0.079,93.0,GOOD,CURRENT_SIGN_REVERSED,NORMAL,v1.4,NORMAL,0.8395,0.8395,0.0792,0.0156,0.044,0.0218,CONNECTED,NONE,4.12,4,0.7143,v1.4,True,SUCCESS,LTE,GOOD,0.43
REC-03768,2026-09-11T05:11:25Z,SITE-E,ESP32-E01,PV-E01,SITE-E-SHO-10,42,0.033,164.58,5.43,51.72,52.75,29.11,76.86,1010.27,91774.0,0.12,1.4,POOR,OK,SHORT_CIRCUIT,v1.3,PARTIAL_SHADING,0.5902,0.0059,0.5902,0.0009,0.0044,0.3986,CONNECTED,INFO,4.05,3,0.7143,v1.4,False,SUCCESS,LORA,FAIR,5.61
REC-03769,2026-09-11T05:11:30Z,SITE-D,ESP32-D01,PV-D01,SITE-D-NOR-06,7,2.756,39.11,107.79,33.3,32.84,27.02,85.56,1010.75,28951.0,0.097,91.9,GOOD,TEMP2_MISSING_-999|CURRENT_SIGN_REVERSED,NORMAL,v1.4,NORMAL,0.8271,0.8271,0.0844,0.018,0.0478,0.0227,CONNECTED,NONE,4.49,4,0.7143,v1.4,True,SUCCESS,LTE,GOOD,0.43
REC-03770,2026-09-11T05:11:30Z,SITE-E,ESP32-E01,PV-E01,SITE-E-SHO-10,43,0.022,165.08,3.68,51.91,52.73,29.11,77.14,1010.19,91938.0,0.106,0.9,POOR,OK,SHORT_CIRCUIT,v1.3,PARTIAL_SHADING,0.5924,0.0055,0.5924,0.0008,0.0041,0.3972,CONNECTED,INFO,4.44,3,0.7143,v1.4,False,SUCCESS,LORA,FAIR,5.61
REC-03771,2026-09-11T05:11:35Z,SITE-D,ESP32-D01,PV-D01,SITE-D-NOR-06,8,2.783,38.41,106.89,33.4,32.8,27.02,84.99,1010.73,28467.0,0.097,91.3,GOOD,CURRENT_SIGN_REVERSED,NORMAL,v1.4,NORMAL,0.8226,0.8226,0.0879,0.0183,0.0485,0.0227,CONNECTED,NONE,4.23,4,0.7143,v1.4,True,SUCCESS,LTE,GOOD,0.43
REC-03772,2026-09-11T05:11:35Z,SITE-E,ESP32-E01,PV-E01,SITE-E-SHO-10,44,0.022,165.02,3.65,51.8,52.88,29.11,76.85,1010.25,92181.0,0.099,0.9,POOR,OK,SHORT_CIRCUIT,v1.3,PARTIAL_SHADING,0.5949,0.0054,0.5949,0.0008,0.004,0.3949,CONNECTED,INFO,2.79,3,0.7143,v1.4,False,SUCCESS,LORA,FAIR,5.61
REC-03773,2026-09-11T05:11:40Z,SITE-D,ESP32-D01,PV-D01,SITE-D-NOR-06,9,2.765,38.65,106.87,33.39,32.75,27.0,85.32,1010.76,28300.0,0.112,91.4,GOOD,CURRENT_SIGN_REVERSED,NORMAL,v1.4,NORMAL,0.8147,0.8147,0.0928,0.0206,0.0484,0.0235,CONNECTED,NONE,4.05,4,0.7143,v1.4,True,SUCCESS,LTE,GOOD,0.43
REC-03774,2026-09-11T05:11:40Z,SITE-E,ESP32-E01,PV-E01,SITE-E-SHO-10,45,0.017,166.1,2.86,51.95,53.0,29.1,77.44,1010.21,92519.0,0.096,0.7,POOR,OK,SHORT_CIRCUIT,v1.3,PARTIAL_SHADING,0.596,0.0051,0.596,0.0008,0.0039,0.3943,CONNECTED,INFO,3.91,3,0.7143,v1.4,False,SUCCESS,LORA,FAIR,5.61
REC-03775,2026-09-11T05:11:45Z,SITE-D,ESP32-D01,PV-D01,SITE-D-NOR-06,10,2.758,38.97,107.47,33.26,32.86,26.98,84.66,1010.77,28004.0,0.088,92.4,GOOD,CURRENT_SIGN_REVERSED,NORMAL,v1.4,NORMAL,0.8333,0.8333,0.0835,0.0172,0.0439,0.0222,CONNECTED,NONE,3.57,4,0.7143,v1.4,True,SUCCESS,LTE,GOOD,0.43
REC-03776,2026-09-11T05:11:45Z,SITE-E,ESP32-E01,PV-E01,SITE-E-SHO-10,46,0.027,165.96,4.42,51.96,52.97,29.09,77.43,1010.23,92712.0,0.104,1.1,POOR,OK,SHORT_CIRCUIT,v1.3,PARTIAL_SHADING,0.5961,0.0053,0.5961,0.0008,0.0039,0.3939,CONNECTED,INFO,3.59,3,0.7143,v1.4,False,SUCCESS,LORA,FAIR,5.61
REC-03777,2026-09-11T05:11:50Z,SITE-D,ESP32-D01,PV-D01,SITE-D-NOR-06,11,2.756,39.48,108.83,33.34,32.68,27.01,85.05,1010.71,28377.0,0.098,93.4,GOOD,CURRENT_SIGN_REVERSED,NORMAL,v1.4,NORMAL,0.8307,0.8307,0.084,0.0177,0.0457,0.0219,CONNECTED,NONE,2.64,4,0.7143,v1.4,True,SUCCESS,LTE,GOOD,0.43
REC-03778,2026-09-11T05:11:50Z,SITE-E,ESP32-E01,PV-E01,SITE-E-SHO-10,47,0.014,165.23,2.26,51.86,52.77,29.1,77.69,1010.25,92433.0,0.106,0.6,POOR,OK,SHORT_CIRCUIT,v1.3,PARTIAL_SHADING,0.5892,0.0055,0.5892,0.0008,0.0042,0.4003,CONNECTED,INFO,3.33,3,0.7143,v1.4,False,SUCCESS,LORA,FAIR,5.61
REC-03779,2026-09-11T05:11:55Z,SITE-D,ESP32-D01,PV-D01,SITE-D-NOR-06,12,2.771,39.02,108.12,33.52,32.88,27.0,84.6,1010.74,28468.0,0.098,92.4,GOOD,CURRENT_SIGN_REVERSED,NORMAL,v1.4,NORMAL,0.8226,0.8226,0.0891,0.0187,0.047,0.0227,CONNECTED,NONE,4.24,4,0.7143,v1.4,True,SUCCESS,LTE,GOOD,0.43
REC-03780,2026-09-11T05:11:55Z,SITE-E,ESP32-E01,PV-E01,SITE-E-SHO-10,48,0.019,164.35,3.12,51.78,52.82,29.07,77.03,1010.27,91743.0,0.111,0.8,POOR,OK,SHORT_CIRCUIT,v1.3,PARTIAL_SHADING,0.588,0.0056,0.588,0.0008,0.0043,0.4013,CONNECTED,INFO,4.26,3,0.7143,v1.4,False,SUCCESS,LORA,FAIR,5.61
REC-03781,2026-09-11T05:12:00Z,SITE-D,ESP32-D01,PV-D01,SITE-D-NOR-06,13,2.792,38.53,107.57,33.34,32.91,27.0,84.78,1010.77,28358.0,0.092,92.1,GOOD,CURRENT_SIGN_REVERSED,NORMAL,v1.4,NORMAL,0.8274,0.8274,0.0857,0.0176,0.0471,0.0222,CONNECTED,NONE,2.84,4,0.7143,v1.4,True,SUCCESS,LTE,GOOD,0.43
REC-03782,2026-09-11T05:12:00Z,SITE-E,ESP32-E01,PV-E01,SITE-E-SHO-10,49,0.025,165.03,4.19,51.68,52.77,29.08,77.37,1010.25,92121.0,0.119,1.0,POOR,OK,SHORT_CIRCUIT,v1.3,PARTIAL_SHADING,0.5861,0.0058,0.5861,0.0009,0.0044,0.4028,CONNECTED,INFO,2.46,3,0.7143,v1.4,False,SUCCESS,LORA,FAIR,5.61
REC-03783,2026-09-11T05:12:05Z,SITE-D,ESP32-D01,PV-D01,SITE-D-NOR-06,14,2.758,39.31,108.44,33.29,32.88,27.0,85.35,1010.76,28519.0,0.102,92.8,GOOD,CURRENT_SIGN_REVERSED,NORMAL,v1.4,NORMAL,0.8268,0.8268,0.0857,0.0186,0.0462,0.0227,CONNECTED,NONE,2.99,4,0.7143,v1.4,True,SUCCESS,LTE,GOOD,0.43
REC-03784,2026-09-11T05:12:05Z,SITE-E,ESP32-E01,PV-E01,SITE-E-SHO-10,50,0.021,164.89,3.39,51.87,52.83,29.08,77.58,1010.2,91800.0,0.112,0.8,POOR,OK,SHORT_CIRCUIT,v1.3,PARTIAL_SHADING,0.5895,0.0056,0.5895,0.0008,0.0042,0.3999,CONNECTED,INFO,2.48,3,0.7143,v1.4,False,SUCCESS,LORA,FAIR,5.61
REC-03785,2026-09-11T05:12:10Z,SITE-D,ESP32-D01,PV-D01,SITE-D-NOR-06,15,2.753,39.0,107.36,33.32,32.82,27.0,85.09,1010.78,28522.0,0.103,91.9,GOOD,CURRENT_SIGN_REVERSED,NORMAL,v1.4,NORMAL,0.8228,0.8228,0.0879,0.0191,0.047,0.0231,CONNECTED,NONE,3.14,4,0.7143,v1.4,True,SUCCESS,LTE,GOOD,0.43
REC-03786,2026-09-11T05:12:10Z,SITE-E,ESP32-E01,PV-E01,SITE-E-SHO-10,51,0.024,165.35,3.91,51.84,52.96,29.08,77.25,1010.24,92336.0,0.132,1.0,POOR,OK,SHORT_CIRCUIT,v1.3,PARTIAL_SHADING,0.5857,0.0058,0.5857,0.0009,0.0044,0.4032,CONNECTED,INFO,3.71,3,0.7143,v1.4,False,SUCCESS,LORA,FAIR,5.61
REC-03787,2026-09-11T05:12:15Z,SITE-D,ESP32-D01,PV-D01,SITE-D-NOR-06,16,2.778,38.79,107.74,33.33,32.87,26.99,85.0,1010.73,28539.0,0.098,92.2,GOOD,CURRENT_SIGN_REVERSED,NORMAL,v1.4,NORMAL,0.8245,0.8245,0.0871,0.0184,0.0474,0.0226,CONNECTED,NONE,2.77,4,0.7143,v1.4,True,SUCCESS,LTE,GOOD,0.43
REC-03788,2026-09-11T05:12:15Z,SITE-E,ESP32-E01,PV-E01,SITE-E-SHO-10,52,0.023,165.44,3.79,51.9,52.72,29.08,77.5,1010.25,92315.0,0.139,0.9,POOR,OK,SHORT_CIRCUIT,v1.3,PARTIAL_SHADING,0.5813,0.006,0.5813,0.0009,0.0046,0.4072,CONNECTED,INFO,4.69,3,0.7143,v1.4,False,SUCCESS,LORA,FAIR,5.61
REC-03789,2026-09-11T05:12:20Z,SITE-D,ESP32-D01,PV-D01,SITE-D-NOR-06,17,2.788,38.27,106.7,33.29,32.82,26.99,84.88,1010.79,28390.0,0.092,91.4,GOOD,CURRENT_SIGN_REVERSED,NORMAL,v1.4,NORMAL,0.8257,0.8257,0.0864,0.0177,0.0477,0.0225,CONNECTED,NONE,2.98,4,0.7143,v1.4,True,SUCCESS,LTE,GOOD,0.43
REC-03790,2026-09-11T05:12:20Z,SITE-E,ESP32-E01,PV-E01,SITE-E-SHO-10,53,0.018,165.91,3.06,51.88,53.07,29.08,77.17,1010.22,92660.0,0.115,0.8,POOR,OK,SHORT_CIRCUIT,v1.3,PARTIAL_SHADING,0.5902,0.0054,0.5902,0.0008,0.0041,0.3995,CONNECTED,INFO,3.28,3,0.7143,v1.4,False,SUCCESS,LORA,FAIR,5.61
REC-03791,2026-09-11T05:12:25Z,SITE-D,ESP32-D01,PV-D01,SITE-D-NOR-06,18,2.77,39.24,108.67,33.27,32.71,26.99,85.03,1010.73,28196.0,0.091,93.4,GOOD,CURRENT_SIGN_REVERSED,NORMAL,v1.4,NORMAL,0.8344,0.8344,0.0823,0.0169,0.0449,0.0215,CONNECTED,NONE,3.49,4,0.7143,v1.4,True,SUCCESS,LTE,GOOD,0.43
REC-03792,2026-09-11T05:12:25Z,SITE-E,ESP32-E01,PV-E01,SITE-E-SHO-10,54,0.014,166.15,2.27,51.98,52.86,29.07,77.59,1010.21,92811.0,0.097,0.6,POOR,OK,SHORT_CIRCUIT,v1.3,PARTIAL_SHADING,0.5919,0.0052,0.5919,0.0008,0.0039,0.3982,CONNECTED,INFO,3.24,3,0.7143,v1.4,False,SUCCESS,LORA,FAIR,5.61
REC-03793,2026-09-11T05:12:30Z,SITE-D,ESP32-D01,PV-D01,SITE-D-NOR-06,19,2.793,37.82,105.61,33.18,32.95,26.99,85.19,1010.82,28551.0,0.081,90.5,GOOD,CURRENT_SIGN_REVERSED,NORMAL,v1.4,NORMAL,0.8278,0.8278,0.0851,0.0166,0.0477,0.0227,CONNECTED,NONE,2.79,4,0.7143,v1.4,True,SUCCESS,LTE,GOOD,0.43
REC-03794,2026-09-11T05:12:30Z,SITE-E,ESP32-E01,PV-E01,SITE-E-SHO-10,55,0.027,165.87,4.54,51.83,52.92,29.06,76.97,1010.24,92138.0,0.111,1.1,POOR,OK,SHORT_CIRCUIT,v1.3,PARTIAL_SHADING,0.5907,0.0055,0.5907,0.0008,0.0041,0.3989,CONNECTED,INFO,4.54,3,0.7143,v1.4,False,SUCCESS,LORA,FAIR,5.61
REC-03795,2026-09-11T05:12:35Z,SITE-D,ESP32-D01,PV-D01,SITE-D-NOR-06,20,2.803,38.85,108.9,33.25,32.8,26.98,85.39,1010.72,28448.0,0.087,93.3,GOOD,CURRENT_SIGN_REVERSED,NORMAL,v1.4,NORMAL,0.8342,0.8342,0.0818,0.0163,0.0465,0.0212,CONNECTED,NONE,3.66,4,0.7143,v1.4,True,SUCCESS,LTE,GOOD,0.43
REC-03796,2026-09-11T05:12:35Z,SITE-E,ESP32-E01,PV-E01,SITE-E-SHO-10,56,0.023,165.65,3.82,51.8,52.98,29.06,76.73,1010.26,92619.0,0.113,0.9,POOR,OK,SHORT_CIRCUIT,v1.3,PARTIAL_SHADING,0.5895,0.0055,0.5895,0.0008,0.0041,0.4001,CONNECTED,INFO,3.64,3,0.7143,v1.4,False,SUCCESS,LORA,FAIR,5.61
REC-03797,2026-09-11T05:12:40Z,SITE-D,ESP32-D01,PV-D01,SITE-D-NOR-06,21,2.756,39.03,107.54,33.34,32.92,26.99,84.31,1010.74,28752.0,0.089,91.6,GOOD,CURRENT_SIGN_REVERSED,NORMAL,v1.4,NORMAL,0.8291,0.8291,0.0845,0.0175,0.0463,0.0226,CONNECTED,NONE,2.5,4,0.7143,v1.4,True,SUCCESS,LTE,GOOD,0.43
REC-03798,2026-09-11T05:12:40Z,SITE-E,ESP32-E01,PV-E01,SITE-E-SHO-10,57,0.026,165.47,4.23,51.8,52.81,29.05,77.09,1010.22,92243.0,0.123,1.1,POOR,OK,SHORT_CIRCUIT,v1.3,PARTIAL_SHADING,0.5851,0.0058,0.5851,0.0009,0.0044,0.404,CONNECTED,INFO,2.46,3,0.7143,v1.4,False,SUCCESS,LORA,FAIR,5.61
REC-03799,2026-09-11T05:12:45Z,SITE-D,ESP32-D01,PV-D01,SITE-D-NOR-06,22,2.781,38.77,107.81,33.33,32.65,26.97,84.85,1010.78,28741.0,0.084,91.8,GOOD,CURRENT_SIGN_REVERSED,NORMAL,v1.4,NORMAL,0.8312,0.8312,0.0835,0.0164,0.0474,0.0215,CONNECTED,NONE,3.25,4,0.7143,v1.4,True,SUCCESS,LTE,GOOD,0.43
REC-03800,2026-09-11T05:12:45Z,SITE-E,ESP32-E01,PV-E01,SITE-E-SHO-10,58,0.024,165.04,3.89,51.7,52.84,29.04,77.17,1010.25,92001.0,0.103,1.0,POOR,OK,SHORT_CIRCUIT,v1.3,PARTIAL_SHADING,0.5891,0.0055,0.5891,0.0008,0.0041,0.4005,CONNECTED,INFO,4.26,3,0.7143,v1.4,False,SUCCESS,LORA,FAIR,5.61
REC-03801,2026-09-11T05:12:50Z,SITE-D,ESP32-D01,PV-D01,SITE-D-NOR-06,23,2.781,39.36,109.45,33.29,32.93,26.98,85.15,1010.82,28330.0,0.099,93.5,GOOD,CURRENT_SIGN_REVERSED,NORMAL,v1.4,NORMAL,0.8298,0.8298,0.0848,0.018,0.0455,0.022,CONNECTED,NONE,2.81,4,0.7143,v1.4,True,SUCCESS,LTE,GOOD,0.43
REC-03802,2026-09-11T05:12:50Z,SITE-E,ESP32-E01,PV-E01,SITE-E-SHO-10,59,0.023,164.73,3.86,51.78,52.74,29.04,77.33,1010.2,91975.0,0.1,1.0,POOR,OK,SHORT_CIRCUIT,v1.3,PARTIAL_SHADING,0.5898,0.0054,0.5898,0.0008,0.0041,0.3999,CONNECTED,INFO,3.8,3,0.7143,v1.4,False,SUCCESS,LORA,FAIR,5.61
REC-03803,2026-09-11T05:12:55Z,SITE-D,ESP32-D01,PV-D01,SITE-D-NOR-06,24,2.773,38.88,107.82,33.33,32.96,27.01,85.07,1010.78,28433.0,0.107,91.7,GOOD,CURRENT_SIGN_REVERSED,NORMAL,v1.4,NORMAL,0.8209,0.8209,0.0888,0.0196,0.0475,0.0232,CONNECTED,NONE,2.56,4,0.7143,v1.4,True,SUCCESS,LTE,GOOD,0.43
REC-03804,2026-09-11T05:12:55Z,SITE-E,ESP32-E01,PV-E01,SITE-E-SHO-10,60,0.025,164.31,4.05,51.84,52.67,29.04,77.34,1010.25,91847.0,0.119,1.0,POOR,OK,SHORT_CIRCUIT,v1.3,PARTIAL_SHADING,0.585,0.0058,0.585,0.0009,0.0044,0.404,CONNECTED,INFO,3.37,3,0.7143,v1.4,False,SUCCESS,LORA,FAIR,5.61
REC-03805,2026-09-11T05:13:00Z,SITE-D,ESP32-D01,PV-D01,SITE-D-NOR-06,25,2.777,39.01,108.33,33.37,32.87,27.02,85.22,1010.79,28589.0,0.086,92.0,GOOD,CURRENT_SIGN_REVERSED,NORMAL,v1.4,NORMAL,0.8333,0.8333,0.0821,0.0165,0.0463,0.0218,CONNECTED,NONE,2.11,4,0.7143,v1.4,True,SUCCESS,LTE,GOOD,0.43
REC-03806,2026-09-11T05:13:05Z,SITE-D,ESP32-D01,PV-D01,SITE-D-NOR-06,26,2.781,39.05,108.58,33.45,32.92,27.03,85.18,1010.77,28606.0,0.098,92.0,GOOD,CURRENT_SIGN_REVERSED,NORMAL,v1.4,NORMAL,0.8258,0.8258,0.0862,0.0181,0.0475,0.0224,CONNECTED,NONE,4.41,4,0.7143,v1.4,True,SUCCESS,LTE,GOOD,0.43
REC-03807,2026-09-11T05:13:10Z,SITE-D,ESP32-D01,PV-D01,SITE-D-NOR-06,27,2.788,39.36,109.73,33.38,32.94,27.03,85.01,1010.74,28979.0,0.085,92.6,GOOD,CURRENT_SIGN_REVERSED,NORMAL,v1.4,NORMAL,0.8354,0.8354,0.0803,0.016,0.0469,0.0213,CONNECTED,NONE,3.24,4,0.7143,v1.4,True,SUCCESS,LTE,GOOD,0.43
REC-03808,2026-09-11T05:13:15Z,SITE-D,ESP32-D01,PV-D01,SITE-D-NOR-06,28,2.788,39.05,108.85,33.41,32.83,27.01,84.94,1010.76,28863.0,0.092,92.1,GOOD,CURRENT_SIGN_REVERSED,NORMAL,v1.4,NORMAL,0.8287,0.8287,0.0842,0.0172,0.0481,0.0218,CONNECTED,NONE,3.65,4,0.7143,v1.4,True,SUCCESS,LTE,GOOD,0.43
REC-03809,2026-09-11T05:13:20Z,SITE-D,ESP32-D01,PV-D01,SITE-D-NOR-06,29,2.795,38.56,107.78,33.34,32.93,26.99,85.03,1010.73,28964.0,0.088,91.2,GOOD,SPIKE_IRRADIANCE|CURRENT_SIGN_REVERSED,NORMAL,v1.4,NORMAL,0.8274,0.8274,0.0847,0.0171,0.0487,0.0222,CONNECTED,NONE,4.76,4,0.7143,v1.4,True,SUCCESS,LTE,GOOD,0.43
REC-03810,2026-09-11T05:13:25Z,SITE-D,ESP32-D01,PV-D01,SITE-D-NOR-06,30,2.765,39.03,107.94,33.43,32.82,27.01,85.44,1010.73,28844.0,0.101,91.4,GOOD,CURRENT_SIGN_REVERSED,NORMAL,v1.4,NORMAL,0.8219,0.8219,0.0881,0.0188,0.0484,0.0228,CONNECTED,NONE,3.49,4,0.7143,v1.4,True,SUCCESS,LTE,GOOD,0.43
REC-03811,2026-09-11T05:13:30Z,SITE-D,ESP32-D01,PV-D01,SITE-D-NOR-06,31,2.791,39.35,109.82,33.38,32.8,27.0,84.88,1010.78,28706.0,0.088,93.3,GOOD,CURRENT_SIGN_REVERSED,NORMAL,v1.4,NORMAL,0.8343,0.8343,0.0817,0.0163,0.0466,0.0211,CONNECTED,NONE,4.74,4,0.7143,v1.4,True,SUCCESS,LTE,GOOD,0.43
REC-03812,2026-09-11T05:13:35Z,SITE-D,ESP32-D01,PV-D01,SITE-D-NOR-06,32,2.792,38.93,108.7,33.42,32.94,26.99,85.08,1010.74,28832.0,0.105,92.4,GOOD,CURRENT_SIGN_REVERSED,NORMAL,v1.4,NORMAL,0.8193,0.8193,0.0896,0.0192,0.0491,0.0227,CONNECTED,NONE,2.95,4,0.7143,v1.4,True,SUCCESS,LTE,GOOD,0.43
REC-03813,2026-09-11T05:13:40Z,SITE-D,ESP32-D01,PV-D01,SITE-D-NOR-06,33,2.762,39.54,109.2,33.41,32.93,26.99,85.16,1010.78,28837.0,0.093,92.5,GOOD,CURRENT_SIGN_REVERSED,NORMAL,v1.4,NORMAL,0.8296,0.8296,0.0845,0.0176,0.0461,0.0222,CONNECTED,NONE,4.5,4,0.7143,v1.4,True,SUCCESS,LTE,GOOD,0.43
REC-03814,2026-09-11T05:13:45Z,SITE-D,ESP32-D01,PV-D01,SITE-D-NOR-06,34,2.753,39.43,108.55,33.41,32.81,26.98,85.57,1010.73,28797.0,0.089,91.9,GOOD,CURRENT_SIGN_REVERSED,NORMAL,v1.4,NORMAL,0.8304,0.8304,0.0843,0.0173,0.0459,0.0221,CONNECTED,NONE,4.02,4,0.7143,v1.4,True,SUCCESS,LTE,GOOD,0.43
REC-03815,2026-09-11T05:13:50Z,SITE-D,ESP32-D01,PV-D01,SITE-D-NOR-06,35,2.768,38.98,107.91,33.32,32.77,26.97,85.01,1010.78,28894.0,0.082,91.7,GOOD,CURRENT_SIGN_REVERSED,NORMAL,v1.4,NORMAL,0.8327,0.8327,0.0825,0.0163,0.0467,0.0218,CONNECTED,NONE,3.67,4,0.7143,v1.4,True,SUCCESS,LTE,GOOD,0.43
REC-03816,2026-09-11T05:13:55Z,SITE-D,ESP32-D01,PV-D01,SITE-D-NOR-06,36,2.786,39.26,109.36,33.31,32.74,26.96,85.39,1010.76,28556.0,0.098,93.4,GOOD,CURRENT_SIGN_REVERSED,NORMAL,v1.4,NORMAL,0.8281,0.8281,0.0856,0.0178,0.0469,0.0217,CONNECTED,NONE,3.36,4,0.7143,v1.4,True,SUCCESS,LTE,GOOD,0.43
REC-03817,2026-09-11T05:14:00Z,SITE-D,ESP32-D01,PV-D01,SITE-D-NOR-06,37,2.766,39.19,108.38,33.41,32.89,26.96,85.47,1010.81,28635.0,0.104,92.1,GOOD,CURRENT_SIGN_REVERSED,NORMAL,v1.4,NORMAL,0.8201,0.8201,0.0903,0.0195,0.0472,0.0229,CONNECTED,NONE,3.92,4,0.7143,v1.4,True,SUCCESS,LTE,GOOD,0.43
REC-03818,2026-09-11T05:14:05Z,SITE-D,ESP32-D01,PV-D01,SITE-D-NOR-06,38,2.78,38.89,108.11,33.28,32.75,26.95,85.08,1010.78,28547.0,0.098,91.9,GOOD,CURRENT_SIGN_REVERSED,NORMAL,v1.4,NORMAL,0.8249,0.8249,0.0873,0.0183,0.0473,0.0222,CONNECTED,NONE,2.7,4,0.7143,v1.4,True,SUCCESS,LTE,GOOD,0.43
REC-03819,2026-09-11T05:14:10Z,SITE-D,ESP32-D01,PV-D01,SITE-D-NOR-06,39,2.746,39.62,108.8,33.28,32.85,26.94,85.04,1010.81,28723.0,0.117,92.6,GOOD,CURRENT_SIGN_REVERSED,NORMAL,v1.4,NORMAL,0.8166,0.8166,0.0918,0.0211,0.047,0.0235,CONNECTED,NONE,3.23,4,0.7143,v1.4,True,SUCCESS,LTE,GOOD,0.43
REC-03820,2026-09-11T05:14:15Z,SITE-D,ESP32-D01,PV-D01,SITE-D-NOR-06,40,2.76,38.88,107.29,33.33,32.88,26.95,85.0,1010.75,28780.0,0.109,91.4,GOOD,CURRENT_SIGN_REVERSED,NORMAL,v1.4,NORMAL,0.8149,0.8149,0.0925,0.0205,0.0484,0.0237,CONNECTED,NONE,4.54,4,0.7143,v1.4,True,SUCCESS,LTE,GOOD,0.43
REC-03821,2026-09-11T05:14:20Z,SITE-D,ESP32-D01,PV-D01,SITE-D-NOR-06,41,2.772,38.61,107.02,33.34,32.8,26.94,85.02,1010.77,28461.0,0.092,91.6,GOOD,CURRENT_SIGN_REVERSED,NORMAL,v1.4,NORMAL,0.8239,0.8239,0.0885,0.0182,0.0468,0.0226,CONNECTED,NONE,2.49,4,0.7143,v1.4,True,SUCCESS,LTE,GOOD,0.43
REC-03822,2026-09-11T05:14:25Z,SITE-D,ESP32-D01,PV-D01,SITE-D-NOR-06,42,2.756,39.2,108.05,33.27,32.92,26.94,85.36,1010.74,28786.0,0.092,92.1,GOOD,CURRENT_SIGN_REVERSED,NORMAL,v1.4,NORMAL,0.828,0.828,0.0857,0.0179,0.0459,0.0226,CONNECTED,NONE,2.2,4,0.7143,v1.4,True,SUCCESS,LTE,GOOD,0.43
REC-03823,2026-09-11T05:14:30Z,SITE-D,ESP32-D01,PV-D01,SITE-D-NOR-06,43,2.787,38.76,108.02,33.33,32.81,26.95,85.17,1010.76,28261.0,0.1,92.2,GOOD,CURRENT_SIGN_REVERSED,NORMAL,v1.4,NORMAL,0.8229,0.8229,0.0892,0.0187,0.0469,0.0224,CONNECTED,NONE,2.98,4,0.7143,v1.4,True,SUCCESS,LTE,GOOD,0.43
REC-03824,2026-09-11T05:14:35Z,SITE-D,ESP32-D01,PV-D01,SITE-D-NOR-06,44,2.757,39.38,108.58,33.36,32.85,26.95,85.17,1010.76,28665.0,0.087,92.3,GOOD,CURRENT_SIGN_REVERSED,NORMAL,v1.4,NORMAL,0.8314,0.8314,0.0843,0.0171,0.0451,0.022,CONNECTED,NONE,3.31,4,0.7143,v1.4,True,SUCCESS,LTE,GOOD,0.43
REC-03825,2026-09-11T05:14:40Z,SITE-D,ESP32-D01,PV-D01,SITE-D-NOR-06,45,2.79,39.54,110.33,33.2,32.8,26.94,84.76,1010.75,28671.0,0.107,93.8,GOOD,CURRENT_SIGN_REVERSED,NORMAL,v1.4,NORMAL,0.8265,0.8265,0.086,0.0186,0.0471,0.0218,CONNECTED,NONE,2.44,4,0.7143,v1.4,True,SUCCESS,LTE,GOOD,0.43
REC-03826,2026-09-11T05:14:45Z,SITE-D,ESP32-D01,PV-D01,SITE-D-NOR-06,46,2.756,39.55,108.98,33.38,32.98,26.95,84.81,1010.73,28690.0,0.099,92.2,GOOD,CURRENT_SIGN_REVERSED,NORMAL,v1.4,NORMAL,0.8251,0.8251,0.0878,0.0188,0.0456,0.0227,CONNECTED,NONE,4.11,4,0.7143,v1.4,True,SUCCESS,LTE,GOOD,0.43
REC-03827,2026-09-11T05:14:50Z,SITE-D,ESP32-D01,PV-D01,SITE-D-NOR-06,47,2.799,38.35,107.34,33.38,32.83,26.96,85.74,1010.73,29179.0,0.098,90.8,GOOD,CURRENT_SIGN_REVERSED,NORMAL,v1.4,NORMAL,0.8173,0.8173,0.0902,0.0186,0.0511,0.0228,CONNECTED,NONE,3.24,4,0.7143,v1.4,True,SUCCESS,LTE,GOOD,0.43
REC-03828,2026-09-11T05:14:55Z,SITE-D,ESP32-D01,PV-D01,SITE-D-NOR-06,48,2.774,39.48,109.51,33.39,32.94,26.96,85.05,1010.7,28884.0,0.102,92.4,GOOD,CURRENT_SIGN_REVERSED,NORMAL,v1.4,NORMAL,0.8236,0.8236,0.0879,0.0188,0.0472,0.0224,CONNECTED,NONE,4.58,4,0.7143,v1.4,True,SUCCESS,LTE,GOOD,0.43
REC-03829,2026-09-11T05:15:00Z,SITE-D,ESP32-D01,PV-D01,SITE-D-NOR-06,49,2.751,39.73,109.32,33.54,32.92,26.96,84.87,1010.74,28895.0,0.112,92.0,GOOD,CURRENT_SIGN_REVERSED,NORMAL,v1.4,NORMAL,0.8152,0.8152,0.0932,0.0208,0.0475,0.0233,CONNECTED,NONE,2.82,4,0.7143,v1.4,True,SUCCESS,LTE,GOOD,0.43
REC-03830,2026-09-11T05:15:05Z,SITE-D,ESP32-D01,PV-D01,SITE-D-NOR-06,50,2.755,39.82,109.7,33.35,32.86,26.95,85.53,1010.79,29013.0,0.097,92.2,GOOD,SPIKE_CURRENT|CURRENT_SIGN_REVERSED,NORMAL,v1.4,NORMAL,0.8283,0.8283,0.0853,0.018,0.0462,0.0222,CONNECTED,NONE,2.62,4,0.7143,v1.4,True,SUCCESS,LTE,GOOD,0.43
REC-03831,2026-09-11T05:15:10Z,SITE-D,ESP32-D01,PV-D01,SITE-D-NOR-06,51,2.744,39.91,109.53,33.38,32.89,26.94,85.18,1010.72,28738.0,0.094,91.9,GOOD,CURRENT_SIGN_REVERSED,NORMAL,v1.4,NORMAL,0.8298,0.8298,0.0855,0.018,0.0445,0.0222,CONNECTED,NONE,2.14,4,0.7143,v1.4,True,SUCCESS,LTE,GOOD,0.43
REC-03832,2026-09-11T05:15:15Z,SITE-D,ESP32-D01,PV-D01,SITE-D-NOR-06,52,2.771,39.55,109.58,33.22,33.04,26.95,85.27,1010.73,28905.0,0.11,92.0,GOOD,CURRENT_SIGN_REVERSED,NORMAL,v1.4,NORMAL,0.8223,0.8223,0.0879,0.0197,0.0472,0.0229,CONNECTED,NONE,2.58,4,0.7143,v1.4,True,SUCCESS,LTE,GOOD,0.43
REC-03833,2026-09-11T05:15:20Z,SITE-D,ESP32-D01,PV-D01,SITE-D-NOR-06,53,2.789,39.64,110.57,33.43,32.98,26.96,85.06,1010.82,29330.0,0.105,92.3,GOOD,CURRENT_SIGN_REVERSED,NORMAL,v1.4,NORMAL,0.8216,0.8216,0.0882,0.0189,0.049,0.0222,CONNECTED,NONE,3.88,4,0.7143,v1.4,True,SUCCESS,LTE,GOOD,0.43
REC-03834,2026-09-11T05:15:25Z,SITE-D,ESP32-D01,PV-D01,SITE-D-NOR-06,54,2.758,39.95,110.21,33.42,32.87,26.96,85.0,1010.75,29011.0,0.092,92.3,GOOD,CURRENT_SIGN_REVERSED,NORMAL,v1.4,NORMAL,0.8313,0.8313,0.0839,0.0173,0.0457,0.0217,CONNECTED,NONE,3.5,4,0.7143,v1.4,True,SUCCESS,LTE,GOOD,0.43
REC-03835,2026-09-11T05:15:30Z,SITE-D,ESP32-D01,PV-D01,SITE-D-NOR-06,55,2.775,39.59,109.84,33.39,32.96,26.97,85.05,1010.78,28981.0,0.095,91.9,GOOD,CURRENT_SIGN_REVERSED,NORMAL,v1.4,NORMAL,0.8286,0.8286,0.085,0.0177,0.0467,0.022,CONNECTED,NONE,3.13,4,0.7143,v1.4,True,SUCCESS,LTE,GOOD,0.43
REC-03836,2026-09-11T05:15:35Z,SITE-D,ESP32-D01,PV-D01,SITE-D-NOR-06,56,2.783,39.39,109.61,33.52,32.92,26.97,84.69,1010.79,29303.0,0.097,91.8,GOOD,TEMP1_MISSING_-999|CURRENT_SIGN_REVERSED,NORMAL,v1.4,NORMAL,0.8225,0.8225,0.0881,0.0182,0.049,0.0222,CONNECTED,NONE,3.86,4,0.7143,v1.4,True,SUCCESS,LTE,GOOD,0.43
REC-03837,2026-09-11T05:15:40Z,SITE-D,ESP32-D01,PV-D01,SITE-D-NOR-06,57,2.771,40.66,112.67,33.49,33.2,26.97,85.07,1010.79,29342.0,0.099,94.2,GOOD,CURRENT_SIGN_REVERSED,NORMAL,v1.4,NORMAL,0.8309,0.8309,0.0838,0.0179,0.0456,0.0217,CONNECTED,NONE,4.34,4,0.7143,v1.4,True,SUCCESS,LTE,GOOD,0.43
REC-03838,2026-09-11T05:15:45Z,SITE-D,ESP32-D01,PV-D01,SITE-D-NOR-06,58,2.781,39.4,109.58,33.41,32.93,26.98,85.19,1010.72,29182.0,0.081,91.7,GOOD,CURRENT_SIGN_REVERSED,NORMAL,v1.4,NORMAL,0.8339,0.8339,0.0819,0.016,0.0468,0.0214,CONNECTED,NONE,2.89,4,0.7143,v1.4,True,SUCCESS,LTE,GOOD,0.43
REC-03839,2026-09-11T05:15:50Z,SITE-D,ESP32-D01,PV-D01,SITE-D-NOR-06,59,2.776,39.8,110.49,33.4,32.9,26.99,85.66,1010.76,29063.0,0.08,92.4,GOOD,CURRENT_SIGN_REVERSED,NORMAL,v1.4,NORMAL,0.8385,0.8385,0.0795,0.0155,0.0455,0.021,CONNECTED,NONE,2.67,4,0.7143,v1.4,True,SUCCESS,LTE,GOOD,0.43
REC-03840,2026-09-11T05:15:55Z,SITE-D,ESP32-D01,PV-D01,SITE-D-NOR-06,60,2.778,39.17,108.82,33.52,33.06,26.99,85.13,1010.72,29081.0,0.086,91.1,GOOD,CURRENT_SIGN_REVERSED,NORMAL,v1.4,NORMAL,0.8275,0.8275,0.0858,0.0172,0.0472,0.0223,CONNECTED,NONE,3.63,4,0.7143,v1.4,True,SUCCESS,LTE,GOOD,0.43
REC-03841,2026-09-11T06:44:00Z,SITE-C,ESP32-C01,PV-C01,SITE-C-NOR-20,1,2.17,156.47,339.49,50.8,50.24,32.41,70.32,1010.13,96710.0,0.213,77.1,GOOD,OK,NORMAL,v1.4,NORMAL,0.4806,0.4806,0.4804,0.0263,0.0025,0.0102,CONNECTED,NONE,2.75,4,0.7143,v1.4,True,SUCCESS,LORA,GOOD,0.77
REC-03842,2026-09-11T06:44:05Z,SITE-C,ESP32-C01,PV-C01,SITE-C-NOR-20,2,2.153,157.48,339.01,50.7,50.17,32.36,70.11,1010.18,96221.0,0.209,77.4,GOOD,OK,NORMAL,v1.4,NORMAL,0.4816,0.4816,0.4804,0.025,0.0025,0.0104,CONNECTED,NONE,3.83,4,0.7143,v1.4,True,SUCCESS,LORA,GOOD,0.77
REC-03843,2026-09-11T06:44:10Z,SITE-C,ESP32-C01,PV-C01,SITE-C-NOR-20,3,2.168,156.3,338.87,50.61,50.12,32.36,70.7,1010.16,96174.0,0.224,77.3,GOOD,OK,NORMAL,v1.4,NORMAL,0.49,0.49,0.4683,0.0284,0.0027,0.0106,CONNECTED,NONE,3.15,4,0.7143,v1.4,True,SUCCESS,LORA,GOOD,0.77
REC-03844,2026-09-11T06:44:15Z,SITE-C,ESP32-C01,PV-C01,SITE-C-NOR-20,4,2.148,157.45,338.19,50.65,50.15,32.37,70.36,1010.17,96163.0,0.215,77.2,GOOD,OK,NORMAL,v1.4,PARTIAL_SHADING,0.4803,0.4801,0.4803,0.0262,0.0026,0.0107,CONNECTED,INFO,3.88,4,0.7143,v1.4,True,SUCCESS,LORA,GOOD,0.77
REC-03845,2026-09-11T06:44:20Z,SITE-C,ESP32-C01,PV-C01,SITE-C-NOR-20,5,2.167,156.7,339.53,50.63,50.26,32.37,70.49,1010.17,96188.0,0.207,77.4,GOOD,OK,NORMAL,v1.4,NORMAL,0.4838,0.4838,0.4786,0.025,0.0025,0.0101,CONNECTED,NONE,4.0,4,0.7143,v1.4,True,SUCCESS,LORA,GOOD,0.77
REC-03846,2026-09-11T06:44:25Z,SITE-C,ESP32-C01,PV-C01,SITE-C-NOR-20,6,2.165,157.14,340.16,50.64,50.15,32.37,70.72,1010.13,95942.0,0.215,77.8,GOOD,OK,NORMAL,v1.4,NORMAL,0.4938,0.4938,0.4672,0.0263,0.0026,0.0102,CONNECTED,NONE,4.03,4,0.7143,v1.4,True,SUCCESS,LORA,GOOD,0.77
REC-03847,2026-09-11T06:44:30Z,SITE-C,ESP32-C01,PV-C01,SITE-C-NOR-20,7,2.177,155.14,337.7,50.42,49.94,32.36,70.72,1010.14,95489.0,0.208,77.5,GOOD,OK,NORMAL,v1.4,NORMAL,0.4993,0.4993,0.4626,0.0258,0.0026,0.0098,CONNECTED,NONE,3.84,4,0.7143,v1.4,True,SUCCESS,LORA,GOOD,0.77
REC-03848,2026-09-11T06:44:35Z,SITE-C,ESP32-C01,PV-C01,SITE-C-NOR-20,8,2.195,153.86,337.78,50.5,49.87,32.36,70.47,1010.15,95279.0,0.208,77.8,GOOD,OK,NORMAL,v1.4,NORMAL,0.5069,0.5069,0.4551,0.0261,0.0026,0.0094,CONNECTED,NONE,2.41,4,0.7143,v1.4,True,SUCCESS,LORA,GOOD,0.77
REC-03849,2026-09-11T06:44:40Z,SITE-C,ESP32-C01,PV-C01,SITE-C-NOR-20,9,2.18,155.27,338.52,50.56,50.06,32.37,70.21,1010.1,95836.0,0.221,77.7,GOOD,OK,NORMAL,v1.4,NORMAL,0.4963,0.4963,0.4626,0.0283,0.0027,0.0102,CONNECTED,NONE,3.91,4,0.7143,v1.4,True,SUCCESS,LORA,GOOD,0.77
REC-03850,2026-09-11T06:44:45Z,SITE-C,ESP32-C01,PV-C01,SITE-C-NOR-20,10,2.174,154.22,335.22,50.47,50.02,32.38,69.87,1010.1,95246.0,0.199,77.2,GOOD,OK,NORMAL,v1.4,NORMAL,0.4848,0.4848,0.4784,0.0246,0.0025,0.0098,CONNECTED,NONE,4.37,4,0.7143,v1.4,True,SUCCESS,LORA,GOOD,0.77
REC-03851,2026-09-11T06:44:50Z,SITE-C,ESP32-C01,PV-C01,SITE-C-NOR-20,11,2.149,155.75,334.79,50.47,49.88,32.38,70.36,1010.09,95074.0,0.208,77.2,GOOD,OK,NORMAL,v1.4,NORMAL,0.4865,0.4865,0.4749,0.0256,0.0026,0.0103,CONNECTED,NONE,3.08,4,0.7143,v1.4,True,SUCCESS,LORA,GOOD,0.77
REC-03852,2026-09-11T06:44:55Z,SITE-C,ESP32-C01,PV-C01,SITE-C-NOR-20,12,2.166,155.24,336.28,50.55,50.21,32.4,70.63,1010.13,95720.0,0.22,77.1,GOOD,OK,NORMAL,v1.4,PARTIAL_SHADING,0.4795,0.4789,0.4795,0.0284,0.0027,0.0106,CONNECTED,INFO,3.37,4,0.7143,v1.4,True,SUCCESS,LORA,GOOD,0.77
REC-03853,2026-09-11T06:45:00Z,SITE-C,ESP32-C01,PV-C01,SITE-C-NOR-20,13,2.166,156.27,338.4,50.47,50.09,32.4,70.41,1010.12,95371.0,0.211,77.7,GOOD,OK,NORMAL,v1.4,NORMAL,0.4951,0.4951,0.4663,0.0261,0.0025,0.0099,CONNECTED,NONE,2.39,4,0.7143,v1.4,True,SUCCESS,LORA,GOOD,0.77
REC-03854,2026-09-11T06:45:05Z,SITE-C,ESP32-C01,PV-C01,SITE-C-NOR-20,14,2.164,156.5,338.64,50.6,50.01,32.41,69.27,1010.09,95683.0,0.204,77.7,GOOD,OK,NORMAL,v1.4,NORMAL,0.4942,0.4942,0.4691,0.0246,0.0024,0.0097,CONNECTED,NONE,2.66,4,0.7143,v1.4,True,SUCCESS,LORA,GOOD,0.77
REC-03855,2026-09-11T06:45:10Z,SITE-C,ESP32-C01,PV-C01,SITE-C-NOR-20,15,2.174,156.23,339.6,50.66,50.06,32.43,70.56,1010.13,95942.0,0.191,77.7,GOOD,OK,NORMAL,v1.4,NORMAL,0.4935,0.4935,0.4727,0.0225,0.0023,0.0091,CONNECTED,NONE,3.6,4,0.7143,v1.4,True,SUCCESS,LORA,GOOD,0.77
REC-03856,2026-09-11T06:45:15Z,SITE-C,ESP32-C01,PV-C01,SITE-C-NOR-20,16,2.171,155.87,338.35,50.64,50.16,32.43,70.58,1010.13,96105.0,0.185,77.2,GOOD,OK,NORMAL,v1.4,PARTIAL_SHADING,0.4857,0.4812,0.4857,0.0217,0.0022,0.0092,CONNECTED,INFO,2.64,4,0.7143,v1.4,True,SUCCESS,LORA,GOOD,0.77
REC-03857,2026-09-11T06:45:20Z,SITE-C,ESP32-C01,PV-C01,SITE-C-NOR-20,17,2.172,155.21,337.08,50.54,50.06,32.44,70.21,1010.17,95920.0,0.229,77.2,GOOD,OK,NORMAL,v1.4,NORMAL,0.4903,0.4903,0.4661,0.0305,0.0028,0.0104,CONNECTED,NONE,2.34,4,0.7143,v1.4,True,SUCCESS,LORA,GOOD,0.77
REC-03858,2026-09-11T06:45:25Z,SITE-C,ESP32-C01,PV-C01,SITE-C-NOR-20,18,2.173,155.66,338.22,50.52,50.14,32.43,70.6,1010.19,95581.0,0.211,77.6,GOOD,OK,NORMAL,v1.4,NORMAL,0.4919,0.4919,0.4694,0.0265,0.0025,0.0098,CONNECTED,NONE,3.79,4,0.7143,v1.4,True,SUCCESS,LORA,GOOD,0.77
REC-03859,2026-09-11T06:45:30Z,SITE-C,ESP32-C01,PV-C01,SITE-C-NOR-20,19,2.17,155.96,338.39,50.53,50.15,32.45,70.49,1010.14,95520.0,0.202,77.6,GOOD,OK,NORMAL,v1.4,NORMAL,0.4907,0.4907,0.4727,0.0247,0.0024,0.0095,CONNECTED,NONE,3.05,4,0.7143,v1.4,True,SUCCESS,LORA,GOOD,0.77
REC-03860,2026-09-11T06:45:35Z,SITE-C,ESP32-C01,PV-C01,SITE-C-NOR-20,20,2.175,155.61,338.49,50.82,50.2,32.48,70.09,1010.11,96275.0,0.211,77.2,GOOD,OK,NORMAL,v1.4,NORMAL,0.4828,0.4828,0.4786,0.0265,0.0025,0.0097,CONNECTED,NONE,4.64,4,0.7143,v1.4,True,SUCCESS,LORA,GOOD,0.77
REC-03861,2026-09-11T06:45:40Z,SITE-C,ESP32-C01,PV-C01,SITE-C-NOR-20,21,2.175,155.75,338.78,50.7,50.23,32.47,70.68,1010.15,96038.0,0.199,77.4,GOOD,OK,NORMAL,v1.4,NORMAL,0.4837,0.4837,0.4803,0.0242,0.0023,0.0094,CONNECTED,NONE,3.75,4,0.7143,v1.4,True,SUCCESS,LORA,GOOD,0.77
REC-03862,2026-09-11T06:45:45Z,SITE-C,ESP32-C01,PV-C01,SITE-C-NOR-20,22,2.184,156.15,341.05,50.64,50.2,32.49,69.92,1010.13,96004.0,0.205,78.0,GOOD,OK,NORMAL,v1.4,NORMAL,0.4988,0.4988,0.4646,0.0253,0.0023,0.0091,CONNECTED,NONE,4.05,4,0.7143,v1.4,True,SUCCESS,LORA,GOOD,0.77
REC-03863,2026-09-11T06:45:50Z,SITE-C,ESP32-C01,PV-C01,SITE-C-NOR-20,23,2.154,157.24,338.72,50.6,50.18,32.47,70.28,1010.12,96106.0,0.199,77.4,GOOD,OK,NORMAL,v1.4,PARTIAL_SHADING,0.4823,0.482,0.4823,0.0238,0.0023,0.0096,CONNECTED,INFO,4.46,4,0.7143,v1.4,True,SUCCESS,LORA,GOOD,0.77
REC-03864,2026-09-11T06:45:55Z,SITE-C,ESP32-C01,PV-C01,SITE-C-NOR-20,24,2.17,155.82,338.18,50.76,50.24,32.48,70.25,1010.1,96143.0,0.194,77.2,GOOD,OK,NORMAL,v1.4,PARTIAL_SHADING,0.4876,0.4775,0.4876,0.0233,0.0023,0.0093,CONNECTED,INFO,3.9,4,0.7143,v1.4,True,SUCCESS,LORA,GOOD,0.77
REC-03865,2026-09-11T06:46:00Z,SITE-C,ESP32-C01,PV-C01,SITE-C-NOR-20,25,2.161,157.29,339.9,50.7,50.29,32.47,70.05,1010.12,96285.0,0.187,77.4,GOOD,OK,NORMAL,v1.4,PARTIAL_SHADING,0.4879,0.4791,0.4879,0.0217,0.0022,0.0092,CONNECTED,INFO,2.31,4,0.7143,v1.4,True,SUCCESS,LORA,GOOD,0.77
REC-03866,2026-09-11T06:46:05Z,SITE-C,ESP32-C01,PV-C01,SITE-C-NOR-20,26,2.192,155.02,339.8,50.63,50.22,32.49,70.39,1010.12,96112.0,0.192,77.6,GOOD,OK,NORMAL,v1.4,NORMAL,0.4913,0.4913,0.4744,0.0234,0.0022,0.0087,CONNECTED,NONE,2.82,4,0.7143,v1.4,True,SUCCESS,LORA,GOOD,0.77
REC-03867,2026-09-11T06:46:10Z,SITE-C,ESP32-C01,PV-C01,SITE-C-NOR-20,27,2.146,157.43,337.85,50.73,50.1,32.49,70.69,1010.15,96013.0,0.218,77.2,GOOD,OK,NORMAL,v1.4,NORMAL,0.4828,0.4828,0.4771,0.0273,0.0025,0.0103,CONNECTED,NONE,3.23,4,0.7143,v1.4,True,SUCCESS,LORA,GOOD,0.77
REC-03868,2026-09-11T06:46:15Z,SITE-C,ESP32-C01,PV-C01,SITE-C-NOR-20,28,2.161,156.56,338.38,50.71,50.13,32.48,70.67,1010.15,96093.0,0.198,77.3,GOOD,OK,NORMAL,v1.4,NORMAL,0.4828,0.4828,0.4816,0.0238,0.0023,0.0095,CONNECTED,NONE,4.49,4,0.7143,v1.4,True,SUCCESS,LORA,GOOD,0.77
REC-03869,2026-09-11T06:46:20Z,SITE-C,ESP32-C01,PV-C01,SITE-C-NOR-20,29,2.16,157.19,339.6,50.54,50.22,32.48,70.52,1010.18,96430.0,0.213,77.3,GOOD,OK,NORMAL,v1.4,NORMAL,0.486,0.486,0.4751,0.0266,0.0025,0.0099,CONNECTED,NONE,3.99,4,0.7143,v1.4,True,SUCCESS,LORA,GOOD,0.77
REC-03870,2026-09-11T06:46:25Z,SITE-C,ESP32-C01,PV-C01,SITE-C-NOR-20,30,2.152,157.52,339.04,50.7,50.16,32.48,69.79,1010.15,96302.0,0.218,77.2,GOOD,OK,NORMAL,v1.4,NORMAL,0.4845,0.4845,0.4756,0.0272,0.0025,0.0102,CONNECTED,NONE,4.68,4,0.7143,v1.4,True,SUCCESS,LORA,GOOD,0.77
REC-03871,2026-09-11T06:46:30Z,SITE-C,ESP32-C01,PV-C01,SITE-C-NOR-20,31,2.176,155.61,338.68,50.71,50.08,32.47,69.9,1010.14,96459.0,0.208,77.2,GOOD,OK,NORMAL,v1.4,NORMAL,0.488,0.488,0.4741,0.0259,0.0024,0.0096,CONNECTED,NONE,2.64,4,0.7143,v1.4,True,SUCCESS,LORA,GOOD,0.77
REC-03872,2026-09-11T06:46:35Z,SITE-C,ESP32-C01,PV-C01,SITE-C-NOR-20,32,2.153,157.47,339.1,50.62,50.2,32.46,70.35,1010.12,95912.0,0.205,77.5,GOOD,OK,NORMAL,v1.4,NORMAL,0.4847,0.4847,0.4784,0.0247,0.0024,0.0098,CONNECTED,NONE,3.87,4,0.7143,v1.4,True,SUCCESS,LORA,GOOD,0.77
REC-03873,2026-09-11T06:46:40Z,SITE-C,ESP32-C01,PV-C01,SITE-C-NOR-20,33,2.152,157.97,339.95,50.79,50.3,32.47,70.29,1010.1,96923.0,0.209,77.3,GOOD,OK,NORMAL,v1.4,PARTIAL_SHADING,0.4872,0.475,0.4872,0.0253,0.0024,0.0101,CONNECTED,INFO,4.66,4,0.7143,v1.4,True,SUCCESS,LORA,GOOD,0.77
REC-03874,2026-09-11T06:46:45Z,SITE-C,ESP32-C01,PV-C01,SITE-C-NOR-20,34,2.163,156.65,338.87,50.64,50.17,32.47,70.15,1010.11,96710.0,0.204,77.0,GOOD,OK,NORMAL,v1.4,PARTIAL_SHADING,0.4824,0.4806,0.4824,0.0249,0.0024,0.0097,CONNECTED,INFO,3.06,4,0.7143,v1.4,True,SUCCESS,LORA,GOOD,0.77
REC-03875,2026-09-11T06:46:50Z,SITE-C,ESP32-C01,PV-C01,SITE-C-NOR-20,35,2.155,157.64,339.71,50.62,50.33,32.48,70.87,1010.11,96737.0,0.22,77.0,GOOD,OK,NORMAL,v1.4,PARTIAL_SHADING,0.4806,0.4787,0.4806,0.0278,0.0026,0.0103,CONNECTED,INFO,3.31,4,0.7143,v1.4,True,SUCCESS,LORA,GOOD,0.77
REC-03876,2026-09-11T06:46:55Z,SITE-C,ESP32-C01,PV-C01,SITE-C-NOR-20,36,2.145,158.6,340.28,50.78,50.34,32.47,70.33,1010.05,96942.0,0.227,77.1,GOOD,OK,NORMAL,v1.4,PARTIAL_SHADING,0.4817,0.4763,0.4817,0.0286,0.0026,0.0108,CONNECTED,INFO,3.95,4,0.7143,v1.4,True,SUCCESS,LORA,GOOD,0.77
REC-03877,2026-09-11T06:47:00Z,SITE-C,ESP32-C01,PV-C01,SITE-C-NOR-20,37,2.168,157.54,341.59,50.87,50.36,32.45,70.46,1010.1,97055.0,0.222,77.4,GOOD,OK,NORMAL,v1.4,NORMAL,0.4827,0.4827,0.4768,0.0278,0.0026,0.0103,CONNECTED,NONE,3.84,4,0.7143,v1.4,True,SUCCESS,LORA,GOOD,0.77
REC-03878,2026-09-11T06:47:05Z,SITE-C,ESP32-C01,PV-C01,SITE-C-NOR-20,38,2.165,157.02,339.91,50.5,50.17,32.45,70.6,1010.18,96454.0,0.186,77.3,GOOD,DUPLICATE_RECEIVED,NORMAL,v1.4,NORMAL,0.4856,0.4856,0.4814,0.0217,0.0022,0.0091,CONNECTED,NONE,2.91,4,0.7143,v1.4,True,SUCCESS,LORA,GOOD,0.77
REC-03879,2026-09-11T06:47:10Z,SITE-C,ESP32-C01,PV-C01,SITE-C-NOR-20,39,2.18,154.87,337.63,50.55,50.01,32.44,70.32,1010.14,95662.0,0.204,77.2,GOOD,OK,NORMAL,v1.4,NORMAL,0.4942,0.4942,0.4685,0.0254,0.0024,0.0094,CONNECTED,NONE,4.37,4,0.7143,v1.4,True,SUCCESS,LORA,GOOD,0.77
REC-03880,2026-09-11T06:47:15Z,SITE-C,ESP32-C01,PV-C01,SITE-C-NOR-20,40,2.173,156.46,340.05,50.54,50.24,32.46,71.08,1010.12,96092.0,0.208,77.5,GOOD,DUPLICATE_RECEIVED,NORMAL,v1.4,NORMAL,0.4912,0.4912,0.4711,0.0257,0.0024,0.0095,CONNECTED,NONE,2.8,4,0.7143,v1.4,True,SUCCESS,LORA,GOOD,0.77
REC-03881,2026-09-11T06:47:20Z,SITE-C,ESP32-C01,PV-C01,SITE-C-NOR-20,41,2.168,155.96,338.09,50.69,50.08,32.46,70.02,1010.14,96351.0,0.213,77.1,GOOD,OK,NORMAL,v1.4,NORMAL,0.4857,0.4857,0.4751,0.0268,0.0025,0.0099,CONNECTED,NONE,3.65,4,0.7143,v1.4,True,SUCCESS,LORA,GOOD,0.77
REC-03882,2026-09-11T06:47:25Z,SITE-C,ESP32-C01,PV-C01,SITE-C-NOR-20,42,2.148,157.35,338.05,50.88,50.2,32.48,70.12,1010.07,96066.0,0.191,77.0,GOOD,OK,NORMAL,v1.4,PARTIAL_SHADING,0.4932,0.4727,0.4932,0.0222,0.0022,0.0096,CONNECTED,INFO,4.29,4,0.7143,v1.4,True,SUCCESS,LORA,GOOD,0.77
REC-03883,2026-09-11T06:47:30Z,SITE-C,ESP32-C01,PV-C01,SITE-C-NOR-20,43,2.174,155.58,338.23,50.63,50.12,32.48,70.02,1010.14,95752.0,0.191,77.3,GOOD,OK,NORMAL,v1.4,NORMAL,0.4876,0.4876,0.4782,0.023,0.0023,0.009,CONNECTED,NONE,2.74,4,0.7143,v1.4,True,SUCCESS,LORA,GOOD,0.77
REC-03884,2026-09-11T06:47:35Z,SITE-C,ESP32-C01,PV-C01,SITE-C-NOR-20,44,2.173,155.98,338.99,50.56,50.06,32.51,70.77,1010.17,95789.0,0.221,77.7,GOOD,OK,NORMAL,v1.4,NORMAL,0.4991,0.4991,0.4601,0.0287,0.0026,0.0096,CONNECTED,NONE,4.69,4,0.7143,v1.4,True,SUCCESS,LORA,GOOD,0.77
REC-03885,2026-09-11T06:47:40Z,SITE-C,ESP32-C01,PV-C01,SITE-C-NOR-20,45,2.172,155.75,338.25,50.72,50.17,32.54,70.54,1010.13,95982.0,0.202,77.3,GOOD,OK,NORMAL,v1.4,NORMAL,0.4851,0.4851,0.4783,0.0251,0.0023,0.0092,CONNECTED,NONE,2.35,4,0.7143,v1.4,True,SUCCESS,LORA,GOOD,0.77
REC-03886,2026-09-11T06:47:45Z,SITE-C,ESP32-C01,PV-C01,SITE-C-NOR-20,46,2.167,157.39,340.99,50.77,50.4,32.53,70.14,1010.08,96413.0,0.193,77.5,GOOD,OK,NORMAL,v1.4,PARTIAL_SHADING,0.4854,0.4805,0.4854,0.0229,0.0022,0.009,CONNECTED,INFO,3.67,4,0.7143,v1.4,True,SUCCESS,LORA,GOOD,0.77
REC-03887,2026-09-11T06:47:50Z,SITE-C,ESP32-C01,PV-C01,SITE-C-NOR-20,47,2.156,158.07,340.86,50.72,50.11,32.51,70.04,1010.12,96264.0,0.197,77.6,GOOD,OK,NORMAL,v1.4,NORMAL,0.492,0.492,0.4734,0.0232,0.0022,0.0091,CONNECTED,NONE,2.66,4,0.7143,v1.4,True,SUCCESS,LORA,GOOD,0.77
REC-03888,2026-09-11T06:47:55Z,SITE-C,ESP32-C01,PV-C01,SITE-C-NOR-20,48,2.143,158.26,339.13,50.86,50.36,32.51,70.72,1010.17,96311.0,0.212,77.1,GOOD,OK,NORMAL,v1.4,PARTIAL_SHADING,0.4893,0.4722,0.4893,0.0259,0.0024,0.0102,CONNECTED,INFO,4.41,4,0.7143,v1.4,True,SUCCESS,LORA,GOOD,0.77
REC-03889,2026-09-11T06:48:00Z,SITE-C,ESP32-C01,PV-C01,SITE-C-NOR-20,49,2.17,156.23,339.04,50.83,50.1,32.52,70.41,1010.14,96659.0,0.2,77.1,GOOD,OK,NORMAL,v1.4,NORMAL,0.4839,0.4839,0.4802,0.0243,0.0023,0.0092,CONNECTED,NONE,2.16,4,0.7143,v1.4,True,SUCCESS,LORA,GOOD,0.77
REC-03890,2026-09-11T06:48:05Z,SITE-C,ESP32-C01,PV-C01,SITE-C-NOR-20,50,2.172,156.72,340.42,50.82,50.41,32.52,70.72,1010.09,96430.0,0.21,77.4,GOOD,OK,NORMAL,v1.4,PARTIAL_SHADING,0.4812,0.4807,0.4812,0.0261,0.0024,0.0096,CONNECTED,INFO,4.08,4,0.7143,v1.4,True,SUCCESS,LORA,GOOD,0.77
REC-03891,2026-09-11T06:48:10Z,SITE-C,ESP32-C01,PV-C01,SITE-C-NOR-20,51,2.143,158.81,340.32,50.91,50.26,32.53,70.28,1010.2,97005.0,0.198,77.0,GOOD,OK,NORMAL,v1.4,PARTIAL_SHADING,0.4917,0.4733,0.4917,0.0231,0.0022,0.0096,CONNECTED,INFO,3.98,4,0.7143,v1.4,True,SUCCESS,LORA,GOOD,0.77
REC-03892,2026-09-11T06:48:15Z,SITE-C,ESP32-C01,PV-C01,SITE-C-NOR-20,52,2.17,157.54,341.81,50.85,50.57,32.53,70.45,1010.09,97007.0,0.191,77.4,GOOD,OK,NORMAL,v1.4,PARTIAL_SHADING,0.4948,0.4715,0.4948,0.0225,0.0021,0.0091,CONNECTED,INFO,2.35,4,0.7143,v1.4,True,SUCCESS,LORA,GOOD,0.77
REC-03893,2026-09-11T06:48:20Z,SITE-C,ESP32-C01,PV-C01,SITE-C-NOR-20,53,2.157,158.05,340.9,51.04,50.44,32.53,70.39,1010.12,97274.0,0.222,77.0,GOOD,OK,NORMAL,v1.4,PARTIAL_SHADING,0.4877,0.4716,0.4877,0.0279,0.0025,0.0103,CONNECTED,INFO,3.13,4,0.7143,v1.4,True,SUCCESS,LORA,GOOD,0.77
REC-03894,2026-09-11T06:48:25Z,SITE-C,ESP32-C01,PV-C01,SITE-C-NOR-20,54,2.158,158.69,342.39,50.95,50.58,32.52,70.11,1010.1,97317.0,0.212,77.2,GOOD,OK,NORMAL,v1.4,PARTIAL_SHADING,0.4907,0.4712,0.4907,0.0257,0.0024,0.01,CONNECTED,INFO,4.62,4,0.7143,v1.4,True,SUCCESS,LORA,GOOD,0.77
REC-03895,2026-09-11T06:48:30Z,SITE-C,ESP32-C01,PV-C01,SITE-C-NOR-20,55,2.152,159.03,342.21,51.08,50.56,32.52,70.26,1010.1,97119.0,0.205,77.2,GOOD,OK,NORMAL,v1.4,PARTIAL_SHADING,0.4949,0.4689,0.4949,0.0242,0.0023,0.0098,CONNECTED,INFO,3.48,4,0.7143,v1.4,True,SUCCESS,LORA,GOOD,0.77
REC-03896,2026-09-11T06:48:35Z,SITE-C,ESP32-C01,PV-C01,SITE-C-NOR-20,56,2.162,158.3,342.3,50.98,50.53,32.54,69.94,1010.12,97868.0,0.203,76.9,GOOD,OK,NORMAL,v1.4,PARTIAL_SHADING,0.4961,0.4678,0.4961,0.0243,0.0023,0.0096,CONNECTED,INFO,4.35,4,0.7143,v1.4,True,SUCCESS,LORA,GOOD,0.77
REC-03897,2026-09-11T06:48:40Z,SITE-C,ESP32-C01,PV-C01,SITE-C-NOR-20,57,2.153,159.62,343.64,51.19,50.55,32.53,70.45,1010.15,97909.0,0.223,77.1,GOOD,OK,NORMAL,v1.4,PARTIAL_SHADING,0.4884,0.4715,0.4884,0.0273,0.0024,0.0103,CONNECTED,INFO,2.27,4,0.7143,v1.4,True,SUCCESS,LORA,GOOD,0.77
REC-03898,2026-09-11T06:48:45Z,SITE-C,ESP32-C01,PV-C01,SITE-C-NOR-20,58,2.158,159.14,343.41,51.11,50.51,32.53,70.53,1010.17,97791.0,0.214,77.1,GOOD,OK,NORMAL,v1.4,PARTIAL_SHADING,0.4885,0.4735,0.4885,0.0258,0.0023,0.0099,CONNECTED,INFO,3.95,4,0.7143,v1.4,True,SUCCESS,LORA,GOOD,0.77
REC-03899,2026-09-11T06:48:50Z,SITE-C,ESP32-C01,PV-C01,SITE-C-NOR-20,59,2.158,159.77,344.72,51.08,50.72,32.54,70.6,1010.12,98111.0,0.219,77.1,GOOD,OK,NORMAL,v1.4,PARTIAL_SHADING,0.4917,0.4692,0.4917,0.0267,0.0024,0.0101,CONNECTED,INFO,2.99,4,0.7143,v1.4,True,SUCCESS,LORA,GOOD,0.77
REC-03900,2026-09-11T06:48:55Z,SITE-C,ESP32-C01,PV-C01,SITE-C-NOR-20,60,2.151,159.94,343.98,51.28,50.71,32.55,70.5,1010.1,98629.0,0.202,76.7,GOOD,OK,NORMAL,v1.4,PARTIAL_SHADING,0.5088,0.4559,0.5088,0.0233,0.0022,0.0098,CONNECTED,INFO,2.81,4,0.7143,v1.4,True,SUCCESS,LORA,GOOD,0.77
REC-03901,2026-09-11T06:52:00Z,SITE-D,ESP32-D01,PV-D01,SITE-D-PAR-18,1,2.284,22.17,50.63,36.75,34.42,28.64,84.37,1009.99,31688.0,0.152,40.1,DEGRADED,CURRENT_SIGN_REVERSED,PARTIAL_SHADING,v1.4,NORMAL,0.4665,0.4665,0.1948,0.0351,0.2006,0.103,CONNECTED,NONE,3.21,4,0.7143,v1.4,True,SUCCESS,LTE,GOOD,0.1
REC-03902,2026-09-11T06:52:05Z,SITE-D,ESP32-D01,PV-D01,SITE-D-PAR-18,2,2.286,22.84,52.21,36.66,34.45,28.63,84.13,1010.0,31703.0,0.155,41.5,DEGRADED,CURRENT_SIGN_REVERSED,PARTIAL_SHADING,v1.4,NORMAL,0.4777,0.4777,0.1917,0.0361,0.1927,0.1017,CONNECTED,NONE,4.02,4,0.7143,v1.4,True,SUCCESS,LTE,GOOD,0.1
REC-03903,2026-09-11T06:52:10Z,SITE-D,ESP32-D01,PV-D01,SITE-D-PAR-18,3,2.295,22.21,50.99,36.64,34.64,28.63,84.22,1010.09,31141.0,0.144,40.5,DEGRADED,CURRENT_SIGN_REVERSED,PARTIAL_SHADING,v1.4,NORMAL,0.477,0.477,0.1962,0.0335,0.1897,0.1036,CONNECTED,NONE,2.8,4,0.7143,v1.4,True,SUCCESS,LTE,GOOD,0.1
REC-03904,2026-09-11T06:52:15Z,SITE-D,ESP32-D01,PV-D01,SITE-D-PAR-18,4,2.297,22.78,52.31,36.8,34.64,28.64,83.8,1010.11,31721.0,0.125,41.5,DEGRADED,CURRENT_SIGN_REVERSED,PARTIAL_SHADING,v1.4,NORMAL,0.4878,0.4878,0.1989,0.0295,0.1832,0.1006,CONNECTED,NONE,2.2,4,0.7143,v1.4,True,SUCCESS,LTE,GOOD,0.1
REC-03905,2026-09-11T06:52:20Z,SITE-D,ESP32-D01,PV-D01,SITE-D-PAR-18,5,2.289,22.53,51.56,36.74,34.59,28.65,84.26,1010.07,31654.0,0.142,41.0,DEGRADED,CURRENT_SIGN_REVERSED,PARTIAL_SHADING,v1.4,NORMAL,0.4774,0.4774,0.1967,0.0326,0.1907,0.1026,CONNECTED,NONE,2.73,4,0.7143,v1.4,True,SUCCESS,LTE,GOOD,0.1
REC-03906,2026-09-11T06:52:25Z,SITE-D,ESP32-D01,PV-D01,SITE-D-PAR-18,6,2.298,22.49,51.69,36.66,34.49,28.64,84.0,1010.05,31381.0,0.143,41.2,DEGRADED,CURRENT_SIGN_REVERSED,PARTIAL_SHADING,v1.4,NORMAL,0.4826,0.4826,0.1933,0.0326,0.1904,0.1011,CONNECTED,NONE,2.25,4,0.7143,v1.4,True,SUCCESS,LTE,GOOD,0.1
REC-03907,2026-09-11T06:52:30Z,SITE-D,ESP32-D01,PV-D01,SITE-D-PAR-18,7,2.279,22.37,50.98,36.51,34.65,28.66,84.33,1010.01,31469.0,0.137,40.4,DEGRADED,CURRENT_SIGN_REVERSED,PARTIAL_SHADING,v1.4,NORMAL,0.4847,0.4847,0.1914,0.0315,0.1875,0.105,CONNECTED,NONE,4.35,4,0.7143,v1.4,True,SUCCESS,LTE,GOOD,0.1
REC-03908,2026-09-11T06:52:35Z,SITE-D,ESP32-D01,PV-D01,SITE-D-PAR-18,8,2.264,22.26,50.41,36.72,34.47,28.66,84.09,1010.05,31378.0,0.153,40.2,DEGRADED,CURRENT_SIGN_REVERSED,PARTIAL_SHADING,v1.4,NORMAL,0.4712,0.4712,0.1946,0.0358,0.1933,0.105,CONNECTED,NONE,2.44,4,0.7143,v1.4,True,SUCCESS,LTE,GOOD,0.1
REC-03909,2026-09-11T06:52:40Z,SITE-D,ESP32-D01,PV-D01,SITE-D-PAR-18,9,2.285,22.23,50.78,36.59,34.57,28.67,83.68,1010.07,31290.0,0.139,40.2,DEGRADED,CURRENT_SIGN_REVERSED,PARTIAL_SHADING,v1.4,NORMAL,0.483,0.483,0.1921,0.0316,0.1894,0.1038,CONNECTED,NONE,4.8,4,0.7143,v1.4,True,SUCCESS,LTE,GOOD,0.1
REC-03910,2026-09-11T06:52:45Z,SITE-D,ESP32-D01,PV-D01,SITE-D-PAR-18,10,2.277,22.43,51.08,36.65,34.47,28.68,84.98,1010.07,31578.0,0.161,40.5,DEGRADED,CURRENT_SIGN_REVERSED,PARTIAL_SHADING,v1.4,NORMAL,0.4696,0.4696,0.1895,0.0375,0.1992,0.1042,CONNECTED,NONE,3.69,4,0.7143,v1.4,True,SUCCESS,LTE,GOOD,0.1
REC-03911,2026-09-11T06:52:50Z,SITE-D,ESP32-D01,PV-D01,SITE-D-PAR-18,11,2.293,22.35,51.26,36.68,34.56,28.67,84.23,1010.07,31679.0,0.148,40.6,DEGRADED,SPIKE_CURRENT|CURRENT_SIGN_REVERSED,PARTIAL_SHADING,v1.4,NORMAL,0.473,0.473,0.193,0.0337,0.1973,0.103,CONNECTED,NONE,3.33,4,0.7143,v1.4,True,SUCCESS,LTE,GOOD,0.1
REC-03912,2026-09-11T06:52:55Z,SITE-D,ESP32-D01,PV-D01,SITE-D-PAR-18,12,2.278,22.56,51.4,36.84,34.51,28.68,84.73,1010.09,31585.0,0.143,40.6,DEGRADED,CURRENT_SIGN_REVERSED,PARTIAL_SHADING,v1.4,NORMAL,0.4774,0.4774,0.1971,0.0328,0.1902,0.1025,CONNECTED,NONE,3.64,4,0.7143,v1.4,True,SUCCESS,LTE,GOOD,0.1
REC-03913,2026-09-11T06:53:00Z,SITE-D,ESP32-D01,PV-D01,SITE-D-PAR-18,13,2.285,22.18,50.68,36.71,34.69,28.65,84.14,1010.11,32065.0,0.149,39.8,POOR,CURRENT_SIGN_REVERSED,PARTIAL_SHADING,v1.4,NORMAL,0.4602,0.4602,0.1968,0.0347,0.2026,0.1057,CONNECTED,NONE,2.93,4,0.7143,v1.4,True,SUCCESS,LTE,GOOD,0.1
REC-03914,2026-09-11T06:53:05Z,SITE-D,ESP32-D01,PV-D01,SITE-D-PAR-18,14,2.292,22.63,51.86,36.6,34.65,28.66,84.81,1010.04,31979.0,0.155,40.7,DEGRADED,CURRENT_SIGN_REVERSED,PARTIAL_SHADING,v1.4,NORMAL,0.4679,0.4679,0.1911,0.0361,0.2007,0.1042,CONNECTED,NONE,4.26,4,0.7143,v1.4,True,SUCCESS,LTE,GOOD,0.1
REC-03915,2026-09-11T06:53:10Z,SITE-D,ESP32-D01,PV-D01,SITE-D-PAR-18,15,2.275,22.98,52.29,36.81,34.55,28.65,83.95,1010.13,31936.0,0.149,41.1,DEGRADED,CURRENT_SIGN_REVERSED,PARTIAL_SHADING,v1.4,NORMAL,0.4764,0.4764,0.1973,0.0345,0.1892,0.1025,CONNECTED,NONE,3.92,4,0.7143,v1.4,True,SUCCESS,LTE,GOOD,0.1
REC-03916,2026-09-11T06:53:15Z,SITE-D,ESP32-D01,PV-D01,SITE-D-PAR-18,16,2.28,22.85,52.09,36.73,34.66,28.65,84.35,1009.99,31762.0,0.139,41.1,DEGRADED,CURRENT_SIGN_REVERSED,PARTIAL_SHADING,v1.4,NORMAL,0.4824,0.4824,0.197,0.0324,0.1851,0.1031,CONNECTED,NONE,3.44,4,0.7143,v1.4,True,SUCCESS,LTE,GOOD,0.1
REC-03917,2026-09-11T06:53:20Z,SITE-D,ESP32-D01,PV-D01,SITE-D-PAR-18,17,2.298,22.49,51.68,36.73,34.5,28.66,83.97,1010.03,31879.0,0.133,40.8,DEGRADED,CURRENT_SIGN_REVERSED,PARTIAL_SHADING,v1.4,NORMAL,0.4818,0.4818,0.194,0.0302,0.1932,0.1008,CONNECTED,NONE,3.32,4,0.7143,v1.4,True,SUCCESS,LTE,GOOD,0.1
REC-03918,2026-09-11T06:53:25Z,SITE-D,ESP32-D01,PV-D01,SITE-D-PAR-18,18,2.29,23.41,53.6,36.85,34.63,28.67,85.08,1010.06,32142.0,0.129,42.1,DEGRADED,CURRENT_SIGN_REVERSED,PARTIAL_SHADING,v1.4,NORMAL,0.4917,0.4917,0.1969,0.0302,0.1814,0.0997,CONNECTED,NONE,2.7,4,0.7143,v1.4,True,SUCCESS,LTE,GOOD,0.1
REC-03919,2026-09-11T06:53:30Z,SITE-D,ESP32-D01,PV-D01,SITE-D-PAR-18,19,2.278,22.44,51.11,36.86,34.57,28.68,84.23,1010.07,31850.0,0.116,40.2,DEGRADED,CURRENT_SIGN_REVERSED,PARTIAL_SHADING,v1.4,NORMAL,0.4863,0.4863,0.1989,0.0276,0.1852,0.102,CONNECTED,NONE,2.93,4,0.7143,v1.4,True,SUCCESS,LTE,GOOD,0.1
REC-03920,2026-09-11T06:53:35Z,SITE-D,ESP32-D01,PV-D01,SITE-D-PAR-18,20,2.281,22.61,51.58,36.66,34.69,28.68,84.55,1010.04,32056.0,0.142,40.5,DEGRADED,CURRENT_SIGN_REVERSED,PARTIAL_SHADING,v1.4,NORMAL,0.4756,0.4756,0.1941,0.0323,0.1934,0.1046,CONNECTED,NONE,2.38,4,0.7143,v1.4,True,SUCCESS,LTE,GOOD,0.1
REC-03921,2026-09-11T06:53:40Z,SITE-D,ESP32-D01,PV-D01,SITE-D-PAR-18,21,2.284,22.13,50.53,36.63,34.69,28.68,84.44,1010.04,31959.0,0.136,39.8,POOR,CURRENT_SIGN_REVERSED,PARTIAL_SHADING,v1.4,NORMAL,0.4723,0.4723,0.1943,0.0308,0.1971,0.1054,CONNECTED,NONE,2.7,4,0.7143,v1.4,True,SUCCESS,LTE,GOOD,0.1
REC-03922,2026-09-11T06:53:45Z,SITE-D,ESP32-D01,PV-D01,SITE-D-PAR-18,22,2.29,22.36,51.2,36.78,34.72,28.68,84.29,1010.12,31795.0,0.137,40.5,DEGRADED,CURRENT_SIGN_REVERSED,PARTIAL_SHADING,v1.4,NORMAL,0.4742,0.4742,0.1985,0.0312,0.1922,0.1039,CONNECTED,NONE,3.43,4,0.7143,v1.4,True,SUCCESS,LTE,GOOD,0.1
REC-03923,2026-09-11T06:53:50Z,SITE-D,ESP32-D01,PV-D01,SITE-D-PAR-18,23,2.298,23.0,52.85,36.7,34.63,28.66,84.46,1010.03,31987.0,0.15,41.8,DEGRADED,CURRENT_SIGN_REVERSED,PARTIAL_SHADING,v1.4,NORMAL,0.4775,0.4775,0.1934,0.0344,0.1931,0.1017,CONNECTED,NONE,3.43,4,0.7143,v1.4,True,SUCCESS,LTE,GOOD,0.1
REC-03924,2026-09-11T06:53:55Z,SITE-D,ESP32-D01,PV-D01,SITE-D-PAR-18,24,2.298,22.34,51.32,36.69,34.37,28.66,84.71,1010.02,31595.0,0.139,40.6,DEGRADED,CURRENT_SIGN_REVERSED,PARTIAL_SHADING,v1.4,NORMAL,0.4817,0.4817,0.1913,0.0313,0.1954,0.1003,CONNECTED,NONE,4.71,4,0.7143,v1.4,True,SUCCESS,LTE,GOOD,0.1
REC-03925,2026-09-11T06:54:00Z,SITE-D,ESP32-D01,PV-D01,SITE-D-PAR-18,25,2.288,21.98,50.3,36.63,34.59,28.66,84.5,1010.1,31617.0,0.159,39.8,POOR,CURRENT_SIGN_REVERSED,PARTIAL_SHADING,v1.4,NORMAL,0.458,0.458,0.192,0.0375,0.2068,0.1057,CONNECTED,NONE,4.04,4,0.7143,v1.4,True,SUCCESS,LTE,GOOD,0.1
REC-03926,2026-09-11T06:54:05Z,SITE-D,ESP32-D01,PV-D01,SITE-D-PAR-18,26,2.288,22.59,51.69,36.73,34.71,28.65,84.35,1010.08,31423.0,0.134,41.1,DEGRADED,CURRENT_SIGN_REVERSED,PARTIAL_SHADING,v1.4,NORMAL,0.4839,0.4839,0.1984,0.0313,0.1833,0.1031,CONNECTED,NONE,4.27,4,0.7143,v1.4,True,SUCCESS,LTE,GOOD,0.1
REC-03927,2026-09-11T06:54:10Z,SITE-D,ESP32-D01,PV-D01,SITE-D-PAR-18,27,2.3,22.43,51.61,36.72,34.56,28.63,84.46,1010.08,31641.0,0.13,41.1,DEGRADED,CURRENT_SIGN_REVERSED,PARTIAL_SHADING,v1.4,NORMAL,0.4833,0.4833,0.1966,0.0301,0.189,0.101,CONNECTED,NONE,4.72,4,0.7143,v1.4,True,SUCCESS,LTE,GOOD,0.1
REC-03928,2026-09-11T06:54:15Z,SITE-D,ESP32-D01,PV-D01,SITE-D-PAR-18,28,2.269,22.72,51.55,36.7,34.47,28.62,84.87,1010.06,31639.0,0.127,40.8,DEGRADED,CURRENT_SIGN_REVERSED,PARTIAL_SHADING,v1.4,NORMAL,0.4904,0.4904,0.1958,0.0303,0.1815,0.1021,CONNECTED,NONE,3.3,4,0.7143,v1.4,True,SUCCESS,LTE,GOOD,0.1
REC-03929,2026-09-11T06:54:20Z,SITE-D,ESP32-D01,PV-D01,SITE-D-PAR-18,29,2.284,22.29,50.91,36.59,34.64,28.59,84.17,1010.01,31494.0,0.147,40.4,DEGRADED,CURRENT_SIGN_REVERSED,PARTIAL_SHADING,v1.4,NORMAL,0.4723,0.4723,0.1964,0.0349,0.1914,0.1049,CONNECTED,NONE,4.49,4,0.7143,v1.4,True,SUCCESS,LTE,GOOD,0.1
REC-03930,2026-09-11T06:54:25Z,SITE-D,ESP32-D01,PV-D01,SITE-D-PAR-18,30,2.273,22.17,50.39,36.81,34.66,28.59,83.74,1010.05,31934.0,0.152,39.9,POOR,CURRENT_SIGN_REVERSED,PARTIAL_SHADING,v1.4,NORMAL,0.4564,0.4564,0.2029,0.0366,0.198,0.1061,CONNECTED,NONE,3.83,4,0.7143,v1.4,True,SUCCESS,LTE,GOOD,0.1
REC-03931,2026-09-11T06:54:30Z,SITE-D,ESP32-D01,PV-D01,SITE-D-PAR-18,31,2.282,22.17,50.6,36.67,34.5,28.58,83.97,1010.0,31626.0,0.134,40.5,DEGRADED,CURRENT_SIGN_REVERSED,PARTIAL_SHADING,v1.4,NORMAL,0.4765,0.4765,0.1983,0.0316,0.1905,0.1031,CONNECTED,NONE,4.43,4,0.7143,v1.4,True,SUCCESS,LTE,GOOD,0.1
REC-03932,2026-09-11T06:54:35Z,SITE-D,ESP32-D01,PV-D01,SITE-D-PAR-18,32,2.291,22.31,51.11,36.74,34.54,28.56,83.99,1010.06,31228.0,0.129,41.0,DEGRADED,CURRENT_SIGN_REVERSED,PARTIAL_SHADING,v1.4,NORMAL,0.4825,0.4825,0.2018,0.0311,0.1831,0.1016,CONNECTED,NONE,3.65,4,0.7143,v1.4,True,SUCCESS,LTE,GOOD,0.1
REC-03933,2026-09-11T06:54:40Z,SITE-D,ESP32-D01,PV-D01,SITE-D-PAR-18,33,2.292,21.99,50.4,36.48,34.48,28.56,84.04,1010.07,30891.0,0.155,40.7,DEGRADED,CURRENT_SIGN_REVERSED,PARTIAL_SHADING,v1.4,NORMAL,0.4725,0.4725,0.1923,0.0375,0.1937,0.104,CONNECTED,NONE,4.35,4,0.7143,v1.4,True,SUCCESS,LTE,GOOD,0.1
REC-03934,2026-09-11T06:54:45Z,SITE-D,ESP32-D01,PV-D01,SITE-D-PAR-18,34,2.29,22.21,50.86,36.67,34.61,28.56,84.05,1010.08,31493.0,0.125,40.9,DEGRADED,TEMP1_MISSING_-999|CURRENT_SIGN_REVERSED,PARTIAL_SHADING,v1.4,NORMAL,0.4813,0.4813,0.2009,0.0302,0.1849,0.1027,CONNECTED,NONE,2.59,4,0.7143,v1.4,True,SUCCESS,LTE,GOOD,0.1
REC-03935,2026-09-11T06:54:50Z,SITE-D,ESP32-D01,PV-D01,SITE-D-PAR-18,35,2.275,22.01,50.08,36.62,34.58,28.55,84.29,1010.05,31368.0,0.15,40.2,DEGRADED,CURRENT_SIGN_REVERSED,PARTIAL_SHADING,v1.4,NORMAL,0.4656,0.4656,0.1992,0.0365,0.1929,0.1058,CONNECTED,NONE,2.74,4,0.7143,v1.4,True,SUCCESS,LTE,GOOD,0.1
REC-03936,2026-09-11T06:54:55Z,SITE-D,ESP32-D01,PV-D01,SITE-D-PAR-18,36,2.268,22.25,50.48,36.65,34.46,28.54,84.37,1010.07,31262.0,0.134,40.6,DEGRADED,CURRENT_SIGN_REVERSED,PARTIAL_SHADING,v1.4,NORMAL,0.4807,0.4807,0.2,0.0326,0.1831,0.1036,CONNECTED,NONE,4.38,4,0.7143,v1.4,True,SUCCESS,LTE,GOOD,0.1
REC-03937,2026-09-11T06:55:00Z,SITE-D,ESP32-D01,PV-D01,SITE-D-PAR-18,37,2.275,22.14,50.37,36.76,34.58,28.55,84.37,1010.02,31242.0,0.144,40.5,DEGRADED,CURRENT_SIGN_REVERSED,PARTIAL_SHADING,v1.4,NORMAL,0.4688,0.4688,0.2041,0.035,0.1875,0.1046,CONNECTED,NONE,3.05,4,0.7143,v1.4,True,SUCCESS,LTE,GOOD,0.1
REC-03938,2026-09-11T06:55:05Z,SITE-D,ESP32-D01,PV-D01,SITE-D-PAR-18,38,2.272,22.01,50.01,36.73,34.55,28.54,84.08,1010.08,31221.0,0.151,40.1,DEGRADED,CURRENT_SIGN_REVERSED,PARTIAL_SHADING,v1.4,NORMAL,0.4634,0.4634,0.2028,0.0372,0.1913,0.1054,CONNECTED,NONE,2.56,4,0.7143,v1.4,True,SUCCESS,LTE,GOOD,0.1
REC-03939,2026-09-11T06:55:10Z,SITE-D,ESP32-D01,PV-D01,SITE-D-PAR-18,39,2.287,22.35,51.1,36.74,34.76,28.55,84.6,1010.07,31408.0,0.145,40.8,DEGRADED,CURRENT_SIGN_REVERSED,PARTIAL_SHADING,v1.4,NORMAL,0.4681,0.4681,0.205,0.0353,0.1868,0.1048,CONNECTED,NONE,4.28,4,0.7143,v1.4,True,SUCCESS,LTE,GOOD,0.1
REC-03940,2026-09-11T06:55:15Z,SITE-D,ESP32-D01,PV-D01,SITE-D-PAR-18,40,2.284,22.15,50.59,36.74,34.71,28.55,84.46,1010.03,31533.0,0.137,40.4,DEGRADED,TEMP2_MISSING_-999|CURRENT_SIGN_REVERSED,PARTIAL_SHADING,v1.4,NORMAL,0.4691,0.4691,0.2054,0.0329,0.1878,0.1048,CONNECTED,NONE,2.97,4,0.7143,v1.4,True,SUCCESS,LTE,GOOD,0.1
REC-03941,2026-09-11T06:55:20Z,SITE-D,ESP32-D01,PV-D01,SITE-D-PAR-18,41,2.287,22.3,51.0,36.6,34.61,28.54,84.77,1010.07,31154.0,0.154,41.0,DEGRADED,CURRENT_SIGN_REVERSED,PARTIAL_SHADING,v1.4,NORMAL,0.4702,0.4702,0.1983,0.0379,0.1893,0.1044,CONNECTED,NONE,4.53,4,0.7143,v1.4,True,SUCCESS,LTE,GOOD,0.1
REC-03942,2026-09-11T06:55:25Z,SITE-D,ESP32-D01,PV-D01,SITE-D-PAR-18,42,2.27,22.34,50.72,36.63,34.61,28.55,84.55,1010.08,31200.0,0.143,40.9,DEGRADED,TEMP2_MISSING_-999|CURRENT_SIGN_REVERSED,PARTIAL_SHADING,v1.4,NORMAL,0.4764,0.4764,0.2007,0.0347,0.1831,0.1051,CONNECTED,NONE,3.02,4,0.7143,v1.4,True,SUCCESS,LTE,GOOD,0.1
REC-03943,2026-09-11T06:55:30Z,SITE-D,ESP32-D01,PV-D01,SITE-D-PAR-18,43,2.278,22.28,50.74,36.8,34.69,28.55,84.2,1010.05,31210.0,0.177,40.8,DEGRADED,CURRENT_SIGN_REVERSED,PARTIAL_SHADING,v1.4,NORMAL,0.4462,0.4462,0.2023,0.0466,0.1983,0.1066,CONNECTED,NONE,3.04,4,0.7143,v1.4,True,SUCCESS,LTE,GOOD,0.1
REC-03944,2026-09-11T06:55:35Z,SITE-D,ESP32-D01,PV-D01,SITE-D-PAR-18,44,2.267,21.78,49.39,36.72,34.65,28.55,84.69,1010.03,31250.0,0.123,39.5,POOR,CURRENT_SIGN_REVERSED,PARTIAL_SHADING,v1.4,NORMAL,0.4747,0.4747,0.2059,0.0304,0.1831,0.1059,CONNECTED,NONE,3.65,4,0.7143,v1.4,True,SUCCESS,LTE,GOOD,0.1
REC-03945,2026-09-11T06:55:40Z,SITE-D,ESP32-D01,PV-D01,SITE-D-PAR-18,45,2.292,21.94,50.29,36.86,34.73,28.58,84.38,1010.06,31646.0,0.123,40.2,DEGRADED,CURRENT_SIGN_REVERSED,PARTIAL_SHADING,v1.4,NORMAL,0.47,0.47,0.2078,0.0297,0.1888,0.1037,CONNECTED,NONE,3.14,4,0.7143,v1.4,True,SUCCESS,LTE,GOOD,0.1
REC-03946,2026-09-11T06:55:45Z,SITE-D,ESP32-D01,PV-D01,SITE-D-PAR-18,46,2.274,22.03,50.09,36.83,34.78,28.58,84.54,1010.07,31434.0,0.15,40.1,DEGRADED,CURRENT_SIGN_REVERSED,PARTIAL_SHADING,v1.4,NORMAL,0.4575,0.4575,0.2068,0.0368,0.1918,0.1071,CONNECTED,NONE,2.89,4,0.7143,v1.4,True,SUCCESS,LTE,GOOD,0.1
REC-03947,2026-09-11T06:55:50Z,SITE-D,ESP32-D01,PV-D01,SITE-D-PAR-18,47,2.269,22.15,50.26,36.89,34.69,28.57,84.52,1010.03,31623.0,0.14,40.0,POOR,CURRENT_SIGN_REVERSED,PARTIAL_SHADING,v1.4,NORMAL,0.4629,0.4629,0.209,0.0338,0.1886,0.1056,CONNECTED,NONE,4.68,4,0.7143,v1.4,True,SUCCESS,LTE,GOOD,0.1
REC-03948,2026-09-11T06:55:55Z,SITE-D,ESP32-D01,PV-D01,SITE-D-PAR-18,48,2.281,22.24,50.73,36.86,34.87,28.57,84.26,1010.02,31696.0,0.148,40.3,DEGRADED,CURRENT_SIGN_REVERSED,PARTIAL_SHADING,v1.4,NORMAL,0.4569,0.4569,0.209,0.0363,0.1912,0.1066,CONNECTED,NONE,4.32,4,0.7143,v1.4,True,SUCCESS,LTE,GOOD,0.1
REC-03949,2026-09-11T06:56:00Z,SITE-D,ESP32-D01,PV-D01,SITE-D-PAR-18,49,2.274,22.61,51.41,36.79,34.84,28.59,84.33,1010.07,31227.0,0.129,41.0,DEGRADED,CURRENT_SIGN_REVERSED,PARTIAL_SHADING,v1.4,NORMAL,0.4822,0.4822,0.2064,0.0317,0.1748,0.1049,CONNECTED,NONE,3.68,4,0.7143,v1.4,True,SUCCESS,LTE,GOOD,0.1
REC-03950,2026-09-11T06:56:05Z,SITE-D,ESP32-D01,PV-D01,SITE-D-PAR-18,50,2.284,22.53,51.44,36.82,34.75,28.58,84.26,1010.07,31410.0,0.141,41.0,DEGRADED,CURRENT_SIGN_REVERSED,PARTIAL_SHADING,v1.4,NORMAL,0.4726,0.4726,0.206,0.0339,0.1835,0.104,CONNECTED,NONE,4.4,4,0.7143,v1.4,True,SUCCESS,LTE,GOOD,0.1
REC-03951,2026-09-11T06:56:10Z,SITE-D,ESP32-D01,PV-D01,SITE-D-PAR-18,51,2.294,22.23,50.99,36.91,34.72,28.58,84.04,1010.11,31350.0,0.145,40.6,DEGRADED,CURRENT_SIGN_REVERSED,PARTIAL_SHADING,v1.4,NORMAL,0.464,0.464,0.2079,0.0348,0.1897,0.1035,CONNECTED,NONE,4.62,4,0.7143,v1.4,True,SUCCESS,LTE,GOOD,0.1
REC-03952,2026-09-11T06:56:15Z,SITE-D,ESP32-D01,PV-D01,SITE-D-PAR-18,52,2.28,22.56,51.43,36.69,34.78,28.59,83.66,1010.07,31591.0,0.135,40.9,DEGRADED,CURRENT_SIGN_REVERSED,PARTIAL_SHADING,v1.4,NORMAL,0.4784,0.4784,0.202,0.0323,0.1825,0.1048,CONNECTED,NONE,3.12,4,0.7143,v1.4,True,SUCCESS,LTE,GOOD,0.1
REC-03953,2026-09-11T06:56:20Z,SITE-D,ESP32-D01,PV-D01,SITE-D-PAR-18,53,2.273,22.54,51.23,36.97,34.75,28.6,84.09,1010.01,31697.0,0.142,40.7,DEGRADED,CURRENT_SIGN_REVERSED,PARTIAL_SHADING,v1.4,NORMAL,0.4657,0.4657,0.2096,0.0341,0.186,0.1047,CONNECTED,NONE,2.37,4,0.7143,v1.4,True,SUCCESS,LTE,GOOD,0.1
REC-03954,2026-09-11T06:56:25Z,SITE-D,ESP32-D01,PV-D01,SITE-D-PAR-18,54,2.281,22.32,50.91,36.8,34.68,28.61,84.36,1010.11,31517.0,0.126,40.6,DEGRADED,CURRENT_SIGN_REVERSED,PARTIAL_SHADING,v1.4,NORMAL,0.4794,0.4794,0.2032,0.0303,0.1836,0.1036,CONNECTED,NONE,4.75,4,0.7143,v1.4,True,SUCCESS,LTE,GOOD,0.1
REC-03955,2026-09-11T06:56:30Z,SITE-D,ESP32-D01,PV-D01,SITE-D-PAR-18,55,2.265,22.59,51.17,36.8,34.76,28.61,84.63,1010.08,31536.0,0.144,41.0,DEGRADED,CURRENT_SIGN_REVERSED,PARTIAL_SHADING,v1.4,NORMAL,0.4719,0.4719,0.2042,0.0346,0.1833,0.106,CONNECTED,NONE,2.11,4,0.7143,v1.4,True,SUCCESS,LTE,GOOD,0.1
REC-03956,2026-09-11T06:56:35Z,SITE-D,ESP32-D01,PV-D01,SITE-D-PAR-18,56,2.295,21.95,50.37,36.79,34.62,28.61,84.54,1009.99,31064.0,0.154,40.4,DEGRADED,CURRENT_SIGN_REVERSED,PARTIAL_SHADING,v1.4,NORMAL,0.4627,0.4627,0.2007,0.0369,0.1956,0.1041,CONNECTED,NONE,2.77,4,0.7143,v1.4,True,SUCCESS,LTE,GOOD,0.1
REC-03957,2026-09-11T06:56:40Z,SITE-D,ESP32-D01,PV-D01,SITE-D-PAR-18,57,2.293,22.15,50.8,36.79,34.67,28.6,84.22,1010.02,31142.0,0.128,40.8,DEGRADED,CURRENT_SIGN_REVERSED,PARTIAL_SHADING,v1.4,NORMAL,0.4796,0.4796,0.2035,0.0306,0.1835,0.1028,CONNECTED,NONE,4.44,4,0.7143,v1.4,True,SUCCESS,LTE,GOOD,0.1
REC-03958,2026-09-11T06:56:45Z,SITE-D,ESP32-D01,PV-D01,SITE-D-PAR-18,58,2.28,21.86,49.84,36.7,34.68,28.61,84.1,1010.04,31356.0,0.127,40.0,POOR,CURRENT_SIGN_REVERSED,PARTIAL_SHADING,v1.4,NORMAL,0.4756,0.4756,0.2015,0.0301,0.1875,0.1053,CONNECTED,NONE,3.92,4,0.7143,v1.4,True,SUCCESS,LTE,GOOD,0.1
REC-03959,2026-09-11T06:56:50Z,SITE-D,ESP32-D01,PV-D01,SITE-D-PAR-18,59,2.287,21.91,50.12,36.83,34.61,28.61,84.25,1010.08,31394.0,0.152,40.1,DEGRADED,CURRENT_SIGN_REVERSED,PARTIAL_SHADING,v1.4,NORMAL,0.4589,0.4589,0.202,0.0362,0.1981,0.1047,CONNECTED,NONE,4.0,4,0.7143,v1.4,True,SUCCESS,LTE,GOOD,0.1
REC-03960,2026-09-11T06:56:55Z,SITE-D,ESP32-D01,PV-D01,SITE-D-PAR-18,60,2.286,21.99,50.27,36.91,34.82,28.6,84.01,1009.98,31392.0,0.127,40.0,POOR,CURRENT_SIGN_REVERSED,PARTIAL_SHADING,v1.4,NORMAL,0.469,0.469,0.2101,0.0306,0.1853,0.1049,CONNECTED,NONE,2.77,4,0.7143,v1.4,True,SUCCESS,LTE,GOOD,0.1
REC-03961,2026-09-11T08:58:00Z,SITE-C,ESP32-C01,PV-C01,SITE-C-NOR-12,1,2.274,130.0,295.68,48.57,48.21,32.32,69.21,1008.85,78371.0,0.182,81.3,GOOD,OK,NORMAL,v1.4,NORMAL,0.5608,0.5608,0.3971,0.0312,0.0031,0.0078,CONNECTED,NONE,4.76,4,0.7143,v1.4,True,SUCCESS,LORA,GOOD,1.41
REC-03962,2026-09-11T08:58:05Z,SITE-C,ESP32-C01,PV-C01,SITE-C-NOR-12,2,2.261,130.81,295.76,48.67,48.02,32.31,69.31,1008.82,77898.0,0.2,81.5,GOOD,OK,NORMAL,v1.4,NORMAL,0.5706,0.5706,0.3832,0.0346,0.0034,0.0082,CONNECTED,NONE,4.73,4,0.7143,v1.4,True,SUCCESS,LORA,GOOD,1.41
REC-03963,2026-09-11T08:58:10Z,SITE-C,ESP32-C01,PV-C01,SITE-C-NOR-12,3,2.249,130.6,293.7,48.49,48.14,32.3,68.27,1008.81,77542.0,0.185,81.4,GOOD,OK,NORMAL,v1.4,NORMAL,0.5574,0.5574,0.3995,0.0315,0.0032,0.0083,CONNECTED,NONE,2.86,4,0.7143,v1.4,True,SUCCESS,LORA,GOOD,1.41
REC-03964,2026-09-11T08:58:15Z,SITE-C,ESP32-C01,PV-C01,SITE-C-NOR-12,4,2.27,129.27,293.47,48.55,48.15,32.31,68.75,1008.84,78066.0,0.197,80.9,GOOD,OK,NORMAL,v1.4,NORMAL,0.5573,0.5573,0.3957,0.0352,0.0034,0.0084,CONNECTED,NONE,4.26,4,0.7143,v1.4,True,SUCCESS,LORA,GOOD,1.41
REC-03965,2026-09-11T08:58:20Z,SITE-C,ESP32-C01,PV-C01,SITE-C-NOR-12,5,2.273,129.43,294.21,48.65,48.2,32.31,68.97,1008.83,77992.0,0.19,81.2,GOOD,OK,NORMAL,v1.4,NORMAL,0.5577,0.5577,0.3977,0.0332,0.0033,0.0082,CONNECTED,NONE,3.46,4,0.7143,v1.4,True,SUCCESS,LORA,GOOD,1.41
REC-03966,2026-09-11T08:58:25Z,SITE-C,ESP32-C01,PV-C01,SITE-C-NOR-12,6,2.273,129.0,293.16,48.53,48.11,32.29,69.22,1008.83,77525.0,0.208,81.3,GOOD,OK,NORMAL,v1.4,NORMAL,0.5633,0.5633,0.3864,0.038,0.0036,0.0086,CONNECTED,NONE,4.18,4,0.7143,v1.4,True,SUCCESS,LORA,GOOD,1.41
REC-03967,2026-09-11T08:58:30Z,SITE-C,ESP32-C01,PV-C01,SITE-C-NOR-12,7,2.272,129.41,294.07,48.67,48.04,32.32,68.85,1008.84,77788.0,0.188,81.4,GOOD,OK,NORMAL,v1.4,NORMAL,0.5646,0.5646,0.3916,0.0326,0.0032,0.008,CONNECTED,NONE,2.71,4,0.7143,v1.4,True,SUCCESS,LORA,GOOD,1.41
REC-03968,2026-09-11T08:58:35Z,SITE-C,ESP32-C01,PV-C01,SITE-C-NOR-12,8,2.27,129.21,293.33,48.47,48.0,32.31,68.75,1008.85,77591.0,0.194,81.3,GOOD,OK,NORMAL,v1.4,NORMAL,0.5669,0.5669,0.3873,0.0343,0.0034,0.0081,CONNECTED,NONE,3.97,4,0.7143,v1.4,True,SUCCESS,LORA,GOOD,1.41
REC-03969,2026-09-11T08:58:40Z,SITE-C,ESP32-C01,PV-C01,SITE-C-NOR-12,9,2.249,130.64,293.8,48.57,48.18,32.31,69.22,1008.86,77811.0,0.198,81.2,GOOD,OK,NORMAL,v1.4,NORMAL,0.5549,0.5549,0.3984,0.0347,0.0034,0.0086,CONNECTED,NONE,2.15,4,0.7143,v1.4,True,SUCCESS,LORA,GOOD,1.41
REC-03970,2026-09-11T08:58:45Z,SITE-C,ESP32-C01,PV-C01,SITE-C-NOR-12,10,2.263,129.5,293.06,48.4,48.06,32.3,68.86,1008.81,77619.0,0.183,81.2,GOOD,OK,NORMAL,v1.4,NORMAL,0.5611,0.5611,0.3959,0.0317,0.0032,0.008,CONNECTED,NONE,3.34,4,0.7143,v1.4,True,SUCCESS,LORA,GOOD,1.41
REC-03971,2026-09-11T08:58:50Z,SITE-C,ESP32-C01,PV-C01,SITE-C-NOR-12,11,2.274,129.05,293.48,48.38,48.13,32.32,69.16,1008.83,77472.0,0.191,81.4,GOOD,OK,NORMAL,v1.4,NORMAL,0.5648,0.5648,0.39,0.0339,0.0033,0.008,CONNECTED,NONE,3.11,4,0.7143,v1.4,True,SUCCESS,LORA,GOOD,1.41
REC-03972,2026-09-11T08:58:55Z,SITE-C,ESP32-C01,PV-C01,SITE-C-NOR-12,12,2.285,129.16,295.14,48.73,48.07,32.3,68.67,1008.85,77652.0,0.189,81.8,GOOD,DUPLICATE_RECEIVED,NORMAL,v1.4,NORMAL,0.5708,0.5708,0.3855,0.0327,0.0032,0.0078,CONNECTED,NONE,2.27,4,0.7143,v1.4,True,SUCCESS,LORA,GOOD,1.41
REC-03973,2026-09-11T08:59:00Z,SITE-C,ESP32-C01,PV-C01,SITE-C-NOR-12,13,2.259,130.4,294.53,48.8,48.21,32.31,68.59,1008.84,77818.0,0.187,81.5,GOOD,OK,NORMAL,v1.4,NORMAL,0.555,0.555,0.4017,0.0318,0.0032,0.0083,CONNECTED,NONE,3.32,4,0.7143,v1.4,True,SUCCESS,LORA,GOOD,1.41
REC-03974,2026-09-11T08:59:05Z,SITE-C,ESP32-C01,PV-C01,SITE-C-NOR-12,14,2.249,130.77,294.05,48.69,48.22,32.32,69.23,1008.91,77967.0,0.188,81.2,GOOD,OK,NORMAL,v1.4,NORMAL,0.5508,0.5508,0.4054,0.0321,0.0032,0.0084,CONNECTED,NONE,4.76,4,0.7143,v1.4,True,SUCCESS,LORA,GOOD,1.41
REC-03975,2026-09-11T08:59:10Z,SITE-C,ESP32-C01,PV-C01,SITE-C-NOR-12,15,2.274,129.75,295.04,48.61,48.2,32.32,69.08,1008.86,77739.0,0.203,81.5,GOOD,OK,NORMAL,v1.4,NORMAL,0.5651,0.5651,0.3868,0.0363,0.0034,0.0083,CONNECTED,NONE,2.24,4,0.7143,v1.4,True,SUCCESS,LORA,GOOD,1.41
REC-03976,2026-09-11T08:59:15Z,SITE-C,ESP32-C01,PV-C01,SITE-C-NOR-12,16,2.247,131.04,294.39,48.67,48.17,32.33,69.28,1008.8,77890.0,0.186,81.2,GOOD,OK,NORMAL,v1.4,NORMAL,0.5546,0.5546,0.4024,0.0316,0.0032,0.0083,CONNECTED,NONE,3.01,4,0.7143,v1.4,True,SUCCESS,LORA,GOOD,1.41
REC-03977,2026-09-11T08:59:20Z,SITE-C,ESP32-C01,PV-C01,SITE-C-NOR-12,17,2.241,131.3,294.19,48.82,48.27,32.35,68.84,1008.86,78275.0,0.198,81.0,GOOD,OK,NORMAL,v1.4,NORMAL,0.5455,0.5455,0.408,0.0344,0.0034,0.0088,CONNECTED,NONE,3.56,4,0.7143,v1.4,True,SUCCESS,LORA,GOOD,1.41
REC-03978,2026-09-11T08:59:25Z,SITE-C,ESP32-C01,PV-C01,SITE-C-NOR-12,18,2.273,130.08,295.71,48.72,48.36,32.35,68.76,1008.87,78483.0,0.195,81.3,GOOD,OK,NORMAL,v1.4,NORMAL,0.5539,0.5539,0.4002,0.0344,0.0033,0.0082,CONNECTED,NONE,2.25,4,0.7143,v1.4,True,SUCCESS,LORA,GOOD,1.41
REC-03979,2026-09-11T08:59:30Z,SITE-C,ESP32-C01,PV-C01,SITE-C-NOR-12,19,2.265,130.99,296.73,48.78,48.26,32.35,69.41,1008.85,78252.0,0.178,81.6,GOOD,OK,NORMAL,v1.4,NORMAL,0.5597,0.5597,0.3999,0.0297,0.003,0.0077,CONNECTED,NONE,3.51,4,0.7143,v1.4,True,SUCCESS,LORA,GOOD,1.41
REC-03980,2026-09-11T08:59:35Z,SITE-C,ESP32-C01,PV-C01,SITE-C-NOR-12,20,2.25,130.1,292.76,48.68,48.22,32.32,68.54,1008.81,77828.0,0.197,80.9,GOOD,OK,NORMAL,v1.4,NORMAL,0.5478,0.5478,0.4054,0.0347,0.0034,0.0087,CONNECTED,NONE,2.83,4,0.7143,v1.4,True,SUCCESS,LORA,GOOD,1.41
REC-03981,2026-09-11T08:59:40Z,SITE-C,ESP32-C01,PV-C01,SITE-C-NOR-12,21,2.24,131.75,295.11,48.67,48.22,32.33,69.38,1008.9,78064.0,0.178,81.4,GOOD,OK,NORMAL,v1.4,NORMAL,0.5517,0.5517,0.4076,0.0295,0.0031,0.0081,CONNECTED,NONE,4.29,4,0.7143,v1.4,True,SUCCESS,LORA,GOOD,1.41
REC-03982,2026-09-11T08:59:45Z,SITE-C,ESP32-C01,PV-C01,SITE-C-NOR-12,22,2.254,130.78,294.8,48.66,48.22,32.32,69.4,1008.82,77869.0,0.198,81.3,GOOD,OK,NORMAL,v1.4,NORMAL,0.5572,0.5572,0.3965,0.0345,0.0034,0.0085,CONNECTED,NONE,3.05,4,0.7143,v1.4,True,SUCCESS,LORA,GOOD,1.41
REC-03983,2026-09-11T08:59:50Z,SITE-C,ESP32-C01,PV-C01,SITE-C-NOR-12,23,2.27,129.55,294.11,48.71,48.33,32.32,69.26,1008.87,78139.0,0.187,81.2,GOOD,OK,NORMAL,v1.4,NORMAL,0.5492,0.5492,0.4067,0.0326,0.0032,0.0082,CONNECTED,NONE,2.32,4,0.7143,v1.4,True,SUCCESS,LORA,GOOD,1.41
REC-03984,2026-09-11T08:59:55Z,SITE-C,ESP32-C01,PV-C01,SITE-C-NOR-12,24,2.266,130.41,295.54,48.69,48.37,32.3,68.79,1008.86,78271.0,0.192,81.3,GOOD,OK,NORMAL,v1.4,NORMAL,0.5523,0.5523,0.4028,0.0332,0.0033,0.0084,CONNECTED,NONE,2.96,4,0.7143,v1.4,True,SUCCESS,LORA,GOOD,1.41
REC-03985,2026-09-11T09:00:00Z,SITE-C,ESP32-C01,PV-C01,SITE-C-NOR-12,25,2.249,131.43,295.54,48.75,48.22,32.3,68.76,1008.87,77807.0,0.179,81.6,GOOD,OK,NORMAL,v1.4,NORMAL,0.5562,0.5562,0.4031,0.0295,0.0031,0.0081,CONNECTED,NONE,4.63,4,0.7143,v1.4,True,SUCCESS,LORA,GOOD,3.47
REC-03986,2026-09-11T09:00:05Z,SITE-C,ESP32-C01,PV-C01,SITE-C-NOR-12,26,2.253,130.86,294.86,48.77,48.32,32.29,68.94,1008.9,78269.0,0.193,81.1,GOOD,OK,NORMAL,v1.4,NORMAL,0.5479,0.5479,0.407,0.0331,0.0033,0.0087,CONNECTED,NONE,3.0,4,0.7143,v1.4,True,SUCCESS,LORA,GOOD,3.47
REC-03987,2026-09-11T09:00:10Z,SITE-C,ESP32-C01,PV-C01,SITE-C-NOR-12,27,2.244,131.2,294.42,48.8,48.24,32.29,68.61,1008.87,78209.0,0.201,81.0,GOOD,OK,NORMAL,v1.4,NORMAL,0.5485,0.5485,0.4042,0.0348,0.0035,0.009,CONNECTED,NONE,4.16,4,0.7143,v1.4,True,SUCCESS,LORA,GOOD,3.47
REC-03988,2026-09-11T09:00:15Z,SITE-C,ESP32-C01,PV-C01,SITE-C-NOR-12,28,2.248,131.45,295.5,48.92,48.3,32.28,68.71,1008.83,78560.0,0.184,81.2,GOOD,OK,NORMAL,v1.4,NORMAL,0.5453,0.5453,0.4125,0.0305,0.0032,0.0085,CONNECTED,NONE,4.64,4,0.7143,v1.4,True,SUCCESS,LORA,GOOD,3.47
REC-03989,2026-09-11T09:00:20Z,SITE-C,ESP32-C01,PV-C01,SITE-C-NOR-12,29,2.256,131.15,295.89,48.8,48.34,32.27,69.19,1008.88,78240.0,0.186,81.4,GOOD,OK,NORMAL,v1.4,NORMAL,0.5509,0.5509,0.4064,0.0311,0.0032,0.0084,CONNECTED,NONE,3.3,4,0.7143,v1.4,True,SUCCESS,LORA,GOOD,3.47
REC-03990,2026-09-11T09:00:25Z,SITE-C,ESP32-C01,PV-C01,SITE-C-NOR-12,30,2.256,129.91,293.11,48.79,48.28,32.28,69.19,1008.83,77902.0,0.197,81.0,GOOD,DUPLICATE_RECEIVED,NORMAL,v1.4,NORMAL,0.5457,0.5457,0.4075,0.0345,0.0034,0.0089,CONNECTED,NONE,3.95,4,0.7143,v1.4,True,SUCCESS,LORA,GOOD,3.47
REC-03991,2026-09-11T09:00:30Z,SITE-C,ESP32-C01,PV-C01,SITE-C-NOR-12,31,2.248,130.53,293.47,48.56,48.26,32.28,68.69,1008.85,77932.0,0.197,81.1,GOOD,OK,NORMAL,v1.4,NORMAL,0.5487,0.5487,0.4046,0.0344,0.0035,0.0089,CONNECTED,NONE,3.04,4,0.7143,v1.4,True,SUCCESS,LORA,GOOD,3.47
REC-03992,2026-09-11T09:00:35Z,SITE-C,ESP32-C01,PV-C01,SITE-C-NOR-12,32,2.259,129.39,292.24,48.7,48.15,32.29,69.2,1008.81,77813.0,0.168,80.7,GOOD,OK,NORMAL,v1.4,NORMAL,0.5463,0.5463,0.4145,0.0282,0.003,0.008,CONNECTED,NONE,2.2,4,0.7143,v1.4,True,SUCCESS,LORA,GOOD,3.47
REC-03993,2026-09-11T09:00:40Z,SITE-C,ESP32-C01,PV-C01,SITE-C-NOR-12,33,2.257,130.48,294.45,48.78,48.36,32.31,69.14,1008.82,78112.0,0.212,81.2,GOOD,OK,NORMAL,v1.4,NORMAL,0.5487,0.5487,0.4002,0.0383,0.0036,0.0091,CONNECTED,NONE,2.75,4,0.7143,v1.4,True,SUCCESS,LORA,GOOD,3.47
REC-03994,2026-09-11T09:00:45Z,SITE-C,ESP32-C01,PV-C01,SITE-C-NOR-12,34,2.253,130.5,294.0,48.95,48.29,32.3,69.45,1008.85,78078.0,0.197,81.1,GOOD,OK,NORMAL,v1.4,NORMAL,0.5456,0.5456,0.4081,0.0341,0.0034,0.0088,CONNECTED,NONE,2.55,4,0.7143,v1.4,True,SUCCESS,LORA,GOOD,3.47
REC-03995,2026-09-11T09:00:50Z,SITE-C,ESP32-C01,PV-C01,SITE-C-NOR-12,35,2.254,130.5,294.18,48.51,48.09,32.31,69.17,1008.86,77289.0,0.199,81.7,GOOD,OK,NORMAL,v1.4,NORMAL,0.5658,0.5658,0.3875,0.0348,0.0034,0.0084,CONNECTED,NONE,3.45,4,0.7143,v1.4,True,SUCCESS,LORA,GOOD,3.47
REC-03996,2026-09-11T09:00:55Z,SITE-C,ESP32-C01,PV-C01,SITE-C-NOR-12,36,2.254,130.16,293.42,48.57,48.18,32.29,69.32,1008.8,77198.0,0.191,81.8,GOOD,OK,NORMAL,v1.4,NORMAL,0.5579,0.5579,0.3974,0.033,0.0033,0.0084,CONNECTED,NONE,2.62,4,0.7143,v1.4,True,SUCCESS,LORA,GOOD,3.47
REC-03997,2026-09-11T09:01:00Z,SITE-C,ESP32-C01,PV-C01,SITE-C-NOR-12,37,2.243,130.49,292.67,48.81,48.31,32.31,69.14,1008.86,77635.0,0.173,81.1,GOOD,OK,NORMAL,v1.4,NORMAL,0.5391,0.5391,0.4207,0.0288,0.0031,0.0083,CONNECTED,NONE,4.72,4,0.7143,v1.4,True,SUCCESS,LORA,GOOD,3.47
REC-03998,2026-09-11T09:01:05Z,SITE-C,ESP32-C01,PV-C01,SITE-C-NOR-12,38,2.259,129.83,293.26,48.56,48.15,32.3,69.29,1008.83,77405.0,0.199,81.5,GOOD,OK,NORMAL,v1.4,NORMAL,0.5591,0.5591,0.3937,0.0352,0.0035,0.0085,CONNECTED,NONE,2.34,4,0.7143,v1.4,True,SUCCESS,LORA,GOOD,3.47
REC-03999,2026-09-11T09:01:10Z,SITE-C,ESP32-C01,PV-C01,SITE-C-NOR-12,39,2.262,129.11,292.05,48.68,48.26,32.29,68.61,1008.89,77726.0,0.186,80.9,GOOD,OK,NORMAL,v1.4,NORMAL,0.5448,0.5448,0.411,0.0324,0.0033,0.0085,CONNECTED,NONE,3.19,4,0.7143,v1.4,True,SUCCESS,LORA,GOOD,3.47
REC-04000,2026-09-11T09:01:15Z,SITE-C,ESP32-C01,PV-C01,SITE-C-NOR-12,40,2.245,130.38,292.72,48.68,48.21,32.29,68.96,1008.84,77540.0,0.197,81.3,GOOD,OK,NORMAL,v1.4,NORMAL,0.5488,0.5488,0.4046,0.0343,0.0034,0.0089,CONNECTED,NONE,3.28,4,0.7143,v1.4,True,SUCCESS,LORA,GOOD,3.47
REC-04001,2026-09-11T09:01:20Z,SITE-C,ESP32-C01,PV-C01,SITE-C-NOR-12,41,2.273,128.73,292.56,48.67,48.26,32.3,68.99,1008.82,77659.0,0.19,81.3,GOOD,OK,NORMAL,v1.4,NORMAL,0.5505,0.5505,0.4042,0.0336,0.0033,0.0084,CONNECTED,NONE,3.63,4,0.7143,v1.4,True,SUCCESS,LORA,GOOD,3.47
REC-04002,2026-09-11T09:01:25Z,SITE-C,ESP32-C01,PV-C01,SITE-C-NOR-12,42,2.269,128.91,292.46,48.82,48.25,32.31,68.93,1008.85,77428.0,0.194,81.1,GOOD,OK,NORMAL,v1.4,NORMAL,0.5503,0.5503,0.4035,0.0343,0.0034,0.0085,CONNECTED,NONE,2.19,4,0.7143,v1.4,True,SUCCESS,LORA,GOOD,3.47
REC-04003,2026-09-11T09:01:30Z,SITE-C,ESP32-C01,PV-C01,SITE-C-NOR-12,43,2.241,130.18,291.69,48.69,48.05,32.31,69.13,1008.82,77361.0,0.184,81.1,GOOD,OK,NORMAL,v1.4,NORMAL,0.5502,0.5502,0.4068,0.0313,0.0032,0.0085,CONNECTED,NONE,4.76,4,0.7143,v1.4,True,SUCCESS,LORA,GOOD,3.47
REC-04004,2026-09-11T09:01:35Z,SITE-C,ESP32-C01,PV-C01,SITE-C-NOR-12,44,2.24,131.21,293.93,48.84,48.39,32.32,69.19,1008.89,77886.0,0.201,81.3,GOOD,OK,NORMAL,v1.4,NORMAL,0.5418,0.5418,0.4107,0.035,0.0034,0.009,CONNECTED,NONE,2.43,4,0.7143,v1.4,True,SUCCESS,LORA,GOOD,3.47
REC-04005,2026-09-11T09:01:40Z,SITE-C,ESP32-C01,PV-C01,SITE-C-NOR-12,45,2.244,130.58,293.01,48.72,48.33,32.33,69.12,1008.85,77876.0,0.18,81.1,GOOD,OK,NORMAL,v1.4,NORMAL,0.5403,0.5403,0.4176,0.0306,0.0031,0.0084,CONNECTED,NONE,4.71,4,0.7143,v1.4,True,SUCCESS,LORA,GOOD,3.47
REC-04006,2026-09-11T09:01:45Z,SITE-C,ESP32-C01,PV-C01,SITE-C-NOR-12,46,2.246,131.39,295.04,48.76,48.27,32.33,68.95,1008.85,77981.0,0.214,81.5,GOOD,OK,NORMAL,v1.4,NORMAL,0.5543,0.5543,0.3947,0.0384,0.0036,0.009,CONNECTED,NONE,4.31,4,0.7143,v1.4,True,SUCCESS,LORA,GOOD,3.47
REC-04007,2026-09-11T09:01:50Z,SITE-C,ESP32-C01,PV-C01,SITE-C-NOR-12,47,2.25,129.77,291.98,48.79,48.22,32.34,68.78,1008.87,78263.0,0.214,80.7,GOOD,OK,NORMAL,v1.4,NORMAL,0.5419,0.5419,0.4055,0.0396,0.0037,0.0093,CONNECTED,NONE,3.57,4,0.7143,v1.4,True,SUCCESS,LORA,GOOD,3.47
REC-04008,2026-09-11T09:01:55Z,SITE-C,ESP32-C01,PV-C01,SITE-C-NOR-12,48,2.237,131.43,294.0,48.75,48.38,32.34,69.33,1008.82,78096.0,0.208,81.2,GOOD,OK,NORMAL,v1.4,NORMAL,0.5423,0.5423,0.4079,0.037,0.0035,0.0092,CONNECTED,NONE,4.58,4,0.7143,v1.4,True,SUCCESS,LORA,GOOD,3.47
REC-04009,2026-09-11T09:02:00Z,SITE-C,ESP32-C01,PV-C01,SITE-C-NOR-12,49,2.256,130.12,293.58,48.95,48.39,32.36,69.1,1008.81,78545.0,0.205,80.7,GOOD,OK,NORMAL,v1.4,NORMAL,0.5384,0.5384,0.4123,0.0369,0.0035,0.0089,CONNECTED,NONE,2.14,4,0.7143,v1.4,True,SUCCESS,LORA,GOOD,3.47
REC-04010,2026-09-11T09:02:05Z,SITE-C,ESP32-C01,PV-C01,SITE-C-NOR-12,50,2.257,130.91,295.52,48.87,48.43,32.34,68.69,1008.86,78298.0,0.191,81.2,GOOD,OK,NORMAL,v1.4,NORMAL,0.5461,0.5461,0.4095,0.0328,0.0032,0.0084,CONNECTED,NONE,3.32,4,0.7143,v1.4,True,SUCCESS,LORA,GOOD,3.47
REC-04011,2026-09-11T09:02:10Z,SITE-C,ESP32-C01,PV-C01,SITE-C-NOR-12,51,2.251,131.11,295.19,48.94,48.55,32.35,68.94,1008.82,78601.0,0.204,80.8,GOOD,OK,NORMAL,v1.4,NORMAL,0.537,0.537,0.4145,0.0361,0.0034,0.009,CONNECTED,NONE,3.69,4,0.7143,v1.4,True,SUCCESS,LORA,GOOD,3.47
REC-04012,2026-09-11T09:02:15Z,SITE-C,ESP32-C01,PV-C01,SITE-C-NOR-12,52,2.262,130.98,296.33,49.0,48.41,32.33,68.48,1008.82,78560.0,0.191,81.2,GOOD,OK,NORMAL,v1.4,NORMAL,0.5478,0.5478,0.4081,0.0325,0.0032,0.0084,CONNECTED,NONE,3.07,4,0.7143,v1.4,True,SUCCESS,LORA,GOOD,3.47
REC-04013,2026-09-11T09:02:20Z,SITE-C,ESP32-C01,PV-C01,SITE-C-NOR-12,53,2.261,131.6,297.53,48.9,48.41,32.34,69.01,1008.88,78893.0,0.176,81.4,GOOD,OK,NORMAL,v1.4,NORMAL,0.5494,0.5494,0.4106,0.029,0.003,0.0079,CONNECTED,NONE,3.19,4,0.7143,v1.4,True,SUCCESS,LORA,GOOD,3.47
REC-04014,2026-09-11T09:02:25Z,SITE-C,ESP32-C01,PV-C01,SITE-C-NOR-12,54,2.274,130.69,297.22,49.1,48.57,32.35,68.94,1008.87,78962.0,0.207,81.2,GOOD,OK,NORMAL,v1.4,NORMAL,0.5453,0.5453,0.4057,0.0368,0.0034,0.0087,CONNECTED,NONE,4.39,4,0.7143,v1.4,True,SUCCESS,LORA,GOOD,3.47
REC-04015,2026-09-11T09:02:30Z,SITE-C,ESP32-C01,PV-C01,SITE-C-NOR-12,55,2.261,130.65,295.37,48.96,48.45,32.34,68.83,1008.81,78711.0,0.203,80.9,GOOD,OK,NORMAL,v1.4,NORMAL,0.5427,0.5427,0.4091,0.0359,0.0034,0.0088,CONNECTED,NONE,2.77,4,0.7143,v1.4,True,SUCCESS,LORA,GOOD,3.47
REC-04016,2026-09-11T09:02:35Z,SITE-C,ESP32-C01,PV-C01,SITE-C-NOR-12,56,2.249,132.17,297.32,49.1,48.52,32.35,69.48,1008.83,78668.0,0.192,81.4,GOOD,OK,NORMAL,v1.4,NORMAL,0.5431,0.5431,0.413,0.0322,0.0032,0.0085,CONNECTED,NONE,4.45,4,0.7143,v1.4,True,SUCCESS,LORA,GOOD,3.47
REC-04017,2026-09-11T09:02:40Z,SITE-C,ESP32-C01,PV-C01,SITE-C-NOR-12,57,2.235,131.9,294.83,48.96,48.39,32.35,68.65,1008.82,78646.0,0.18,80.7,GOOD,OK,NORMAL,v1.4,NORMAL,0.5352,0.5352,0.4233,0.0299,0.0031,0.0085,CONNECTED,NONE,4.4,4,0.7143,v1.4,True,SUCCESS,LORA,GOOD,3.47
REC-04018,2026-09-11T09:02:45Z,SITE-C,ESP32-C01,PV-C01,SITE-C-NOR-12,58,2.244,130.78,293.41,49.01,48.44,32.33,69.21,1008.9,78475.0,0.186,80.5,GOOD,LOST_IN_TRANSIT,NORMAL,v1.4,NORMAL,0.5304,0.5304,0.426,0.0316,0.0032,0.0088,CONNECTED,NONE,3.16,4,0.7143,v1.4,True,SUCCESS,LORA,GOOD,3.47
REC-04019,2026-09-11T09:02:50Z,SITE-C,ESP32-C01,PV-C01,SITE-C-NOR-12,59,2.244,131.87,295.86,48.99,48.54,32.33,69.66,1008.88,78694.0,0.174,81.1,GOOD,OK,NORMAL,v1.4,NORMAL,0.5335,0.5335,0.4266,0.0285,0.003,0.0084,CONNECTED,NONE,3.49,4,0.7143,v1.4,True,SUCCESS,LORA,GOOD,3.47
REC-04020,2026-09-11T09:02:55Z,SITE-C,ESP32-C01,PV-C01,SITE-C-NOR-12,60,2.261,131.11,296.41,49.03,48.52,32.33,69.32,1008.84,78746.0,0.201,81.2,GOOD,TEMP2_MISSING_-999,NORMAL,v1.4,NORMAL,0.5428,0.5428,0.41,0.035,0.0034,0.0088,CONNECTED,NONE,4.52,4,0.7143,v1.4,True,SUCCESS,LORA,GOOD,3.47
REC-04021,2026-09-11T09:16:00Z,SITE-A,ESP32-A01,PV-A01,SITE-A-PAR-20,1,2.304,37.6,86.64,41.23,37.68,29.57,78.84,1008.42,49626.0,0.101,41.9,DEGRADED,OK,PARTIAL_SHADING,v1.4,PARTIAL_SHADING,0.4458,0.3765,0.4458,0.0383,0.091,0.0484,CONNECTED,INFO,4.64,4,0.7143,v1.4,True,SUCCESS,WIFI,GOOD,0.18
REC-04022,2026-09-11T09:16:05Z,SITE-A,ESP32-A01,PV-A01,SITE-A-PAR-20,2,2.305,38.0,87.58,41.11,37.7,29.58,79.51,1008.39,49667.0,0.114,42.3,DEGRADED,OK,PARTIAL_SHADING,v1.4,PARTIAL_SHADING,0.4412,0.3775,0.4412,0.0428,0.0907,0.0478,CONNECTED,INFO,4.35,4,0.7143,v1.4,True,SUCCESS,WIFI,GOOD,0.18
REC-04023,2026-09-11T09:16:10Z,SITE-A,ESP32-A01,PV-A01,SITE-A-PAR-20,3,2.295,38.65,88.71,41.15,37.56,29.58,79.65,1008.4,49419.0,0.095,43.0,DEGRADED,OK,PARTIAL_SHADING,v1.4,PARTIAL_SHADING,0.4421,0.3925,0.4421,0.0374,0.0813,0.0467,CONNECTED,INFO,2.17,4,0.7143,v1.4,True,SUCCESS,WIFI,GOOD,0.18
REC-04024,2026-09-11T09:16:15Z,SITE-A,ESP32-A01,PV-A01,SITE-A-PAR-20,4,2.305,38.2,88.04,41.22,37.69,29.58,78.83,1008.39,49284.0,0.121,42.7,DEGRADED,OK,PARTIAL_SHADING,v1.4,PARTIAL_SHADING,0.4374,0.3801,0.4374,0.0447,0.0901,0.0477,CONNECTED,INFO,4.03,4,0.7143,v1.4,True,SUCCESS,WIFI,GOOD,0.18
REC-04025,2026-09-11T09:16:20Z,SITE-A,ESP32-A01,PV-A01,SITE-A-PAR-20,5,2.297,37.64,86.44,41.13,37.59,29.59,78.65,1008.43,49390.0,0.102,42.0,DEGRADED,OK,PARTIAL_SHADING,v1.4,PARTIAL_SHADING,0.44,0.3824,0.44,0.0388,0.0903,0.0484,CONNECTED,INFO,3.75,4,0.7143,v1.4,True,SUCCESS,WIFI,GOOD,0.18
REC-04026,2026-09-11T09:16:25Z,SITE-A,ESP32-A01,PV-A01,SITE-A-PAR-20,6,2.306,38.14,87.96,41.01,37.64,29.57,79.25,1008.43,49089.0,0.11,42.8,DEGRADED,OK,PARTIAL_SHADING,v1.4,PARTIAL_SHADING,0.4337,0.39,0.4337,0.0418,0.087,0.0475,CONNECTED,INFO,4.26,4,0.7143,v1.4,True,SUCCESS,WIFI,GOOD,0.18
REC-04027,2026-09-11T09:16:30Z,SITE-A,ESP32-A01,PV-A01,SITE-A-PAR-20,7,2.31,38.3,88.48,41.2,37.59,29.57,79.35,1008.39,49662.0,0.104,43.0,DEGRADED,OK,PARTIAL_SHADING,v1.4,PARTIAL_SHADING,0.4409,0.3857,0.4409,0.0398,0.0872,0.0463,CONNECTED,INFO,3.04,4,0.7143,v1.4,True,SUCCESS,WIFI,GOOD,0.18
REC-04028,2026-09-11T09:16:35Z,SITE-A,ESP32-A01,PV-A01,SITE-A-PAR-20,8,2.297,38.27,87.9,41.12,37.71,29.57,79.24,1008.49,49296.0,0.096,42.7,DEGRADED,OK,PARTIAL_SHADING,v1.4,PARTIAL_SHADING,0.4453,0.3865,0.4453,0.0376,0.0826,0.048,CONNECTED,INFO,2.18,4,0.7143,v1.4,True,SUCCESS,WIFI,GOOD,0.18
REC-04029,2026-09-11T09:16:40Z,SITE-A,ESP32-A01,PV-A01,SITE-A-PAR-20,9,2.309,38.0,87.72,41.22,37.69,29.55,79.18,1008.38,48973.0,0.112,42.7,DEGRADED,OK,PARTIAL_SHADING,v1.4,PARTIAL_SHADING,0.4365,0.3849,0.4365,0.0415,0.0889,0.0482,CONNECTED,INFO,4.6,4,0.7143,v1.4,True,SUCCESS,WIFI,GOOD,0.18
REC-04030,2026-09-11T09:16:45Z,SITE-A,ESP32-A01,PV-A01,SITE-A-PAR-20,10,2.311,38.48,88.93,41.12,37.57,29.54,78.64,1008.43,49426.0,0.102,43.1,DEGRADED,OK,PARTIAL_SHADING,v1.4,PARTIAL_SHADING,0.4369,0.3921,0.4369,0.0392,0.0851,0.0466,CONNECTED,INFO,2.96,4,0.7143,v1.4,True,SUCCESS,WIFI,GOOD,0.18
REC-04031,2026-09-11T09:16:50Z,SITE-A,ESP32-A01,PV-A01,SITE-A-PAR-20,11,2.31,37.84,87.4,41.33,37.64,29.53,79.09,1008.37,49446.0,0.1,42.5,DEGRADED,OK,PARTIAL_SHADING,v1.4,PARTIAL_SHADING,0.4433,0.381,0.4433,0.0376,0.0899,0.0482,CONNECTED,INFO,4.08,4,0.7143,v1.4,True,SUCCESS,WIFI,GOOD,0.18
REC-04032,2026-09-11T09:16:55Z,SITE-A,ESP32-A01,PV-A01,SITE-A-PAR-20,12,2.3,38.31,88.11,41.2,37.73,29.52,79.13,1008.42,49412.0,0.084,42.8,DEGRADED,OK,PARTIAL_SHADING,v1.4,PARTIAL_SHADING,0.4503,0.3865,0.4503,0.0339,0.0808,0.0485,CONNECTED,INFO,3.34,4,0.7143,v1.4,True,SUCCESS,WIFI,GOOD,0.18
REC-04033,2026-09-11T09:17:00Z,SITE-A,ESP32-A01,PV-A01,SITE-A-PAR-20,13,2.302,38.29,88.15,41.19,37.55,29.52,79.04,1008.42,49391.0,0.121,42.7,DEGRADED,OK,PARTIAL_SHADING,v1.4,PARTIAL_SHADING,0.4321,0.3827,0.4321,0.0437,0.0925,0.049,CONNECTED,INFO,2.13,4,0.7143,v1.4,True,SUCCESS,WIFI,GOOD,0.18
REC-04034,2026-09-11T09:17:05Z,SITE-A,ESP32-A01,PV-A01,SITE-A-PAR-20,14,2.319,38.3,88.82,41.26,37.59,29.52,78.62,1008.37,49600.0,0.108,42.9,DEGRADED,OK,PARTIAL_SHADING,v1.4,PARTIAL_SHADING,0.438,0.3854,0.438,0.0404,0.0895,0.0467,CONNECTED,INFO,2.38,4,0.7143,v1.4,True,SUCCESS,WIFI,GOOD,0.18
REC-04035,2026-09-11T09:17:10Z,SITE-A,ESP32-A01,PV-A01,SITE-A-PAR-20,15,2.297,38.52,88.49,41.14,37.79,29.54,79.38,1008.4,49983.0,0.119,42.4,DEGRADED,OK,PARTIAL_SHADING,v1.4,PARTIAL_SHADING,0.4468,0.3712,0.4468,0.0439,0.089,0.0492,CONNECTED,INFO,4.1,4,0.7143,v1.4,True,SUCCESS,WIFI,GOOD,0.18
REC-04036,2026-09-11T09:17:15Z,SITE-A,ESP32-A01,PV-A01,SITE-A-PAR-20,16,2.297,38.48,88.38,41.23,37.62,29.55,79.46,1008.46,49865.0,0.114,42.5,DEGRADED,OK,PARTIAL_SHADING,v1.4,PARTIAL_SHADING,0.4427,0.3775,0.4427,0.042,0.0894,0.0483,CONNECTED,INFO,3.99,4,0.7143,v1.4,True,SUCCESS,WIFI,GOOD,0.18
REC-04037,2026-09-11T09:17:20Z,SITE-A,ESP32-A01,PV-A01,SITE-A-PAR-20,17,2.302,38.46,88.54,41.38,37.63,29.55,78.96,1008.38,49612.0,0.119,42.6,DEGRADED,OK,PARTIAL_SHADING,v1.4,PARTIAL_SHADING,0.4412,0.3772,0.4412,0.0432,0.0904,0.048,CONNECTED,INFO,4.73,4,0.7143,v1.4,True,SUCCESS,WIFI,GOOD,0.18
REC-04038,2026-09-11T09:17:25Z,SITE-A,ESP32-A01,PV-A01,SITE-A-PAR-20,18,2.297,38.49,88.41,41.23,37.63,29.55,79.14,1008.41,49913.0,0.102,42.5,DEGRADED,OK,PARTIAL_SHADING,v1.4,PARTIAL_SHADING,0.4472,0.38,0.4472,0.0387,0.0861,0.048,CONNECTED,INFO,2.53,4,0.7143,v1.4,True,SUCCESS,WIFI,GOOD,0.18
REC-04039,2026-09-11T09:17:30Z,SITE-A,ESP32-A01,PV-A01,SITE-A-PAR-20,19,2.296,38.87,89.22,41.27,37.79,29.56,79.05,1008.41,49863.0,0.094,42.8,DEGRADED,OK,PARTIAL_SHADING,v1.4,PARTIAL_SHADING,0.4562,0.38,0.4562,0.0371,0.0794,0.0473,CONNECTED,INFO,4.74,4,0.7143,v1.4,True,SUCCESS,WIFI,GOOD,0.18
REC-04040,2026-09-11T09:17:35Z,SITE-A,ESP32-A01,PV-A01,SITE-A-PAR-20,20,2.32,38.35,88.97,41.24,37.67,29.56,79.05,1008.4,50088.0,0.116,42.7,DEGRADED,OK,PARTIAL_SHADING,v1.4,PARTIAL_SHADING,0.4426,0.3767,0.4426,0.0435,0.0912,0.0459,CONNECTED,INFO,2.54,4,0.7143,v1.4,True,SUCCESS,WIFI,GOOD,0.18
REC-04041,2026-09-11T09:17:40Z,SITE-A,ESP32-A01,PV-A01,SITE-A-PAR-20,21,2.321,39.04,90.61,41.41,37.72,29.56,79.35,1008.35,50178.0,0.109,43.5,DEGRADED,OK,PARTIAL_SHADING,v1.4,PARTIAL_SHADING,0.4504,0.3793,0.4504,0.0416,0.0841,0.0445,CONNECTED,INFO,2.17,4,0.7143,v1.4,True,SUCCESS,WIFI,GOOD,0.18
REC-04042,2026-09-11T09:17:45Z,SITE-A,ESP32-A01,PV-A01,SITE-A-PAR-20,22,2.315,38.75,89.69,41.35,37.76,29.58,79.36,1008.42,50273.0,0.103,42.7,DEGRADED,OK,PARTIAL_SHADING,v1.4,PARTIAL_SHADING,0.4546,0.3762,0.4546,0.04,0.0841,0.0451,CONNECTED,INFO,2.98,4,0.7143,v1.4,True,SUCCESS,WIFI,GOOD,0.18
REC-04043,2026-09-11T09:17:50Z,SITE-A,ESP32-A01,PV-A01,SITE-A-PAR-20,23,2.318,39.18,90.83,41.26,37.9,29.59,79.52,1008.4,50332.0,0.115,43.2,DEGRADED,OK,PARTIAL_SHADING,v1.4,PARTIAL_SHADING,0.4541,0.3745,0.4541,0.0443,0.0823,0.0448,CONNECTED,INFO,4.51,4,0.7143,v1.4,True,SUCCESS,WIFI,GOOD,0.18
REC-04044,2026-09-11T09:17:55Z,SITE-A,ESP32-A01,PV-A01,SITE-A-PAR-20,24,2.316,39.31,91.05,41.58,37.75,29.6,79.52,1008.43,50514.0,0.111,43.2,DEGRADED,OK,PARTIAL_SHADING,v1.4,PARTIAL_SHADING,0.4566,0.3742,0.4566,0.0421,0.0832,0.044,CONNECTED,INFO,4.13,4,0.7143,v1.4,True,SUCCESS,WIFI,GOOD,0.18
REC-04045,2026-09-11T09:18:00Z,SITE-A,ESP32-A01,PV-A01,SITE-A-PAR-20,25,2.322,39.24,91.1,41.31,37.75,29.61,79.15,1008.41,50808.0,0.114,43.0,DEGRADED,OK,PARTIAL_SHADING,v1.4,PARTIAL_SHADING,0.4519,0.3759,0.4519,0.0437,0.0848,0.0438,CONNECTED,INFO,3.1,4,0.7143,v1.4,True,SUCCESS,WIFI,GOOD,0.18
REC-04046,2026-09-11T09:18:05Z,SITE-A,ESP32-A01,PV-A01,SITE-A-PAR-20,26,2.323,39.51,91.79,41.48,37.82,29.62,80.05,1008.4,51224.0,0.098,43.0,DEGRADED,OK,PARTIAL_SHADING,v1.4,PARTIAL_SHADING,0.4671,0.372,0.4671,0.0395,0.0793,0.0421,CONNECTED,INFO,2.67,4,0.7143,v1.4,True,SUCCESS,WIFI,GOOD,0.18
REC-04047,2026-09-11T09:18:10Z,SITE-A,ESP32-A01,PV-A01,SITE-A-PAR-20,27,2.316,39.29,91.0,41.43,38.0,29.62,79.66,1008.41,51292.0,0.118,42.6,DEGRADED,OK,PARTIAL_SHADING,v1.4,PARTIAL_SHADING,0.4638,0.3615,0.4638,0.0441,0.085,0.0456,CONNECTED,INFO,4.3,4,0.7143,v1.4,True,SUCCESS,WIFI,GOOD,0.18
REC-04048,2026-09-11T09:18:15Z,SITE-A,ESP32-A01,PV-A01,SITE-A-PAR-20,28,2.287,39.57,90.52,41.48,38.04,29.61,79.0,1008.37,51475.0,0.108,42.3,DEGRADED,OK,PARTIAL_SHADING,v1.4,PARTIAL_SHADING,0.48,0.3521,0.48,0.0414,0.0798,0.0467,CONNECTED,INFO,2.18,4,0.7143,v1.4,True,SUCCESS,WIFI,GOOD,0.18
REC-04049,2026-09-11T09:18:20Z,SITE-A,ESP32-A01,PV-A01,SITE-A-PAR-20,29,2.284,39.71,90.7,41.43,38.07,29.61,79.24,1008.45,51525.0,0.119,42.4,DEGRADED,OK,PARTIAL_SHADING,v1.4,PARTIAL_SHADING,0.4749,0.351,0.4749,0.0441,0.0818,0.0481,CONNECTED,INFO,3.77,4,0.7143,v1.4,True,SUCCESS,WIFI,GOOD,0.18
REC-04050,2026-09-11T09:18:25Z,SITE-A,ESP32-A01,PV-A01,SITE-A-PAR-20,30,2.292,39.65,90.85,41.46,37.85,29.6,78.6,1008.39,51305.0,0.118,42.5,DEGRADED,OK,PARTIAL_SHADING,v1.4,PARTIAL_SHADING,0.4652,0.3604,0.4652,0.0438,0.0838,0.0468,CONNECTED,INFO,4.43,4,0.7143,v1.4,True,SUCCESS,WIFI,GOOD,0.18
REC-04051,2026-09-11T09:18:30Z,SITE-A,ESP32-A01,PV-A01,SITE-A-PAR-20,31,2.311,39.9,92.2,41.55,37.91,29.59,79.21,1008.39,51034.0,0.115,43.2,DEGRADED,TEMP2_SENTINEL_-127,PARTIAL_SHADING,v1.4,PARTIAL_SHADING,0.4634,0.3681,0.4634,0.0431,0.0805,0.045,CONNECTED,INFO,3.28,4,0.7143,v1.4,True,SUCCESS,WIFI,GOOD,0.18
REC-04052,2026-09-11T09:18:35Z,SITE-A,ESP32-A01,PV-A01,SITE-A-PAR-20,32,2.318,39.16,90.77,41.27,38.06,29.58,79.7,1008.44,50706.0,0.107,42.7,DEGRADED,TEMP1_SENTINEL_-127|TEMP2_SENTINEL_-127,PARTIAL_SHADING,v1.4,PARTIAL_SHADING,0.4666,0.3662,0.4666,0.0421,0.0802,0.0449,CONNECTED,INFO,4.04,4,0.7143,v1.4,True,SUCCESS,WIFI,GOOD,0.18
REC-04053,2026-09-11T09:18:40Z,SITE-A,ESP32-A01,PV-A01,SITE-A-PAR-20,33,2.319,38.98,90.39,41.46,37.79,29.58,80.03,1008.41,50954.0,0.115,42.8,DEGRADED,TEMP1_SENTINEL_-127|TEMP2_SENTINEL_-127,PARTIAL_SHADING,v1.4,PARTIAL_SHADING,0.4568,0.3669,0.4568,0.043,0.0881,0.0452,CONNECTED,INFO,3.54,4,0.7143,v1.4,True,SUCCESS,WIFI,GOOD,0.18
REC-04054,2026-09-11T09:18:45Z,SITE-A,ESP32-A01,PV-A01,SITE-A-PAR-20,34,2.318,38.67,89.62,41.46,37.78,29.58,79.16,1008.39,50849.0,0.119,42.3,DEGRADED,TEMP1_SENTINEL_-127|TEMP2_SENTINEL_-127,PARTIAL_SHADING,v1.4,PARTIAL_SHADING,0.454,0.3646,0.454,0.0439,0.0915,0.046,CONNECTED,INFO,2.3,4,0.7143,v1.4,True,SUCCESS,WIFI,GOOD,0.18
REC-04055,2026-09-11T09:18:50Z,SITE-A,ESP32-A01,PV-A01,SITE-A-PAR-20,35,2.317,39.41,91.32,41.43,37.83,29.56,79.3,1008.41,50871.0,0.114,43.1,DEGRADED,TEMP1_SENTINEL_-127|TEMP2_SENTINEL_-127,PARTIAL_SHADING,v1.4,PARTIAL_SHADING,0.4582,0.3697,0.4582,0.043,0.0841,0.0451,CONNECTED,INFO,3.58,4,0.7143,v1.4,True,SUCCESS,WIFI,GOOD,0.18
REC-04056,2026-09-11T09:18:55Z,SITE-A,ESP32-A01,PV-A01,SITE-A-PAR-20,36,2.308,39.3,90.69,41.36,37.84,29.56,79.38,1008.42,50752.0,0.11,42.9,DEGRADED,TEMP1_SENTINEL_-127|TEMP2_SENTINEL_-127,PARTIAL_SHADING,v1.4,PARTIAL_SHADING,0.4606,0.3688,0.4606,0.042,0.0829,0.0457,CONNECTED,INFO,4.79,4,0.7143,v1.4,True,SUCCESS,WIFI,GOOD,0.18
REC-04057,2026-09-11T09:19:00Z,SITE-A,ESP32-A01,PV-A01,SITE-A-PAR-20,37,2.297,39.61,91.01,41.42,37.89,29.58,79.79,1008.4,50941.0,0.115,42.9,DEGRADED,TEMP1_SENTINEL_-127|TEMP2_SENTINEL_-127,PARTIAL_SHADING,v1.4,PARTIAL_SHADING,0.4646,0.3641,0.4646,0.0433,0.0817,0.0464,CONNECTED,INFO,2.97,4,0.7143,v1.4,True,SUCCESS,WIFI,GOOD,0.18
REC-04058,2026-09-11T09:19:05Z,SITE-A,ESP32-A01,PV-A01,SITE-A-PAR-20,38,2.301,39.48,90.83,41.48,37.77,29.58,78.91,1008.43,50816.0,0.103,42.9,DEGRADED,TEMP1_SENTINEL_-127|TEMP2_SENTINEL_-127,PARTIAL_SHADING,v1.4,PARTIAL_SHADING,0.464,0.3704,0.464,0.0398,0.0806,0.0452,CONNECTED,INFO,3.61,4,0.7143,v1.4,True,SUCCESS,WIFI,GOOD,0.18
REC-04059,2026-09-11T09:19:10Z,SITE-A,ESP32-A01,PV-A01,SITE-A-PAR-20,39,2.283,39.5,90.2,41.24,37.78,29.59,80.0,1008.36,50734.0,0.123,42.6,DEGRADED,TEMP1_SENTINEL_-127|TEMP2_SENTINEL_-127,PARTIAL_SHADING,v1.4,PARTIAL_SHADING,0.4562,0.3662,0.4562,0.0459,0.0841,0.0477,CONNECTED,INFO,2.38,4,0.7143,v1.4,True,SUCCESS,WIFI,GOOD,0.18
REC-04060,2026-09-11T09:19:15Z,SITE-A,ESP32-A01,PV-A01,SITE-A-PAR-20,40,2.308,39.39,90.9,41.43,37.8,29.58,79.1,1008.41,50886.0,0.091,43.0,DEGRADED,TEMP1_SENTINEL_-127|TEMP2_SENTINEL_-127,PARTIAL_SHADING,v1.4,PARTIAL_SHADING,0.4674,0.3733,0.4674,0.0369,0.0781,0.0443,CONNECTED,INFO,2.17,4,0.7143,v1.4,True,SUCCESS,WIFI,GOOD,0.18
REC-04061,2026-09-11T09:19:20Z,SITE-A,ESP32-A01,PV-A01,SITE-A-PAR-20,41,2.303,39.35,90.62,41.29,37.74,29.58,78.85,1008.42,50665.0,0.108,42.8,DEGRADED,TEMP1_SENTINEL_-127|TEMP2_SENTINEL_-127,PARTIAL_SHADING,v1.4,PARTIAL_SHADING,0.4567,0.3742,0.4567,0.0417,0.0821,0.0454,CONNECTED,INFO,2.74,4,0.7143,v1.4,True,SUCCESS,WIFI,GOOD,0.18
REC-04062,2026-09-11T09:19:25Z,SITE-A,ESP32-A01,PV-A01,SITE-A-PAR-20,42,2.301,39.55,91.0,41.44,37.73,29.58,79.11,1008.42,50742.0,0.104,42.9,DEGRADED,TEMP1_SENTINEL_-127,PARTIAL_SHADING,v1.4,PARTIAL_SHADING,0.461,0.3734,0.461,0.0402,0.0804,0.045,CONNECTED,INFO,2.67,4,0.7143,v1.4,True,SUCCESS,WIFI,GOOD,0.18
REC-04063,2026-09-11T09:19:30Z,SITE-A,ESP32-A01,PV-A01,SITE-A-PAR-20,43,2.298,38.81,89.17,41.36,38.0,29.58,78.96,1008.33,50737.0,0.102,42.0,DEGRADED,TEMP1_SENTINEL_-127,PARTIAL_SHADING,v1.4,PARTIAL_SHADING,0.4704,0.3604,0.4704,0.0395,0.0824,0.0474,CONNECTED,INFO,3.18,4,0.7143,v1.4,True,SUCCESS,WIFI,GOOD,0.18
REC-04064,2026-09-11T09:19:35Z,SITE-A,ESP32-A01,PV-A01,SITE-A-PAR-20,44,2.31,39.11,90.37,41.48,37.84,29.57,79.33,1008.4,51061.0,0.111,42.4,DEGRADED,TEMP1_SENTINEL_-127,PARTIAL_SHADING,v1.4,PARTIAL_SHADING,0.4641,0.3627,0.4641,0.0419,0.0857,0.0456,CONNECTED,INFO,2.32,4,0.7143,v1.4,True,SUCCESS,WIFI,GOOD,0.18
REC-04065,2026-09-11T09:19:40Z,SITE-A,ESP32-A01,PV-A01,SITE-A-PAR-20,45,2.319,39.11,90.71,41.3,37.85,29.57,78.7,1008.36,51373.0,0.097,42.5,DEGRADED,TEMP1_SENTINEL_-127,PARTIAL_SHADING,v1.4,PARTIAL_SHADING,0.4675,0.3669,0.4675,0.0389,0.0825,0.0441,CONNECTED,INFO,3.71,4,0.7143,v1.4,True,SUCCESS,WIFI,GOOD,0.18
REC-04066,2026-09-11T09:19:45Z,SITE-A,ESP32-A01,PV-A01,SITE-A-PAR-20,46,2.321,39.72,92.2,41.25,37.81,29.55,79.24,1008.44,50924.0,0.13,43.4,DEGRADED,TEMP1_SENTINEL_-127,PARTIAL_SHADING,v1.4,PARTIAL_SHADING,0.4451,0.3746,0.4451,0.0477,0.0867,0.046,CONNECTED,INFO,2.18,4,0.7143,v1.4,True,SUCCESS,WIFI,GOOD,0.18
REC-04067,2026-09-11T09:19:50Z,SITE-A,ESP32-A01,PV-A01,SITE-A-PAR-20,47,2.297,39.3,90.28,41.41,37.86,29.54,79.4,1008.39,50955.0,0.094,42.3,DEGRADED,TEMP1_SENTINEL_-127,PARTIAL_SHADING,v1.4,PARTIAL_SHADING,0.4699,0.3665,0.4699,0.0369,0.0798,0.0469,CONNECTED,INFO,4.71,4,0.7143,v1.4,True,SUCCESS,WIFI,GOOD,0.18
REC-04068,2026-09-11T09:19:55Z,SITE-A,ESP32-A01,PV-A01,SITE-A-PAR-20,48,2.322,39.16,90.95,41.5,37.87,29.54,79.64,1008.44,51047.0,0.098,42.8,DEGRADED,TEMP1_SENTINEL_-127,PARTIAL_SHADING,v1.4,PARTIAL_SHADING,0.4676,0.3671,0.4676,0.0384,0.0823,0.0446,CONNECTED,INFO,4.28,4,0.7143,v1.4,True,SUCCESS,WIFI,GOOD,0.18
REC-04069,2026-09-11T09:20:00Z,SITE-A,ESP32-A01,PV-A01,SITE-A-PAR-20,49,2.302,39.41,90.73,41.44,37.81,29.53,79.4,1008.36,50891.0,0.098,42.7,DEGRADED,TEMP1_SENTINEL_-127,PARTIAL_SHADING,v1.4,PARTIAL_SHADING,0.466,0.3691,0.466,0.0379,0.0806,0.0464,CONNECTED,INFO,3.55,4,0.7143,v1.4,True,SUCCESS,WIFI,GOOD,1.33
REC-04070,2026-09-11T09:20:05Z,SITE-A,ESP32-A01,PV-A01,SITE-A-PAR-20,50,2.299,38.97,89.6,41.43,37.93,29.53,79.63,1008.41,51168.0,0.11,42.2,DEGRADED,SPIKE_VOLTAGE|TEMP1_SENTINEL_-127,PARTIAL_SHADING,v1.4,PARTIAL_SHADING,0.469,0.3553,0.469,0.0409,0.0866,0.0482,CONNECTED,INFO,2.61,4,0.7143,v1.4,True,SUCCESS,WIFI,GOOD,1.33
REC-04071,2026-09-11T09:20:10Z,SITE-A,ESP32-A01,PV-A01,SITE-A-PAR-20,51,2.307,39.49,91.08,41.46,37.89,29.51,79.02,1008.4,51149.0,0.118,42.8,DEGRADED,TEMP1_SENTINEL_-127,PARTIAL_SHADING,v1.4,PARTIAL_SHADING,0.4633,0.3602,0.4633,0.0433,0.0859,0.0473,CONNECTED,INFO,4.53,4,0.7143,v1.4,True,SUCCESS,WIFI,GOOD,1.33
REC-04072,2026-09-11T09:20:15Z,SITE-A,ESP32-A01,PV-A01,SITE-A-PAR-20,52,2.322,38.64,89.72,41.33,37.8,29.52,79.32,1008.48,50725.0,0.113,42.3,DEGRADED,OK,PARTIAL_SHADING,v1.4,PARTIAL_SHADING,0.4542,0.367,0.4542,0.0423,0.0901,0.0464,CONNECTED,INFO,3.42,4,0.7143,v1.4,True,SUCCESS,WIFI,GOOD,1.33
REC-04073,2026-09-11T09:20:20Z,SITE-A,ESP32-A01,PV-A01,SITE-A-PAR-20,53,2.315,38.9,90.03,41.41,37.76,29.54,78.53,1008.44,50866.0,0.123,42.4,DEGRADED,OK,PARTIAL_SHADING,v1.4,PARTIAL_SHADING,0.4516,0.3649,0.4516,0.0448,0.0918,0.0469,CONNECTED,INFO,3.5,4,0.7143,v1.4,True,SUCCESS,WIFI,GOOD,1.33
REC-04074,2026-09-11T09:20:25Z,SITE-A,ESP32-A01,PV-A01,SITE-A-PAR-20,54,2.287,39.59,90.54,41.36,37.94,29.55,79.17,1008.43,51020.0,0.1,42.5,DEGRADED,OK,PARTIAL_SHADING,v1.4,PARTIAL_SHADING,0.4726,0.3628,0.4726,0.0387,0.0782,0.0477,CONNECTED,INFO,2.64,4,0.7143,v1.4,True,SUCCESS,WIFI,GOOD,1.33
REC-04075,2026-09-11T09:20:30Z,SITE-A,ESP32-A01,PV-A01,SITE-A-PAR-20,55,2.31,38.94,89.93,41.36,37.82,29.56,79.32,1008.46,50766.0,0.115,42.4,DEGRADED,OK,PARTIAL_SHADING,v1.4,PARTIAL_SHADING,0.4578,0.3654,0.4578,0.0432,0.0873,0.0462,CONNECTED,INFO,4.38,4,0.7143,v1.4,True,SUCCESS,WIFI,GOOD,1.33
REC-04076,2026-09-11T09:20:35Z,SITE-A,ESP32-A01,PV-A01,SITE-A-PAR-20,56,2.32,39.68,92.07,41.37,37.74,29.57,79.34,1008.41,50932.0,0.105,43.4,DEGRADED,OK,PARTIAL_SHADING,v1.4,PARTIAL_SHADING,0.4585,0.3769,0.4585,0.0413,0.0802,0.0431,CONNECTED,INFO,3.96,4,0.7143,v1.4,True,SUCCESS,WIFI,GOOD,1.33
REC-04077,2026-09-11T09:20:40Z,SITE-A,ESP32-A01,PV-A01,SITE-A-PAR-20,57,2.311,39.17,90.52,41.32,37.89,29.57,78.73,1008.4,50896.0,0.11,42.8,DEGRADED,OK,PARTIAL_SHADING,v1.4,PARTIAL_SHADING,0.4626,0.3661,0.4626,0.0423,0.0835,0.0455,CONNECTED,INFO,4.56,4,0.7143,v1.4,True,SUCCESS,WIFI,GOOD,1.33
REC-04078,2026-09-11T09:20:45Z,SITE-A,ESP32-A01,PV-A01,SITE-A-PAR-20,58,2.304,39.65,91.33,41.38,37.78,29.57,79.08,1008.39,50862.0,0.119,43.1,DEGRADED,OK,PARTIAL_SHADING,v1.4,PARTIAL_SHADING,0.4558,0.3701,0.4558,0.0444,0.0837,0.0459,CONNECTED,INFO,3.56,4,0.7143,v1.4,True,SUCCESS,WIFI,GOOD,1.33
REC-04079,2026-09-11T09:20:50Z,SITE-A,ESP32-A01,PV-A01,SITE-A-PAR-20,59,2.296,39.34,90.32,41.35,37.89,29.56,79.12,1008.41,50689.0,0.091,42.7,DEGRADED,OK,PARTIAL_SHADING,v1.4,PARTIAL_SHADING,0.4692,0.3706,0.4692,0.0366,0.0771,0.0465,CONNECTED,INFO,2.75,4,0.7143,v1.4,True,SUCCESS,WIFI,GOOD,1.33
REC-04080,2026-09-11T09:20:55Z,SITE-A,ESP32-A01,PV-A01,SITE-A-PAR-20,60,2.308,39.2,90.46,41.3,37.6,29.56,79.07,1008.32,50441.0,0.128,42.7,DEGRADED,OK,PARTIAL_SHADING,v1.4,PARTIAL_SHADING,0.4405,0.3763,0.4405,0.0468,0.0901,0.0464,CONNECTED,INFO,3.28,4,0.7143,v1.4,True,SUCCESS,WIFI,GOOD,1.33
REC-04081,2026-09-11T10:14:00Z,SITE-C,ESP32-C01,PV-C01,SITE-C-DUS-06,1,2.468,70.83,174.83,42.54,41.77,31.13,73.05,1008.59,47784.0,0.489,77.3,GOOD,OK,DUST,v1.4,NORMAL,0.3573,0.3573,0.2171,0.3411,0.0449,0.0396,CONNECTED,NONE,2.69,4,0.7143,v1.4,True,SUCCESS,LORA,GOOD,4.64
REC-04082,2026-09-11T10:14:05Z,SITE-C,ESP32-C01,PV-C01,SITE-C-DUS-06,2,2.514,70.0,175.99,42.66,41.85,31.13,73.03,1008.6,47588.0,0.373,77.8,GOOD,OK,DUST,v1.4,NORMAL,0.4679,0.4679,0.2801,0.1905,0.0313,0.0302,CONNECTED,NONE,3.51,4,0.7143,v1.4,True,SUCCESS,LORA,GOOD,4.64
REC-04083,2026-09-11T10:14:10Z,SITE-C,ESP32-C01,PV-C01,SITE-C-DUS-06,3,2.502,70.85,177.24,42.61,41.82,31.12,73.07,1008.57,47451.0,0.522,78.4,GOOD,TEMP1_MISSING_-999,DUST,v1.4,DUST,0.3797,0.3399,0.1941,0.3797,0.0473,0.0391,CONNECTED,INFO,2.44,4,0.7143,v1.4,True,SUCCESS,LORA,GOOD,4.64
REC-04084,2026-09-11T10:14:15Z,SITE-C,ESP32-C01,PV-C01,SITE-C-DUS-06,4,2.486,70.73,175.82,42.57,41.9,31.12,73.01,1008.56,47436.0,0.53,77.9,GOOD,OK,DUST,v1.4,DUST,0.3973,0.3235,0.1913,0.3973,0.0481,0.0398,CONNECTED,INFO,4.67,4,0.7143,v1.4,True,SUCCESS,LORA,GOOD,4.64
REC-04085,2026-09-11T10:14:20Z,SITE-C,ESP32-C01,PV-C01,SITE-C-DUS-06,5,2.502,70.06,175.32,42.41,41.84,31.11,73.02,1008.54,47472.0,0.475,78.0,GOOD,SPIKE_VOLTAGE,DUST,v1.4,NORMAL,0.3707,0.3707,0.2239,0.3224,0.0445,0.0385,CONNECTED,NONE,2.2,4,0.7143,v1.4,True,SUCCESS,LORA,GOOD,4.64
REC-04086,2026-09-11T10:14:25Z,SITE-C,ESP32-C01,PV-C01,SITE-C-DUS-06,6,2.481,70.76,175.59,42.43,41.77,31.1,72.6,1008.58,47284.0,0.495,78.4,GOOD,SPIKE_IRRADIANCE,DUST,v1.4,NORMAL,0.3588,0.3588,0.21,0.3461,0.0459,0.0392,CONNECTED,NONE,4.75,4,0.7143,v1.4,True,SUCCESS,LORA,GOOD,4.64
REC-04087,2026-09-11T10:14:30Z,SITE-C,ESP32-C01,PV-C01,SITE-C-DUS-06,7,2.479,71.46,177.16,42.69,41.88,31.11,73.78,1008.59,47257.0,0.447,78.9,GOOD,OK,DUST,v1.4,NORMAL,0.4114,0.4114,0.2371,0.2769,0.0391,0.0355,CONNECTED,NONE,4.64,4,0.7143,v1.4,True,SUCCESS,LORA,GOOD,4.64
REC-04088,2026-09-11T10:14:35Z,SITE-C,ESP32-C01,PV-C01,SITE-C-DUS-06,8,2.487,70.83,176.13,42.55,41.69,31.11,73.2,1008.56,47363.0,0.519,78.1,GOOD,OK,DUST,v1.4,DUST,0.3722,0.3453,0.1961,0.3722,0.0471,0.0393,CONNECTED,INFO,3.0,4,0.7143,v1.4,True,SUCCESS,LORA,GOOD,4.64
REC-04089,2026-09-11T10:14:40Z,SITE-C,ESP32-C01,PV-C01,SITE-C-DUS-06,9,2.497,70.73,176.62,42.45,41.74,31.14,73.02,1008.56,47451.0,0.417,78.5,GOOD,OK,DUST,v1.4,NORMAL,0.4379,0.4379,0.2536,0.2391,0.0362,0.0333,CONNECTED,NONE,3.44,4,0.7143,v1.4,True,SUCCESS,LORA,GOOD,4.64
REC-04090,2026-09-11T10:14:45Z,SITE-C,ESP32-C01,PV-C01,SITE-C-DUS-06,10,2.483,70.86,175.97,42.49,41.74,31.14,73.55,1008.56,47542.0,0.465,78.2,GOOD,OK,DUST,v1.4,NORMAL,0.3887,0.3887,0.2285,0.3038,0.0418,0.0372,CONNECTED,NONE,4.02,4,0.7143,v1.4,True,SUCCESS,LORA,GOOD,4.64
REC-04091,2026-09-11T10:14:50Z,SITE-C,ESP32-C01,PV-C01,SITE-C-DUS-06,11,2.503,69.49,173.92,42.47,41.74,31.14,72.68,1008.59,46857.0,0.469,77.7,GOOD,OK,DUST,v1.4,NORMAL,0.3785,0.3785,0.2276,0.3125,0.0434,0.0381,CONNECTED,NONE,3.88,4,0.7143,v1.4,True,SUCCESS,LORA,GOOD,4.64
REC-04092,2026-09-11T10:14:55Z,SITE-C,ESP32-C01,PV-C01,SITE-C-DUS-06,12,2.498,70.6,176.33,42.48,41.72,31.13,73.26,1008.53,46901.0,0.465,79.0,GOOD,OK,DUST,v1.4,NORMAL,0.3952,0.3952,0.2247,0.3016,0.0418,0.0366,CONNECTED,NONE,3.31,4,0.7143,v1.4,True,SUCCESS,LORA,GOOD,4.64
REC-04093,2026-09-11T10:15:00Z,SITE-C,ESP32-C01,PV-C01,SITE-C-DUS-06,13,2.503,70.36,176.14,42.48,41.69,31.13,72.83,1008.54,47146.0,0.531,78.8,GOOD,OK,DUST,v1.4,DUST,0.3955,0.331,0.1864,0.3955,0.0481,0.039,CONNECTED,INFO,2.21,4,0.7143,v1.4,True,SUCCESS,LORA,GOOD,4.64
REC-04094,2026-09-11T10:15:05Z,SITE-C,ESP32-C01,PV-C01,SITE-C-DUS-06,14,2.468,71.05,175.37,42.35,41.56,31.14,73.12,1008.54,46910.0,0.598,78.6,GOOD,OK,DUST,v1.4,DUST,0.4994,0.2638,0.1491,0.4994,0.0493,0.0384,CONNECTED,INFO,2.1,4,0.7143,v1.4,True,SUCCESS,LORA,GOOD,4.64
REC-04095,2026-09-11T10:15:10Z,SITE-C,ESP32-C01,PV-C01,SITE-C-DUS-06,15,2.509,69.25,173.73,42.45,41.64,31.15,73.13,1008.57,46553.0,0.46,78.3,GOOD,LOST_IN_TRANSIT,DUST,v1.4,NORMAL,0.3924,0.3924,0.2308,0.2977,0.0421,0.0371,CONNECTED,NONE,3.38,4,0.7143,v1.4,True,SUCCESS,LORA,GOOD,4.64
REC-04096,2026-09-11T10:15:15Z,SITE-C,ESP32-C01,PV-C01,SITE-C-DUS-06,16,2.481,70.13,174.0,42.47,41.68,31.13,72.3,1008.58,46899.0,0.495,78.0,GOOD,OK,DUST,v1.4,NORMAL,0.3581,0.3581,0.2115,0.3454,0.0456,0.0394,CONNECTED,NONE,3.75,4,0.7143,v1.4,True,SUCCESS,LORA,GOOD,4.64
REC-04097,2026-09-11T10:15:20Z,SITE-C,ESP32-C01,PV-C01,SITE-C-DUS-06,17,2.482,70.91,175.98,42.35,41.53,31.12,72.57,1008.54,46919.0,0.419,78.9,GOOD,OK,DUST,v1.4,NORMAL,0.4467,0.4467,0.2463,0.2378,0.0361,0.033,CONNECTED,NONE,2.36,4,0.7143,v1.4,True,SUCCESS,LORA,GOOD,4.64
REC-04098,2026-09-11T10:15:25Z,SITE-C,ESP32-C01,PV-C01,SITE-C-DUS-06,18,2.502,70.0,175.16,42.35,41.6,31.12,73.48,1008.6,46538.0,0.529,78.8,GOOD,OK,DUST,v1.4,DUST,0.3915,0.3356,0.1857,0.3915,0.0483,0.0389,CONNECTED,INFO,4.76,4,0.7143,v1.4,True,SUCCESS,LORA,GOOD,4.64
REC-04099,2026-09-11T10:15:30Z,SITE-C,ESP32-C01,PV-C01,SITE-C-DUS-06,19,2.483,70.62,175.36,42.4,41.64,31.11,72.92,1008.61,46738.0,0.436,78.9,GOOD,OK,DUST,v1.4,NORMAL,0.4247,0.4247,0.2401,0.2619,0.0386,0.0348,CONNECTED,NONE,2.99,4,0.7143,v1.4,True,SUCCESS,LORA,GOOD,4.64
REC-04100,2026-09-11T10:15:35Z,SITE-C,ESP32-C01,PV-C01,SITE-C-DUS-06,20,2.478,70.08,173.64,42.43,41.74,31.1,73.6,1008.58,46768.0,0.656,78.1,GOOD,OK,DUST,v1.4,DUST,0.6036,0.1865,0.124,0.6036,0.0484,0.0375,CONNECTED,WARNING,2.12,4,0.7143,v1.4,True,SUCCESS,LORA,GOOD,4.64
REC-04101,2026-09-11T10:15:40Z,SITE-C,ESP32-C01,PV-C01,SITE-C-DUS-06,21,2.496,69.91,174.52,42.21,41.51,31.1,73.39,1008.6,46700.0,0.367,78.4,GOOD,OK,DUST,v1.4,NORMAL,0.4854,0.4854,0.2725,0.1816,0.031,0.0294,CONNECTED,NONE,3.48,4,0.7143,v1.4,True,SUCCESS,LORA,GOOD,4.64
REC-04102,2026-09-11T10:15:45Z,SITE-C,ESP32-C01,PV-C01,SITE-C-DUS-06,22,2.478,69.84,173.1,42.34,41.66,31.08,72.93,1008.54,46608.0,0.596,77.9,GOOD,OK,DUST,v1.4,DUST,0.5087,0.2533,0.148,0.5087,0.0509,0.0391,CONNECTED,INFO,3.02,4,0.7143,v1.4,True,SUCCESS,LORA,GOOD,4.64
REC-04103,2026-09-11T10:15:50Z,SITE-C,ESP32-C01,PV-C01,SITE-C-DUS-06,23,2.5,69.75,174.36,42.32,41.5,31.08,72.91,1008.54,46689.0,0.526,78.3,GOOD,OK,DUST,v1.4,DUST,0.3874,0.3382,0.1862,0.3874,0.0489,0.0393,CONNECTED,INFO,4.21,4,0.7143,v1.4,True,SUCCESS,LORA,GOOD,4.64
REC-04104,2026-09-11T10:15:55Z,SITE-C,ESP32-C01,PV-C01,SITE-C-DUS-06,24,2.48,70.46,174.73,42.3,41.5,31.09,73.49,1008.59,46758.0,0.4,78.3,GOOD,OK,DUST,v1.4,NORMAL,0.4609,0.4609,0.2562,0.2164,0.0345,0.032,CONNECTED,NONE,3.95,4,0.7143,v1.4,True,SUCCESS,LORA,GOOD,4.64
REC-04105,2026-09-11T10:16:00Z,SITE-C,ESP32-C01,PV-C01,SITE-C-DUS-06,25,2.481,70.78,175.58,42.24,41.45,31.1,73.63,1008.57,46844.0,0.606,79.0,GOOD,OK,DUST,v1.4,DUST,0.512,0.2556,0.1443,0.512,0.0499,0.0382,CONNECTED,INFO,2.45,4,0.7143,v1.4,True,SUCCESS,LORA,GOOD,4.64
REC-04106,2026-09-11T10:16:05Z,SITE-C,ESP32-C01,PV-C01,SITE-C-DUS-06,26,2.483,70.09,174.07,42.35,41.58,31.1,72.91,1008.54,46470.0,0.411,78.5,GOOD,OK,DUST,v1.4,NORMAL,0.4462,0.4462,0.2534,0.2311,0.036,0.0332,CONNECTED,NONE,2.69,4,0.7143,v1.4,True,SUCCESS,LORA,GOOD,4.64
REC-04107,2026-09-11T10:16:10Z,SITE-C,ESP32-C01,PV-C01,SITE-C-DUS-06,27,2.494,69.37,172.99,42.33,41.56,31.11,73.46,1008.61,46766.0,0.448,77.8,GOOD,OK,DUST,v1.4,NORMAL,0.4035,0.4035,0.2369,0.2815,0.0413,0.0367,CONNECTED,NONE,4.53,4,0.7143,v1.4,True,SUCCESS,LORA,GOOD,4.64
REC-04108,2026-09-11T10:16:15Z,SITE-C,ESP32-C01,PV-C01,SITE-C-DUS-06,28,2.485,69.97,173.89,42.45,41.52,31.12,73.31,1008.58,46603.0,0.389,78.3,GOOD,OK,DUST,v1.4,NORMAL,0.4665,0.4665,0.2648,0.2045,0.0329,0.0313,CONNECTED,NONE,3.61,4,0.7143,v1.4,True,SUCCESS,LORA,GOOD,4.64
REC-04109,2026-09-11T10:16:20Z,SITE-C,ESP32-C01,PV-C01,SITE-C-DUS-06,29,2.49,70.08,174.48,42.23,41.58,31.12,73.36,1008.59,46541.0,0.458,78.6,GOOD,OK,DUST,v1.4,NORMAL,0.4003,0.4003,0.2279,0.2932,0.0419,0.0367,CONNECTED,NONE,2.53,4,0.7143,v1.4,True,SUCCESS,LORA,GOOD,4.64
REC-04110,2026-09-11T10:16:25Z,SITE-C,ESP32-C01,PV-C01,SITE-C-DUS-06,30,2.482,69.78,173.19,42.28,41.54,31.11,73.03,1008.55,46786.0,0.464,78.1,GOOD,OK,DUST,v1.4,NORMAL,0.3893,0.3893,0.2269,0.3031,0.043,0.0378,CONNECTED,NONE,3.72,4,0.7143,v1.4,True,SUCCESS,LORA,GOOD,4.64
REC-04111,2026-09-11T10:16:30Z,SITE-C,ESP32-C01,PV-C01,SITE-C-DUS-06,31,2.476,69.79,172.79,42.29,41.53,31.13,72.8,1008.62,46502.0,0.517,78.0,GOOD,OK,DUST,v1.4,DUST,0.373,0.3422,0.1973,0.373,0.0477,0.0398,CONNECTED,INFO,2.91,4,0.7143,v1.4,True,SUCCESS,LORA,GOOD,4.64
REC-04112,2026-09-11T10:16:35Z,SITE-C,ESP32-C01,PV-C01,SITE-C-DUS-06,32,2.494,69.66,173.72,42.31,41.47,31.13,72.68,1008.57,46352.0,0.613,78.6,GOOD,OK,DUST,v1.4,DUST,0.5309,0.2405,0.1408,0.5309,0.0497,0.0381,CONNECTED,INFO,3.4,4,0.7143,v1.4,True,SUCCESS,LORA,GOOD,4.64
REC-04113,2026-09-11T10:16:40Z,SITE-C,ESP32-C01,PV-C01,SITE-C-DUS-06,33,2.484,69.05,171.5,42.3,41.37,31.14,72.61,1008.6,46158.0,0.436,77.9,GOOD,OK,DUST,v1.4,NORMAL,0.4201,0.4201,0.2419,0.2631,0.0393,0.0356,CONNECTED,NONE,4.14,4,0.7143,v1.4,True,SUCCESS,LORA,GOOD,4.64
REC-04114,2026-09-11T10:16:45Z,SITE-C,ESP32-C01,PV-C01,SITE-C-DUS-06,34,2.494,69.7,173.81,42.23,41.62,31.15,73.57,1008.55,46389.0,0.302,78.8,GOOD,OK,DUST,v1.4,NORMAL,0.523,0.523,0.3037,0.1252,0.0237,0.0243,CONNECTED,NONE,3.44,4,0.7143,v1.4,True,SUCCESS,LORA,GOOD,4.64
REC-04115,2026-09-11T10:16:50Z,SITE-C,ESP32-C01,PV-C01,SITE-C-DUS-06,35,2.478,69.59,172.46,42.18,41.64,31.16,73.0,1008.58,46613.0,0.506,77.9,GOOD,OK,DUST,v1.4,DUST,0.3616,0.3436,0.2074,0.3616,0.0473,0.0401,CONNECTED,INFO,4.22,4,0.7143,v1.4,True,SUCCESS,LORA,GOOD,4.64
REC-04116,2026-09-11T10:16:55Z,SITE-C,ESP32-C01,PV-C01,SITE-C-DUS-06,36,2.506,69.05,173.06,42.21,41.66,31.16,72.66,1008.59,46655.0,0.434,78.3,GOOD,OK,DUST,v1.4,NORMAL,0.4106,0.4106,0.2481,0.2658,0.0397,0.0357,CONNECTED,NONE,3.56,4,0.7143,v1.4,True,SUCCESS,LORA,GOOD,4.64
REC-04117,2026-09-11T10:17:00Z,SITE-C,ESP32-C01,PV-C01,SITE-C-DUS-06,37,2.479,70.33,174.3,42.32,41.53,31.16,73.3,1008.63,46574.0,0.576,78.6,GOOD,OK,DUST,v1.4,DUST,0.4676,0.2879,0.1565,0.4676,0.0497,0.0384,CONNECTED,INFO,4.15,4,0.7143,v1.4,True,SUCCESS,LORA,GOOD,4.64
REC-04118,2026-09-11T10:17:05Z,SITE-C,ESP32-C01,PV-C01,SITE-C-DUS-06,38,2.511,69.42,174.31,42.39,41.5,31.15,72.86,1008.56,46495.0,0.465,78.7,GOOD,OK,DUST,v1.4,NORMAL,0.3958,0.3958,0.224,0.3012,0.0423,0.0368,CONNECTED,NONE,3.45,4,0.7143,v1.4,True,SUCCESS,LORA,GOOD,4.64
REC-04119,2026-09-11T10:17:10Z,SITE-C,ESP32-C01,PV-C01,SITE-C-DUS-06,39,2.484,69.85,173.47,42.17,41.51,31.16,72.8,1008.58,46471.0,0.421,78.5,GOOD,OK,DUST,v1.4,NORMAL,0.4336,0.4336,0.2504,0.2448,0.0372,0.034,CONNECTED,NONE,2.86,4,0.7143,v1.4,True,SUCCESS,LORA,GOOD,4.64
REC-04120,2026-09-11T10:17:15Z,SITE-C,ESP32-C01,PV-C01,SITE-C-DUS-06,40,2.513,69.19,173.85,42.2,41.64,31.17,73.62,1008.59,46535.0,0.406,78.6,GOOD,OK,DUST,v1.4,NORMAL,0.4413,0.4413,0.261,0.2288,0.0359,0.033,CONNECTED,NONE,3.12,4,0.7143,v1.4,True,SUCCESS,LORA,GOOD,4.64
REC-04121,2026-09-11T10:17:20Z,SITE-C,ESP32-C01,PV-C01,SITE-C-DUS-06,41,2.486,69.86,173.66,42.39,41.59,31.15,72.6,1008.53,46455.0,0.504,78.4,GOOD,OK,DUST,v1.4,NORMAL,0.3557,0.3557,0.2058,0.3531,0.0462,0.0393,CONNECTED,NONE,3.86,4,0.7143,v1.4,True,SUCCESS,LORA,GOOD,4.64
REC-04122,2026-09-11T10:17:25Z,SITE-C,ESP32-C01,PV-C01,SITE-C-DUS-06,42,2.493,69.46,173.15,42.22,41.54,31.15,73.07,1008.5,46774.0,0.45,78.2,GOOD,OK,DUST,v1.4,NORMAL,0.401,0.401,0.2365,0.2846,0.0413,0.0367,CONNECTED,NONE,4.09,4,0.7143,v1.4,True,SUCCESS,LORA,GOOD,4.64
REC-04123,2026-09-11T10:17:30Z,SITE-C,ESP32-C01,PV-C01,SITE-C-DUS-06,43,2.486,69.6,173.02,42.25,41.63,31.16,72.82,1008.54,46654.0,0.555,78.0,GOOD,OK,DUST,v1.4,DUST,0.4425,0.2969,0.1714,0.4425,0.0498,0.0395,CONNECTED,INFO,4.78,4,0.7143,v1.4,True,SUCCESS,LORA,GOOD,4.64
REC-04124,2026-09-11T10:17:35Z,SITE-C,ESP32-C01,PV-C01,SITE-C-DUS-06,44,2.517,69.34,174.51,42.38,41.49,31.17,72.77,1008.6,46548.0,0.454,78.9,GOOD,OK,DUST,v1.4,NORMAL,0.407,0.407,0.2305,0.2858,0.0408,0.0358,CONNECTED,NONE,3.54,4,0.7143,v1.4,True,SUCCESS,LORA,GOOD,4.64
REC-04125,2026-09-11T10:17:40Z,SITE-C,ESP32-C01,PV-C01,SITE-C-DUS-06,45,2.486,70.2,174.53,42.24,41.41,31.18,72.56,1008.62,46488.0,0.552,79.0,GOOD,OK,DUST,v1.4,DUST,0.4244,0.3172,0.1713,0.4244,0.0486,0.0385,CONNECTED,INFO,3.26,4,0.7143,v1.4,True,SUCCESS,LORA,GOOD,4.64
REC-04126,2026-09-11T10:17:45Z,SITE-C,ESP32-C01,PV-C01,SITE-C-DUS-06,46,2.496,69.7,173.94,42.29,41.58,31.17,73.02,1008.54,46622.0,0.384,78.5,GOOD,OK,DUST,v1.4,NORMAL,0.4645,0.4645,0.2707,0.2013,0.0326,0.031,CONNECTED,NONE,3.95,4,0.7143,v1.4,True,SUCCESS,LORA,GOOD,4.64
REC-04127,2026-09-11T10:17:50Z,SITE-C,ESP32-C01,PV-C01,SITE-C-DUS-06,47,2.474,70.46,174.33,42.46,41.57,31.16,72.74,1008.53,46548.0,0.363,78.5,GOOD,OK,DUST,v1.4,NORMAL,0.4872,0.4872,0.278,0.1766,0.0293,0.0289,CONNECTED,NONE,3.84,4,0.7143,v1.4,True,SUCCESS,LORA,GOOD,4.64
REC-04128,2026-09-11T10:17:55Z,SITE-C,ESP32-C01,PV-C01,SITE-C-DUS-06,48,2.492,69.7,173.67,42.29,41.63,31.16,73.18,1008.62,46817.0,0.517,78.0,GOOD,OK,DUST,v1.4,DUST,0.3777,0.3368,0.1981,0.3777,0.0477,0.0397,CONNECTED,INFO,3.43,4,0.7143,v1.4,True,SUCCESS,LORA,GOOD,4.64
REC-04129,2026-09-11T10:18:00Z,SITE-C,ESP32-C01,PV-C01,SITE-C-DUS-06,49,2.489,70.36,175.1,42.31,41.45,31.17,72.99,1008.55,47305.0,0.439,78.4,GOOD,OK,DUST,v1.4,NORMAL,0.4218,0.4218,0.2397,0.2651,0.0386,0.0348,CONNECTED,NONE,2.25,4,0.7143,v1.4,True,SUCCESS,LORA,GOOD,4.64
REC-04130,2026-09-11T10:18:05Z,SITE-C,ESP32-C01,PV-C01,SITE-C-DUS-06,50,2.48,70.43,174.63,42.51,41.57,31.17,72.91,1008.56,47148.0,0.451,78.2,GOOD,OK,DUST,v1.4,NORMAL,0.4061,0.4061,0.2359,0.2822,0.0397,0.036,CONNECTED,NONE,4.64,4,0.7143,v1.4,True,SUCCESS,LORA,GOOD,4.64
REC-04131,2026-09-11T10:18:10Z,SITE-C,ESP32-C01,PV-C01,SITE-C-DUS-06,51,2.497,69.98,174.72,42.34,41.58,31.17,72.74,1008.61,46691.0,0.406,78.7,GOOD,OK,DUST,v1.4,NORMAL,0.4493,0.4493,0.2582,0.2252,0.0349,0.0324,CONNECTED,NONE,2.56,4,0.7143,v1.4,True,SUCCESS,LORA,GOOD,4.64
REC-04132,2026-09-11T10:18:15Z,SITE-C,ESP32-C01,PV-C01,SITE-C-DUS-06,52,2.502,69.89,174.87,42.35,41.44,31.16,73.43,1008.61,46575.0,0.402,78.8,GOOD,OK,DUST,v1.4,NORMAL,0.4609,0.4609,0.2557,0.2176,0.0341,0.0316,CONNECTED,NONE,3.21,4,0.7143,v1.4,True,SUCCESS,LORA,GOOD,4.64
REC-04133,2026-09-11T10:18:20Z,SITE-C,ESP32-C01,PV-C01,SITE-C-DUS-06,53,2.49,70.45,175.41,42.29,41.46,31.17,73.22,1008.6,46388.0,0.505,78.9,GOOD,OK,DUST,v1.4,NORMAL,0.3665,0.3665,0.2005,0.3494,0.0454,0.0381,CONNECTED,NONE,2.14,4,0.7143,v1.4,True,SUCCESS,LORA,GOOD,4.64
REC-04134,2026-09-11T10:18:25Z,SITE-C,ESP32-C01,PV-C01,SITE-C-DUS-06,54,2.484,70.07,174.08,42.34,41.61,31.16,72.8,1008.52,46760.0,0.466,78.1,GOOD,OK,DUST,v1.4,NORMAL,0.3877,0.3877,0.2271,0.3055,0.0423,0.0374,CONNECTED,NONE,3.22,4,0.7143,v1.4,True,SUCCESS,LORA,GOOD,4.64
REC-04135,2026-09-11T10:18:30Z,SITE-C,ESP32-C01,PV-C01,SITE-C-DUS-06,55,2.482,69.74,173.13,42.28,41.65,31.16,72.59,1008.53,46748.0,0.403,77.8,GOOD,OK,DUST,v1.4,NORMAL,0.441,0.441,0.2651,0.2255,0.0352,0.0332,CONNECTED,NONE,4.0,4,0.7143,v1.4,True,SUCCESS,LORA,GOOD,4.64
REC-04136,2026-09-11T10:18:35Z,SITE-C,ESP32-C01,PV-C01,SITE-C-DUS-06,56,2.493,69.65,173.66,42.35,41.51,31.15,72.43,1008.6,46574.0,0.514,78.3,GOOD,OK,DUST,v1.4,DUST,0.3679,0.3475,0.1982,0.3679,0.0472,0.0393,CONNECTED,INFO,3.16,4,0.7143,v1.4,True,SUCCESS,LORA,GOOD,4.64
REC-04137,2026-09-11T10:18:40Z,SITE-C,ESP32-C01,PV-C01,SITE-C-DUS-06,57,2.48,69.58,172.53,42.36,41.54,31.16,73.34,1008.58,46461.0,0.537,78.0,GOOD,OK,DUST,v1.4,DUST,0.4073,0.3203,0.1843,0.4073,0.0485,0.0397,CONNECTED,INFO,4.54,4,0.7143,v1.4,True,SUCCESS,LORA,GOOD,4.64
REC-04138,2026-09-11T10:18:45Z,SITE-C,ESP32-C01,PV-C01,SITE-C-DUS-06,58,2.495,69.08,172.34,42.27,41.5,31.15,73.27,1008.55,46514.0,0.46,78.0,GOOD,OK,DUST,v1.4,NORMAL,0.3911,0.3911,0.2307,0.2983,0.0425,0.0375,CONNECTED,NONE,4.21,4,0.7143,v1.4,True,SUCCESS,LORA,GOOD,4.64
REC-04139,2026-09-11T10:18:50Z,SITE-C,ESP32-C01,PV-C01,SITE-C-DUS-06,59,2.481,69.82,173.21,42.3,41.35,31.13,73.31,1008.56,46001.0,0.527,78.9,GOOD,OK,DUST,v1.4,DUST,0.3813,0.3454,0.1867,0.3813,0.0477,0.0389,CONNECTED,INFO,2.31,4,0.7143,v1.4,True,SUCCESS,LORA,GOOD,4.64
REC-04140,2026-09-11T10:18:55Z,SITE-C,ESP32-C01,PV-C01,SITE-C-DUS-06,60,2.507,68.3,171.24,42.24,41.54,31.11,72.96,1008.6,46117.0,0.407,78.1,GOOD,OK,DUST,v1.4,NORMAL,0.4377,0.4377,0.2603,0.2309,0.037,0.034,CONNECTED,NONE,4.5,4,0.7143,v1.4,True,SUCCESS,LORA,GOOD,4.64
REC-04141,2026-09-11T10:53:00Z,SITE-B,ESP32-B01,PV-B01,SITE-B-NOR-16,1,2.732,28.64,78.23,33.08,32.8,28.6,82.79,1008.82,20246.0,0.177,96.0,GOOD,DUST_BASELINE_DRIFT,NORMAL,v1.4,NORMAL,0.7607,0.7607,0.0722,0.0266,0.0976,0.0429,CONNECTED,NONE,4.09,4,0.7143,v1.4,True,SUCCESS,WIFI,GOOD,0.66
REC-04142,2026-09-11T10:53:05Z,SITE-B,ESP32-B01,PV-B01,SITE-B-NOR-16,2,2.721,28.74,78.2,33.16,32.52,28.59,83.13,1008.84,20076.0,0.16,96.2,GOOD,DUST_BASELINE_DRIFT,NORMAL,v1.4,NORMAL,0.78,0.78,0.0696,0.0229,0.0871,0.0404,CONNECTED,NONE,3.79,4,0.7143,v1.4,True,SUCCESS,WIFI,GOOD,0.66
REC-04143,2026-09-11T10:53:10Z,SITE-B,ESP32-B01,PV-B01,SITE-B-NOR-16,3,2.754,29.17,80.32,32.96,32.54,28.58,82.14,1008.86,19947.0,0.169,98.8,GOOD,DUST_BASELINE_DRIFT,NORMAL,v1.4,NORMAL,0.7821,0.7821,0.0663,0.0234,0.0894,0.0387,CONNECTED,NONE,4.45,4,0.7143,v1.4,True,SUCCESS,WIFI,GOOD,0.66
REC-04144,2026-09-11T10:53:15Z,SITE-B,ESP32-B01,PV-B01,SITE-B-NOR-16,4,2.731,28.94,79.04,33.12,32.6,28.59,82.74,1008.89,20074.0,0.174,96.6,GOOD,DUST_BASELINE_DRIFT,NORMAL,v1.4,NORMAL,0.7725,0.7725,0.0699,0.0252,0.0917,0.0407,CONNECTED,NONE,3.01,4,0.7143,v1.4,True,SUCCESS,WIFI,GOOD,0.66
REC-04145,2026-09-11T10:53:20Z,SITE-B,ESP32-B01,PV-B01,SITE-B-NOR-16,5,2.736,29.1,79.62,33.15,32.78,28.58,82.76,1008.9,20228.0,0.151,96.7,GOOD,DUST_BASELINE_DRIFT,NORMAL,v1.4,NORMAL,0.7824,0.7824,0.0704,0.0218,0.0855,0.04,CONNECTED,NONE,3.06,4,0.7143,v1.4,True,SUCCESS,WIFI,GOOD,0.66
REC-04146,2026-09-11T10:53:25Z,SITE-B,ESP32-B01,PV-B01,SITE-B-NOR-16,6,2.742,29.14,79.91,33.12,32.66,28.57,82.76,1008.91,20305.0,0.159,97.3,GOOD,DUST_BASELINE_DRIFT,NORMAL,v1.4,NORMAL,0.7816,0.7816,0.0694,0.0227,0.0868,0.0395,CONNECTED,NONE,4.19,4,0.7143,v1.4,True,SUCCESS,WIFI,GOOD,0.66
REC-04147,2026-09-11T10:53:30Z,SITE-B,ESP32-B01,PV-B01,SITE-B-NOR-16,7,2.759,28.78,79.39,33.09,32.61,28.57,83.09,1008.86,20289.0,0.167,97.0,GOOD,DUST_BASELINE_DRIFT,NORMAL,v1.4,NORMAL,0.7732,0.7732,0.0699,0.0241,0.0928,0.04,CONNECTED,NONE,3.9,4,0.7143,v1.4,True,SUCCESS,WIFI,GOOD,0.66
REC-04148,2026-09-11T10:53:35Z,SITE-B,ESP32-B01,PV-B01,SITE-B-NOR-16,8,2.723,29.08,79.16,33.03,32.55,28.58,83.21,1008.88,19935.0,0.172,97.0,GOOD,DUST_BASELINE_DRIFT,NORMAL,v1.4,NORMAL,0.7769,0.7769,0.0681,0.0244,0.0903,0.0402,CONNECTED,NONE,3.04,4,0.7143,v1.4,True,SUCCESS,WIFI,GOOD,0.66
REC-04149,2026-09-11T10:53:40Z,SITE-B,ESP32-B01,PV-B01,SITE-B-NOR-16,9,2.725,29.16,79.46,32.98,32.52,28.59,82.53,1008.82,20136.0,0.18,97.0,GOOD,DUST_BASELINE_DRIFT,NORMAL,v1.4,NORMAL,0.7733,0.7733,0.0673,0.0255,0.0935,0.0404,CONNECTED,NONE,3.49,4,0.7143,v1.4,True,SUCCESS,WIFI,GOOD,0.66
REC-04150,2026-09-11T10:53:45Z,SITE-B,ESP32-B01,PV-B01,SITE-B-NOR-16,10,2.761,28.78,79.47,33.16,32.74,28.58,82.8,1008.87,20224.0,0.164,97.2,GOOD,DUST_BASELINE_DRIFT,NORMAL,v1.4,NORMAL,0.7731,0.7731,0.0715,0.024,0.091,0.0403,CONNECTED,NONE,2.83,4,0.7143,v1.4,True,SUCCESS,WIFI,GOOD,0.66
REC-04151,2026-09-11T10:53:50Z,SITE-B,ESP32-B01,PV-B01,SITE-B-NOR-16,11,2.741,29.86,81.84,33.11,32.69,28.57,82.63,1008.83,20067.0,0.163,100.0,GOOD,DUST_BASELINE_DRIFT,NORMAL,v1.4,NORMAL,0.7873,0.7873,0.0676,0.0226,0.0845,0.038,CONNECTED,NONE,3.94,4,0.7143,v1.4,True,SUCCESS,WIFI,GOOD,0.66
REC-04152,2026-09-11T10:53:55Z,SITE-B,ESP32-B01,PV-B01,SITE-B-NOR-16,12,2.751,29.34,80.7,33.07,32.78,28.59,82.41,1008.86,20387.0,0.157,98.0,GOOD,DUST_BASELINE_DRIFT,NORMAL,v1.4,NORMAL,0.7821,0.7821,0.0687,0.0222,0.0877,0.0393,CONNECTED,NONE,2.68,4,0.7143,v1.4,True,SUCCESS,WIFI,GOOD,0.66
REC-04153,2026-09-11T10:54:00Z,SITE-B,ESP32-B01,PV-B01,SITE-B-NOR-16,13,2.744,28.74,78.86,33.18,32.7,28.6,82.68,1008.95,20275.0,0.169,95.8,GOOD,DUST_BASELINE_DRIFT,NORMAL,v1.4,NORMAL,0.7701,0.7701,0.0715,0.0249,0.0923,0.0411,CONNECTED,NONE,4.34,4,0.7143,v1.4,True,SUCCESS,WIFI,GOOD,0.66
REC-04154,2026-09-11T10:54:05Z,SITE-B,ESP32-B01,PV-B01,SITE-B-NOR-16,14,2.749,29.3,80.55,33.16,32.47,28.59,82.8,1008.87,20256.0,0.163,97.6,GOOD,DUST_BASELINE_DRIFT,NORMAL,v1.4,NORMAL,0.7847,0.7847,0.0674,0.0224,0.0874,0.0381,CONNECTED,NONE,3.88,4,0.7143,v1.4,True,SUCCESS,WIFI,GOOD,0.66
REC-04155,2026-09-11T10:54:10Z,SITE-B,ESP32-B01,PV-B01,SITE-B-NOR-16,15,2.723,29.1,79.25,33.14,32.58,28.58,82.67,1008.83,20404.0,0.163,95.9,GOOD,DUST_BASELINE_DRIFT,NORMAL,v1.4,NORMAL,0.7794,0.7794,0.0694,0.0233,0.0878,0.0402,CONNECTED,NONE,3.71,4,0.7143,v1.4,True,SUCCESS,WIFI,GOOD,0.66
REC-04156,2026-09-11T10:54:15Z,SITE-B,ESP32-B01,PV-B01,SITE-B-NOR-16,16,2.727,29.45,80.33,33.01,32.72,28.58,82.34,1008.87,20419.0,0.165,97.4,GOOD,DUST_BASELINE_DRIFT,NORMAL,v1.4,NORMAL,0.7788,0.7788,0.0682,0.0233,0.0896,0.0401,CONNECTED,NONE,3.89,4,0.7143,v1.4,True,SUCCESS,WIFI,GOOD,0.66
REC-04157,2026-09-11T10:54:20Z,SITE-B,ESP32-B01,PV-B01,SITE-B-NOR-16,17,2.743,28.87,79.2,33.25,32.66,28.58,82.46,1008.84,20297.0,0.172,95.7,GOOD,TEMP2_MISSING_-999|DUST_BASELINE_DRIFT,NORMAL,v1.4,NORMAL,0.7698,0.7698,0.0723,0.0255,0.0916,0.0408,CONNECTED,NONE,4.39,4,0.7143,v1.4,True,SUCCESS,WIFI,GOOD,0.66
REC-04158,2026-09-11T10:54:25Z,SITE-B,ESP32-B01,PV-B01,SITE-B-NOR-16,18,2.737,28.87,79.02,33.08,32.64,28.56,82.46,1008.83,20336.0,0.16,95.7,GOOD,DUST_BASELINE_DRIFT,NORMAL,v1.4,NORMAL,0.7777,0.7777,0.0699,0.0231,0.0889,0.0404,CONNECTED,NONE,2.93,4,0.7143,v1.4,True,SUCCESS,WIFI,GOOD,0.66
REC-04159,2026-09-11T10:54:30Z,SITE-B,ESP32-B01,PV-B01,SITE-B-NOR-16,19,2.756,29.32,80.8,33.18,32.59,28.55,82.35,1008.92,20524.0,0.158,97.5,GOOD,DUST_BASELINE_DRIFT,NORMAL,v1.4,NORMAL,0.7829,0.7829,0.0693,0.0223,0.0871,0.0383,CONNECTED,NONE,3.07,4,0.7143,v1.4,True,SUCCESS,WIFI,GOOD,0.66
REC-04160,2026-09-11T10:54:35Z,SITE-B,ESP32-B01,PV-B01,SITE-B-NOR-16,20,2.748,29.49,81.02,33.11,32.75,28.57,82.69,1008.89,20304.0,0.17,97.9,GOOD,DUST_BASELINE_DRIFT,NORMAL,v1.4,NORMAL,0.7768,0.7768,0.0696,0.0244,0.0896,0.0395,CONNECTED,NONE,2.64,4,0.7143,v1.4,True,SUCCESS,WIFI,GOOD,0.66
REC-04161,2026-09-11T10:54:40Z,SITE-B,ESP32-B01,PV-B01,SITE-B-NOR-16,21,2.762,29.21,80.68,33.14,32.71,28.56,82.73,1008.87,20141.0,0.136,97.7,GOOD,DUST_BASELINE_DRIFT,NORMAL,v1.4,NORMAL,0.7949,0.7949,0.0684,0.0192,0.0799,0.0376,CONNECTED,NONE,2.72,4,0.7143,v1.4,True,SUCCESS,WIFI,GOOD,0.66
REC-04162,2026-09-11T10:54:45Z,SITE-B,ESP32-B01,PV-B01,SITE-B-NOR-16,22,2.751,29.2,80.34,33.25,32.7,28.56,82.89,1008.85,20093.0,0.16,97.6,GOOD,DUST_BASELINE_DRIFT,NORMAL,v1.4,NORMAL,0.7815,0.7815,0.0712,0.0232,0.085,0.0391,CONNECTED,NONE,4.42,4,0.7143,v1.4,True,SUCCESS,WIFI,GOOD,0.66
REC-04163,2026-09-11T10:54:50Z,SITE-B,ESP32-B01,PV-B01,SITE-B-NOR-16,23,2.752,29.08,80.02,33.2,32.61,28.56,82.34,1008.85,20205.0,0.154,97.4,GOOD,DUST_BASELINE_DRIFT,NORMAL,v1.4,NORMAL,0.7843,0.7843,0.0699,0.0219,0.0852,0.0387,CONNECTED,NONE,2.34,4,0.7143,v1.4,True,SUCCESS,WIFI,GOOD,0.66
REC-04164,2026-09-11T10:54:55Z,SITE-B,ESP32-B01,PV-B01,SITE-B-NOR-16,24,2.721,29.22,79.51,33.26,32.68,28.58,82.43,1008.91,20044.0,0.178,97.0,GOOD,DUST_BASELINE_DRIFT,NORMAL,v1.4,NORMAL,0.7698,0.7698,0.0721,0.0264,0.0907,0.0409,CONNECTED,NONE,3.45,4,0.7143,v1.4,True,SUCCESS,WIFI,GOOD,0.66
REC-04165,2026-09-11T10:55:00Z,SITE-B,ESP32-B01,PV-B01,SITE-B-NOR-16,25,2.742,28.69,78.67,33.16,32.52,28.58,83.07,1008.87,20043.0,0.162,96.7,GOOD,DUST_BASELINE_DRIFT,NORMAL,v1.4,NORMAL,0.7782,0.7782,0.0698,0.0232,0.089,0.0398,CONNECTED,NONE,3.55,4,0.7143,v1.4,True,SUCCESS,WIFI,GOOD,0.66
REC-04166,2026-09-11T10:55:05Z,SITE-B,ESP32-B01,PV-B01,SITE-B-NOR-16,26,2.744,28.99,79.55,33.18,32.63,28.59,82.55,1008.77,20331.0,0.16,97.8,GOOD,DUST_BASELINE_DRIFT,NORMAL,v1.4,NORMAL,0.7791,0.7791,0.0699,0.0228,0.0884,0.0397,CONNECTED,NONE,3.15,4,0.7143,v1.4,True,SUCCESS,WIFI,GOOD,0.66
REC-04167,2026-09-11T10:55:10Z,SITE-B,ESP32-B01,PV-B01,SITE-B-NOR-16,27,2.75,29.02,79.79,33.0,32.44,28.59,82.61,1008.93,19844.0,0.166,98.3,GOOD,DUST_BASELINE_DRIFT,NORMAL,v1.4,NORMAL,0.7843,0.7843,0.066,0.0227,0.0885,0.0385,CONNECTED,NONE,2.5,4,0.7143,v1.4,True,SUCCESS,WIFI,GOOD,0.66
REC-04168,2026-09-11T10:55:15Z,SITE-B,ESP32-B01,PV-B01,SITE-B-NOR-16,28,2.729,28.91,78.9,33.12,32.52,28.58,82.55,1008.87,20056.0,0.16,96.9,GOOD,DUST_BASELINE_DRIFT,NORMAL,v1.4,NORMAL,0.7825,0.7825,0.0687,0.0226,0.0865,0.0397,CONNECTED,NONE,4.41,4,0.7143,v1.4,True,SUCCESS,WIFI,GOOD,0.66
REC-04169,2026-09-11T10:55:20Z,SITE-B,ESP32-B01,PV-B01,SITE-B-NOR-16,29,2.743,28.78,78.94,33.14,32.63,28.58,82.94,1008.87,20444.0,0.162,96.9,GOOD,DUST_BASELINE_DRIFT,NORMAL,v1.4,NORMAL,0.7744,0.7744,0.0705,0.0234,0.0911,0.0405,CONNECTED,NONE,4.68,4,0.7143,v1.4,True,SUCCESS,WIFI,GOOD,0.66
REC-04170,2026-09-11T10:55:25Z,SITE-B,ESP32-B01,PV-B01,SITE-B-NOR-16,30,2.738,29.32,80.27,33.25,32.84,28.58,82.95,1008.89,20143.0,0.167,98.7,GOOD,DUST_BASELINE_DRIFT,NORMAL,v1.4,NORMAL,0.7738,0.7738,0.0724,0.0246,0.0888,0.0404,CONNECTED,NONE,2.97,4,0.7143,v1.4,True,SUCCESS,WIFI,GOOD,0.66
REC-04171,2026-09-11T10:55:30Z,SITE-B,ESP32-B01,PV-B01,SITE-B-NOR-16,31,2.737,28.8,78.84,33.08,32.47,28.57,82.93,1008.87,19999.0,0.162,97.1,GOOD,DUST_BASELINE_DRIFT,NORMAL,v1.4,NORMAL,0.7813,0.7813,0.0683,0.0229,0.0881,0.0395,CONNECTED,NONE,3.77,4,0.7143,v1.4,True,SUCCESS,WIFI,GOOD,0.66
REC-04172,2026-09-11T10:55:35Z,SITE-B,ESP32-B01,PV-B01,SITE-B-NOR-16,32,2.756,28.62,78.88,33.13,32.51,28.58,82.61,1008.88,20016.0,0.162,97.2,GOOD,DUST_BASELINE_DRIFT,NORMAL,v1.4,NORMAL,0.7778,0.7778,0.0693,0.023,0.0904,0.0394,CONNECTED,NONE,3.77,4,0.7143,v1.4,True,SUCCESS,WIFI,GOOD,0.66
REC-04173,2026-09-11T10:55:40Z,SITE-B,ESP32-B01,PV-B01,SITE-B-NOR-16,33,2.726,29.03,79.13,33.13,32.63,28.58,82.34,1008.85,20194.0,0.156,97.0,GOOD,DUST_BASELINE_DRIFT,NORMAL,v1.4,NORMAL,0.7824,0.7824,0.0694,0.0223,0.086,0.04,CONNECTED,NONE,2.14,4,0.7143,v1.4,True,SUCCESS,WIFI,GOOD,0.66
REC-04174,2026-09-11T10:55:45Z,SITE-B,ESP32-B01,PV-B01,SITE-B-NOR-16,34,2.736,28.75,78.66,33.21,32.76,28.57,83.18,1008.82,20334.0,0.154,96.7,GOOD,DUST_BASELINE_DRIFT,NORMAL,v1.4,NORMAL,0.7765,0.7765,0.0725,0.0229,0.0872,0.041,CONNECTED,NONE,3.05,4,0.7143,v1.4,True,SUCCESS,WIFI,GOOD,0.66
REC-04175,2026-09-11T10:55:50Z,SITE-B,ESP32-B01,PV-B01,SITE-B-NOR-16,35,2.749,28.45,78.23,33.12,32.65,28.58,82.86,1008.87,19957.0,0.167,96.4,GOOD,DUST_BASELINE_DRIFT,NORMAL,v1.4,NORMAL,0.7711,0.7711,0.0713,0.0246,0.0919,0.0411,CONNECTED,NONE,2.18,4,0.7143,v1.4,True,SUCCESS,WIFI,GOOD,0.66
REC-04176,2026-09-11T10:55:55Z,SITE-B,ESP32-B01,PV-B01,SITE-B-NOR-16,36,2.736,28.72,78.56,33.19,32.68,28.57,82.46,1008.9,19854.0,0.169,97.2,GOOD,SPIKE_IRRADIANCE|DUST_BASELINE_DRIFT,NORMAL,v1.4,NORMAL,0.7715,0.7715,0.0721,0.0251,0.0901,0.0411,CONNECTED,NONE,3.43,4,0.7143,v1.4,True,SUCCESS,WIFI,GOOD,0.66
REC-04177,2026-09-11T10:56:00Z,SITE-B,ESP32-B01,PV-B01,SITE-B-NOR-16,37,2.732,28.59,78.1,32.97,32.58,28.58,83.03,1008.84,19672.0,0.152,97.0,GOOD,DUST_BASELINE_DRIFT,NORMAL,v1.4,NORMAL,0.7844,0.7844,0.0677,0.0215,0.0864,0.04,CONNECTED,NONE,4.0,4,0.7143,v1.4,True,SUCCESS,WIFI,GOOD,0.66
REC-04178,2026-09-11T10:56:05Z,SITE-B,ESP32-B01,PV-B01,SITE-B-NOR-16,38,2.747,29.04,79.77,32.97,32.56,28.58,82.44,1008.84,19913.0,0.174,99.0,GOOD,DUST_BASELINE_DRIFT,NORMAL,v1.4,NORMAL,0.7768,0.7768,0.0673,0.0245,0.0917,0.0396,CONNECTED,NONE,4.67,4,0.7143,v1.4,True,SUCCESS,WIFI,GOOD,0.66
REC-04179,2026-09-11T10:56:10Z,SITE-B,ESP32-B01,PV-B01,SITE-B-NOR-16,39,2.729,28.84,78.7,32.91,32.6,28.58,83.02,1008.9,19699.0,0.174,97.6,GOOD,DUST_BASELINE_DRIFT,NORMAL,v1.4,NORMAL,0.7734,0.7734,0.0677,0.0249,0.0932,0.0408,CONNECTED,NONE,2.75,4,0.7143,v1.4,True,SUCCESS,WIFI,GOOD,0.66
REC-04180,2026-09-11T10:56:15Z,SITE-B,ESP32-B01,PV-B01,SITE-B-NOR-16,40,2.736,28.41,77.74,33.19,32.58,28.56,83.04,1008.85,19917.0,0.176,96.0,GOOD,DUST_BASELINE_DRIFT,NORMAL,v1.4,NORMAL,0.766,0.766,0.0727,0.0266,0.093,0.0417,CONNECTED,NONE,4.13,4,0.7143,v1.4,True,SUCCESS,WIFI,GOOD,0.66
REC-04181,2026-09-11T10:56:20Z,SITE-B,ESP32-B01,PV-B01,SITE-B-NOR-16,41,2.722,29.09,79.19,33.19,32.69,28.56,82.32,1008.85,19913.0,0.169,97.5,GOOD,DUST_BASELINE_DRIFT,NORMAL,v1.4,NORMAL,0.7743,0.7743,0.0716,0.0249,0.0885,0.0407,CONNECTED,NONE,4.43,4,0.7143,v1.4,True,SUCCESS,WIFI,GOOD,0.66
REC-04182,2026-09-11T10:56:25Z,SITE-B,ESP32-B01,PV-B01,SITE-B-NOR-16,42,2.771,28.84,79.93,33.21,32.51,28.56,82.77,1008.85,20355.0,0.172,97.7,GOOD,DUST_BASELINE_DRIFT,NORMAL,v1.4,NORMAL,0.7711,0.7711,0.0706,0.0248,0.0944,0.0391,CONNECTED,NONE,3.71,4,0.7143,v1.4,True,SUCCESS,WIFI,GOOD,0.66
REC-04183,2026-09-11T10:56:30Z,SITE-B,ESP32-B01,PV-B01,SITE-B-NOR-16,43,2.747,29.23,80.3,33.09,32.72,28.58,82.83,1008.86,20113.0,0.188,98.2,GOOD,DUST_BASELINE_DRIFT,NORMAL,v1.4,NORMAL,0.7645,0.7645,0.0705,0.0278,0.0964,0.0408,CONNECTED,NONE,4.35,4,0.7143,v1.4,True,SUCCESS,WIFI,GOOD,0.66
REC-04184,2026-09-11T10:56:35Z,SITE-B,ESP32-B01,PV-B01,SITE-B-NOR-16,44,2.733,28.79,78.69,33.11,32.66,28.59,83.38,1008.81,20234.0,0.163,96.3,GOOD,DUST_BASELINE_DRIFT,NORMAL,v1.4,NORMAL,0.7752,0.7752,0.0702,0.0236,0.0901,0.0409,CONNECTED,NONE,2.46,4,0.7143,v1.4,True,SUCCESS,WIFI,GOOD,0.66
REC-04185,2026-09-11T10:56:40Z,SITE-B,ESP32-B01,PV-B01,SITE-B-NOR-16,45,2.727,28.94,78.9,33.15,32.64,28.6,82.38,1008.84,19855.0,0.156,96.9,GOOD,DUST_BASELINE_DRIFT,NORMAL,v1.4,NORMAL,0.7827,0.7827,0.0694,0.0222,0.0858,0.0399,CONNECTED,NONE,4.02,4,0.7143,v1.4,True,SUCCESS,WIFI,GOOD,0.66
REC-04186,2026-09-11T10:56:45Z,SITE-B,ESP32-B01,PV-B01,SITE-B-NOR-16,46,2.741,28.88,79.17,33.3,32.55,28.59,83.03,1008.87,20157.0,0.151,97.1,GOOD,DUST_BASELINE_DRIFT,NORMAL,v1.4,NORMAL,0.7845,0.7845,0.0705,0.0215,0.0846,0.039,CONNECTED,NONE,2.43,4,0.7143,v1.4,True,SUCCESS,WIFI,GOOD,0.66
REC-04187,2026-09-11T10:56:50Z,SITE-B,ESP32-B01,PV-B01,SITE-B-NOR-16,47,2.748,28.81,79.16,33.33,32.61,28.59,82.61,1008.87,19964.0,0.184,97.0,GOOD,DUST_BASELINE_DRIFT,NORMAL,v1.4,NORMAL,0.7649,0.7649,0.0732,0.0277,0.0934,0.0408,CONNECTED,NONE,4.66,4,0.7143,v1.4,True,SUCCESS,WIFI,GOOD,0.66
REC-04188,2026-09-11T10:56:55Z,SITE-B,ESP32-B01,PV-B01,SITE-B-NOR-16,48,2.743,28.61,78.48,33.26,32.8,28.6,82.23,1008.89,20120.0,0.184,96.0,GOOD,DUST_BASELINE_DRIFT,NORMAL,v1.4,NORMAL,0.7566,0.7566,0.0747,0.0284,0.0976,0.0427,CONNECTED,NONE,3.79,4,0.7143,v1.4,True,SUCCESS,WIFI,GOOD,0.66
REC-04189,2026-09-11T10:57:00Z,SITE-B,ESP32-B01,PV-B01,SITE-B-NOR-16,49,2.755,28.93,79.71,33.19,32.65,28.59,82.56,1008.92,20447.0,0.157,97.8,GOOD,DUST_BASELINE_DRIFT,NORMAL,v1.4,NORMAL,0.7786,0.7786,0.0702,0.0224,0.0893,0.0395,CONNECTED,NONE,4.38,4,0.7143,v1.4,True,SUCCESS,WIFI,GOOD,0.66
REC-04190,2026-09-11T10:57:05Z,SITE-B,ESP32-B01,PV-B01,SITE-B-NOR-16,50,2.759,28.84,79.56,33.28,32.69,28.6,82.6,1008.91,20276.0,0.159,97.6,GOOD,DUST_BASELINE_DRIFT,NORMAL,v1.4,NORMAL,0.7765,0.7765,0.0717,0.023,0.0891,0.0397,CONNECTED,NONE,2.37,4,0.7143,v1.4,True,SUCCESS,WIFI,GOOD,0.66
REC-04191,2026-09-11T10:57:10Z,SITE-B,ESP32-B01,PV-B01,SITE-B-NOR-16,51,2.733,29.29,80.05,33.16,32.61,28.61,82.28,1008.89,20130.0,0.163,98.1,GOOD,DUST_BASELINE_DRIFT,NORMAL,v1.4,NORMAL,0.7826,0.7826,0.0684,0.0228,0.0869,0.0393,CONNECTED,NONE,3.64,4,0.7143,v1.4,True,SUCCESS,WIFI,GOOD,0.66
REC-04192,2026-09-11T10:57:15Z,SITE-B,ESP32-B01,PV-B01,SITE-B-NOR-16,52,2.741,28.83,79.01,33.15,32.68,28.61,82.69,1008.86,20637.0,0.178,96.8,GOOD,DUST_BASELINE_DRIFT,NORMAL,v1.4,NORMAL,0.7636,0.7636,0.0712,0.0262,0.0973,0.0417,CONNECTED,NONE,2.85,4,0.7143,v1.4,True,SUCCESS,WIFI,GOOD,0.66
REC-04193,2026-09-11T10:57:20Z,SITE-B,ESP32-B01,PV-B01,SITE-B-NOR-16,53,2.743,28.74,78.83,33.16,32.56,28.6,82.89,1008.84,19979.0,0.153,96.8,GOOD,DUST_BASELINE_DRIFT,NORMAL,v1.4,NORMAL,0.784,0.784,0.069,0.0216,0.086,0.0393,CONNECTED,NONE,3.33,4,0.7143,v1.4,True,SUCCESS,WIFI,GOOD,0.66
REC-04194,2026-09-11T10:57:25Z,SITE-B,ESP32-B01,PV-B01,SITE-B-NOR-16,54,2.746,29.12,79.97,33.1,32.68,28.6,82.67,1008.86,20363.0,0.146,97.8,GOOD,DUST_BASELINE_DRIFT,NORMAL,v1.4,NORMAL,0.7882,0.7882,0.068,0.0204,0.0845,0.0389,CONNECTED,NONE,4.59,4,0.7143,v1.4,True,SUCCESS,WIFI,GOOD,0.66
REC-04195,2026-09-11T10:57:30Z,SITE-B,ESP32-B01,PV-B01,SITE-B-NOR-16,55,2.732,28.89,78.92,33.18,32.72,28.62,82.44,1008.88,20082.0,0.188,95.9,GOOD,DUST_BASELINE_DRIFT,NORMAL,v1.4,NORMAL,0.7596,0.7596,0.072,0.0282,0.0981,0.0422,CONNECTED,NONE,3.88,4,0.7143,v1.4,True,SUCCESS,WIFI,GOOD,0.66
REC-04196,2026-09-11T10:57:35Z,SITE-B,ESP32-B01,PV-B01,SITE-B-NOR-16,56,2.743,29.24,80.19,33.11,32.72,28.62,82.56,1008.88,20208.0,0.169,97.8,GOOD,DUST_BASELINE_DRIFT,NORMAL,v1.4,NORMAL,0.7759,0.7759,0.069,0.0239,0.0912,0.04,CONNECTED,NONE,2.18,4,0.7143,v1.4,True,SUCCESS,WIFI,GOOD,0.66
REC-04197,2026-09-11T10:57:40Z,SITE-B,ESP32-B01,PV-B01,SITE-B-NOR-16,57,2.714,29.59,80.3,33.3,32.65,28.62,82.6,1008.88,20086.0,0.171,97.7,GOOD,DUST_BASELINE_DRIFT,NORMAL,v1.4,NORMAL,0.7786,0.7786,0.0701,0.0243,0.0872,0.0398,CONNECTED,NONE,2.65,4,0.7143,v1.4,True,SUCCESS,WIFI,GOOD,0.66
REC-04198,2026-09-11T10:57:45Z,SITE-B,ESP32-B01,PV-B01,SITE-B-NOR-16,58,2.722,29.32,79.79,33.23,32.66,28.62,82.67,1008.86,20153.0,0.164,97.9,GOOD,DUST_BASELINE_DRIFT,NORMAL,v1.4,NORMAL,0.78,0.78,0.0697,0.0232,0.0873,0.0399,CONNECTED,NONE,4.55,4,0.7143,v1.4,True,SUCCESS,WIFI,GOOD,0.66
REC-04199,2026-09-11T10:57:50Z,SITE-B,ESP32-B01,PV-B01,SITE-B-NOR-16,59,2.721,29.08,79.13,33.31,32.74,28.62,82.93,1008.88,20163.0,0.171,96.9,GOOD,DUST_BASELINE_DRIFT,NORMAL,v1.4,NORMAL,0.7704,0.7704,0.0725,0.0252,0.0906,0.0413,CONNECTED,NONE,2.5,4,0.7143,v1.4,True,SUCCESS,WIFI,GOOD,0.66
REC-04200,2026-09-11T10:57:55Z,SITE-B,ESP32-B01,PV-B01,SITE-B-NOR-16,60,2.752,28.41,78.19,33.04,32.65,28.62,82.68,1008.9,19996.0,0.151,96.3,GOOD,DUST_BASELINE_DRIFT,NORMAL,v1.4,NORMAL,0.7804,0.7804,0.0687,0.0214,0.0892,0.0402,CONNECTED,NONE,4.0,4,0.7143,v1.4,True,SUCCESS,WIFI,GOOD,0.66
REC-04201,2026-09-12T01:51:00Z,SITE-B,ESP32-B01,PV-B01,SITE-B-SHO-16,1,0.001,13.39,0.01,27.23,26.86,22.77,98.55,1009.73,8946.0,0.087,0.0,POOR,DUST_BASELINE_DRIFT,SHORT_CIRCUIT,v1.7,SHORT_CIRCUIT,0.8659,0.0023,0.1313,0.0004,0.0002,0.8659,ISOLATED,CRITICAL,4.62,7,0.8571,v1.7,True,SUCCESS,WIFI,GOOD,0.26
REC-04202,2026-09-12T01:51:05Z,SITE-B,ESP32-B01,PV-B01,SITE-B-SHO-16,2,0.001,13.45,0.02,27.37,26.9,22.77,98.72,1009.74,8857.0,0.078,0.0,POOR,DUST_BASELINE_DRIFT,SHORT_CIRCUIT,v1.7,SHORT_CIRCUIT,0.8657,0.0023,0.1316,0.0004,0.0002,0.8657,ISOLATED,CRITICAL,4.17,7,0.8571,v1.7,True,SUCCESS,WIFI,GOOD,0.26
REC-04203,2026-09-12T01:51:10Z,SITE-B,ESP32-B01,PV-B01,SITE-B-SHO-16,3,0.0,13.83,0.0,27.45,27.0,22.76,98.72,1009.7,8792.0,0.085,0.0,POOR,DUST_BASELINE_DRIFT,SHORT_CIRCUIT,v1.7,SHORT_CIRCUIT,0.8645,0.0021,0.1328,0.0004,0.0002,0.8645,ISOLATED,CRITICAL,4.63,7,0.8571,v1.7,True,SUCCESS,WIFI,GOOD,0.26
REC-04204,2026-09-12T01:51:15Z,SITE-B,ESP32-B01,PV-B01,SITE-B-SHO-16,4,0.008,14.16,0.12,27.37,26.92,22.77,99.0,1009.71,8783.0,0.085,0.3,POOR,DUST_BASELINE_DRIFT,SHORT_CIRCUIT,v1.7,SHORT_CIRCUIT,0.8648,0.0023,0.1324,0.0004,0.0002,0.8648,ISOLATED,CRITICAL,4.45,7,0.8571,v1.7,True,SUCCESS,WIFI,GOOD,0.26
REC-04205,2026-09-12T01:51:20Z,SITE-B,ESP32-B01,PV-B01,SITE-B-SHO-16,5,0.0,13.96,0.0,27.24,26.69,22.77,98.93,1009.73,8911.0,0.078,0.0,POOR,DUST_BASELINE_DRIFT,SHORT_CIRCUIT,v1.7,SHORT_CIRCUIT,0.8679,0.0024,0.1292,0.0004,0.0002,0.8679,ISOLATED,CRITICAL,3.16,7,0.8571,v1.7,True,SUCCESS,WIFI,GOOD,0.26
REC-04206,2026-09-12T01:51:25Z,SITE-B,ESP32-B01,PV-B01,SITE-B-SHO-16,6,0.0,13.7,0.0,27.31,26.74,22.76,99.33,1009.72,9132.0,0.094,0.0,POOR,DUST_BASELINE_DRIFT,SHORT_CIRCUIT,v1.7,SHORT_CIRCUIT,0.8635,0.0022,0.1336,0.0004,0.0002,0.8635,ISOLATED,CRITICAL,2.1,7,0.8571,v1.7,True,SUCCESS,WIFI,GOOD,0.26
REC-04207,2026-09-12T01:51:30Z,SITE-B,ESP32-B01,PV-B01,SITE-B-SHO-16,7,0.004,13.34,0.05,27.37,26.89,22.77,99.01,1009.73,8963.0,0.085,0.1,POOR,DUST_BASELINE_DRIFT,SHORT_CIRCUIT,v1.7,SHORT_CIRCUIT,0.8636,0.0022,0.1336,0.0004,0.0002,0.8636,ISOLATED,CRITICAL,3.75,7,0.8571,v1.7,True,SUCCESS,WIFI,GOOD,0.26
REC-04208,2026-09-12T01:51:35Z,SITE-B,ESP32-B01,PV-B01,SITE-B-SHO-16,8,0.002,14.27,0.03,27.14,26.74,22.76,99.0,1009.68,8748.0,0.092,0.1,POOR,DUST_BASELINE_DRIFT,SHORT_CIRCUIT,v1.7,SHORT_CIRCUIT,0.8669,0.0023,0.1302,0.0004,0.0002,0.8669,ISOLATED,CRITICAL,3.0,7,0.8571,v1.7,True,SUCCESS,WIFI,GOOD,0.26
REC-04209,2026-09-12T01:51:40Z,SITE-B,ESP32-B01,PV-B01,SITE-B-SHO-16,9,0.014,14.24,0.2,27.34,26.74,22.76,98.68,1009.74,9113.0,0.077,0.6,POOR,DUST_BASELINE_DRIFT,SHORT_CIRCUIT,v1.7,SHORT_CIRCUIT,0.8644,0.0024,0.1327,0.0004,0.0002,0.8644,ISOLATED,CRITICAL,4.06,7,0.8571,v1.7,True,SUCCESS,WIFI,GOOD,0.26
REC-04210,2026-09-12T01:51:45Z,SITE-B,ESP32-B01,PV-B01,SITE-B-SHO-16,10,0.0,13.37,0.0,27.3,26.8,22.75,98.91,1009.69,8795.0,0.098,0.0,POOR,DUST_BASELINE_DRIFT,SHORT_CIRCUIT,v1.7,SHORT_CIRCUIT,0.8615,0.0022,0.1358,0.0004,0.0002,0.8615,ISOLATED,CRITICAL,3.23,7,0.8571,v1.7,True,SUCCESS,WIFI,GOOD,0.26
REC-04211,2026-09-12T01:51:50Z,SITE-B,ESP32-B01,PV-B01,SITE-B-SHO-16,11,0.001,14.0,0.01,27.42,26.77,22.73,98.6,1009.73,9111.0,0.096,0.0,POOR,DUST_BASELINE_DRIFT,SHORT_CIRCUIT,v1.7,SHORT_CIRCUIT,0.8607,0.0021,0.1365,0.0004,0.0002,0.8607,ISOLATED,CRITICAL,2.42,7,0.8571,v1.7,True,SUCCESS,WIFI,GOOD,0.26
REC-04212,2026-09-12T01:51:55Z,SITE-B,ESP32-B01,PV-B01,SITE-B-SHO-16,12,0.007,13.87,0.09,27.3,26.91,22.75,99.15,1009.7,8860.0,0.087,0.3,POOR,DUST_BASELINE_DRIFT,SHORT_CIRCUIT,v1.7,SHORT_CIRCUIT,0.864,0.0022,0.1332,0.0004,0.0002,0.864,ISOLATED,CRITICAL,4.56,7,0.8571,v1.7,True,SUCCESS,WIFI,GOOD,0.26
REC-04213,2026-09-12T01:52:00Z,SITE-B,ESP32-B01,PV-B01,SITE-B-SHO-16,13,0.001,13.99,0.01,27.27,26.76,22.75,99.25,1009.68,8906.0,0.106,0.0,POOR,DUST_BASELINE_DRIFT,SHORT_CIRCUIT,v1.7,SHORT_CIRCUIT,0.8619,0.0022,0.1353,0.0005,0.0002,0.8619,ISOLATED,CRITICAL,3.68,7,0.8571,v1.7,True,SUCCESS,WIFI,GOOD,0.26
REC-04214,2026-09-12T01:52:05Z,SITE-B,ESP32-B01,PV-B01,SITE-B-SHO-16,14,0.003,14.25,0.04,27.32,26.97,22.76,98.55,1009.64,8815.0,0.091,0.1,POOR,DUST_BASELINE_DRIFT,SHORT_CIRCUIT,v1.7,SHORT_CIRCUIT,0.8657,0.0022,0.1315,0.0004,0.0002,0.8657,ISOLATED,CRITICAL,4.69,7,0.8571,v1.7,True,SUCCESS,WIFI,GOOD,0.26
REC-04215,2026-09-12T01:52:10Z,SITE-B,ESP32-B01,PV-B01,SITE-B-SHO-16,15,0.016,14.18,0.22,27.15,26.72,22.76,99.01,1009.69,8801.0,0.093,0.6,POOR,DUST_BASELINE_DRIFT,SHORT_CIRCUIT,v1.7,SHORT_CIRCUIT,0.8633,0.0024,0.1337,0.0004,0.0002,0.8633,ISOLATED,CRITICAL,3.99,7,0.8571,v1.7,True,SUCCESS,WIFI,GOOD,0.26
REC-04216,2026-09-12T01:52:15Z,SITE-B,ESP32-B01,PV-B01,SITE-B-SHO-16,16,0.003,13.82,0.04,27.18,26.71,22.75,98.97,1009.66,8995.0,0.076,0.1,POOR,DUST_BASELINE_DRIFT,SHORT_CIRCUIT,v1.7,SHORT_CIRCUIT,0.8674,0.0024,0.1297,0.0004,0.0002,0.8674,ISOLATED,CRITICAL,2.91,7,0.8571,v1.7,True,SUCCESS,WIFI,GOOD,0.26
REC-04217,2026-09-12T01:52:20Z,SITE-B,ESP32-B01,PV-B01,SITE-B-SHO-16,17,0.01,13.59,0.13,27.27,26.71,22.72,99.36,1009.67,8760.0,0.084,0.4,POOR,DUST_BASELINE_DRIFT,SHORT_CIRCUIT,v1.7,SHORT_CIRCUIT,0.8606,0.0023,0.1365,0.0004,0.0002,0.8606,ISOLATED,CRITICAL,3.06,7,0.8571,v1.7,True,SUCCESS,WIFI,GOOD,0.26
REC-04218,2026-09-12T01:52:25Z,SITE-B,ESP32-B01,PV-B01,SITE-B-SHO-16,18,0.006,13.55,0.08,27.22,26.71,22.71,98.7,1009.72,8910.0,0.085,0.2,POOR,DUST_BASELINE_DRIFT,SHORT_CIRCUIT,v1.7,SHORT_CIRCUIT,0.8617,0.0023,0.1355,0.0004,0.0002,0.8617,ISOLATED,CRITICAL,2.26,7,0.8571,v1.7,True,SUCCESS,WIFI,GOOD,0.26
REC-04219,2026-09-12T01:52:30Z,SITE-B,ESP32-B01,PV-B01,SITE-B-SHO-16,19,0.006,13.59,0.09,27.21,26.83,22.7,98.77,1009.65,8788.0,0.1,0.2,POOR,DUST_BASELINE_DRIFT,SHORT_CIRCUIT,v1.7,SHORT_CIRCUIT,0.8593,0.0022,0.1379,0.0004,0.0002,0.8593,ISOLATED,CRITICAL,4.62,7,0.8571,v1.7,True,SUCCESS,WIFI,GOOD,0.26
REC-04220,2026-09-12T01:52:35Z,SITE-B,ESP32-B01,PV-B01,SITE-B-SHO-16,20,0.002,14.45,0.02,27.43,26.68,22.7,99.08,1009.74,8749.0,0.102,0.1,POOR,DUST_BASELINE_DRIFT,SHORT_CIRCUIT,v1.7,SHORT_CIRCUIT,0.8579,0.0021,0.1395,0.0004,0.0002,0.8579,ISOLATED,CRITICAL,2.74,7,0.8571,v1.7,True,SUCCESS,WIFI,GOOD,0.26
REC-04221,2026-09-12T01:52:40Z,SITE-B,ESP32-B01,PV-B01,SITE-B-SHO-16,21,0.0,13.57,0.0,27.41,26.7,22.68,98.85,1009.78,8809.0,0.086,0.0,POOR,DUST_BASELINE_DRIFT,SHORT_CIRCUIT,v1.7,SHORT_CIRCUIT,0.8582,0.0021,0.1391,0.0004,0.0002,0.8582,ISOLATED,CRITICAL,3.18,7,0.8571,v1.7,True,SUCCESS,WIFI,GOOD,0.26
REC-04222,2026-09-12T01:52:45Z,SITE-B,ESP32-B01,PV-B01,SITE-B-SHO-16,22,0.008,13.78,0.11,27.05,26.81,22.69,98.87,1009.69,8695.0,0.094,0.3,POOR,DUST_BASELINE_DRIFT,SHORT_CIRCUIT,v1.7,SHORT_CIRCUIT,0.8621,0.0023,0.1351,0.0004,0.0002,0.8621,ISOLATED,CRITICAL,2.2,7,0.8571,v1.7,True,SUCCESS,WIFI,GOOD,0.26
REC-04223,2026-09-12T01:52:50Z,SITE-B,ESP32-B01,PV-B01,SITE-B-SHO-16,23,0.005,13.72,0.08,27.26,26.6,22.71,98.86,1009.74,8622.0,0.101,0.2,POOR,DUST_BASELINE_DRIFT,SHORT_CIRCUIT,v1.7,SHORT_CIRCUIT,0.8577,0.0022,0.1394,0.0004,0.0002,0.8577,ISOLATED,CRITICAL,3.24,7,0.8571,v1.7,True,SUCCESS,WIFI,GOOD,0.26
REC-04224,2026-09-12T01:52:55Z,SITE-B,ESP32-B01,PV-B01,SITE-B-SHO-16,24,0.005,13.31,0.07,27.16,26.65,22.74,99.16,1009.66,8635.0,0.089,0.2,POOR,DUST_BASELINE_DRIFT,SHORT_CIRCUIT,v1.7,SHORT_CIRCUIT,0.8622,0.0023,0.1349,0.0004,0.0002,0.8622,ISOLATED,CRITICAL,4.27,7,0.8571,v1.7,True,SUCCESS,WIFI,GOOD,0.26
REC-04225,2026-09-12T01:53:00Z,SITE-B,ESP32-B01,PV-B01,SITE-B-SHO-16,25,0.002,13.69,0.03,27.33,26.75,22.74,99.34,1009.71,8798.0,0.077,0.1,POOR,DUST_BASELINE_DRIFT,SHORT_CIRCUIT,v1.7,SHORT_CIRCUIT,0.8643,0.0023,0.1329,0.0004,0.0002,0.8643,ISOLATED,CRITICAL,2.58,7,0.8571,v1.7,True,SUCCESS,WIFI,GOOD,0.26
REC-04226,2026-09-12T01:53:05Z,SITE-B,ESP32-B01,PV-B01,SITE-B-SHO-16,26,0.0,13.32,0.0,27.24,26.78,22.74,98.98,1009.71,8363.0,0.099,0.0,POOR,DUST_BASELINE_DRIFT,SHORT_CIRCUIT,v1.7,SHORT_CIRCUIT,0.8608,0.0022,0.1364,0.0004,0.0002,0.8608,ISOLATED,CRITICAL,3.21,7,0.8571,v1.7,True,SUCCESS,WIFI,GOOD,0.26
REC-04227,2026-09-12T01:53:10Z,SITE-B,ESP32-B01,PV-B01,SITE-B-SHO-16,27,0.009,13.21,0.12,27.33,26.71,22.73,98.92,1009.79,8737.0,0.096,0.4,POOR,DUST_BASELINE_DRIFT,SHORT_CIRCUIT,v1.7,SHORT_CIRCUIT,0.8572,0.0022,0.14,0.0004,0.0002,0.8572,ISOLATED,CRITICAL,4.68,7,0.8571,v1.7,True,SUCCESS,WIFI,GOOD,0.26
REC-04228,2026-09-12T01:53:15Z,SITE-B,ESP32-B01,PV-B01,SITE-B-SHO-16,28,0.004,13.67,0.06,27.16,26.78,22.72,99.2,1009.69,8460.0,0.095,0.2,POOR,DUST_BASELINE_DRIFT,SHORT_CIRCUIT,v1.7,SHORT_CIRCUIT,0.8619,0.0022,0.1353,0.0004,0.0002,0.8619,ISOLATED,CRITICAL,3.64,7,0.8571,v1.7,True,SUCCESS,WIFI,GOOD,0.26
REC-04229,2026-09-12T01:53:20Z,SITE-B,ESP32-B01,PV-B01,SITE-B-SHO-16,29,0.0,13.09,0.0,27.14,26.67,22.71,99.06,1009.71,8686.0,0.102,0.0,POOR,DUST_BASELINE_DRIFT,SHORT_CIRCUIT,v1.7,SHORT_CIRCUIT,0.8593,0.0022,0.1378,0.0004,0.0002,0.8593,ISOLATED,CRITICAL,4.08,7,0.8571,v1.7,True,SUCCESS,WIFI,GOOD,0.26
REC-04230,2026-09-12T01:53:25Z,SITE-B,ESP32-B01,PV-B01,SITE-B-SHO-16,30,0.002,13.66,0.03,27.19,26.85,22.73,99.05,1009.69,8814.0,0.102,0.1,POOR,DUST_BASELINE_DRIFT,SHORT_CIRCUIT,v1.7,SHORT_CIRCUIT,0.862,0.0022,0.1352,0.0004,0.0002,0.862,ISOLATED,CRITICAL,4.04,7,0.8571,v1.7,True,SUCCESS,WIFI,GOOD,0.26
REC-04231,2026-09-12T01:53:30Z,SITE-B,ESP32-B01,PV-B01,SITE-B-SHO-16,31,0.001,13.56,0.02,27.17,26.81,22.72,99.34,1009.69,8477.0,0.098,0.0,POOR,DUST_BASELINE_DRIFT,SHORT_CIRCUIT,v1.7,SHORT_CIRCUIT,0.8618,0.0022,0.1354,0.0004,0.0002,0.8618,ISOLATED,CRITICAL,4.7,7,0.8571,v1.7,True,SUCCESS,WIFI,GOOD,0.26
REC-04232,2026-09-12T01:53:35Z,SITE-B,ESP32-B01,PV-B01,SITE-B-SHO-16,32,0.0,13.83,0.0,27.22,26.67,22.75,98.68,1009.7,8726.0,0.08,0.0,POOR,DUST_BASELINE_DRIFT,SHORT_CIRCUIT,v1.7,SHORT_CIRCUIT,0.8662,0.0023,0.131,0.0004,0.0002,0.8662,ISOLATED,CRITICAL,4.17,7,0.8571,v1.7,True,SUCCESS,WIFI,GOOD,0.26
REC-04233,2026-09-12T01:53:40Z,SITE-B,ESP32-B01,PV-B01,SITE-B-SHO-16,33,0.0,13.56,0.0,27.3,26.71,22.74,98.92,1009.69,8799.0,0.077,0.0,POOR,DUST_BASELINE_DRIFT,SHORT_CIRCUIT,v1.7,SHORT_CIRCUIT,0.8646,0.0023,0.1325,0.0004,0.0002,0.8646,ISOLATED,CRITICAL,4.53,7,0.8571,v1.7,True,SUCCESS,WIFI,GOOD,0.26
REC-04234,2026-09-12T01:53:45Z,SITE-B,ESP32-B01,PV-B01,SITE-B-SHO-16,34,0.016,13.08,0.2,27.25,26.57,22.74,98.71,1009.68,8511.0,0.096,0.6,POOR,DUST_BASELINE_DRIFT,SHORT_CIRCUIT,v1.7,SHORT_CIRCUIT,0.8558,0.0024,0.1412,0.0004,0.0002,0.8558,ISOLATED,CRITICAL,3.68,7,0.8571,v1.7,True,SUCCESS,WIFI,GOOD,0.26
REC-04235,2026-09-12T01:53:50Z,SITE-B,ESP32-B01,PV-B01,SITE-B-SHO-16,35,0.0,13.76,0.0,27.19,26.8,22.72,98.84,1009.71,8538.0,0.093,0.0,POOR,DUST_BASELINE_DRIFT,SHORT_CIRCUIT,v1.7,SHORT_CIRCUIT,0.8631,0.0022,0.1341,0.0004,0.0002,0.8631,ISOLATED,CRITICAL,4.7,7,0.8571,v1.7,True,SUCCESS,WIFI,GOOD,0.26
REC-04236,2026-09-12T01:53:55Z,SITE-B,ESP32-B01,PV-B01,SITE-B-SHO-16,36,0.0,13.86,0.0,27.25,26.66,22.73,98.62,1009.67,8743.0,0.093,0.0,POOR,DUST_BASELINE_DRIFT,SHORT_CIRCUIT,v1.7,SHORT_CIRCUIT,0.8625,0.0022,0.1347,0.0004,0.0002,0.8625,ISOLATED,CRITICAL,4.21,7,0.8571,v1.7,True,SUCCESS,WIFI,GOOD,0.26
REC-04237,2026-09-12T01:54:00Z,SITE-B,ESP32-B01,PV-B01,SITE-B-SHO-16,37,0.0,13.76,0.0,27.12,26.72,22.73,98.89,1009.69,8863.0,0.109,0.0,POOR,DUST_BASELINE_DRIFT,SHORT_CIRCUIT,v1.7,SHORT_CIRCUIT,0.8618,0.0022,0.1353,0.0005,0.0002,0.8618,ISOLATED,CRITICAL,2.53,7,0.8571,v1.7,True,SUCCESS,WIFI,GOOD,0.26
REC-04238,2026-09-12T01:54:05Z,SITE-B,ESP32-B01,PV-B01,SITE-B-SHO-16,38,0.0,13.72,0.0,27.1,26.75,22.73,99.11,1009.76,9024.0,0.101,0.0,POOR,DUST_BASELINE_DRIFT,SHORT_CIRCUIT,v1.7,SHORT_CIRCUIT,0.8639,0.0022,0.1333,0.0004,0.0002,0.8639,ISOLATED,CRITICAL,2.35,7,0.8571,v1.7,True,SUCCESS,WIFI,GOOD,0.26
REC-04239,2026-09-12T01:54:10Z,SITE-B,ESP32-B01,PV-B01,SITE-B-SHO-16,39,0.0,13.07,0.0,27.36,26.67,22.72,98.21,1009.7,8577.0,0.09,0.0,POOR,DUST_BASELINE_DRIFT,SHORT_CIRCUIT,v1.7,SHORT_CIRCUIT,0.8585,0.0022,0.1388,0.0004,0.0002,0.8585,ISOLATED,CRITICAL,4.19,7,0.8571,v1.7,True,SUCCESS,WIFI,GOOD,0.26
REC-04240,2026-09-12T01:54:15Z,SITE-B,ESP32-B01,PV-B01,SITE-B-SHO-16,40,0.0,13.8,0.0,27.22,26.73,22.73,98.9,1009.73,8809.0,0.085,0.0,POOR,DUST_BASELINE_DRIFT,SHORT_CIRCUIT,v1.7,SHORT_CIRCUIT,0.8647,0.0023,0.1325,0.0004,0.0002,0.8647,ISOLATED,CRITICAL,2.22,7,0.8571,v1.7,True,SUCCESS,WIFI,GOOD,0.26
REC-04241,2026-09-12T01:54:20Z,SITE-B,ESP32-B01,PV-B01,SITE-B-SHO-16,41,0.011,13.13,0.15,27.39,26.82,22.74,98.97,1009.7,8610.0,0.098,0.4,POOR,DUST_BASELINE_DRIFT,SHORT_CIRCUIT,v1.7,SHORT_CIRCUIT,0.8562,0.0022,0.1409,0.0004,0.0002,0.8562,ISOLATED,CRITICAL,2.54,7,0.8571,v1.7,True,SUCCESS,WIFI,GOOD,0.26
REC-04242,2026-09-12T01:54:25Z,SITE-B,ESP32-B01,PV-B01,SITE-B-SHO-16,42,0.007,13.31,0.1,27.23,26.73,22.74,98.92,1009.72,8512.0,0.097,0.3,POOR,DUST_BASELINE_DRIFT,SHORT_CIRCUIT,v1.7,SHORT_CIRCUIT,0.8596,0.0023,0.1375,0.0004,0.0002,0.8596,ISOLATED,CRITICAL,2.43,7,0.8571,v1.7,True,SUCCESS,WIFI,GOOD,0.26
REC-04243,2026-09-12T01:54:30Z,SITE-B,ESP32-B01,PV-B01,SITE-B-SHO-16,43,0.001,13.2,0.02,27.26,26.83,22.73,98.5,1009.69,8617.0,0.09,0.1,POOR,DUST_BASELINE_DRIFT,SHORT_CIRCUIT,v1.7,SHORT_CIRCUIT,0.8617,0.0022,0.1355,0.0004,0.0002,0.8617,ISOLATED,CRITICAL,4.71,7,0.8571,v1.7,True,SUCCESS,WIFI,GOOD,0.26
REC-04244,2026-09-12T01:54:35Z,SITE-B,ESP32-B01,PV-B01,SITE-B-SHO-16,44,0.011,13.0,0.14,27.32,26.83,22.74,99.29,1009.62,8627.0,0.065,0.4,POOR,DUST_BASELINE_DRIFT,SHORT_CIRCUIT,v1.7,SHORT_CIRCUIT,0.863,0.0024,0.1341,0.0003,0.0002,0.863,ISOLATED,CRITICAL,4.36,7,0.8571,v1.7,True,SUCCESS,WIFI,GOOD,0.26
REC-04245,2026-09-12T01:54:40Z,SITE-B,ESP32-B01,PV-B01,SITE-B-SHO-16,45,0.0,13.58,0.0,27.33,26.7,22.73,99.28,1009.7,8715.0,0.082,0.0,POOR,DUST_BASELINE_DRIFT,SHORT_CIRCUIT,v1.7,SHORT_CIRCUIT,0.8627,0.0023,0.1345,0.0004,0.0002,0.8627,ISOLATED,CRITICAL,2.56,7,0.8571,v1.7,True,SUCCESS,WIFI,GOOD,0.26
REC-04246,2026-09-12T01:54:45Z,SITE-B,ESP32-B01,PV-B01,SITE-B-SHO-16,46,0.0,13.54,0.0,27.24,26.76,22.75,99.34,1009.67,8773.0,0.1,0.0,POOR,DUST_BASELINE_DRIFT,SHORT_CIRCUIT,v1.7,SHORT_CIRCUIT,0.8622,0.0022,0.135,0.0004,0.0002,0.8622,ISOLATED,CRITICAL,3.39,7,0.8571,v1.7,True,SUCCESS,WIFI,GOOD,0.26
REC-04247,2026-09-12T01:54:50Z,SITE-B,ESP32-B01,PV-B01,SITE-B-SHO-16,47,0.001,13.91,0.01,27.28,26.75,22.75,98.83,1009.69,8723.0,0.079,0.0,POOR,DUST_BASELINE_DRIFT,SHORT_CIRCUIT,v1.7,SHORT_CIRCUIT,0.8659,0.0023,0.1312,0.0004,0.0002,0.8659,ISOLATED,CRITICAL,2.61,7,0.8571,v1.7,True,SUCCESS,WIFI,GOOD,0.26
REC-04248,2026-09-12T01:54:55Z,SITE-B,ESP32-B01,PV-B01,SITE-B-SHO-16,48,0.0,13.91,0.0,27.28,26.77,22.75,99.05,1009.72,8897.0,0.098,0.0,POOR,DUST_BASELINE_DRIFT,SHORT_CIRCUIT,v1.7,SHORT_CIRCUIT,0.8632,0.0022,0.134,0.0004,0.0002,0.8632,ISOLATED,CRITICAL,4.63,7,0.8571,v1.7,True,SUCCESS,WIFI,GOOD,0.26
REC-04249,2026-09-12T01:55:00Z,SITE-B,ESP32-B01,PV-B01,SITE-B-SHO-16,49,0.0,13.58,0.0,27.32,26.92,22.75,98.78,1009.75,8980.0,0.096,0.0,POOR,DUST_BASELINE_DRIFT,SHORT_CIRCUIT,v1.7,SHORT_CIRCUIT,0.8631,0.0021,0.1342,0.0004,0.0002,0.8631,ISOLATED,CRITICAL,4.03,7,0.8571,v1.7,True,SUCCESS,WIFI,GOOD,0.26
REC-04250,2026-09-12T01:55:05Z,SITE-B,ESP32-B01,PV-B01,SITE-B-SHO-16,50,0.006,13.78,0.08,27.31,26.83,22.74,98.68,1009.66,8713.0,0.082,0.2,POOR,DUST_BASELINE_DRIFT,SHORT_CIRCUIT,v1.7,SHORT_CIRCUIT,0.8635,0.0023,0.1337,0.0004,0.0002,0.8635,ISOLATED,CRITICAL,4.3,7,0.8571,v1.7,True,SUCCESS,WIFI,GOOD,0.26
REC-04251,2026-09-12T01:55:10Z,SITE-B,ESP32-B01,PV-B01,SITE-B-SHO-16,51,0.004,13.48,0.06,27.24,26.68,22.74,98.66,1009.69,8616.0,0.101,0.2,POOR,DUST_BASELINE_DRIFT,SHORT_CIRCUIT,v1.7,SHORT_CIRCUIT,0.8597,0.0022,0.1374,0.0004,0.0002,0.8597,ISOLATED,CRITICAL,4.24,7,0.8571,v1.7,True,SUCCESS,WIFI,GOOD,0.26
REC-04252,2026-09-12T01:55:15Z,SITE-B,ESP32-B01,PV-B01,SITE-B-SHO-16,52,0.0,13.42,0.0,27.3,26.75,22.75,99.06,1009.7,8625.0,0.091,0.0,POOR,DUST_BASELINE_DRIFT,SHORT_CIRCUIT,v1.7,SHORT_CIRCUIT,0.8623,0.0022,0.1349,0.0004,0.0002,0.8623,ISOLATED,CRITICAL,2.54,7,0.8571,v1.7,True,SUCCESS,WIFI,GOOD,0.26
REC-04253,2026-09-12T01:55:20Z,SITE-B,ESP32-B01,PV-B01,SITE-B-SHO-16,53,0.005,13.46,0.07,27.17,26.76,22.75,99.25,1009.7,8600.0,0.091,0.2,POOR,DUST_BASELINE_DRIFT,SHORT_CIRCUIT,v1.7,SHORT_CIRCUIT,0.8633,0.0023,0.1338,0.0004,0.0002,0.8633,ISOLATED,CRITICAL,3.32,7,0.8571,v1.7,True,SUCCESS,WIFI,GOOD,0.26
REC-04254,2026-09-12T01:55:25Z,SITE-B,ESP32-B01,PV-B01,SITE-B-SHO-16,54,0.005,13.27,0.07,27.27,26.82,22.76,99.39,1009.7,8473.0,0.081,0.2,POOR,DUST_BASELINE_DRIFT,SHORT_CIRCUIT,v1.7,SHORT_CIRCUIT,0.8637,0.0023,0.1334,0.0004,0.0002,0.8637,ISOLATED,CRITICAL,4.13,7,0.8571,v1.7,True,SUCCESS,WIFI,GOOD,0.26
REC-04255,2026-09-12T01:55:30Z,SITE-B,ESP32-B01,PV-B01,SITE-B-SHO-16,55,0.0,13.33,0.0,27.26,26.91,22.76,98.99,1009.72,8308.0,0.105,0.0,POOR,DUST_BASELINE_DRIFT,SHORT_CIRCUIT,v1.7,SHORT_CIRCUIT,0.8612,0.0021,0.136,0.0005,0.0002,0.8612,ISOLATED,CRITICAL,4.6,7,0.8571,v1.7,True,SUCCESS,WIFI,GOOD,0.26
REC-04256,2026-09-12T01:55:35Z,SITE-B,ESP32-B01,PV-B01,SITE-B-SHO-16,56,0.0,13.56,0.0,27.18,26.84,22.74,98.8,1009.69,8388.0,0.08,0.0,POOR,DUST_BASELINE_DRIFT,SHORT_CIRCUIT,v1.7,SHORT_CIRCUIT,0.8661,0.0023,0.1311,0.0004,0.0002,0.8661,ISOLATED,CRITICAL,2.8,7,0.8571,v1.7,True,SUCCESS,WIFI,GOOD,0.26
REC-04257,2026-09-12T01:55:40Z,SITE-B,ESP32-B01,PV-B01,SITE-B-SHO-16,57,0.007,12.87,0.08,27.21,26.74,22.73,98.97,1009.69,8617.0,0.08,0.3,POOR,DUST_BASELINE_DRIFT,SHORT_CIRCUIT,v1.7,SHORT_CIRCUIT,0.8615,0.0024,0.1356,0.0004,0.0002,0.8615,ISOLATED,CRITICAL,4.34,7,0.8571,v1.7,True,SUCCESS,WIFI,GOOD,0.26
REC-04258,2026-09-12T01:55:45Z,SITE-B,ESP32-B01,PV-B01,SITE-B-SHO-16,58,0.005,13.05,0.06,27.19,26.68,22.76,99.29,1009.71,8585.0,0.093,0.2,POOR,DUST_BASELINE_DRIFT,SHORT_CIRCUIT,v1.7,SHORT_CIRCUIT,0.8615,0.0023,0.1356,0.0004,0.0002,0.8615,ISOLATED,CRITICAL,4.31,7,0.8571,v1.7,True,SUCCESS,WIFI,GOOD,0.26
REC-04259,2026-09-12T01:55:50Z,SITE-B,ESP32-B01,PV-B01,SITE-B-SHO-16,59,0.011,13.48,0.15,27.19,26.86,22.76,99.49,1009.68,8568.0,0.082,0.4,POOR,DUST_BASELINE_DRIFT,SHORT_CIRCUIT,v1.7,SHORT_CIRCUIT,0.8643,0.0024,0.1327,0.0004,0.0002,0.8643,ISOLATED,CRITICAL,2.28,7,0.8571,v1.7,True,SUCCESS,WIFI,GOOD,0.26
REC-04260,2026-09-12T01:55:55Z,SITE-B,ESP32-B01,PV-B01,SITE-B-SHO-16,60,0.005,13.04,0.06,27.29,26.72,22.75,99.35,1009.68,8457.0,0.113,0.2,POOR,DUST_BASELINE_DRIFT,SHORT_CIRCUIT,v1.7,SHORT_CIRCUIT,0.8559,0.0022,0.1413,0.0005,0.0002,0.8559,ISOLATED,CRITICAL,4.79,7,0.8571,v1.7,True,SUCCESS,WIFI,GOOD,0.26
REC-04261,2026-09-12T02:50:00Z,SITE-A,ESP32-A01,PV-A01,SITE-A-DUS-18,1,2.742,17.02,46.65,29.89,28.52,25.03,94.48,1009.86,15420.0,0.682,76.7,GOOD,OK,DUST,v1.7,DUST,0.9249,0.0106,0.0576,0.9249,0.0043,0.0026,CONNECTED,WARNING,4.48,7,0.8571,v1.7,True,SUCCESS,WIFI,GOOD,0.52
REC-04262,2026-09-12T02:50:05Z,SITE-A,ESP32-A01,PV-A01,SITE-A-DUS-18,2,2.722,16.99,46.25,29.57,28.74,25.02,94.33,1009.86,15216.0,0.592,76.0,GOOD,OK,DUST,v1.7,DUST,0.8479,0.0308,0.1064,0.8479,0.0089,0.006,CONNECTED,WARNING,4.27,7,0.8571,v1.7,True,SUCCESS,WIFI,GOOD,0.52
REC-04263,2026-09-12T02:50:10Z,SITE-A,ESP32-A01,PV-A01,SITE-A-DUS-18,3,2.725,16.82,45.82,29.63,28.73,25.02,94.55,1009.79,15196.0,0.549,75.1,GOOD,OK,DUST,v1.7,DUST,0.7843,0.0493,0.1449,0.7843,0.0129,0.0086,CONNECTED,WARNING,3.14,7,0.8571,v1.7,True,SUCCESS,WIFI,GOOD,0.52
REC-04264,2026-09-12T02:50:15Z,SITE-A,ESP32-A01,PV-A01,SITE-A-DUS-18,4,2.727,16.71,45.57,29.52,28.69,25.02,94.86,1009.91,15506.0,0.671,74.4,DEGRADED,OK,DUST,v1.7,DUST,0.9217,0.0118,0.0588,0.9217,0.0047,0.003,CONNECTED,WARNING,4.01,7,0.8571,v1.7,True,SUCCESS,WIFI,GOOD,0.52
REC-04265,2026-09-12T02:50:20Z,SITE-A,ESP32-A01,PV-A01,SITE-A-DUS-18,5,2.747,16.83,46.21,29.56,28.65,25.01,94.6,1009.84,15420.0,0.582,75.5,GOOD,OK,DUST,v1.7,DUST,0.8334,0.0344,0.1155,0.8334,0.0103,0.0064,CONNECTED,WARNING,3.87,7,0.8571,v1.7,True,SUCCESS,WIFI,GOOD,0.52
REC-04266,2026-09-12T02:50:25Z,SITE-A,ESP32-A01,PV-A01,SITE-A-DUS-18,6,2.746,17.32,47.57,29.6,28.77,25.01,95.05,1009.9,15389.0,0.586,77.5,GOOD,OK,DUST,v1.7,DUST,0.8405,0.0332,0.1109,0.8405,0.0093,0.0061,CONNECTED,WARNING,4.29,7,0.8571,v1.7,True,SUCCESS,WIFI,GOOD,0.52
REC-04267,2026-09-12T02:50:30Z,SITE-A,ESP32-A01,PV-A01,SITE-A-DUS-18,7,2.727,16.95,46.23,29.44,28.72,25.0,94.66,1009.87,15502.0,0.48,75.2,GOOD,OK,DUST,v1.7,DUST,0.6535,0.1012,0.21,0.6535,0.0212,0.0141,CONNECTED,WARNING,3.74,7,0.8571,v1.7,True,SUCCESS,WIFI,GOOD,0.52
REC-04268,2026-09-12T02:50:35Z,SITE-A,ESP32-A01,PV-A01,SITE-A-DUS-18,8,2.754,16.61,45.75,29.47,28.57,25.0,94.88,1009.84,15495.0,0.591,74.7,DEGRADED,OK,DUST,v1.7,DUST,0.845,0.031,0.1081,0.845,0.0099,0.006,CONNECTED,WARNING,4.01,7,0.8571,v1.7,True,SUCCESS,WIFI,GOOD,0.52
REC-04269,2026-09-12T02:50:40Z,SITE-A,ESP32-A01,PV-A01,SITE-A-DUS-18,9,2.718,16.83,45.76,29.61,28.82,25.0,94.78,1009.91,15336.0,0.64,74.8,DEGRADED,OK,DUST,v1.7,DUST,0.8978,0.0168,0.0756,0.8978,0.0059,0.004,CONNECTED,WARNING,3.38,7,0.8571,v1.7,True,SUCCESS,WIFI,GOOD,0.52
REC-04270,2026-09-12T02:50:45Z,SITE-A,ESP32-A01,PV-A01,SITE-A-DUS-18,10,2.732,16.73,45.71,29.53,28.67,25.02,94.58,1009.87,15395.0,0.573,74.7,DEGRADED,OK,DUST,v1.7,DUST,0.8219,0.038,0.1219,0.8219,0.0111,0.0071,CONNECTED,WARNING,2.46,7,0.8571,v1.7,True,SUCCESS,WIFI,GOOD,0.52
REC-04271,2026-09-12T02:50:50Z,SITE-A,ESP32-A01,PV-A01,SITE-A-DUS-18,11,2.71,17.02,46.12,29.47,28.62,25.02,94.95,1009.84,15390.0,0.522,75.5,GOOD,OK,DUST,v1.7,DUST,0.7394,0.0682,0.1661,0.7394,0.0155,0.0107,CONNECTED,WARNING,3.86,7,0.8571,v1.7,True,SUCCESS,WIFI,GOOD,0.52
REC-04272,2026-09-12T02:50:55Z,SITE-A,ESP32-A01,PV-A01,SITE-A-DUS-18,12,2.727,16.49,44.97,29.48,28.83,25.02,94.33,1009.84,15194.0,0.57,73.9,DEGRADED,OK,DUST,v1.7,DUST,0.8196,0.0383,0.1235,0.8196,0.0113,0.0074,CONNECTED,WARNING,2.37,7,0.8571,v1.7,True,SUCCESS,WIFI,GOOD,0.52
REC-04273,2026-09-12T02:51:00Z,SITE-A,ESP32-A01,PV-A01,SITE-A-DUS-18,13,2.714,16.86,45.76,29.42,28.8,24.99,94.53,1009.88,15393.0,0.562,75.4,GOOD,OK,DUST,v1.7,DUST,0.8101,0.0423,0.1285,0.8101,0.0113,0.0078,CONNECTED,WARNING,4.53,7,0.8571,v1.7,True,SUCCESS,WIFI,GOOD,0.52
REC-04274,2026-09-12T02:51:05Z,SITE-A,ESP32-A01,PV-A01,SITE-A-DUS-18,14,2.734,16.81,45.94,29.36,28.68,24.99,94.58,1009.83,15035.0,0.584,75.9,GOOD,OK,DUST,v1.7,DUST,0.8392,0.034,0.1109,0.8392,0.0095,0.0064,CONNECTED,WARNING,4.63,7,0.8571,v1.7,True,SUCCESS,WIFI,GOOD,0.52
REC-04275,2026-09-12T02:51:10Z,SITE-A,ESP32-A01,PV-A01,SITE-A-DUS-18,15,2.718,16.73,45.47,29.37,28.6,24.97,94.81,1009.84,15130.0,0.568,75.3,GOOD,OK,DUST,v1.7,DUST,0.8165,0.0404,0.125,0.8165,0.0107,0.0074,CONNECTED,WARNING,4.47,7,0.8571,v1.7,True,SUCCESS,WIFI,GOOD,0.52
REC-04276,2026-09-12T02:51:15Z,SITE-A,ESP32-A01,PV-A01,SITE-A-DUS-18,16,2.728,16.33,44.55,29.51,28.63,24.98,94.89,1009.83,15321.0,0.699,73.5,DEGRADED,OK,DUST,v1.7,DUST,0.9376,0.0081,0.0483,0.9376,0.0036,0.0023,CONNECTED,WARNING,3.79,7,0.8571,v1.7,True,SUCCESS,WIFI,GOOD,0.52
REC-04277,2026-09-12T02:51:20Z,SITE-A,ESP32-A01,PV-A01,SITE-A-DUS-18,17,2.705,16.57,44.83,29.54,28.65,24.98,94.46,1009.83,14936.0,0.617,74.5,DEGRADED,OK,DUST,v1.7,DUST,0.8748,0.0225,0.0908,0.8748,0.007,0.0049,CONNECTED,WARNING,3.8,7,0.8571,v1.7,True,SUCCESS,WIFI,GOOD,0.52
REC-04278,2026-09-12T02:51:25Z,SITE-A,ESP32-A01,PV-A01,SITE-A-DUS-18,18,2.735,16.4,44.85,29.7,28.79,24.99,94.41,1009.83,15230.0,0.495,74.5,DEGRADED,OK,DUST,v1.7,DUST,0.6795,0.0819,0.2059,0.6795,0.0199,0.0128,CONNECTED,WARNING,3.1,7,0.8571,v1.7,True,SUCCESS,WIFI,GOOD,0.52
REC-04279,2026-09-12T02:51:30Z,SITE-A,ESP32-A01,PV-A01,SITE-A-DUS-18,19,2.721,16.6,45.17,29.49,28.8,24.98,94.72,1009.9,15152.0,0.603,74.9,DEGRADED,OK,DUST,v1.7,DUST,0.8615,0.0259,0.099,0.8615,0.0081,0.0055,CONNECTED,WARNING,4.61,7,0.8571,v1.7,True,SUCCESS,WIFI,GOOD,0.52
REC-04280,2026-09-12T02:51:35Z,SITE-A,ESP32-A01,PV-A01,SITE-A-DUS-18,20,2.715,16.41,44.54,29.39,28.7,24.98,94.24,1009.88,15278.0,0.597,74.1,DEGRADED,OK,DUST,v1.7,DUST,0.855,0.028,0.1024,0.855,0.0088,0.0059,CONNECTED,WARNING,3.56,7,0.8571,v1.7,True,SUCCESS,WIFI,GOOD,0.52
REC-04281,2026-09-12T02:51:40Z,SITE-A,ESP32-A01,PV-A01,SITE-A-DUS-18,21,2.722,16.89,45.99,29.5,28.75,24.99,95.0,1009.86,15161.0,0.671,76.6,GOOD,OK,DUST,v1.7,DUST,0.9218,0.0118,0.059,0.9218,0.0044,0.003,CONNECTED,WARNING,2.38,7,0.8571,v1.7,True,SUCCESS,WIFI,GOOD,0.52
REC-04282,2026-09-12T02:51:45Z,SITE-A,ESP32-A01,PV-A01,SITE-A-DUS-18,22,2.719,16.64,45.22,29.55,28.68,24.98,94.63,1009.83,15029.0,0.59,75.4,GOOD,OK,DUST,v1.7,DUST,0.8438,0.0307,0.1104,0.8438,0.009,0.0061,CONNECTED,WARNING,3.63,7,0.8571,v1.7,True,SUCCESS,WIFI,GOOD,0.52
REC-04283,2026-09-12T02:51:50Z,SITE-A,ESP32-A01,PV-A01,SITE-A-DUS-18,23,2.732,16.03,43.8,29.56,28.61,24.98,94.35,1009.83,15084.0,0.588,73.0,DEGRADED,OK,DUST,v1.7,DUST,0.8386,0.0306,0.1145,0.8386,0.0101,0.0063,CONNECTED,WARNING,4.77,7,0.8571,v1.7,True,SUCCESS,WIFI,GOOD,0.52
REC-04284,2026-09-12T02:51:55Z,SITE-A,ESP32-A01,PV-A01,SITE-A-DUS-18,24,2.721,16.17,44.01,29.55,28.55,24.99,94.34,1009.84,15120.0,0.711,73.2,DEGRADED,OK,DUST,v1.7,DUST,0.943,0.0071,0.0445,0.943,0.0033,0.0021,CONNECTED,WARNING,2.45,7,0.8571,v1.7,True,SUCCESS,WIFI,GOOD,0.52
REC-04285,2026-09-12T02:52:00Z,SITE-A,ESP32-A01,PV-A01,SITE-A-DUS-18,25,2.728,16.91,46.14,29.52,28.7,24.99,94.79,1009.9,15410.0,0.535,76.6,GOOD,OK,DUST,v1.7,DUST,0.7626,0.0573,0.1564,0.7626,0.0142,0.0095,CONNECTED,WARNING,2.34,7,0.8571,v1.7,True,SUCCESS,WIFI,GOOD,0.52
REC-04286,2026-09-12T02:52:05Z,SITE-A,ESP32-A01,PV-A01,SITE-A-DUS-18,26,2.73,16.48,45.0,29.47,28.73,25.0,94.79,1009.86,15091.0,0.647,74.9,DEGRADED,OK,DUST,v1.7,DUST,0.9037,0.0156,0.0712,0.9037,0.0057,0.0037,CONNECTED,WARNING,3.35,7,0.8571,v1.7,True,SUCCESS,WIFI,GOOD,0.52
REC-04287,2026-09-12T02:52:10Z,SITE-A,ESP32-A01,PV-A01,SITE-A-DUS-18,27,2.716,16.41,44.59,29.51,28.61,25.01,94.47,1009.87,14989.0,0.603,74.5,DEGRADED,OK,DUST,v1.7,DUST,0.8592,0.0269,0.0999,0.8592,0.0084,0.0056,CONNECTED,WARNING,2.26,7,0.8571,v1.7,True,SUCCESS,WIFI,GOOD,0.52
REC-04288,2026-09-12T02:52:15Z,SITE-A,ESP32-A01,PV-A01,SITE-A-DUS-18,28,2.723,16.85,45.88,29.36,28.74,24.99,94.67,1009.86,14988.0,0.569,76.7,GOOD,OK,DUST,v1.7,DUST,0.8197,0.0401,0.1224,0.8197,0.0105,0.0073,CONNECTED,WARNING,2.62,7,0.8571,v1.7,True,SUCCESS,WIFI,GOOD,0.52
REC-04289,2026-09-12T02:52:20Z,SITE-A,ESP32-A01,PV-A01,SITE-A-DUS-18,29,2.733,16.37,44.76,29.28,28.61,25.0,94.36,1009.82,15016.0,0.56,74.9,DEGRADED,OK,DUST,v1.7,DUST,0.8049,0.0445,0.1304,0.8049,0.0123,0.0079,CONNECTED,WARNING,3.02,7,0.8571,v1.7,True,SUCCESS,WIFI,GOOD,0.52
REC-04290,2026-09-12T02:52:25Z,SITE-A,ESP32-A01,PV-A01,SITE-A-DUS-18,30,2.746,15.97,43.86,29.61,28.65,24.99,94.62,1009.85,14793.0,0.681,73.6,DEGRADED,OK,DUST,v1.7,DUST,0.9251,0.0101,0.0577,0.9251,0.0045,0.0027,CONNECTED,WARNING,2.52,7,0.8571,v1.7,True,SUCCESS,WIFI,GOOD,0.52
REC-04291,2026-09-12T02:52:30Z,SITE-A,ESP32-A01,PV-A01,SITE-A-DUS-18,31,2.706,16.17,43.75,29.44,28.62,25.0,95.14,1009.82,14916.0,0.627,73.3,DEGRADED,OK,DUST,v1.7,DUST,0.8852,0.0199,0.0835,0.8852,0.0068,0.0046,CONNECTED,WARNING,3.35,7,0.8571,v1.7,True,SUCCESS,WIFI,GOOD,0.52
REC-04292,2026-09-12T02:52:35Z,SITE-A,ESP32-A01,PV-A01,SITE-A-DUS-18,32,2.715,16.67,45.25,29.49,28.74,25.0,95.34,1009.89,14802.0,0.635,75.9,GOOD,OK,DUST,v1.7,DUST,0.8936,0.0183,0.078,0.8936,0.006,0.0042,CONNECTED,WARNING,4.63,7,0.8571,v1.7,True,SUCCESS,WIFI,GOOD,0.52
REC-04293,2026-09-12T02:52:40Z,SITE-A,ESP32-A01,PV-A01,SITE-A-DUS-18,33,2.737,16.95,46.41,29.24,28.7,24.98,94.64,1009.83,14835.0,0.653,77.8,GOOD,OK,DUST,v1.7,DUST,0.9098,0.0154,0.0661,0.9098,0.0052,0.0035,CONNECTED,WARNING,3.01,7,0.8571,v1.7,True,SUCCESS,WIFI,GOOD,0.52
REC-04294,2026-09-12T02:52:45Z,SITE-A,ESP32-A01,PV-A01,SITE-A-DUS-18,34,2.709,16.82,45.57,29.61,28.68,24.98,94.83,1009.83,15203.0,0.62,75.8,GOOD,OK,DUST,v1.7,DUST,0.8779,0.0216,0.089,0.8779,0.0068,0.0047,CONNECTED,WARNING,4.25,7,0.8571,v1.7,True,SUCCESS,WIFI,GOOD,0.52
REC-04295,2026-09-12T02:52:50Z,SITE-A,ESP32-A01,PV-A01,SITE-A-DUS-18,35,2.716,16.51,44.83,29.58,28.69,24.98,94.82,1009.87,15118.0,0.535,74.4,DEGRADED,OK,DUST,v1.7,DUST,0.7599,0.0558,0.1604,0.7599,0.0142,0.0097,CONNECTED,WARNING,2.73,7,0.8571,v1.7,True,SUCCESS,WIFI,GOOD,0.52
REC-04296,2026-09-12T02:52:55Z,SITE-A,ESP32-A01,PV-A01,SITE-A-DUS-18,36,2.715,16.63,45.14,29.38,28.6,24.98,94.18,1009.83,15064.0,0.505,74.6,DEGRADED,OK,DUST,v1.7,DUST,0.7054,0.0794,0.1857,0.7054,0.0174,0.0121,CONNECTED,WARNING,2.19,7,0.8571,v1.7,True,SUCCESS,WIFI,GOOD,0.52
REC-04297,2026-09-12T02:53:00Z,SITE-A,ESP32-A01,PV-A01,SITE-A-DUS-18,37,2.749,16.57,45.55,29.49,28.53,24.98,94.36,1009.84,15176.0,0.691,75.2,GOOD,OK,DUST,v1.7,DUST,0.9327,0.0093,0.0516,0.9327,0.0039,0.0024,CONNECTED,WARNING,3.41,7,0.8571,v1.7,True,SUCCESS,WIFI,GOOD,0.52
REC-04298,2026-09-12T02:53:05Z,SITE-A,ESP32-A01,PV-A01,SITE-A-DUS-18,38,2.733,16.06,43.89,29.53,28.67,24.98,94.01,1009.77,15165.0,0.612,72.4,DEGRADED,OK,DUST,v1.7,DUST,0.8682,0.023,0.0955,0.8682,0.0082,0.0051,CONNECTED,WARNING,2.93,7,0.8571,v1.7,True,SUCCESS,WIFI,GOOD,0.52
REC-04299,2026-09-12T02:53:10Z,SITE-A,ESP32-A01,PV-A01,SITE-A-DUS-18,39,2.716,16.77,45.55,29.41,28.69,24.97,94.83,1009.84,15234.0,0.604,75.0,DEGRADED,OK,DUST,v1.7,DUST,0.8634,0.0263,0.0971,0.8634,0.0079,0.0054,CONNECTED,WARNING,2.19,7,0.8571,v1.7,True,SUCCESS,WIFI,GOOD,0.52
REC-04300,2026-09-12T02:53:15Z,SITE-A,ESP32-A01,PV-A01,SITE-A-DUS-18,40,2.735,16.91,46.26,29.54,28.75,24.99,95.28,1009.87,15022.0,0.707,76.1,GOOD,OK,DUST,v1.7,DUST,0.9421,0.0076,0.045,0.9421,0.0032,0.0021,CONNECTED,WARNING,3.41,7,0.8571,v1.7,True,SUCCESS,WIFI,GOOD,0.52
REC-04301,2026-09-12T02:53:20Z,SITE-A,ESP32-A01,PV-A01,SITE-A-DUS-18,41,2.717,17.34,47.12,29.59,28.69,24.97,95.02,1009.83,15124.0,0.535,77.3,GOOD,OK,DUST,v1.7,DUST,0.7619,0.0584,0.1576,0.7619,0.0128,0.0093,CONNECTED,WARNING,3.78,7,0.8571,v1.7,True,SUCCESS,WIFI,GOOD,0.52
REC-04302,2026-09-12T02:53:25Z,SITE-A,ESP32-A01,PV-A01,SITE-A-DUS-18,42,2.706,17.16,46.44,29.52,28.65,24.97,94.71,1009.87,15074.0,0.448,76.2,GOOD,OK,DUST,v1.7,DUST,0.5745,0.1367,0.2486,0.5745,0.023,0.0171,CONNECTED,INFO,2.57,7,0.8571,v1.7,True,SUCCESS,WIFI,GOOD,0.52
REC-04303,2026-09-12T02:53:30Z,SITE-A,ESP32-A01,PV-A01,SITE-A-DUS-18,43,2.75,17.17,47.21,29.39,28.47,24.98,94.67,1009.85,15096.0,0.49,77.7,GOOD,OK,DUST,v1.7,DUST,0.6707,0.097,0.2005,0.6707,0.0192,0.0126,CONNECTED,WARNING,2.7,7,0.8571,v1.7,True,SUCCESS,WIFI,GOOD,0.52
REC-04304,2026-09-12T02:53:35Z,SITE-A,ESP32-A01,PV-A01,SITE-A-DUS-18,44,2.724,17.14,46.69,29.4,28.72,24.99,94.59,1009.88,15055.0,0.567,77.2,GOOD,OK,DUST,v1.7,DUST,0.8167,0.0416,0.1239,0.8167,0.0104,0.0073,CONNECTED,WARNING,4.77,7,0.8571,v1.7,True,SUCCESS,WIFI,GOOD,0.52
REC-04305,2026-09-12T02:53:40Z,SITE-A,ESP32-A01,PV-A01,SITE-A-DUS-18,45,2.731,17.02,46.5,29.46,28.69,24.99,95.02,1009.83,15029.0,0.606,76.8,GOOD,OK,DUST,v1.7,DUST,0.865,0.0264,0.0957,0.865,0.0077,0.0052,CONNECTED,WARNING,4.64,7,0.8571,v1.7,True,SUCCESS,WIFI,GOOD,0.52
REC-04306,2026-09-12T02:53:45Z,SITE-A,ESP32-A01,PV-A01,SITE-A-DUS-18,46,2.744,16.51,45.29,29.45,28.73,24.99,94.76,1009.84,15248.0,0.683,75.1,GOOD,OK,DUST,v1.7,DUST,0.9294,0.01,0.0538,0.9294,0.0042,0.0026,CONNECTED,WARNING,2.73,7,0.8571,v1.7,True,SUCCESS,WIFI,GOOD,0.52
REC-04307,2026-09-12T02:53:50Z,SITE-A,ESP32-A01,PV-A01,SITE-A-DUS-18,47,2.713,16.79,45.55,29.45,28.67,24.98,94.72,1009.81,15440.0,0.65,75.3,GOOD,OK,DUST,v1.7,DUST,0.9067,0.0152,0.0691,0.9067,0.0054,0.0036,CONNECTED,WARNING,3.65,7,0.8571,v1.7,True,SUCCESS,WIFI,GOOD,0.52
REC-04308,2026-09-12T02:53:55Z,SITE-A,ESP32-A01,PV-A01,SITE-A-DUS-18,48,2.71,16.27,44.1,29.46,28.77,24.97,94.37,1009.85,15349.0,0.445,72.6,DEGRADED,OK,DUST,v1.7,DUST,0.5699,0.1309,0.2544,0.5699,0.0266,0.0181,CONNECTED,INFO,3.45,7,0.8571,v1.7,True,SUCCESS,WIFI,GOOD,0.52
REC-04309,2026-09-12T02:54:00Z,SITE-A,ESP32-A01,PV-A01,SITE-A-DUS-18,49,2.727,16.77,45.73,29.34,28.63,24.96,94.88,1009.84,15131.0,0.767,75.4,GOOD,OK,DUST,v1.7,DUST,0.9654,0.0037,0.0278,0.9654,0.0019,0.0012,CONNECTED,WARNING,4.14,7,0.8571,v1.7,True,SUCCESS,WIFI,GOOD,0.52
REC-04310,2026-09-12T02:54:05Z,SITE-A,ESP32-A01,PV-A01,SITE-A-DUS-18,50,2.739,16.86,46.19,29.57,28.69,24.95,94.66,1009.88,15302.0,0.574,75.8,GOOD,OK,DUST,v1.7,DUST,0.8225,0.0365,0.124,0.8225,0.0103,0.0068,CONNECTED,WARNING,3.58,7,0.8571,v1.7,True,SUCCESS,WIFI,GOOD,0.52
REC-04311,2026-09-12T02:54:10Z,SITE-A,ESP32-A01,PV-A01,SITE-A-DUS-18,51,2.723,16.7,45.47,29.55,28.72,24.94,94.82,1009.83,15273.0,0.673,74.6,DEGRADED,OK,DUST,v1.7,DUST,0.9223,0.011,0.0596,0.9223,0.0042,0.0029,CONNECTED,WARNING,3.27,7,0.8571,v1.7,True,SUCCESS,WIFI,GOOD,0.52
REC-04312,2026-09-12T02:54:15Z,SITE-A,ESP32-A01,PV-A01,SITE-A-DUS-18,52,2.737,16.3,44.6,29.55,28.76,24.96,95.0,1009.84,15193.0,0.632,73.2,DEGRADED,OK,DUST,v1.7,DUST,0.8891,0.0179,0.0822,0.8891,0.0066,0.0042,CONNECTED,WARNING,2.54,7,0.8571,v1.7,True,SUCCESS,WIFI,GOOD,0.52
REC-04313,2026-09-12T02:54:20Z,SITE-A,ESP32-A01,PV-A01,SITE-A-DUS-18,53,2.708,17.33,46.95,29.53,28.72,24.94,94.21,1009.83,15486.0,0.599,77.0,GOOD,OK,DUST,v1.7,DUST,0.8571,0.0278,0.1019,0.8571,0.0077,0.0055,CONNECTED,WARNING,3.8,7,0.8571,v1.7,True,SUCCESS,WIFI,GOOD,0.52
REC-04314,2026-09-12T02:54:25Z,SITE-A,ESP32-A01,PV-A01,SITE-A-DUS-18,54,2.703,16.94,45.79,29.46,28.72,24.96,94.61,1009.85,15550.0,0.585,75.3,GOOD,OK,DUST,v1.7,DUST,0.841,0.0323,0.1112,0.841,0.0091,0.0064,CONNECTED,WARNING,2.88,7,0.8571,v1.7,True,SUCCESS,WIFI,GOOD,0.52
REC-04315,2026-09-12T02:54:30Z,SITE-A,ESP32-A01,PV-A01,SITE-A-DUS-18,55,2.719,17.21,46.78,29.43,28.7,24.94,94.57,1009.91,14985.0,0.532,77.2,GOOD,OK,DUST,v1.7,DUST,0.7591,0.0599,0.1586,0.7591,0.0129,0.0095,CONNECTED,WARNING,4.09,7,0.8571,v1.7,True,SUCCESS,WIFI,GOOD,0.52
REC-04316,2026-09-12T02:54:35Z,SITE-A,ESP32-A01,PV-A01,SITE-A-DUS-18,56,2.714,16.88,45.82,29.4,28.66,24.93,94.54,1009.75,15346.0,0.522,76.0,GOOD,OK,DUST,v1.7,DUST,0.7409,0.0648,0.1692,0.7409,0.0147,0.0104,CONNECTED,WARNING,4.4,7,0.8571,v1.7,True,SUCCESS,WIFI,GOOD,0.52
REC-04317,2026-09-12T02:54:40Z,SITE-A,ESP32-A01,PV-A01,SITE-A-DUS-18,57,2.732,16.9,46.16,29.59,28.74,24.92,94.36,1009.85,15008.0,0.589,76.7,GOOD,OK,DUST,v1.7,DUST,0.8423,0.0303,0.113,0.8423,0.0085,0.0059,CONNECTED,WARNING,3.6,7,0.8571,v1.7,True,SUCCESS,WIFI,GOOD,0.52
REC-04318,2026-09-12T02:54:45Z,SITE-A,ESP32-A01,PV-A01,SITE-A-DUS-18,58,2.742,16.9,46.35,29.47,28.54,24.91,94.48,1009.89,15155.0,0.516,76.5,GOOD,OK,DUST,v1.7,DUST,0.7245,0.0695,0.18,0.7245,0.0155,0.0105,CONNECTED,WARNING,3.16,7,0.8571,v1.7,True,SUCCESS,WIFI,GOOD,0.52
REC-04319,2026-09-12T02:54:50Z,SITE-A,ESP32-A01,PV-A01,SITE-A-DUS-18,59,2.744,16.28,44.68,29.33,28.61,24.92,94.37,1009.83,15169.0,0.698,74.1,DEGRADED,OK,DUST,v1.7,DUST,0.9377,0.0082,0.0483,0.9377,0.0036,0.0022,CONNECTED,WARNING,4.62,7,0.8571,v1.7,True,SUCCESS,WIFI,GOOD,0.52
REC-04320,2026-09-12T02:54:55Z,SITE-A,ESP32-A01,PV-A01,SITE-A-DUS-18,60,2.733,16.38,44.76,29.45,28.78,24.92,94.95,1009.87,15305.0,0.605,74.5,DEGRADED,OK,DUST,v1.7,DUST,0.8631,0.0243,0.0993,0.8631,0.0081,0.0053,CONNECTED,WARNING,3.33,7,0.8571,v1.7,True,SUCCESS,WIFI,GOOD,0.52
REC-04321,2026-09-12T03:11:00Z,SITE-A,ESP32-A01,PV-A01,SITE-A-SHO-14,1,0.025,26.75,0.66,30.37,31.39,25.5,89.29,1009.91,17584.0,0.099,0.9,POOR,OK,SHORT_CIRCUIT,v1.7,SHORT_CIRCUIT,0.9456,0.0027,0.0501,0.0004,0.0011,0.9456,ISOLATED,CRITICAL,2.25,7,0.8571,v1.7,True,SUCCESS,WIFI,GOOD,0.04
REC-04322,2026-09-12T03:11:05Z,SITE-A,ESP32-A01,PV-A01,SITE-A-SHO-14,2,0.027,26.53,0.71,30.56,31.35,25.51,89.9,1009.94,17763.0,0.081,1.0,POOR,OK,SHORT_CIRCUIT,v1.7,SHORT_CIRCUIT,0.9441,0.0027,0.0518,0.0003,0.0011,0.9441,ISOLATED,CRITICAL,3.26,7,0.8571,v1.7,True,SUCCESS,WIFI,GOOD,0.04
REC-04323,2026-09-12T03:11:10Z,SITE-A,ESP32-A01,PV-A01,SITE-A-SHO-14,3,0.019,27.03,0.52,30.54,31.26,25.53,89.45,1009.97,17629.0,0.091,0.7,POOR,OK,SHORT_CIRCUIT,v1.7,SHORT_CIRCUIT,0.9459,0.0027,0.0499,0.0003,0.0011,0.9459,ISOLATED,CRITICAL,4.09,7,0.8571,v1.7,True,SUCCESS,WIFI,GOOD,0.04
REC-04324,2026-09-12T03:11:15Z,SITE-A,ESP32-A01,PV-A01,SITE-A-SHO-14,4,0.027,27.13,0.72,30.46,31.22,25.52,89.96,1010.01,17669.0,0.085,1.0,POOR,OK,SHORT_CIRCUIT,v1.7,SHORT_CIRCUIT,0.9453,0.0029,0.0503,0.0003,0.0011,0.9453,ISOLATED,CRITICAL,3.61,7,0.8571,v1.7,True,SUCCESS,WIFI,GOOD,0.04
REC-04325,2026-09-12T03:11:20Z,SITE-A,ESP32-A01,PV-A01,SITE-A-SHO-14,5,0.023,26.54,0.6,30.35,31.3,25.53,89.41,1009.95,17418.0,0.095,0.8,POOR,OK,SHORT_CIRCUIT,v1.7,SHORT_CIRCUIT,0.9457,0.0028,0.0499,0.0004,0.0012,0.9457,ISOLATED,CRITICAL,3.89,7,0.8571,v1.7,True,SUCCESS,WIFI,GOOD,0.04
REC-04326,2026-09-12T03:11:25Z,SITE-A,ESP32-A01,PV-A01,SITE-A-SHO-14,6,0.031,27.07,0.85,30.56,31.29,25.51,89.71,1009.91,17581.0,0.081,1.2,POOR,OK,SHORT_CIRCUIT,v1.7,SHORT_CIRCUIT,0.9442,0.0028,0.0515,0.0003,0.0011,0.9442,ISOLATED,CRITICAL,2.66,7,0.8571,v1.7,True,SUCCESS,WIFI,GOOD,0.04
REC-04327,2026-09-12T03:11:30Z,SITE-A,ESP32-A01,PV-A01,SITE-A-SHO-14,7,0.031,27.42,0.85,30.51,31.34,25.51,89.21,1009.93,17634.0,0.086,1.2,POOR,OK,SHORT_CIRCUIT,v1.7,SHORT_CIRCUIT,0.9451,0.0028,0.0506,0.0003,0.0011,0.9451,ISOLATED,CRITICAL,4.03,7,0.8571,v1.7,True,SUCCESS,WIFI,GOOD,0.04
REC-04328,2026-09-12T03:11:35Z,SITE-A,ESP32-A01,PV-A01,SITE-A-SHO-14,8,0.035,27.42,0.95,30.44,31.36,25.49,89.59,1009.9,17533.0,0.113,1.3,POOR,OK,SHORT_CIRCUIT,v1.7,SHORT_CIRCUIT,0.9452,0.0028,0.0504,0.0004,0.0012,0.9452,ISOLATED,CRITICAL,4.27,7,0.8571,v1.7,True,SUCCESS,WIFI,GOOD,0.04
REC-04329,2026-09-12T03:11:40Z,SITE-A,ESP32-A01,PV-A01,SITE-A-SHO-14,9,0.037,26.95,0.99,30.5,31.24,25.5,89.29,1009.96,17939.0,0.098,1.4,POOR,OK,SHORT_CIRCUIT,v1.7,SHORT_CIRCUIT,0.944,0.0029,0.0516,0.0004,0.0012,0.944,ISOLATED,CRITICAL,2.7,7,0.8571,v1.7,True,SUCCESS,WIFI,GOOD,0.04
REC-04330,2026-09-12T03:11:45Z,SITE-A,ESP32-A01,PV-A01,SITE-A-SHO-14,10,0.028,27.28,0.76,30.55,31.3,25.5,90.08,1009.94,17758.0,0.096,1.1,POOR,OK,SHORT_CIRCUIT,v1.7,SHORT_CIRCUIT,0.9451,0.0027,0.0507,0.0004,0.0011,0.9451,ISOLATED,CRITICAL,2.47,7,0.8571,v1.7,True,SUCCESS,WIFI,GOOD,0.04
REC-04331,2026-09-12T03:11:50Z,SITE-A,ESP32-A01,PV-A01,SITE-A-SHO-14,11,0.025,26.89,0.67,30.47,31.33,25.51,89.94,1009.91,17923.0,0.096,0.9,POOR,OK,SHORT_CIRCUIT,v1.7,SHORT_CIRCUIT,0.9455,0.0027,0.0503,0.0004,0.0011,0.9455,ISOLATED,CRITICAL,3.42,7,0.8571,v1.7,True,SUCCESS,WIFI,GOOD,0.04
REC-04332,2026-09-12T03:11:55Z,SITE-A,ESP32-A01,PV-A01,SITE-A-SHO-14,12,0.031,27.18,0.84,30.41,31.38,25.52,89.69,1009.94,17726.0,0.107,1.2,POOR,OK,SHORT_CIRCUIT,v1.7,SHORT_CIRCUIT,0.9458,0.0028,0.0498,0.0004,0.0012,0.9458,ISOLATED,CRITICAL,4.62,7,0.8571,v1.7,True,SUCCESS,WIFI,GOOD,0.04
REC-04333,2026-09-12T03:12:00Z,SITE-A,ESP32-A01,PV-A01,SITE-A-SHO-14,13,0.027,26.69,0.71,30.49,31.37,25.53,89.93,1009.96,17899.0,0.091,1.0,POOR,OK,SHORT_CIRCUIT,v1.7,SHORT_CIRCUIT,0.9451,0.0027,0.0507,0.0004,0.0011,0.9451,ISOLATED,CRITICAL,3.74,7,0.8571,v1.7,True,SUCCESS,WIFI,GOOD,0.04
REC-04334,2026-09-12T03:12:05Z,SITE-A,ESP32-A01,PV-A01,SITE-A-SHO-14,14,0.025,26.44,0.67,30.49,31.24,25.52,89.47,1009.94,17867.0,0.101,0.9,POOR,OK,SHORT_CIRCUIT,v1.7,SHORT_CIRCUIT,0.9448,0.0028,0.0509,0.0004,0.0012,0.9448,ISOLATED,CRITICAL,2.3,7,0.8571,v1.7,True,SUCCESS,WIFI,GOOD,0.04
REC-04335,2026-09-12T03:12:10Z,SITE-A,ESP32-A01,PV-A01,SITE-A-SHO-14,15,0.028,26.93,0.76,30.31,31.21,25.5,89.81,1009.92,17622.0,0.068,1.1,POOR,OK,SHORT_CIRCUIT,v1.7,SHORT_CIRCUIT,0.9452,0.003,0.0504,0.0003,0.0011,0.9452,ISOLATED,CRITICAL,4.1,7,0.8571,v1.7,True,SUCCESS,WIFI,GOOD,0.04
REC-04336,2026-09-12T03:12:15Z,SITE-A,ESP32-A01,PV-A01,SITE-A-SHO-14,16,0.025,27.03,0.69,30.46,31.24,25.52,89.6,1009.97,17663.0,0.091,1.0,POOR,OK,SHORT_CIRCUIT,v1.7,SHORT_CIRCUIT,0.9455,0.0028,0.0502,0.0004,0.0011,0.9455,ISOLATED,CRITICAL,2.37,7,0.8571,v1.7,True,SUCCESS,WIFI,GOOD,0.04
REC-04337,2026-09-12T03:12:20Z,SITE-A,ESP32-A01,PV-A01,SITE-A-SHO-14,17,0.039,27.19,1.06,30.44,31.42,25.52,89.78,1009.95,17830.0,0.089,1.5,POOR,SPIKE_CURRENT,SHORT_CIRCUIT,v1.7,SHORT_CIRCUIT,0.9446,0.0029,0.051,0.0004,0.0012,0.9446,ISOLATED,CRITICAL,2.66,7,0.8571,v1.7,True,SUCCESS,WIFI,GOOD,0.04
REC-04338,2026-09-12T03:12:25Z,SITE-A,ESP32-A01,PV-A01,SITE-A-SHO-14,18,0.027,26.63,0.72,30.54,31.32,25.52,89.66,1009.92,17874.0,0.087,1.0,POOR,OK,SHORT_CIRCUIT,v1.7,SHORT_CIRCUIT,0.9445,0.0027,0.0513,0.0003,0.0011,0.9445,ISOLATED,CRITICAL,3.54,7,0.8571,v1.7,True,SUCCESS,WIFI,GOOD,0.04
REC-04339,2026-09-12T03:12:30Z,SITE-A,ESP32-A01,PV-A01,SITE-A-SHO-14,19,0.028,26.26,0.75,30.39,31.39,25.53,89.61,1009.94,17785.0,0.099,1.0,POOR,OK,SHORT_CIRCUIT,v1.7,SHORT_CIRCUIT,0.945,0.0028,0.0507,0.0004,0.0012,0.945,ISOLATED,CRITICAL,2.12,7,0.8571,v1.7,True,SUCCESS,WIFI,GOOD,0.04
REC-04340,2026-09-12T03:12:35Z,SITE-A,ESP32-A01,PV-A01,SITE-A-SHO-14,20,0.033,27.35,0.9,30.44,31.42,25.53,89.08,1009.88,17901.0,0.091,1.2,POOR,OK,SHORT_CIRCUIT,v1.7,SHORT_CIRCUIT,0.9456,0.0028,0.0501,0.0004,0.0012,0.9456,ISOLATED,CRITICAL,2.52,7,0.8571,v1.7,True,SUCCESS,WIFI,GOOD,0.04
REC-04341,2026-09-12T03:12:40Z,SITE-A,ESP32-A01,PV-A01,SITE-A-SHO-14,21,0.04,27.58,1.1,30.37,31.5,25.52,89.43,1009.95,17663.0,0.09,1.5,POOR,OK,SHORT_CIRCUIT,v1.7,SHORT_CIRCUIT,0.9454,0.0029,0.0502,0.0004,0.0012,0.9454,ISOLATED,CRITICAL,2.14,7,0.8571,v1.7,True,SUCCESS,WIFI,GOOD,0.04
REC-04342,2026-09-12T03:12:45Z,SITE-A,ESP32-A01,PV-A01,SITE-A-SHO-14,22,0.028,26.54,0.73,30.58,31.3,25.54,90.17,1010.03,17727.0,0.084,1.0,POOR,OK,SHORT_CIRCUIT,v1.7,SHORT_CIRCUIT,0.9442,0.0028,0.0516,0.0003,0.0011,0.9442,ISOLATED,CRITICAL,2.39,7,0.8571,v1.7,True,SUCCESS,WIFI,GOOD,0.04
REC-04343,2026-09-12T03:12:50Z,SITE-A,ESP32-A01,PV-A01,SITE-A-SHO-14,23,0.019,27.09,0.53,30.42,31.49,25.54,89.59,1009.97,17801.0,0.088,0.7,POOR,OK,SHORT_CIRCUIT,v1.7,SHORT_CIRCUIT,0.9469,0.0027,0.049,0.0003,0.0011,0.9469,ISOLATED,CRITICAL,3.47,7,0.8571,v1.7,True,SUCCESS,WIFI,GOOD,0.04
REC-04344,2026-09-12T03:12:55Z,SITE-A,ESP32-A01,PV-A01,SITE-A-SHO-14,24,0.029,27.06,0.77,30.45,31.45,25.56,89.41,1009.94,18089.0,0.072,1.1,POOR,OK,SHORT_CIRCUIT,v1.7,SHORT_CIRCUIT,0.9458,0.0028,0.05,0.0003,0.0011,0.9458,ISOLATED,CRITICAL,2.43,7,0.8571,v1.7,True,SUCCESS,WIFI,GOOD,0.04
REC-04345,2026-09-12T03:13:00Z,SITE-A,ESP32-A01,PV-A01,SITE-A-SHO-14,25,0.021,27.51,0.57,30.56,31.55,25.57,89.64,1009.95,17968.0,0.089,0.8,POOR,OK,SHORT_CIRCUIT,v1.7,SHORT_CIRCUIT,0.947,0.0026,0.0489,0.0003,0.0011,0.947,ISOLATED,CRITICAL,2.26,7,0.8571,v1.7,True,SUCCESS,WIFI,GOOD,0.04
REC-04346,2026-09-12T03:13:05Z,SITE-A,ESP32-A01,PV-A01,SITE-A-SHO-14,26,0.027,27.86,0.74,30.56,31.54,25.58,89.17,1009.96,18108.0,0.078,1.0,POOR,OK,SHORT_CIRCUIT,v1.7,SHORT_CIRCUIT,0.9469,0.0027,0.049,0.0003,0.0011,0.9469,ISOLATED,CRITICAL,4.31,7,0.8571,v1.7,True,SUCCESS,WIFI,GOOD,0.04
REC-04347,2026-09-12T03:13:10Z,SITE-A,ESP32-A01,PV-A01,SITE-A-SHO-14,27,0.037,27.4,1.0,30.62,31.43,25.59,89.48,1009.96,18072.0,0.107,1.4,POOR,OK,SHORT_CIRCUIT,v1.7,SHORT_CIRCUIT,0.9451,0.0028,0.0504,0.0004,0.0013,0.9451,ISOLATED,CRITICAL,3.58,7,0.8571,v1.7,True,SUCCESS,WIFI,GOOD,0.04
REC-04348,2026-09-12T03:13:15Z,SITE-A,ESP32-A01,PV-A01,SITE-A-SHO-14,28,0.025,27.27,0.68,30.61,31.35,25.59,89.68,1009.94,18068.0,0.099,0.9,POOR,OK,SHORT_CIRCUIT,v1.7,SHORT_CIRCUIT,0.9462,0.0028,0.0494,0.0004,0.0012,0.9462,ISOLATED,CRITICAL,3.08,7,0.8571,v1.7,True,SUCCESS,WIFI,GOOD,0.04
REC-04349,2026-09-12T03:13:20Z,SITE-A,ESP32-A01,PV-A01,SITE-A-SHO-14,29,0.024,27.56,0.66,30.66,31.47,25.59,89.77,1009.88,18208.0,0.101,0.9,POOR,OK,SHORT_CIRCUIT,v1.7,SHORT_CIRCUIT,0.9465,0.0027,0.0492,0.0004,0.0012,0.9465,ISOLATED,CRITICAL,2.22,7,0.8571,v1.7,True,SUCCESS,WIFI,GOOD,0.04
REC-04350,2026-09-12T03:13:25Z,SITE-A,ESP32-A01,PV-A01,SITE-A-SHO-14,30,0.033,26.85,0.9,30.69,31.32,25.62,89.73,1009.93,18137.0,0.079,1.2,POOR,OK,SHORT_CIRCUIT,v1.7,SHORT_CIRCUIT,0.9444,0.0029,0.0512,0.0003,0.0012,0.9444,ISOLATED,CRITICAL,3.59,7,0.8571,v1.7,True,SUCCESS,WIFI,GOOD,0.04
REC-04351,2026-09-12T03:13:30Z,SITE-A,ESP32-A01,PV-A01,SITE-A-SHO-14,31,0.028,27.75,0.78,30.65,31.43,25.63,90.08,1009.92,18082.0,0.1,1.1,POOR,OK,SHORT_CIRCUIT,v1.7,SHORT_CIRCUIT,0.9468,0.0028,0.0488,0.0004,0.0012,0.9468,ISOLATED,CRITICAL,3.88,7,0.8571,v1.7,True,SUCCESS,WIFI,GOOD,0.04
REC-04352,2026-09-12T03:13:35Z,SITE-A,ESP32-A01,PV-A01,SITE-A-SHO-14,32,0.035,27.82,0.98,30.59,31.35,25.64,89.42,1009.94,18181.0,0.085,1.3,POOR,OK,SHORT_CIRCUIT,v1.7,SHORT_CIRCUIT,0.9463,0.003,0.0491,0.0003,0.0012,0.9463,ISOLATED,CRITICAL,2.2,7,0.8571,v1.7,True,SUCCESS,WIFI,GOOD,0.04
REC-04353,2026-09-12T03:13:40Z,SITE-A,ESP32-A01,PV-A01,SITE-A-SHO-14,33,0.028,27.51,0.76,30.56,31.38,25.65,89.17,1009.92,18365.0,0.095,1.0,POOR,OK,SHORT_CIRCUIT,v1.7,SHORT_CIRCUIT,0.9471,0.0029,0.0483,0.0004,0.0013,0.9471,ISOLATED,CRITICAL,3.21,7,0.8571,v1.7,True,SUCCESS,WIFI,GOOD,0.04
REC-04354,2026-09-12T03:13:45Z,SITE-A,ESP32-A01,PV-A01,SITE-A-SHO-14,34,0.033,27.53,0.9,30.61,31.24,25.65,89.52,1009.96,18233.0,0.09,1.2,POOR,OK,SHORT_CIRCUIT,v1.7,SHORT_CIRCUIT,0.9461,0.003,0.0492,0.0004,0.0013,0.9461,ISOLATED,CRITICAL,2.1,7,0.8571,v1.7,True,SUCCESS,WIFI,GOOD,0.04
REC-04355,2026-09-12T03:13:50Z,SITE-A,ESP32-A01,PV-A01,SITE-A-SHO-14,35,0.022,27.6,0.6,30.39,31.4,25.65,89.45,1010.0,18047.0,0.078,0.8,POOR,OK,SHORT_CIRCUIT,v1.7,SHORT_CIRCUIT,0.9483,0.003,0.0472,0.0003,0.0012,0.9483,ISOLATED,CRITICAL,3.02,7,0.8571,v1.7,True,SUCCESS,WIFI,GOOD,0.04
REC-04356,2026-09-12T03:13:55Z,SITE-A,ESP32-A01,PV-A01,SITE-A-SHO-14,36,0.025,27.63,0.68,30.54,31.42,25.66,89.68,1009.97,18050.0,0.082,0.9,POOR,OK,SHORT_CIRCUIT,v1.7,SHORT_CIRCUIT,0.9475,0.0029,0.048,0.0003,0.0012,0.9475,ISOLATED,CRITICAL,2.61,7,0.8571,v1.7,True,SUCCESS,WIFI,GOOD,0.04
REC-04357,2026-09-12T03:14:00Z,SITE-A,ESP32-A01,PV-A01,SITE-A-SHO-14,37,0.028,27.51,0.78,30.39,31.34,25.66,89.54,1009.94,18084.0,0.099,1.1,POOR,OK,SHORT_CIRCUIT,v1.7,SHORT_CIRCUIT,0.9479,0.003,0.0474,0.0004,0.0013,0.9479,ISOLATED,CRITICAL,3.85,7,0.8571,v1.7,True,SUCCESS,WIFI,GOOD,0.04
REC-04358,2026-09-12T03:14:05Z,SITE-A,ESP32-A01,PV-A01,SITE-A-SHO-14,38,0.027,27.14,0.74,30.47,31.37,25.65,89.67,1009.99,18012.0,0.098,1.0,POOR,OK,SHORT_CIRCUIT,v1.7,SHORT_CIRCUIT,0.9471,0.0029,0.0483,0.0004,0.0013,0.9471,ISOLATED,CRITICAL,3.63,7,0.8571,v1.7,True,SUCCESS,WIFI,GOOD,0.04
REC-04359,2026-09-12T03:14:10Z,SITE-A,ESP32-A01,PV-A01,SITE-A-SHO-14,39,0.042,27.79,1.16,30.43,31.31,25.66,89.65,1009.97,17860.0,0.078,1.6,POOR,OK,SHORT_CIRCUIT,v1.7,SHORT_CIRCUIT,0.9462,0.0033,0.0489,0.0003,0.0013,0.9462,ISOLATED,CRITICAL,4.33,7,0.8571,v1.7,True,SUCCESS,WIFI,GOOD,0.04
REC-04360,2026-09-12T03:14:15Z,SITE-A,ESP32-A01,PV-A01,SITE-A-SHO-14,40,0.034,27.61,0.95,30.61,31.5,25.64,89.89,1009.96,18209.0,0.103,1.3,POOR,OK,SHORT_CIRCUIT,v1.7,SHORT_CIRCUIT,0.9463,0.0029,0.0492,0.0004,0.0013,0.9463,ISOLATED,CRITICAL,2.25,7,0.8571,v1.7,True,SUCCESS,WIFI,GOOD,0.04
REC-04361,2026-09-12T03:14:20Z,SITE-A,ESP32-A01,PV-A01,SITE-A-SHO-14,41,0.034,27.78,0.96,30.63,31.44,25.64,89.62,1009.92,18348.0,0.088,1.3,POOR,OK,SHORT_CIRCUIT,v1.7,SHORT_CIRCUIT,0.9464,0.0029,0.0491,0.0003,0.0012,0.9464,ISOLATED,CRITICAL,2.11,7,0.8571,v1.7,True,SUCCESS,WIFI,GOOD,0.04
REC-04362,2026-09-12T03:14:25Z,SITE-A,ESP32-A01,PV-A01,SITE-A-SHO-14,42,0.029,27.53,0.79,30.67,31.6,25.63,89.68,1009.94,18454.0,0.079,1.1,POOR,OK,SHORT_CIRCUIT,v1.7,SHORT_CIRCUIT,0.9464,0.0027,0.0494,0.0003,0.0012,0.9464,ISOLATED,CRITICAL,4.19,7,0.8571,v1.7,True,SUCCESS,WIFI,GOOD,0.04
REC-04363,2026-09-12T03:14:30Z,SITE-A,ESP32-A01,PV-A01,SITE-A-SHO-14,43,0.022,27.81,0.62,30.48,31.43,25.62,90.16,1009.96,18234.0,0.087,0.8,POOR,OK,SHORT_CIRCUIT,v1.7,SHORT_CIRCUIT,0.9481,0.0028,0.0476,0.0003,0.0012,0.9481,ISOLATED,CRITICAL,3.88,7,0.8571,v1.7,True,SUCCESS,WIFI,GOOD,0.04
REC-04364,2026-09-12T03:14:35Z,SITE-A,ESP32-A01,PV-A01,SITE-A-SHO-14,44,0.038,28.24,1.07,30.52,31.45,25.61,89.13,1010.01,18381.0,0.078,1.4,POOR,OK,SHORT_CIRCUIT,v1.7,SHORT_CIRCUIT,0.9467,0.0029,0.0488,0.0003,0.0012,0.9467,ISOLATED,CRITICAL,3.87,7,0.8571,v1.7,True,SUCCESS,WIFI,GOOD,0.04
REC-04365,2026-09-12T03:14:40Z,SITE-A,ESP32-A01,PV-A01,SITE-A-SHO-14,45,0.021,27.8,0.59,30.66,31.39,25.61,89.68,1009.98,18344.0,0.085,0.8,POOR,OK,SHORT_CIRCUIT,v1.7,SHORT_CIRCUIT,0.9472,0.0027,0.0486,0.0003,0.0012,0.9472,ISOLATED,CRITICAL,3.0,7,0.8571,v1.7,True,SUCCESS,WIFI,GOOD,0.04
REC-04366,2026-09-12T03:14:45Z,SITE-A,ESP32-A01,PV-A01,SITE-A-SHO-14,46,0.027,27.15,0.72,30.52,31.51,25.62,89.59,1009.96,18213.0,0.087,1.0,POOR,OK,SHORT_CIRCUIT,v1.7,SHORT_CIRCUIT,0.9467,0.0028,0.049,0.0003,0.0012,0.9467,ISOLATED,CRITICAL,2.37,7,0.8571,v1.7,True,SUCCESS,WIFI,GOOD,0.04
REC-04367,2026-09-12T03:14:50Z,SITE-A,ESP32-A01,PV-A01,SITE-A-SHO-14,47,0.032,27.53,0.88,30.5,31.37,25.62,89.64,1009.95,18029.0,0.097,1.2,POOR,OK,SHORT_CIRCUIT,v1.7,SHORT_CIRCUIT,0.9466,0.0029,0.0488,0.0004,0.0013,0.9466,ISOLATED,CRITICAL,3.21,7,0.8571,v1.7,True,SUCCESS,WIFI,GOOD,0.04
REC-04368,2026-09-12T03:14:55Z,SITE-A,ESP32-A01,PV-A01,SITE-A-SHO-14,48,0.042,27.59,1.16,30.63,31.56,25.61,89.8,1009.96,18450.0,0.1,1.6,POOR,OK,SHORT_CIRCUIT,v1.7,SHORT_CIRCUIT,0.9454,0.0028,0.0502,0.0004,0.0013,0.9454,ISOLATED,CRITICAL,4.69,7,0.8571,v1.7,True,SUCCESS,WIFI,GOOD,0.04
REC-04369,2026-09-12T03:15:00Z,SITE-A,ESP32-A01,PV-A01,SITE-A-SHO-14,49,0.038,27.64,1.05,30.64,31.59,25.61,89.37,1009.96,18066.0,0.103,1.4,POOR,OK,SHORT_CIRCUIT,v1.7,SHORT_CIRCUIT,0.9456,0.0028,0.05,0.0004,0.0012,0.9456,ISOLATED,CRITICAL,4.45,7,0.8571,v1.7,True,SUCCESS,WIFI,GOOD,0.04
REC-04370,2026-09-12T03:15:05Z,SITE-A,ESP32-A01,PV-A01,SITE-A-SHO-14,50,0.032,27.46,0.89,30.69,31.43,25.61,89.45,1009.99,18297.0,0.1,1.2,POOR,OK,SHORT_CIRCUIT,v1.7,SHORT_CIRCUIT,0.9458,0.0028,0.0499,0.0004,0.0012,0.9458,ISOLATED,CRITICAL,4.42,7,0.8571,v1.7,True,SUCCESS,WIFI,GOOD,0.04
REC-04371,2026-09-12T03:15:10Z,SITE-A,ESP32-A01,PV-A01,SITE-A-SHO-14,51,0.04,27.77,1.12,30.65,31.45,25.62,89.84,1009.91,18180.0,0.073,1.5,POOR,OK,SHORT_CIRCUIT,v1.7,SHORT_CIRCUIT,0.9452,0.0029,0.0504,0.0003,0.0012,0.9452,ISOLATED,CRITICAL,2.62,7,0.8571,v1.7,True,SUCCESS,WIFI,GOOD,0.04
REC-04372,2026-09-12T03:15:15Z,SITE-A,ESP32-A01,PV-A01,SITE-A-SHO-14,52,0.027,27.89,0.75,30.57,31.4,25.63,89.58,1009.94,18214.0,0.078,1.0,POOR,OK,SHORT_CIRCUIT,v1.7,SHORT_CIRCUIT,0.9472,0.0029,0.0484,0.0003,0.0012,0.9472,ISOLATED,CRITICAL,3.81,7,0.8571,v1.7,True,SUCCESS,WIFI,GOOD,0.04
REC-04373,2026-09-12T03:15:20Z,SITE-A,ESP32-A01,PV-A01,SITE-A-SHO-14,53,0.031,27.49,0.87,30.71,31.34,25.64,89.33,1009.96,18219.0,0.103,1.2,POOR,OK,SHORT_CIRCUIT,v1.7,SHORT_CIRCUIT,0.9459,0.0029,0.0496,0.0004,0.0013,0.9459,ISOLATED,CRITICAL,3.13,7,0.8571,v1.7,True,SUCCESS,WIFI,GOOD,0.04
REC-04374,2026-09-12T03:15:25Z,SITE-A,ESP32-A01,PV-A01,SITE-A-SHO-14,54,0.036,27.94,1.02,30.68,31.48,25.65,89.86,1009.98,18097.0,0.087,1.4,POOR,OK,SHORT_CIRCUIT,v1.7,SHORT_CIRCUIT,0.9462,0.0029,0.0493,0.0003,0.0012,0.9462,ISOLATED,CRITICAL,2.75,7,0.8571,v1.7,True,SUCCESS,WIFI,GOOD,0.04
REC-04375,2026-09-12T03:15:30Z,SITE-A,ESP32-A01,PV-A01,SITE-A-SHO-14,55,0.022,27.47,0.61,30.62,31.47,25.65,89.81,1010.0,18035.0,0.091,0.8,POOR,OK,SHORT_CIRCUIT,v1.7,SHORT_CIRCUIT,0.9473,0.0028,0.0483,0.0003,0.0012,0.9473,ISOLATED,CRITICAL,3.21,7,0.8571,v1.7,True,SUCCESS,WIFI,GOOD,0.04
REC-04376,2026-09-12T03:15:35Z,SITE-A,ESP32-A01,PV-A01,SITE-A-SHO-14,56,0.031,27.38,0.85,30.68,31.51,25.64,89.67,1009.9,18178.0,0.098,1.2,POOR,OK,SHORT_CIRCUIT,v1.7,SHORT_CIRCUIT,0.9461,0.0028,0.0495,0.0004,0.0012,0.9461,ISOLATED,CRITICAL,4.2,7,0.8571,v1.7,True,SUCCESS,WIFI,GOOD,0.04
REC-04377,2026-09-12T03:15:40Z,SITE-A,ESP32-A01,PV-A01,SITE-A-SHO-14,57,0.032,27.62,0.87,30.61,31.46,25.64,89.74,1009.92,18402.0,0.105,1.2,POOR,OK,SHORT_CIRCUIT,v1.7,SHORT_CIRCUIT,0.9464,0.0029,0.049,0.0004,0.0013,0.9464,ISOLATED,CRITICAL,3.73,7,0.8571,v1.7,True,SUCCESS,WIFI,GOOD,0.04
REC-04378,2026-09-12T03:15:45Z,SITE-A,ESP32-A01,PV-A01,SITE-A-SHO-14,58,0.031,27.1,0.85,30.55,31.54,25.65,89.79,1009.94,18024.0,0.097,1.2,POOR,OK,SHORT_CIRCUIT,v1.7,SHORT_CIRCUIT,0.9464,0.0028,0.0491,0.0004,0.0013,0.9464,ISOLATED,CRITICAL,3.37,7,0.8571,v1.7,True,SUCCESS,WIFI,GOOD,0.04
REC-04379,2026-09-12T03:15:50Z,SITE-A,ESP32-A01,PV-A01,SITE-A-SHO-14,59,0.024,27.7,0.67,30.61,31.45,25.66,89.59,1009.9,18487.0,0.083,0.9,POOR,OK,SHORT_CIRCUIT,v1.7,SHORT_CIRCUIT,0.9476,0.0028,0.048,0.0003,0.0012,0.9476,ISOLATED,CRITICAL,4.05,7,0.8571,v1.7,True,SUCCESS,WIFI,GOOD,0.04
REC-04380,2026-09-12T03:15:55Z,SITE-A,ESP32-A01,PV-A01,SITE-A-SHO-14,60,0.032,27.77,0.88,30.78,31.46,25.67,89.71,1009.99,18367.0,0.08,1.2,POOR,OK,SHORT_CIRCUIT,v1.7,SHORT_CIRCUIT,0.9461,0.0028,0.0495,0.0003,0.0012,0.9461,ISOLATED,CRITICAL,3.97,7,0.8571,v1.7,True,SUCCESS,WIFI,GOOD,0.04
REC-04381,2026-09-12T03:46:00Z,SITE-C,ESP32-C01,PV-C01,SITE-C-OPE-02,1,3.247,0.23,0.75,48.26,47.96,28.94,77.17,1010.45,68313.0,0.217,0.2,POOR,OK,OPEN_CIRCUIT,v1.7,OPEN_CIRCUIT,0.9717,0.0004,0.0261,0.0006,0.9717,0.0013,ISOLATED,CRITICAL,2.69,7,0.8571,v1.7,True,SUCCESS,LORA,GOOD,0.35
REC-04382,2026-09-12T03:46:05Z,SITE-C,ESP32-C01,PV-C01,SITE-C-OPE-02,2,3.254,0.08,0.28,48.29,47.9,28.94,77.04,1010.34,68478.0,0.203,0.1,POOR,OK,OPEN_CIRCUIT,v1.7,OPEN_CIRCUIT,0.9706,0.0004,0.0273,0.0005,0.9706,0.0012,ISOLATED,CRITICAL,2.58,7,0.8571,v1.7,True,SUCCESS,LORA,GOOD,0.35
REC-04383,2026-09-12T03:46:10Z,SITE-C,ESP32-C01,PV-C01,SITE-C-OPE-02,3,3.252,0.0,0.0,48.51,48.06,28.95,77.31,1010.4,68750.0,0.201,0.0,POOR,TEMP2_MISSING_-999,OPEN_CIRCUIT,v1.7,OPEN_CIRCUIT,0.9699,0.0003,0.028,0.0005,0.9699,0.0012,ISOLATED,CRITICAL,4.7,7,0.8571,v1.7,True,SUCCESS,LORA,GOOD,0.35
REC-04384,2026-09-12T03:46:15Z,SITE-C,ESP32-C01,PV-C01,SITE-C-OPE-02,4,3.253,0.0,0.0,48.42,48.24,28.95,76.28,1010.45,68931.0,0.193,0.0,POOR,OK,OPEN_CIRCUIT,v1.7,OPEN_CIRCUIT,0.9678,0.0003,0.0301,0.0005,0.9678,0.0013,ISOLATED,CRITICAL,2.3,7,0.8571,v1.7,True,SUCCESS,LORA,GOOD,0.35
REC-04385,2026-09-12T03:46:20Z,SITE-C,ESP32-C01,PV-C01,SITE-C-OPE-02,5,3.25,0.22,0.7,48.41,48.03,28.96,76.99,1010.42,68492.0,0.199,0.2,POOR,OK,OPEN_CIRCUIT,v1.7,OPEN_CIRCUIT,0.9683,0.0004,0.0296,0.0005,0.9683,0.0013,ISOLATED,CRITICAL,2.91,7,0.8571,v1.7,True,SUCCESS,LORA,GOOD,0.35
REC-04386,2026-09-12T03:46:25Z,SITE-C,ESP32-C01,PV-C01,SITE-C-OPE-02,6,3.248,0.5,1.63,48.36,48.06,28.96,76.93,1010.42,68652.0,0.195,0.5,POOR,OK,OPEN_CIRCUIT,v1.7,OPEN_CIRCUIT,0.9661,0.0004,0.0316,0.0005,0.9661,0.0013,ISOLATED,CRITICAL,3.33,7,0.8571,v1.7,True,SUCCESS,LORA,GOOD,0.35
REC-04387,2026-09-12T03:46:30Z,SITE-C,ESP32-C01,PV-C01,SITE-C-OPE-02,7,3.246,0.14,0.45,48.48,48.06,28.95,77.14,1010.36,68394.0,0.192,0.1,POOR,OK,OPEN_CIRCUIT,v1.7,OPEN_CIRCUIT,0.9667,0.0004,0.0311,0.0005,0.9667,0.0013,ISOLATED,CRITICAL,2.61,7,0.8571,v1.7,True,SUCCESS,LORA,GOOD,0.35
REC-04388,2026-09-12T03:46:35Z,SITE-C,ESP32-C01,PV-C01,SITE-C-OPE-02,8,3.254,0.48,1.55,48.29,47.8,28.95,76.91,1010.43,68544.0,0.206,0.5,POOR,OK,OPEN_CIRCUIT,v1.7,OPEN_CIRCUIT,0.97,0.0004,0.0278,0.0005,0.97,0.0013,ISOLATED,CRITICAL,2.45,7,0.8571,v1.7,True,SUCCESS,LORA,GOOD,0.35
REC-04389,2026-09-12T03:46:40Z,SITE-C,ESP32-C01,PV-C01,SITE-C-OPE-02,9,3.25,0.0,0.0,48.42,48.05,28.94,77.26,1010.44,68819.0,0.199,0.0,POOR,OK,OPEN_CIRCUIT,v1.7,OPEN_CIRCUIT,0.9697,0.0003,0.0283,0.0005,0.9697,0.0012,ISOLATED,CRITICAL,2.85,7,0.8571,v1.7,True,SUCCESS,LORA,GOOD,0.35
REC-04390,2026-09-12T03:46:45Z,SITE-C,ESP32-C01,PV-C01,SITE-C-OPE-02,10,3.245,0.25,0.8,48.36,48.15,28.94,77.32,1010.42,68696.0,0.211,0.3,POOR,OK,OPEN_CIRCUIT,v1.7,OPEN_CIRCUIT,0.9701,0.0004,0.0278,0.0005,0.9701,0.0013,ISOLATED,CRITICAL,2.85,7,0.8571,v1.7,True,SUCCESS,LORA,GOOD,0.35
REC-04391,2026-09-12T03:46:50Z,SITE-C,ESP32-C01,PV-C01,SITE-C-OPE-02,11,3.251,0.3,0.99,48.55,47.95,28.94,76.68,1010.39,68978.0,0.2,0.3,POOR,OK,OPEN_CIRCUIT,v1.7,OPEN_CIRCUIT,0.9693,0.0004,0.0286,0.0005,0.9693,0.0012,ISOLATED,CRITICAL,2.69,7,0.8571,v1.7,True,SUCCESS,LORA,GOOD,0.35
REC-04392,2026-09-12T03:46:55Z,SITE-C,ESP32-C01,PV-C01,SITE-C-OPE-02,12,3.267,0.0,0.0,48.67,48.19,28.96,77.17,1010.42,69312.0,0.205,0.0,POOR,OK,OPEN_CIRCUIT,v1.7,OPEN_CIRCUIT,0.9715,0.0003,0.0266,0.0005,0.9715,0.0012,ISOLATED,CRITICAL,2.82,7,0.8571,v1.7,True,SUCCESS,LORA,GOOD,0.35
REC-04393,2026-09-12T03:47:00Z,SITE-C,ESP32-C01,PV-C01,SITE-C-OPE-02,13,3.249,0.36,1.18,48.63,48.18,28.96,76.72,1010.38,69186.0,0.205,0.4,POOR,OK,OPEN_CIRCUIT,v1.7,OPEN_CIRCUIT,0.9689,0.0004,0.029,0.0005,0.9689,0.0013,ISOLATED,CRITICAL,4.17,7,0.8571,v1.7,True,SUCCESS,LORA,GOOD,0.35
REC-04394,2026-09-12T03:47:05Z,SITE-C,ESP32-C01,PV-C01,SITE-C-OPE-02,14,3.259,0.19,0.61,48.54,48.07,28.95,77.24,1010.37,69219.0,0.208,0.2,POOR,OK,OPEN_CIRCUIT,v1.7,OPEN_CIRCUIT,0.9714,0.0003,0.0266,0.0005,0.9714,0.0012,ISOLATED,CRITICAL,3.89,7,0.8571,v1.7,True,SUCCESS,LORA,GOOD,0.35
REC-04395,2026-09-12T03:47:10Z,SITE-C,ESP32-C01,PV-C01,SITE-C-OPE-02,15,3.237,0.03,0.1,48.39,48.06,28.97,76.96,1010.43,69084.0,0.196,0.0,POOR,OK,OPEN_CIRCUIT,v1.7,OPEN_CIRCUIT,0.9682,0.0004,0.0297,0.0005,0.9682,0.0013,ISOLATED,CRITICAL,4.06,7,0.8571,v1.7,True,SUCCESS,LORA,GOOD,0.35
REC-04396,2026-09-12T03:47:15Z,SITE-C,ESP32-C01,PV-C01,SITE-C-OPE-02,16,3.249,0.0,0.0,48.43,48.17,28.96,76.86,1010.44,68506.0,0.213,0.0,POOR,OK,OPEN_CIRCUIT,v1.7,OPEN_CIRCUIT,0.9711,0.0003,0.0267,0.0005,0.9711,0.0013,ISOLATED,CRITICAL,4.67,7,0.8571,v1.7,True,SUCCESS,LORA,GOOD,0.35
REC-04397,2026-09-12T03:47:20Z,SITE-C,ESP32-C01,PV-C01,SITE-C-OPE-02,17,3.255,0.0,0.0,48.34,47.73,28.96,76.59,1010.39,68504.0,0.192,0.0,POOR,OK,OPEN_CIRCUIT,v1.7,OPEN_CIRCUIT,0.9695,0.0004,0.0285,0.0005,0.9695,0.0012,ISOLATED,CRITICAL,3.81,7,0.8571,v1.7,True,SUCCESS,LORA,GOOD,0.35
REC-04398,2026-09-12T03:47:25Z,SITE-C,ESP32-C01,PV-C01,SITE-C-OPE-02,18,3.251,0.22,0.72,48.51,48.08,28.97,77.07,1010.38,68674.0,0.204,0.2,POOR,OK,OPEN_CIRCUIT,v1.7,OPEN_CIRCUIT,0.9692,0.0004,0.0287,0.0005,0.9692,0.0013,ISOLATED,CRITICAL,2.31,7,0.8571,v1.7,True,SUCCESS,LORA,GOOD,0.35
REC-04399,2026-09-12T03:47:30Z,SITE-C,ESP32-C01,PV-C01,SITE-C-OPE-02,19,3.247,0.1,0.32,48.43,48.19,28.97,76.75,1010.38,69014.0,0.192,0.1,POOR,OK,OPEN_CIRCUIT,v1.7,OPEN_CIRCUIT,0.9669,0.0004,0.0309,0.0005,0.9669,0.0013,ISOLATED,CRITICAL,2.84,7,0.8571,v1.7,True,SUCCESS,LORA,GOOD,0.35
REC-04400,2026-09-12T03:47:35Z,SITE-C,ESP32-C01,PV-C01,SITE-C-OPE-02,20,3.251,0.34,1.1,48.38,48.04,28.96,76.65,1010.42,68583.0,0.203,0.4,POOR,OK,OPEN_CIRCUIT,v1.7,OPEN_CIRCUIT,0.9687,0.0004,0.0292,0.0005,0.9687,0.0013,ISOLATED,CRITICAL,4.59,7,0.8571,v1.7,True,SUCCESS,LORA,GOOD,0.35
REC-04401,2026-09-12T03:47:40Z,SITE-C,ESP32-C01,PV-C01,SITE-C-OPE-02,21,3.256,0.06,0.2,48.57,48.14,28.95,77.16,1010.38,68877.0,0.213,0.1,POOR,OK,OPEN_CIRCUIT,v1.7,OPEN_CIRCUIT,0.9719,0.0003,0.0261,0.0005,0.9719,0.0012,ISOLATED,CRITICAL,3.57,7,0.8571,v1.7,True,SUCCESS,LORA,GOOD,0.35
REC-04402,2026-09-12T03:47:45Z,SITE-C,ESP32-C01,PV-C01,SITE-C-OPE-02,22,3.262,0.14,0.44,48.5,48.03,28.96,77.39,1010.45,68921.0,0.21,0.1,POOR,OK,OPEN_CIRCUIT,v1.7,OPEN_CIRCUIT,0.9718,0.0003,0.0261,0.0005,0.9718,0.0012,ISOLATED,CRITICAL,4.29,7,0.8571,v1.7,True,SUCCESS,LORA,GOOD,0.35
REC-04403,2026-09-12T03:47:50Z,SITE-C,ESP32-C01,PV-C01,SITE-C-OPE-02,23,3.257,0.04,0.12,48.43,47.89,28.97,77.22,1010.4,68443.0,0.215,0.0,POOR,OK,OPEN_CIRCUIT,v1.7,OPEN_CIRCUIT,0.9728,0.0003,0.0252,0.0005,0.9728,0.0012,ISOLATED,CRITICAL,3.67,7,0.8571,v1.7,True,SUCCESS,LORA,GOOD,0.35
REC-04404,2026-09-12T03:47:55Z,SITE-C,ESP32-C01,PV-C01,SITE-C-OPE-02,24,3.249,0.36,1.16,48.37,48.04,28.98,76.67,1010.42,69001.0,0.201,0.4,POOR,OK,OPEN_CIRCUIT,v1.7,OPEN_CIRCUIT,0.9684,0.0004,0.0295,0.0005,0.9684,0.0013,ISOLATED,CRITICAL,2.42,7,0.8571,v1.7,True,SUCCESS,LORA,GOOD,0.35
REC-04405,2026-09-12T03:48:00Z,SITE-C,ESP32-C01,PV-C01,SITE-C-OPE-02,25,3.25,0.33,1.07,48.38,48.06,28.97,77.06,1010.39,69313.0,0.213,0.3,POOR,OK,OPEN_CIRCUIT,v1.7,OPEN_CIRCUIT,0.9712,0.0003,0.0267,0.0005,0.9712,0.0012,ISOLATED,CRITICAL,4.76,7,0.8571,v1.7,True,SUCCESS,LORA,GOOD,0.35
REC-04406,2026-09-12T03:48:05Z,SITE-C,ESP32-C01,PV-C01,SITE-C-OPE-02,26,3.249,0.24,0.77,48.61,48.1,28.97,77.3,1010.43,69159.0,0.197,0.2,POOR,OK,OPEN_CIRCUIT,v1.7,OPEN_CIRCUIT,0.9681,0.0004,0.0298,0.0005,0.9681,0.0012,ISOLATED,CRITICAL,2.25,7,0.8571,v1.7,True,SUCCESS,LORA,GOOD,0.35
REC-04407,2026-09-12T03:48:10Z,SITE-C,ESP32-C01,PV-C01,SITE-C-OPE-02,27,3.246,0.05,0.17,48.71,48.2,28.99,77.06,1010.43,69325.0,0.199,0.1,POOR,OK,OPEN_CIRCUIT,v1.7,OPEN_CIRCUIT,0.9686,0.0003,0.0293,0.0005,0.9686,0.0012,ISOLATED,CRITICAL,3.99,7,0.8571,v1.7,True,SUCCESS,LORA,GOOD,0.35
REC-04408,2026-09-12T03:48:15Z,SITE-C,ESP32-C01,PV-C01,SITE-C-OPE-02,28,3.25,0.0,0.0,48.4,48.06,28.98,77.2,1010.36,69083.0,0.205,0.0,POOR,OK,OPEN_CIRCUIT,v1.7,OPEN_CIRCUIT,0.9707,0.0003,0.0273,0.0005,0.9707,0.0012,ISOLATED,CRITICAL,3.77,7,0.8571,v1.7,True,SUCCESS,LORA,GOOD,0.35
REC-04409,2026-09-12T03:48:20Z,SITE-C,ESP32-C01,PV-C01,SITE-C-OPE-02,29,3.249,0.0,0.0,48.45,48.05,28.97,76.97,1010.39,68761.0,0.213,0.0,POOR,OK,OPEN_CIRCUIT,v1.7,OPEN_CIRCUIT,0.9718,0.0003,0.0261,0.0005,0.9718,0.0012,ISOLATED,CRITICAL,4.28,7,0.8571,v1.7,True,SUCCESS,LORA,GOOD,0.35
REC-04410,2026-09-12T03:48:25Z,SITE-C,ESP32-C01,PV-C01,SITE-C-OPE-02,30,3.244,0.03,0.11,48.48,48.09,28.98,76.98,1010.41,69036.0,0.199,0.0,POOR,OK,OPEN_CIRCUIT,v1.7,OPEN_CIRCUIT,0.9689,0.0003,0.0291,0.0005,0.9689,0.0012,ISOLATED,CRITICAL,3.3,7,0.8571,v1.7,True,SUCCESS,LORA,GOOD,0.35
REC-04411,2026-09-12T03:48:30Z,SITE-C,ESP32-C01,PV-C01,SITE-C-OPE-02,31,3.254,0.38,1.24,48.6,48.22,28.99,76.9,1010.39,69426.0,0.211,0.4,POOR,OK,OPEN_CIRCUIT,v1.7,OPEN_CIRCUIT,0.9701,0.0003,0.0278,0.0005,0.9701,0.0012,ISOLATED,CRITICAL,4.26,7,0.8571,v1.7,True,SUCCESS,LORA,GOOD,0.35
REC-04412,2026-09-12T03:48:35Z,SITE-C,ESP32-C01,PV-C01,SITE-C-OPE-02,32,3.252,0.12,0.39,48.69,48.15,28.99,77.28,1010.44,69467.0,0.206,0.1,POOR,OK,OPEN_CIRCUIT,v1.7,OPEN_CIRCUIT,0.9705,0.0003,0.0275,0.0005,0.9705,0.0012,ISOLATED,CRITICAL,3.51,7,0.8571,v1.7,True,SUCCESS,LORA,GOOD,0.35
REC-04413,2026-09-12T03:48:40Z,SITE-C,ESP32-C01,PV-C01,SITE-C-OPE-02,33,3.247,0.02,0.05,48.64,48.2,29.0,77.3,1010.39,69548.0,0.207,0.0,POOR,OK,OPEN_CIRCUIT,v1.7,OPEN_CIRCUIT,0.9706,0.0003,0.0274,0.0005,0.9706,0.0012,ISOLATED,CRITICAL,3.84,7,0.8571,v1.7,True,SUCCESS,LORA,GOOD,0.35
REC-04414,2026-09-12T03:48:45Z,SITE-C,ESP32-C01,PV-C01,SITE-C-OPE-02,34,3.25,0.0,0.0,48.67,48.24,29.02,76.93,1010.43,70291.0,0.195,0.0,POOR,OK,OPEN_CIRCUIT,v1.7,OPEN_CIRCUIT,0.969,0.0003,0.0291,0.0004,0.969,0.0012,ISOLATED,CRITICAL,3.52,7,0.8571,v1.7,True,SUCCESS,LORA,GOOD,0.35
REC-04415,2026-09-12T03:48:50Z,SITE-C,ESP32-C01,PV-C01,SITE-C-OPE-02,35,3.245,0.0,0.0,48.53,48.33,29.0,77.33,1010.42,69561.0,0.2,0.0,POOR,OK,OPEN_CIRCUIT,v1.7,OPEN_CIRCUIT,0.9686,0.0003,0.0294,0.0005,0.9686,0.0012,ISOLATED,CRITICAL,3.15,7,0.8571,v1.7,True,SUCCESS,LORA,GOOD,0.35
REC-04416,2026-09-12T03:48:55Z,SITE-C,ESP32-C01,PV-C01,SITE-C-OPE-02,36,3.247,0.0,0.0,48.64,48.39,28.99,76.67,1010.41,69979.0,0.203,0.0,POOR,OK,OPEN_CIRCUIT,v1.7,OPEN_CIRCUIT,0.9696,0.0003,0.0284,0.0005,0.9696,0.0012,ISOLATED,CRITICAL,2.32,7,0.8571,v1.7,True,SUCCESS,LORA,GOOD,0.35
REC-04417,2026-09-12T03:49:00Z,SITE-C,ESP32-C01,PV-C01,SITE-C-OPE-02,37,3.254,0.1,0.31,48.74,48.3,28.99,77.05,1010.43,69425.0,0.207,0.1,POOR,OK,OPEN_CIRCUIT,v1.7,OPEN_CIRCUIT,0.9701,0.0003,0.0278,0.0005,0.9701,0.0012,ISOLATED,CRITICAL,4.01,7,0.8571,v1.7,True,SUCCESS,LORA,GOOD,0.35
REC-04418,2026-09-12T03:49:05Z,SITE-C,ESP32-C01,PV-C01,SITE-C-OPE-02,38,3.252,0.0,0.0,48.68,48.29,29.0,76.69,1010.36,69912.0,0.196,0.0,POOR,OK,OPEN_CIRCUIT,v1.7,OPEN_CIRCUIT,0.9688,0.0003,0.0292,0.0005,0.9688,0.0012,ISOLATED,CRITICAL,3.57,7,0.8571,v1.7,True,SUCCESS,LORA,GOOD,0.35
REC-04419,2026-09-12T03:49:10Z,SITE-C,ESP32-C01,PV-C01,SITE-C-OPE-02,39,3.248,0.0,0.0,48.73,48.33,29.01,76.76,1010.41,69718.0,0.191,0.0,POOR,OK,OPEN_CIRCUIT,v1.7,OPEN_CIRCUIT,0.967,0.0003,0.031,0.0005,0.967,0.0012,ISOLATED,CRITICAL,3.56,7,0.8571,v1.7,True,SUCCESS,LORA,GOOD,0.35
REC-04420,2026-09-12T03:49:15Z,SITE-C,ESP32-C01,PV-C01,SITE-C-OPE-02,40,3.252,0.05,0.15,48.64,48.29,29.02,76.69,1010.39,69786.0,0.183,0.0,POOR,OK,OPEN_CIRCUIT,v1.7,OPEN_CIRCUIT,0.9656,0.0003,0.0324,0.0004,0.9656,0.0012,ISOLATED,CRITICAL,3.05,7,0.8571,v1.7,True,SUCCESS,LORA,GOOD,0.35
REC-04421,2026-09-12T03:49:20Z,SITE-C,ESP32-C01,PV-C01,SITE-C-OPE-02,41,3.25,0.19,0.63,48.69,48.37,29.01,76.9,1010.41,69795.0,0.211,0.2,POOR,OK,OPEN_CIRCUIT,v1.7,OPEN_CIRCUIT,0.9702,0.0003,0.0277,0.0005,0.9702,0.0012,ISOLATED,CRITICAL,2.45,7,0.8571,v1.7,True,SUCCESS,LORA,GOOD,0.35
REC-04422,2026-09-12T03:49:25Z,SITE-C,ESP32-C01,PV-C01,SITE-C-OPE-02,42,3.245,0.13,0.43,48.74,48.4,29.01,77.29,1010.4,70435.0,0.213,0.1,POOR,OK,OPEN_CIRCUIT,v1.7,OPEN_CIRCUIT,0.9712,0.0003,0.0269,0.0005,0.9712,0.0012,ISOLATED,CRITICAL,2.71,7,0.8571,v1.7,True,SUCCESS,LORA,GOOD,0.35
REC-04423,2026-09-12T03:49:30Z,SITE-C,ESP32-C01,PV-C01,SITE-C-OPE-02,43,3.249,0.0,0.0,48.77,48.31,28.99,77.08,1010.41,70060.0,0.184,0.0,POOR,OK,OPEN_CIRCUIT,v1.7,OPEN_CIRCUIT,0.9664,0.0003,0.0317,0.0004,0.9664,0.0012,ISOLATED,CRITICAL,4.27,7,0.8571,v1.7,True,SUCCESS,LORA,GOOD,0.35
REC-04424,2026-09-12T03:49:35Z,SITE-C,ESP32-C01,PV-C01,SITE-C-OPE-02,44,3.252,0.0,0.0,48.94,48.37,29.01,76.92,1010.41,70599.0,0.205,0.0,POOR,OK,OPEN_CIRCUIT,v1.7,OPEN_CIRCUIT,0.9709,0.0003,0.0272,0.0004,0.9709,0.0011,ISOLATED,CRITICAL,2.12,7,0.8571,v1.7,True,SUCCESS,LORA,GOOD,0.35
REC-04425,2026-09-12T03:49:40Z,SITE-C,ESP32-C01,PV-C01,SITE-C-OPE-02,45,3.251,0.13,0.43,48.74,48.52,29.02,77.05,1010.41,70332.0,0.2,0.1,POOR,OK,OPEN_CIRCUIT,v1.7,OPEN_CIRCUIT,0.9683,0.0003,0.0298,0.0005,0.9683,0.0012,ISOLATED,CRITICAL,2.46,7,0.8571,v1.7,True,SUCCESS,LORA,GOOD,0.35
REC-04426,2026-09-12T03:49:45Z,SITE-C,ESP32-C01,PV-C01,SITE-C-OPE-02,46,3.241,0.2,0.64,48.83,48.48,29.02,76.48,1010.42,70533.0,0.216,0.2,POOR,OK,OPEN_CIRCUIT,v1.7,OPEN_CIRCUIT,0.9709,0.0003,0.0271,0.0005,0.9709,0.0012,ISOLATED,CRITICAL,3.52,7,0.8571,v1.7,True,SUCCESS,LORA,GOOD,0.35
REC-04427,2026-09-12T03:49:50Z,SITE-C,ESP32-C01,PV-C01,SITE-C-OPE-02,47,3.25,0.14,0.44,48.85,48.63,29.0,77.27,1010.43,70550.0,0.202,0.1,POOR,OK,OPEN_CIRCUIT,v1.7,OPEN_CIRCUIT,0.9685,0.0003,0.0295,0.0005,0.9685,0.0012,ISOLATED,CRITICAL,4.31,7,0.8571,v1.7,True,SUCCESS,LORA,GOOD,0.35
REC-04428,2026-09-12T03:49:55Z,SITE-C,ESP32-C01,PV-C01,SITE-C-OPE-02,48,3.249,0.39,1.25,48.81,48.5,29.01,76.43,1010.37,71022.0,0.209,0.4,POOR,OK,OPEN_CIRCUIT,v1.7,OPEN_CIRCUIT,0.9699,0.0003,0.0282,0.0005,0.9699,0.0012,ISOLATED,CRITICAL,2.27,7,0.8571,v1.7,True,SUCCESS,LORA,GOOD,0.35
REC-04429,2026-09-12T03:50:00Z,SITE-C,ESP32-C01,PV-C01,SITE-C-OPE-02,49,3.24,0.0,0.0,49.01,48.53,29.02,76.89,1010.43,70933.0,0.2,0.0,POOR,OK,OPEN_CIRCUIT,v1.7,OPEN_CIRCUIT,0.9688,0.0003,0.0293,0.0004,0.9688,0.0011,ISOLATED,CRITICAL,3.13,7,0.8571,v1.7,True,SUCCESS,LORA,GOOD,1.04
REC-04430,2026-09-12T03:50:05Z,SITE-C,ESP32-C01,PV-C01,SITE-C-OPE-02,50,3.245,0.2,0.65,49.09,48.46,29.02,77.08,1010.36,71092.0,0.197,0.2,POOR,OK,OPEN_CIRCUIT,v1.7,OPEN_CIRCUIT,0.9682,0.0003,0.0299,0.0004,0.9682,0.0011,ISOLATED,CRITICAL,2.35,7,0.8571,v1.7,True,SUCCESS,LORA,GOOD,1.04
REC-04431,2026-09-12T03:50:10Z,SITE-C,ESP32-C01,PV-C01,SITE-C-OPE-02,51,3.252,0.76,2.48,48.97,48.58,29.04,77.23,1010.33,71202.0,0.212,0.8,POOR,OK,OPEN_CIRCUIT,v1.7,OPEN_CIRCUIT,0.9686,0.0003,0.0293,0.0005,0.9686,0.0012,ISOLATED,CRITICAL,2.11,7,0.8571,v1.7,True,SUCCESS,LORA,GOOD,1.04
REC-04432,2026-09-12T03:50:15Z,SITE-C,ESP32-C01,PV-C01,SITE-C-OPE-02,52,3.256,0.1,0.33,48.9,48.45,29.04,77.17,1010.47,70862.0,0.215,0.1,POOR,OK,OPEN_CIRCUIT,v1.7,OPEN_CIRCUIT,0.9722,0.0003,0.0259,0.0005,0.9722,0.0011,ISOLATED,CRITICAL,3.18,7,0.8571,v1.7,True,SUCCESS,LORA,GOOD,1.04
REC-04433,2026-09-12T03:50:20Z,SITE-C,ESP32-C01,PV-C01,SITE-C-OPE-02,53,3.241,0.04,0.13,49.02,48.45,29.06,77.09,1010.38,70921.0,0.191,0.0,POOR,TEMP1_SENTINEL_-127,OPEN_CIRCUIT,v1.7,OPEN_CIRCUIT,0.9668,0.0003,0.0313,0.0004,0.9668,0.0012,ISOLATED,CRITICAL,4.53,7,0.8571,v1.7,True,SUCCESS,LORA,GOOD,1.04
REC-04434,2026-09-12T03:50:25Z,SITE-C,ESP32-C01,PV-C01,SITE-C-OPE-02,54,3.255,0.17,0.55,48.87,48.61,29.04,77.54,1010.4,70565.0,0.215,0.2,POOR,TEMP1_SENTINEL_-127,OPEN_CIRCUIT,v1.7,OPEN_CIRCUIT,0.9709,0.0003,0.0272,0.0005,0.9709,0.0012,ISOLATED,CRITICAL,4.09,7,0.8571,v1.7,True,SUCCESS,LORA,GOOD,1.04
REC-04435,2026-09-12T03:50:30Z,SITE-C,ESP32-C01,PV-C01,SITE-C-OPE-02,55,3.24,0.0,0.0,48.88,48.49,29.03,77.7,1010.35,70367.0,0.194,0.0,POOR,TEMP1_SENTINEL_-127,OPEN_CIRCUIT,v1.7,OPEN_CIRCUIT,0.967,0.0003,0.031,0.0004,0.967,0.0012,ISOLATED,CRITICAL,4.28,7,0.8571,v1.7,True,SUCCESS,LORA,GOOD,1.04
REC-04436,2026-09-12T03:50:35Z,SITE-C,ESP32-C01,PV-C01,SITE-C-OPE-02,56,3.257,0.04,0.14,48.77,48.44,29.01,77.1,1010.4,70297.0,0.181,0.0,POOR,TEMP1_SENTINEL_-127,OPEN_CIRCUIT,v1.7,OPEN_CIRCUIT,0.9655,0.0003,0.0326,0.0004,0.9655,0.0012,ISOLATED,CRITICAL,2.66,7,0.8571,v1.7,True,SUCCESS,LORA,GOOD,1.04
REC-04437,2026-09-12T03:50:40Z,SITE-C,ESP32-C01,PV-C01,SITE-C-OPE-02,57,3.249,0.15,0.47,48.81,48.32,29.02,77.07,1010.42,70362.0,0.204,0.1,POOR,TEMP1_SENTINEL_-127,OPEN_CIRCUIT,v1.7,OPEN_CIRCUIT,0.9698,0.0003,0.0282,0.0005,0.9698,0.0012,ISOLATED,CRITICAL,3.58,7,0.8571,v1.7,True,SUCCESS,LORA,GOOD,1.04
REC-04438,2026-09-12T03:50:45Z,SITE-C,ESP32-C01,PV-C01,SITE-C-OPE-02,58,3.246,0.0,0.0,48.86,48.34,29.02,77.05,1010.42,70798.0,0.209,0.0,POOR,TEMP1_SENTINEL_-127,OPEN_CIRCUIT,v1.7,OPEN_CIRCUIT,0.9716,0.0003,0.0266,0.0004,0.9716,0.0011,ISOLATED,CRITICAL,3.62,7,0.8571,v1.7,True,SUCCESS,LORA,GOOD,1.04
REC-04439,2026-09-12T03:50:50Z,SITE-C,ESP32-C01,PV-C01,SITE-C-OPE-02,59,3.251,0.32,1.05,49.03,48.67,29.04,76.92,1010.37,71180.0,0.189,0.3,POOR,TEMP1_SENTINEL_-127,OPEN_CIRCUIT,v1.7,OPEN_CIRCUIT,0.9652,0.0003,0.0328,0.0004,0.9652,0.0012,ISOLATED,CRITICAL,3.51,7,0.8571,v1.7,True,SUCCESS,LORA,GOOD,1.04
REC-04440,2026-09-12T03:50:55Z,SITE-C,ESP32-C01,PV-C01,SITE-C-OPE-02,60,3.245,0.3,0.96,48.84,48.37,29.04,77.21,1010.4,70792.0,0.184,0.3,POOR,OK,OPEN_CIRCUIT,v1.7,OPEN_CIRCUIT,0.9649,0.0003,0.0331,0.0004,0.9649,0.0012,ISOLATED,CRITICAL,4.05,7,0.8571,v1.7,True,SUCCESS,LORA,GOOD,1.04
REC-04441,2026-09-12T06:39:00Z,SITE-E,ESP32-E01,PV-E01,SITE-E-DUS-10,1,2.574,79.29,204.08,50.93,50.76,31.6,72.86,1010.21,88454.0,1.264,53.6,DEGRADED,OK,DUST,v1.8,DUST,0.9969,0.0005,0.0007,0.9969,0.0014,0.0005,CONNECTED,WARNING,3.7,8,0.8571,v1.8,True,SUCCESS,LORA,GOOD,3.34
REC-04442,2026-09-12T06:39:05Z,SITE-E,ESP32-E01,PV-E01,SITE-E-DUS-10,2,2.587,78.84,203.97,50.77,50.64,31.62,72.77,1010.14,88452.0,1.286,53.5,DEGRADED,OK,DUST,v1.8,DUST,0.9973,0.0004,0.0006,0.9973,0.0013,0.0005,CONNECTED,WARNING,3.19,8,0.8571,v1.8,True,SUCCESS,LORA,GOOD,3.34
REC-04443,2026-09-12T06:39:10Z,SITE-E,ESP32-E01,PV-E01,SITE-E-DUS-10,3,2.594,78.93,204.72,50.73,50.71,31.62,73.19,1010.15,88282.0,1.395,53.9,DEGRADED,OK,DUST,v1.8,DUST,0.9984,0.0002,0.0003,0.9984,0.0008,0.0003,CONNECTED,WARNING,4.34,8,0.8571,v1.8,True,SUCCESS,LORA,GOOD,3.34
REC-04444,2026-09-12T06:39:15Z,SITE-E,ESP32-E01,PV-E01,SITE-E-DUS-10,4,2.573,79.31,204.04,50.83,50.79,31.63,72.97,1010.18,88402.0,1.275,53.5,DEGRADED,OK,DUST,v1.8,DUST,0.9971,0.0004,0.0006,0.9971,0.0013,0.0005,CONNECTED,WARNING,4.63,8,0.8571,v1.8,True,SUCCESS,LORA,GOOD,3.34
REC-04445,2026-09-12T06:39:20Z,SITE-E,ESP32-E01,PV-E01,SITE-E-DUS-10,5,2.593,79.82,206.98,50.85,50.77,31.62,73.13,1010.19,88946.0,1.2,54.1,DEGRADED,OK,DUST,v1.8,DUST,0.9958,0.0007,0.001,0.9958,0.0017,0.0007,CONNECTED,WARNING,3.1,8,0.8571,v1.8,True,SUCCESS,LORA,GOOD,3.34
REC-04446,2026-09-12T06:39:25Z,SITE-E,ESP32-E01,PV-E01,SITE-E-DUS-10,6,2.581,79.42,205.01,50.73,50.57,31.62,73.24,1010.24,88002.0,1.321,54.0,DEGRADED,OK,DUST,v1.8,DUST,0.9977,0.0003,0.0005,0.9977,0.0011,0.0004,CONNECTED,WARNING,3.73,8,0.8571,v1.8,True,SUCCESS,LORA,GOOD,3.34
REC-04447,2026-09-12T06:39:30Z,SITE-E,ESP32-E01,PV-E01,SITE-E-DUS-10,7,2.578,79.29,204.45,50.86,50.71,31.61,72.81,1010.15,88534.0,1.332,53.7,DEGRADED,OK,DUST,v1.8,DUST,0.9978,0.0003,0.0004,0.9978,0.0011,0.0004,CONNECTED,WARNING,3.93,8,0.8571,v1.8,True,SUCCESS,LORA,GOOD,3.34
REC-04448,2026-09-12T06:39:35Z,SITE-E,ESP32-E01,PV-E01,SITE-E-DUS-10,8,2.606,78.61,204.88,51.01,50.76,31.62,72.91,1010.23,88261.0,1.289,53.7,DEGRADED,OK,DUST,v1.8,DUST,0.9974,0.0004,0.0006,0.9974,0.0012,0.0004,CONNECTED,WARNING,3.48,8,0.8571,v1.8,True,SUCCESS,LORA,GOOD,3.34
REC-04449,2026-09-12T06:39:40Z,SITE-E,ESP32-E01,PV-E01,SITE-E-DUS-10,9,2.576,78.97,203.43,50.73,50.64,31.6,73.15,1010.17,87740.0,1.167,53.6,DEGRADED,OK,DUST,v1.8,DUST,0.9949,0.0009,0.0014,0.9949,0.002,0.0008,CONNECTED,WARNING,4.3,8,0.8571,v1.8,True,SUCCESS,LORA,GOOD,3.34
REC-04450,2026-09-12T06:39:45Z,SITE-E,ESP32-E01,PV-E01,SITE-E-DUS-10,10,2.56,79.54,203.61,50.89,50.65,31.6,72.16,1010.17,88473.0,1.357,53.5,DEGRADED,OK,DUST,v1.8,DUST,0.998,0.0003,0.0004,0.998,0.001,0.0003,CONNECTED,WARNING,3.07,8,0.8571,v1.8,True,SUCCESS,LORA,GOOD,3.34
REC-04451,2026-09-12T06:39:50Z,SITE-E,ESP32-E01,PV-E01,SITE-E-DUS-10,11,2.589,78.53,203.29,50.78,50.67,31.57,72.87,1010.18,87927.0,1.293,53.6,DEGRADED,OK,DUST,v1.8,DUST,0.9973,0.0004,0.0006,0.9973,0.0013,0.0004,CONNECTED,WARNING,2.26,8,0.8571,v1.8,True,SUCCESS,LORA,GOOD,3.34
REC-04452,2026-09-12T06:39:55Z,SITE-E,ESP32-E01,PV-E01,SITE-E-DUS-10,12,2.595,78.72,204.3,50.67,50.79,31.58,72.83,1010.17,88211.0,1.261,53.7,DEGRADED,OK,DUST,v1.8,DUST,0.9969,0.0005,0.0007,0.9969,0.0014,0.0005,CONNECTED,WARNING,4.51,8,0.8571,v1.8,True,SUCCESS,LORA,GOOD,3.34
REC-04453,2026-09-12T06:40:00Z,SITE-E,ESP32-E01,PV-E01,SITE-E-DUS-10,13,2.58,78.95,203.67,50.78,50.61,31.58,73.01,1010.19,87907.0,1.351,53.6,DEGRADED,OK,DUST,v1.8,DUST,0.998,0.0003,0.0004,0.998,0.001,0.0003,CONNECTED,WARNING,3.33,8,0.8571,v1.8,True,SUCCESS,LORA,GOOD,3.62
REC-04454,2026-09-12T06:40:05Z,SITE-E,ESP32-E01,PV-E01,SITE-E-DUS-10,14,2.579,79.16,204.15,50.68,50.56,31.58,72.66,1010.17,87430.0,1.158,54.0,DEGRADED,OK,DUST,v1.8,DUST,0.9947,0.0009,0.0014,0.9947,0.0021,0.0009,CONNECTED,WARNING,3.81,8,0.8571,v1.8,True,SUCCESS,LORA,GOOD,3.62
REC-04455,2026-09-12T06:40:10Z,SITE-E,ESP32-E01,PV-E01,SITE-E-DUS-10,15,2.588,78.9,204.16,50.93,50.92,31.58,73.23,1010.14,88009.0,1.286,53.7,DEGRADED,OK,DUST,v1.8,DUST,0.9973,0.0004,0.0006,0.9973,0.0013,0.0005,CONNECTED,WARNING,3.78,8,0.8571,v1.8,True,SUCCESS,LORA,GOOD,3.62
REC-04456,2026-09-12T06:40:15Z,SITE-E,ESP32-E01,PV-E01,SITE-E-DUS-10,16,2.579,79.29,204.45,50.84,50.63,31.57,72.68,1010.17,87730.0,1.247,54.0,DEGRADED,OK,DUST,v1.8,DUST,0.9966,0.0005,0.0008,0.9966,0.0015,0.0006,CONNECTED,WARNING,3.7,8,0.8571,v1.8,True,SUCCESS,LORA,GOOD,3.62
REC-04457,2026-09-12T06:40:20Z,SITE-E,ESP32-E01,PV-E01,SITE-E-DUS-10,17,2.585,78.68,203.35,50.71,50.46,31.58,72.76,1010.19,87472.0,1.369,53.8,DEGRADED,OK,DUST,v1.8,DUST,0.9982,0.0003,0.0003,0.9982,0.001,0.0003,CONNECTED,WARNING,3.15,8,0.8571,v1.8,True,SUCCESS,LORA,GOOD,3.62
REC-04458,2026-09-12T06:40:25Z,SITE-E,ESP32-E01,PV-E01,SITE-E-DUS-10,18,2.572,79.07,203.4,50.73,50.48,31.58,72.7,1010.14,87041.0,1.294,53.9,DEGRADED,OK,DUST,v1.8,DUST,0.9973,0.0004,0.0006,0.9973,0.0013,0.0005,CONNECTED,WARNING,4.34,8,0.8571,v1.8,True,SUCCESS,LORA,GOOD,3.62
REC-04459,2026-09-12T06:40:30Z,SITE-E,ESP32-E01,PV-E01,SITE-E-DUS-10,19,2.59,78.12,202.36,50.6,50.44,31.57,73.27,1010.2,87465.0,1.228,53.7,DEGRADED,OK,DUST,v1.8,DUST,0.9963,0.0006,0.0009,0.9963,0.0016,0.0006,CONNECTED,WARNING,3.74,8,0.8571,v1.8,True,SUCCESS,LORA,GOOD,3.62
REC-04460,2026-09-12T06:40:35Z,SITE-E,ESP32-E01,PV-E01,SITE-E-DUS-10,20,2.592,78.39,203.18,50.74,50.57,31.58,72.27,1010.22,87334.0,1.348,53.8,DEGRADED,OK,DUST,v1.8,DUST,0.998,0.0003,0.0004,0.998,0.001,0.0003,CONNECTED,WARNING,3.55,8,0.8571,v1.8,True,SUCCESS,LORA,GOOD,3.62
REC-04461,2026-09-12T06:40:40Z,SITE-E,ESP32-E01,PV-E01,SITE-E-DUS-10,21,2.571,79.11,203.43,50.66,50.57,31.57,73.44,1010.22,87598.0,1.132,53.9,DEGRADED,OK,DUST,v1.8,DUST,0.9938,0.0011,0.0017,0.9938,0.0023,0.001,CONNECTED,WARNING,3.68,8,0.8571,v1.8,True,SUCCESS,LORA,GOOD,3.62
REC-04462,2026-09-12T06:40:45Z,SITE-E,ESP32-E01,PV-E01,SITE-E-DUS-10,22,2.571,79.8,205.19,50.78,50.53,31.56,73.34,1010.19,87574.0,1.31,54.2,DEGRADED,OK,DUST,v1.8,DUST,0.9975,0.0004,0.0005,0.9975,0.0012,0.0004,CONNECTED,WARNING,4.26,8,0.8571,v1.8,True,SUCCESS,LORA,GOOD,3.62
REC-04463,2026-09-12T06:40:50Z,SITE-E,ESP32-E01,PV-E01,SITE-E-DUS-10,23,2.593,78.88,204.53,50.83,50.77,31.57,72.73,1010.13,87802.0,1.204,54.0,DEGRADED,OK,DUST,v1.8,DUST,0.9959,0.0007,0.001,0.9959,0.0018,0.0007,CONNECTED,WARNING,2.65,8,0.8571,v1.8,True,SUCCESS,LORA,GOOD,3.62
REC-04464,2026-09-12T06:40:55Z,SITE-E,ESP32-E01,PV-E01,SITE-E-DUS-10,24,2.574,78.85,203.0,50.68,50.52,31.56,73.21,1010.2,87480.0,1.252,53.8,DEGRADED,OK,DUST,v1.8,DUST,0.9967,0.0005,0.0008,0.9967,0.0015,0.0006,CONNECTED,WARNING,4.57,8,0.8571,v1.8,True,SUCCESS,LORA,GOOD,3.62
REC-04465,2026-09-12T06:41:00Z,SITE-E,ESP32-E01,PV-E01,SITE-E-DUS-10,25,2.575,78.47,202.09,50.6,50.51,31.57,72.94,1010.21,87605.0,1.265,53.5,DEGRADED,OK,DUST,v1.8,DUST,0.9969,0.0005,0.0007,0.9969,0.0014,0.0005,CONNECTED,WARNING,2.43,8,0.8571,v1.8,True,SUCCESS,LORA,GOOD,3.62
REC-04466,2026-09-12T06:41:05Z,SITE-E,ESP32-E01,PV-E01,SITE-E-DUS-10,26,2.59,78.55,203.41,50.63,50.46,31.58,73.4,1010.16,87502.0,1.334,53.8,DEGRADED,OK,DUST,v1.8,DUST,0.9978,0.0003,0.0004,0.9978,0.0011,0.0004,CONNECTED,WARNING,2.38,8,0.8571,v1.8,True,SUCCESS,LORA,GOOD,3.62
REC-04467,2026-09-12T06:41:10Z,SITE-E,ESP32-E01,PV-E01,SITE-E-DUS-10,27,2.582,78.4,202.47,50.7,50.46,31.58,73.19,1010.18,87452.0,1.412,53.6,DEGRADED,OK,DUST,v1.8,DUST,0.9985,0.0002,0.0002,0.9985,0.0008,0.0002,CONNECTED,WARNING,3.28,8,0.8571,v1.8,True,SUCCESS,LORA,GOOD,3.62
REC-04468,2026-09-12T06:41:15Z,SITE-E,ESP32-E01,PV-E01,SITE-E-DUS-10,28,2.561,79.28,203.07,50.83,50.55,31.58,73.56,1010.19,88030.0,1.173,53.5,DEGRADED,OK,DUST,v1.8,DUST,0.995,0.0009,0.0013,0.995,0.002,0.0008,CONNECTED,WARNING,2.59,8,0.8571,v1.8,True,SUCCESS,LORA,GOOD,3.62
REC-04469,2026-09-12T06:41:20Z,SITE-E,ESP32-E01,PV-E01,SITE-E-DUS-10,29,2.597,78.99,205.14,50.8,50.66,31.58,72.43,1010.23,88068.0,1.306,53.9,DEGRADED,OK,DUST,v1.8,DUST,0.9975,0.0004,0.0005,0.9975,0.0012,0.0004,CONNECTED,WARNING,2.9,8,0.8571,v1.8,True,SUCCESS,LORA,GOOD,3.62
REC-04470,2026-09-12T06:41:25Z,SITE-E,ESP32-E01,PV-E01,SITE-E-DUS-10,30,2.564,79.92,204.91,50.82,50.66,31.58,72.96,1010.17,88174.0,1.412,53.7,DEGRADED,DUPLICATE_RECEIVED,DUST,v1.8,DUST,0.9985,0.0002,0.0003,0.9985,0.0008,0.0002,CONNECTED,WARNING,3.76,8,0.8571,v1.8,True,SUCCESS,LORA,GOOD,3.62
REC-04471,2026-09-12T06:41:30Z,SITE-E,ESP32-E01,PV-E01,SITE-E-DUS-10,31,2.596,79.46,206.28,50.9,50.84,31.59,72.38,1010.21,88508.0,1.245,53.9,DEGRADED,OK,DUST,v1.8,DUST,0.9967,0.0005,0.0008,0.9967,0.0015,0.0005,CONNECTED,WARNING,2.82,8,0.8571,v1.8,True,SUCCESS,LORA,GOOD,3.62
REC-04472,2026-09-12T06:41:35Z,SITE-E,ESP32-E01,PV-E01,SITE-E-DUS-10,32,2.582,79.72,205.88,50.84,50.7,31.59,72.74,1010.19,88432.0,1.242,53.9,DEGRADED,OK,DUST,v1.8,DUST,0.9966,0.0005,0.0008,0.9966,0.0015,0.0006,CONNECTED,WARNING,3.1,8,0.8571,v1.8,True,SUCCESS,LORA,GOOD,3.62
REC-04473,2026-09-12T06:41:40Z,SITE-E,ESP32-E01,PV-E01,SITE-E-DUS-10,33,2.569,80.29,206.23,50.88,50.86,31.62,73.57,1010.19,88662.0,1.294,53.9,DEGRADED,OK,DUST,v1.8,DUST,0.9974,0.0004,0.0006,0.9974,0.0012,0.0004,CONNECTED,WARNING,3.3,8,0.8571,v1.8,True,SUCCESS,LORA,GOOD,3.62
REC-04474,2026-09-12T06:41:45Z,SITE-E,ESP32-E01,PV-E01,SITE-E-DUS-10,34,2.59,79.22,205.2,51.09,50.86,31.62,73.04,1010.22,88981.0,1.329,53.6,DEGRADED,OK,DUST,v1.8,DUST,0.9978,0.0003,0.0004,0.9978,0.0011,0.0004,CONNECTED,WARNING,3.48,8,0.8571,v1.8,True,SUCCESS,LORA,GOOD,3.62
REC-04475,2026-09-12T06:41:50Z,SITE-E,ESP32-E01,PV-E01,SITE-E-DUS-10,35,2.578,79.62,205.22,50.86,50.83,31.63,73.2,1010.16,88730.0,1.319,53.7,DEGRADED,OK,DUST,v1.8,DUST,0.9977,0.0003,0.0005,0.9977,0.0011,0.0004,CONNECTED,WARNING,2.92,8,0.8571,v1.8,True,SUCCESS,LORA,GOOD,3.62
REC-04476,2026-09-12T06:41:55Z,SITE-E,ESP32-E01,PV-E01,SITE-E-DUS-10,36,2.602,79.07,205.76,50.86,50.78,31.62,73.05,1010.19,88146.0,1.258,54.0,DEGRADED,OK,DUST,v1.8,DUST,0.9969,0.0005,0.0007,0.9969,0.0014,0.0005,CONNECTED,WARNING,3.66,8,0.8571,v1.8,True,SUCCESS,LORA,GOOD,3.62
REC-04477,2026-09-12T06:42:00Z,SITE-E,ESP32-E01,PV-E01,SITE-E-DUS-10,37,2.584,79.59,205.7,50.83,50.87,31.63,73.04,1010.18,88550.0,1.231,54.0,DEGRADED,OK,DUST,v1.8,DUST,0.9964,0.0006,0.0009,0.9964,0.0016,0.0006,CONNECTED,WARNING,3.53,8,0.8571,v1.8,True,SUCCESS,LORA,GOOD,3.62
REC-04478,2026-09-12T06:42:05Z,SITE-E,ESP32-E01,PV-E01,SITE-E-DUS-10,38,2.578,79.66,205.34,50.74,50.66,31.63,72.74,1010.13,88419.0,1.359,53.8,DEGRADED,TEMP2_MISSING_-999,DUST,v1.8,DUST,0.9981,0.0003,0.0004,0.9981,0.001,0.0003,CONNECTED,WARNING,4.58,8,0.8571,v1.8,True,SUCCESS,LORA,GOOD,3.62
REC-04479,2026-09-12T06:42:10Z,SITE-E,ESP32-E01,PV-E01,SITE-E-DUS-10,39,2.584,79.42,205.22,50.75,50.81,31.63,72.69,1010.22,88536.0,1.233,53.8,DEGRADED,OK,DUST,v1.8,DUST,0.9965,0.0006,0.0008,0.9965,0.0016,0.0006,CONNECTED,WARNING,2.15,8,0.8571,v1.8,True,SUCCESS,LORA,GOOD,3.62
REC-04480,2026-09-12T06:42:15Z,SITE-E,ESP32-E01,PV-E01,SITE-E-DUS-10,40,2.581,79.69,205.65,50.82,50.75,31.63,72.74,1010.2,88246.0,1.165,53.9,DEGRADED,OK,DUST,v1.8,DUST,0.9949,0.0009,0.0014,0.9949,0.002,0.0008,CONNECTED,WARNING,2.52,8,0.8571,v1.8,True,SUCCESS,LORA,GOOD,3.62
REC-04481,2026-09-12T06:42:20Z,SITE-E,ESP32-E01,PV-E01,SITE-E-DUS-10,41,2.586,79.33,205.16,50.67,50.8,31.63,72.08,1010.18,88327.0,1.192,53.8,DEGRADED,OK,DUST,v1.8,DUST,0.9957,0.0007,0.0011,0.9957,0.0018,0.0007,CONNECTED,WARNING,3.38,8,0.8571,v1.8,True,SUCCESS,LORA,GOOD,3.62
REC-04482,2026-09-12T06:42:25Z,SITE-E,ESP32-E01,PV-E01,SITE-E-DUS-10,42,2.576,79.04,203.58,50.96,50.71,31.63,72.88,1010.17,88474.0,1.245,53.4,DEGRADED,OK,DUST,v1.8,DUST,0.9966,0.0005,0.0008,0.9966,0.0015,0.0006,CONNECTED,WARNING,4.02,8,0.8571,v1.8,True,SUCCESS,LORA,GOOD,3.62
REC-04483,2026-09-12T06:42:30Z,SITE-E,ESP32-E01,PV-E01,SITE-E-DUS-10,43,2.599,78.95,205.17,50.87,50.89,31.65,72.97,1010.18,88599.0,1.369,53.6,DEGRADED,OK,DUST,v1.8,DUST,0.9982,0.0002,0.0003,0.9982,0.0009,0.0003,CONNECTED,WARNING,2.32,8,0.8571,v1.8,True,SUCCESS,LORA,GOOD,3.62
REC-04484,2026-09-12T06:42:35Z,SITE-E,ESP32-E01,PV-E01,SITE-E-DUS-10,44,2.577,80.7,207.96,50.87,50.69,31.65,72.71,1010.2,88811.0,1.208,54.3,DEGRADED,OK,DUST,v1.8,DUST,0.996,0.0007,0.001,0.996,0.0017,0.0007,CONNECTED,WARNING,3.94,8,0.8571,v1.8,True,SUCCESS,LORA,GOOD,3.62
REC-04485,2026-09-12T06:42:40Z,SITE-E,ESP32-E01,PV-E01,SITE-E-DUS-10,45,2.61,78.77,205.59,51.0,50.71,31.65,72.86,1010.18,88744.0,1.371,53.7,DEGRADED,OK,DUST,v1.8,DUST,0.9983,0.0002,0.0003,0.9983,0.0009,0.0003,CONNECTED,WARNING,3.26,8,0.8571,v1.8,True,SUCCESS,LORA,GOOD,3.62
REC-04486,2026-09-12T06:42:45Z,SITE-E,ESP32-E01,PV-E01,SITE-E-DUS-10,46,2.572,79.52,204.54,50.76,50.61,31.64,73.06,1010.16,88038.0,1.358,53.7,DEGRADED,OK,DUST,v1.8,DUST,0.9981,0.0003,0.0004,0.9981,0.001,0.0003,CONNECTED,WARNING,2.7,8,0.8571,v1.8,True,SUCCESS,LORA,GOOD,3.62
REC-04487,2026-09-12T06:42:50Z,SITE-E,ESP32-E01,PV-E01,SITE-E-DUS-10,47,2.562,80.06,205.1,50.8,50.63,31.65,73.17,1010.16,87872.0,1.293,53.9,DEGRADED,OK,DUST,v1.8,DUST,0.9973,0.0004,0.0006,0.9973,0.0012,0.0004,CONNECTED,WARNING,2.89,8,0.8571,v1.8,True,SUCCESS,LORA,GOOD,3.62
REC-04488,2026-09-12T06:42:55Z,SITE-E,ESP32-E01,PV-E01,SITE-E-DUS-10,48,2.572,78.96,203.08,50.66,50.6,31.64,72.54,1010.18,88121.0,1.127,53.4,DEGRADED,OK,DUST,v1.8,DUST,0.9938,0.0011,0.0018,0.9938,0.0024,0.001,CONNECTED,WARNING,3.52,8,0.8571,v1.8,True,SUCCESS,LORA,GOOD,3.62
REC-04489,2026-09-12T06:43:00Z,SITE-E,ESP32-E01,PV-E01,SITE-E-DUS-10,49,2.598,78.22,203.24,50.67,50.49,31.64,72.66,1010.15,88251.0,1.209,53.6,DEGRADED,OK,DUST,v1.8,DUST,0.996,0.0006,0.001,0.996,0.0017,0.0007,CONNECTED,WARNING,4.62,8,0.8571,v1.8,True,SUCCESS,LORA,GOOD,3.62
REC-04490,2026-09-12T06:43:05Z,SITE-E,ESP32-E01,PV-E01,SITE-E-DUS-10,50,2.591,78.56,203.56,50.81,50.54,31.64,73.13,1010.19,88142.0,1.242,53.5,DEGRADED,OK,DUST,v1.8,DUST,0.9966,0.0005,0.0008,0.9966,0.0015,0.0006,CONNECTED,WARNING,3.81,8,0.8571,v1.8,True,SUCCESS,LORA,GOOD,3.62
REC-04491,2026-09-12T06:43:10Z,SITE-E,ESP32-E01,PV-E01,SITE-E-DUS-10,51,2.581,79.88,206.15,50.65,50.55,31.65,73.08,1010.16,88192.0,1.383,54.2,DEGRADED,OK,DUST,v1.8,DUST,0.9983,0.0002,0.0003,0.9983,0.0009,0.0003,CONNECTED,WARNING,2.21,8,0.8571,v1.8,True,SUCCESS,LORA,GOOD,3.62
REC-04492,2026-09-12T06:43:15Z,SITE-E,ESP32-E01,PV-E01,SITE-E-DUS-10,52,2.603,79.02,205.68,50.68,50.39,31.65,73.3,1010.15,87513.0,1.245,54.3,DEGRADED,OK,DUST,v1.8,DUST,0.9967,0.0005,0.0008,0.9967,0.0015,0.0006,CONNECTED,WARNING,3.31,8,0.8571,v1.8,True,SUCCESS,LORA,GOOD,3.62
REC-04493,2026-09-12T06:43:20Z,SITE-E,ESP32-E01,PV-E01,SITE-E-DUS-10,53,2.563,79.06,202.62,50.47,50.53,31.65,73.29,1010.28,88031.0,1.233,53.4,DEGRADED,OK,DUST,v1.8,DUST,0.9964,0.0006,0.0009,0.9964,0.0016,0.0006,CONNECTED,WARNING,2.54,8,0.8571,v1.8,True,SUCCESS,LORA,GOOD,3.62
REC-04494,2026-09-12T06:43:25Z,SITE-E,ESP32-E01,PV-E01,SITE-E-DUS-10,54,2.571,79.09,203.32,50.66,50.45,31.66,73.62,1010.24,87333.0,1.291,53.8,DEGRADED,OK,DUST,v1.8,DUST,0.9973,0.0004,0.0006,0.9973,0.0013,0.0005,CONNECTED,WARNING,4.35,8,0.8571,v1.8,True,SUCCESS,LORA,GOOD,3.62
REC-04495,2026-09-12T06:43:30Z,SITE-E,ESP32-E01,PV-E01,SITE-E-DUS-10,55,2.563,79.28,203.15,50.54,50.51,31.66,72.81,1010.18,87749.0,1.195,53.7,DEGRADED,OK,DUST,v1.8,DUST,0.9956,0.0007,0.0011,0.9956,0.0018,0.0007,CONNECTED,WARNING,4.5,8,0.8571,v1.8,True,SUCCESS,LORA,GOOD,3.62
REC-04496,2026-09-12T06:43:35Z,SITE-E,ESP32-E01,PV-E01,SITE-E-DUS-10,56,2.581,78.66,203.05,50.55,50.46,31.66,73.37,1010.21,87539.0,1.278,53.7,DEGRADED,OK,DUST,v1.8,DUST,0.9971,0.0004,0.0006,0.9971,0.0013,0.0005,CONNECTED,WARNING,2.19,8,0.8571,v1.8,True,SUCCESS,LORA,GOOD,3.62
REC-04497,2026-09-12T06:43:40Z,SITE-E,ESP32-E01,PV-E01,SITE-E-DUS-10,57,2.587,78.2,202.31,50.54,50.58,31.66,72.62,1010.21,87565.0,1.232,53.5,DEGRADED,OK,DUST,v1.8,DUST,0.9964,0.0006,0.0008,0.9964,0.0016,0.0006,CONNECTED,WARNING,2.98,8,0.8571,v1.8,True,SUCCESS,LORA,GOOD,3.62
REC-04498,2026-09-12T06:43:45Z,SITE-E,ESP32-E01,PV-E01,SITE-E-DUS-10,58,2.576,79.76,205.47,50.47,50.51,31.68,73.62,1010.18,87553.0,1.441,54.4,DEGRADED,OK,DUST,v1.8,DUST,0.9987,0.0002,0.0002,0.9987,0.0007,0.0002,CONNECTED,WARNING,3.81,8,0.8571,v1.8,True,SUCCESS,LORA,GOOD,3.62
REC-04499,2026-09-12T06:43:50Z,SITE-E,ESP32-E01,PV-E01,SITE-E-DUS-10,59,2.567,78.52,201.57,50.45,50.49,31.68,73.04,1010.19,87509.0,1.225,53.4,DEGRADED,OK,DUST,v1.8,DUST,0.9962,0.0006,0.0009,0.9962,0.0016,0.0006,CONNECTED,WARNING,4.6,8,0.8571,v1.8,True,SUCCESS,LORA,GOOD,3.62
REC-04500,2026-09-12T06:43:55Z,SITE-E,ESP32-E01,PV-E01,SITE-E-DUS-10,60,2.581,78.89,203.59,50.6,50.48,31.67,73.06,1010.17,87523.0,1.395,53.9,DEGRADED,OK,DUST,v1.8,DUST,0.9984,0.0002,0.0003,0.9984,0.0008,0.0003,CONNECTED,WARNING,3.66,8,0.8571,v1.8,True,SUCCESS,LORA,GOOD,3.62
REC-04501,2026-09-12T06:46:00Z,SITE-D,ESP32-D01,PV-D01,SITE-D-NOR-10,1,2.747,65.53,179.99,39.19,38.89,29.93,82.17,1009.91,46763.0,0.118,92.7,GOOD,CURRENT_SIGN_REVERSED,NORMAL,v1.8,NORMAL,0.8717,0.8717,0.1144,0.0088,0.0034,0.0017,CONNECTED,NONE,3.99,8,0.8571,v1.8,True,SUCCESS,LTE,GOOD,3.5
REC-04502,2026-09-12T06:46:05Z,SITE-D,ESP32-D01,PV-D01,SITE-D-NOR-10,2,2.739,65.39,179.07,39.28,38.68,29.94,82.54,1009.87,46926.0,0.094,92.3,GOOD,CURRENT_SIGN_REVERSED,NORMAL,v1.8,NORMAL,0.8746,0.8746,0.1143,0.0068,0.0028,0.0015,CONNECTED,NONE,4.45,8,0.8571,v1.8,True,SUCCESS,LTE,GOOD,3.5
REC-04503,2026-09-12T06:46:10Z,SITE-D,ESP32-D01,PV-D01,SITE-D-NOR-10,3,2.752,65.24,179.52,39.26,38.95,29.91,82.27,1009.93,46696.0,0.09,92.7,GOOD,CURRENT_SIGN_REVERSED,NORMAL,v1.8,NORMAL,0.8704,0.8704,0.1184,0.0068,0.0029,0.0015,CONNECTED,NONE,2.49,8,0.8571,v1.8,True,SUCCESS,LTE,GOOD,3.5
REC-04504,2026-09-12T06:46:15Z,SITE-D,ESP32-D01,PV-D01,SITE-D-NOR-10,4,2.727,65.33,178.15,39.42,38.82,29.9,82.03,1009.83,46713.0,0.134,92.2,GOOD,CURRENT_SIGN_REVERSED,NORMAL,v1.8,NORMAL,0.8669,0.8669,0.1169,0.0104,0.0038,0.002,CONNECTED,NONE,2.81,8,0.8571,v1.8,True,SUCCESS,LTE,GOOD,3.5
REC-04505,2026-09-12T06:46:20Z,SITE-D,ESP32-D01,PV-D01,SITE-D-NOR-10,5,2.727,65.17,177.73,39.29,38.75,29.91,82.25,1009.91,47060.0,0.133,91.7,GOOD,CURRENT_SIGN_REVERSED,NORMAL,v1.8,NORMAL,0.8653,0.8653,0.1184,0.0104,0.0039,0.002,CONNECTED,NONE,4.34,8,0.8571,v1.8,True,SUCCESS,LTE,GOOD,3.5
REC-04506,2026-09-12T06:46:25Z,SITE-D,ESP32-D01,PV-D01,SITE-D-NOR-10,6,2.743,65.02,178.36,39.17,38.83,29.89,82.45,1009.88,46833.0,0.14,92.1,GOOD,CURRENT_SIGN_REVERSED,NORMAL,v1.8,NORMAL,0.8665,0.8665,0.1162,0.0111,0.0041,0.0021,CONNECTED,NONE,2.44,8,0.8571,v1.8,True,SUCCESS,LTE,GOOD,3.5
REC-04507,2026-09-12T06:46:30Z,SITE-D,ESP32-D01,PV-D01,SITE-D-NOR-10,7,2.751,65.08,179.06,39.24,38.59,29.89,81.94,1009.87,46788.0,0.121,92.8,GOOD,CURRENT_SIGN_REVERSED,NORMAL,v1.8,NORMAL,0.8779,0.8779,0.1084,0.0086,0.0034,0.0017,CONNECTED,NONE,3.78,8,0.8571,v1.8,True,SUCCESS,LTE,GOOD,3.5
REC-04508,2026-09-12T06:46:35Z,SITE-D,ESP32-D01,PV-D01,SITE-D-NOR-10,8,2.756,64.51,177.77,39.35,38.66,29.89,81.81,1009.84,46620.0,0.108,92.2,GOOD,CURRENT_SIGN_REVERSED,NORMAL,v1.8,NORMAL,0.8727,0.8727,0.1145,0.0079,0.0032,0.0017,CONNECTED,NONE,3.34,8,0.8571,v1.8,True,SUCCESS,LTE,GOOD,3.5
REC-04509,2026-09-12T06:46:40Z,SITE-D,ESP32-D01,PV-D01,SITE-D-NOR-10,9,2.754,65.15,179.45,39.07,38.82,29.88,82.9,1009.9,46755.0,0.117,93.0,GOOD,CURRENT_SIGN_REVERSED,NORMAL,v1.8,NORMAL,0.8734,0.8734,0.1128,0.0087,0.0034,0.0017,CONNECTED,NONE,2.75,8,0.8571,v1.8,True,SUCCESS,LTE,GOOD,3.5
REC-04510,2026-09-12T06:46:45Z,SITE-D,ESP32-D01,PV-D01,SITE-D-NOR-10,10,2.757,64.53,177.89,39.08,38.5,29.88,82.11,1009.9,46755.0,0.121,92.7,GOOD,CURRENT_SIGN_REVERSED,NORMAL,v1.8,NORMAL,0.8769,0.8769,0.1092,0.0087,0.0035,0.0017,CONNECTED,NONE,3.16,8,0.8571,v1.8,True,SUCCESS,LTE,GOOD,3.5
REC-04511,2026-09-12T06:46:50Z,SITE-D,ESP32-D01,PV-D01,SITE-D-NOR-10,11,2.753,64.14,176.57,39.13,38.7,29.88,82.26,1009.93,46409.0,0.111,92.1,GOOD,CURRENT_SIGN_REVERSED,NORMAL,v1.8,NORMAL,0.8685,0.8685,0.1179,0.0084,0.0035,0.0018,CONNECTED,NONE,3.09,8,0.8571,v1.8,True,SUCCESS,LTE,GOOD,3.5
REC-04512,2026-09-12T06:46:55Z,SITE-D,ESP32-D01,PV-D01,SITE-D-NOR-10,12,2.728,64.95,177.19,39.14,38.72,29.88,82.18,1009.91,46642.0,0.137,92.1,GOOD,CURRENT_SIGN_REVERSED,NORMAL,v1.8,NORMAL,0.8672,0.8672,0.1159,0.0107,0.004,0.0021,CONNECTED,NONE,3.89,8,0.8571,v1.8,True,SUCCESS,LTE,GOOD,3.5
REC-04513,2026-09-12T06:47:00Z,SITE-D,ESP32-D01,PV-D01,SITE-D-NOR-10,13,2.753,64.49,177.54,39.17,38.86,29.88,82.46,1009.86,46413.0,0.143,92.2,GOOD,CURRENT_SIGN_REVERSED,NORMAL,v1.8,NORMAL,0.8648,0.8648,0.1172,0.0116,0.0043,0.0021,CONNECTED,NONE,2.58,8,0.8571,v1.8,True,SUCCESS,LTE,GOOD,3.5
REC-04514,2026-09-12T06:47:05Z,SITE-D,ESP32-D01,PV-D01,SITE-D-NOR-10,14,2.757,64.48,177.77,39.15,38.63,29.88,82.83,1009.85,47190.0,0.126,91.7,GOOD,CURRENT_SIGN_REVERSED,NORMAL,v1.8,NORMAL,0.8697,0.8697,0.1151,0.0096,0.0038,0.0019,CONNECTED,NONE,2.51,8,0.8571,v1.8,True,SUCCESS,LTE,GOOD,3.5
REC-04515,2026-09-12T06:47:10Z,SITE-D,ESP32-D01,PV-D01,SITE-D-NOR-10,15,2.743,65.45,179.53,39.4,38.92,29.89,82.47,1009.84,47067.0,0.121,92.3,GOOD,CURRENT_SIGN_REVERSED,NORMAL,v1.8,NORMAL,0.8682,0.8682,0.1173,0.0092,0.0035,0.0018,CONNECTED,NONE,2.89,8,0.8571,v1.8,True,SUCCESS,LTE,GOOD,3.5
REC-04516,2026-09-12T06:47:15Z,SITE-D,ESP32-D01,PV-D01,SITE-D-NOR-10,16,2.727,65.9,179.67,39.21,38.77,29.87,81.84,1009.92,47501.0,0.108,91.9,GOOD,CURRENT_SIGN_REVERSED,NORMAL,v1.8,NORMAL,0.8725,0.8725,0.1147,0.0079,0.0032,0.0017,CONNECTED,NONE,3.17,8,0.8571,v1.8,True,SUCCESS,LTE,GOOD,3.5
REC-04517,2026-09-12T06:47:20Z,SITE-D,ESP32-D01,PV-D01,SITE-D-NOR-10,17,2.736,66.24,181.27,39.4,38.88,29.88,81.88,1009.86,47720.0,0.136,92.0,GOOD,CURRENT_SIGN_REVERSED,NORMAL,v1.8,NORMAL,0.8715,0.8715,0.1125,0.0103,0.0038,0.0019,CONNECTED,NONE,2.13,8,0.8571,v1.8,True,SUCCESS,LTE,GOOD,3.5
REC-04518,2026-09-12T06:47:25Z,SITE-D,ESP32-D01,PV-D01,SITE-D-NOR-10,18,2.738,66.63,182.43,39.52,38.84,29.88,82.18,1009.92,47937.0,0.122,92.4,GOOD,CURRENT_SIGN_REVERSED,NORMAL,v1.8,NORMAL,0.8767,0.8767,0.1096,0.0087,0.0033,0.0017,CONNECTED,NONE,2.79,8,0.8571,v1.8,True,SUCCESS,LTE,GOOD,3.5
REC-04519,2026-09-12T06:47:30Z,SITE-D,ESP32-D01,PV-D01,SITE-D-NOR-10,19,2.745,66.29,182.0,39.43,38.85,29.89,82.22,1009.9,47969.0,0.118,92.1,GOOD,CURRENT_SIGN_REVERSED,NORMAL,v1.8,NORMAL,0.8746,0.8746,0.1119,0.0085,0.0033,0.0017,CONNECTED,NONE,4.4,8,0.8571,v1.8,True,SUCCESS,LTE,GOOD,3.5
REC-04520,2026-09-12T06:47:35Z,SITE-D,ESP32-D01,PV-D01,SITE-D-NOR-10,20,2.73,67.03,182.97,39.38,38.99,29.9,81.78,1009.89,47938.0,0.126,92.4,GOOD,CURRENT_SIGN_REVERSED,NORMAL,v1.8,NORMAL,0.8737,0.8737,0.1119,0.0093,0.0034,0.0018,CONNECTED,NONE,3.79,8,0.8571,v1.8,True,SUCCESS,LTE,GOOD,3.5
REC-04521,2026-09-12T06:47:40Z,SITE-D,ESP32-D01,PV-D01,SITE-D-NOR-10,21,2.754,66.44,182.99,39.34,38.86,29.91,82.55,1009.87,48091.0,0.115,92.5,GOOD,CURRENT_SIGN_REVERSED,NORMAL,v1.8,NORMAL,0.8769,0.8769,0.1102,0.0082,0.0032,0.0016,CONNECTED,NONE,4.62,8,0.8571,v1.8,True,SUCCESS,LTE,GOOD,3.5
REC-04522,2026-09-12T06:47:45Z,SITE-D,ESP32-D01,PV-D01,SITE-D-NOR-10,22,2.731,66.79,182.38,39.43,39.01,29.9,81.97,1009.9,47828.0,0.122,92.2,GOOD,CURRENT_SIGN_REVERSED,NORMAL,v1.8,NORMAL,0.8717,0.8717,0.1142,0.009,0.0034,0.0017,CONNECTED,NONE,3.76,8,0.8571,v1.8,True,SUCCESS,LTE,GOOD,3.5
REC-04523,2026-09-12T06:47:50Z,SITE-D,ESP32-D01,PV-D01,SITE-D-NOR-10,23,2.729,66.26,180.81,39.37,38.87,29.9,82.75,1009.88,47967.0,0.107,91.6,GOOD,CURRENT_SIGN_REVERSED,NORMAL,v1.8,NORMAL,0.8701,0.8701,0.1172,0.0079,0.0031,0.0016,CONNECTED,NONE,4.7,8,0.8571,v1.8,True,SUCCESS,LTE,GOOD,3.5
REC-04524,2026-09-12T06:47:55Z,SITE-D,ESP32-D01,PV-D01,SITE-D-NOR-10,24,2.741,67.05,183.77,39.45,38.83,29.88,82.85,1009.87,47848.0,0.132,93.0,GOOD,CURRENT_SIGN_REVERSED,NORMAL,v1.8,NORMAL,0.8816,0.8816,0.104,0.0093,0.0034,0.0017,CONNECTED,NONE,3.24,8,0.8571,v1.8,True,SUCCESS,LTE,GOOD,3.5
REC-04525,2026-09-12T06:48:00Z,SITE-D,ESP32-D01,PV-D01,SITE-D-NOR-10,25,2.728,66.45,181.26,39.3,38.87,29.88,82.23,1009.9,47867.0,0.12,91.9,GOOD,CURRENT_SIGN_REVERSED,NORMAL,v1.8,NORMAL,0.8723,0.8723,0.1137,0.0089,0.0034,0.0017,CONNECTED,NONE,2.23,8,0.8571,v1.8,True,SUCCESS,LTE,GOOD,3.5
REC-04526,2026-09-12T06:48:05Z,SITE-D,ESP32-D01,PV-D01,SITE-D-NOR-10,26,2.771,65.62,181.82,39.46,38.92,29.89,82.43,1009.88,47649.0,0.133,92.3,GOOD,CURRENT_SIGN_REVERSED,NORMAL,v1.8,NORMAL,0.8724,0.8724,0.1121,0.01,0.0037,0.0018,CONNECTED,NONE,4.15,8,0.8571,v1.8,True,SUCCESS,LTE,GOOD,3.5
REC-04527,2026-09-12T06:48:10Z,SITE-D,ESP32-D01,PV-D01,SITE-D-NOR-10,27,2.743,66.24,181.72,39.41,38.88,29.9,81.93,1009.86,47784.0,0.119,92.2,GOOD,CURRENT_SIGN_REVERSED,NORMAL,v1.8,NORMAL,0.8734,0.8734,0.1129,0.0087,0.0033,0.0017,CONNECTED,NONE,2.27,8,0.8571,v1.8,True,SUCCESS,LTE,GOOD,3.5
REC-04528,2026-09-12T06:48:15Z,SITE-D,ESP32-D01,PV-D01,SITE-D-NOR-10,28,2.735,66.24,181.18,39.4,38.89,29.89,82.49,1009.9,47596.0,0.12,91.9,GOOD,CURRENT_SIGN_REVERSED,NORMAL,v1.8,NORMAL,0.8725,0.8725,0.1136,0.0088,0.0034,0.0017,CONNECTED,NONE,2.18,8,0.8571,v1.8,True,SUCCESS,LTE,GOOD,3.5
REC-04529,2026-09-12T06:48:20Z,SITE-D,ESP32-D01,PV-D01,SITE-D-NOR-10,29,2.726,66.49,181.25,39.45,38.89,29.88,82.15,1009.88,47522.0,0.109,92.5,GOOD,CURRENT_SIGN_REVERSED,NORMAL,v1.8,NORMAL,0.8742,0.8742,0.1133,0.0079,0.0031,0.0016,CONNECTED,NONE,3.15,8,0.8571,v1.8,True,SUCCESS,LTE,GOOD,3.5
REC-04530,2026-09-12T06:48:25Z,SITE-D,ESP32-D01,PV-D01,SITE-D-NOR-10,30,2.74,66.01,180.89,39.25,38.87,29.88,81.97,1009.89,47286.0,0.129,92.7,GOOD,CURRENT_SIGN_REVERSED,NORMAL,v1.8,NORMAL,0.8735,0.8735,0.1115,0.0096,0.0036,0.0018,CONNECTED,NONE,4.76,8,0.8571,v1.8,True,SUCCESS,LTE,GOOD,3.5
REC-04531,2026-09-12T06:48:30Z,SITE-D,ESP32-D01,PV-D01,SITE-D-NOR-10,31,2.752,65.3,179.69,39.19,38.73,29.88,82.21,1009.87,47036.0,0.112,92.4,GOOD,CURRENT_SIGN_REVERSED,NORMAL,v1.8,NORMAL,0.8756,0.8756,0.1114,0.0081,0.0032,0.0016,CONNECTED,NONE,3.41,8,0.8571,v1.8,True,SUCCESS,LTE,GOOD,3.5
REC-04532,2026-09-12T06:48:35Z,SITE-D,ESP32-D01,PV-D01,SITE-D-NOR-10,32,2.752,64.81,178.37,39.19,38.65,29.86,82.16,1009.84,46985.0,0.116,91.9,GOOD,CURRENT_SIGN_REVERSED,NORMAL,v1.8,NORMAL,0.8737,0.8737,0.1126,0.0085,0.0034,0.0017,CONNECTED,NONE,4.74,8,0.8571,v1.8,True,SUCCESS,LTE,GOOD,3.5
REC-04533,2026-09-12T06:48:40Z,SITE-D,ESP32-D01,PV-D01,SITE-D-NOR-10,33,2.739,65.47,179.31,39.23,38.75,29.85,82.2,1009.93,47071.0,0.121,92.3,GOOD,CURRENT_SIGN_REVERSED,NORMAL,v1.8,NORMAL,0.8738,0.8738,0.112,0.0089,0.0035,0.0018,CONNECTED,NONE,2.19,8,0.8571,v1.8,True,SUCCESS,LTE,GOOD,3.5
REC-04534,2026-09-12T06:48:45Z,SITE-D,ESP32-D01,PV-D01,SITE-D-NOR-10,34,2.744,65.13,178.73,39.25,38.8,29.85,82.58,1009.93,46990.0,0.122,92.0,GOOD,CURRENT_SIGN_REVERSED,NORMAL,v1.8,NORMAL,0.8705,0.8705,0.1149,0.0092,0.0036,0.0018,CONNECTED,NONE,3.19,8,0.8571,v1.8,True,SUCCESS,LTE,GOOD,3.5
REC-04535,2026-09-12T06:48:50Z,SITE-D,ESP32-D01,PV-D01,SITE-D-NOR-10,35,2.748,65.38,179.68,39.23,38.68,29.83,82.06,1009.91,47213.0,0.104,92.2,GOOD,CURRENT_SIGN_REVERSED,NORMAL,v1.8,NORMAL,0.8779,0.8779,0.11,0.0074,0.0031,0.0016,CONNECTED,NONE,4.01,8,0.8571,v1.8,True,SUCCESS,LTE,GOOD,3.5
REC-04536,2026-09-12T06:48:55Z,SITE-D,ESP32-D01,PV-D01,SITE-D-NOR-10,36,2.761,65.36,180.46,39.15,38.74,29.83,82.82,1009.87,47188.0,0.119,92.4,GOOD,CURRENT_SIGN_REVERSED,NORMAL,v1.8,NORMAL,0.8782,0.8782,0.1081,0.0086,0.0034,0.0017,CONNECTED,NONE,3.89,8,0.8571,v1.8,True,SUCCESS,LTE,GOOD,3.5
REC-04537,2026-09-12T06:49:00Z,SITE-D,ESP32-D01,PV-D01,SITE-D-NOR-10,37,2.741,65.59,179.74,39.3,38.78,29.84,81.9,1009.87,47842.0,0.129,91.7,GOOD,CURRENT_SIGN_REVERSED,NORMAL,v1.8,NORMAL,0.8699,0.8699,0.1146,0.0098,0.0038,0.0019,CONNECTED,NONE,2.89,8,0.8571,v1.8,True,SUCCESS,LTE,GOOD,3.5
REC-04538,2026-09-12T06:49:05Z,SITE-D,ESP32-D01,PV-D01,SITE-D-NOR-10,38,2.739,66.15,181.19,39.38,38.83,29.84,82.78,1009.92,47735.0,0.117,92.3,GOOD,CURRENT_SIGN_REVERSED,NORMAL,v1.8,NORMAL,0.8752,0.8752,0.1113,0.0085,0.0033,0.0017,CONNECTED,NONE,4.45,8,0.8571,v1.8,True,SUCCESS,LTE,GOOD,3.5
REC-04539,2026-09-12T06:49:10Z,SITE-D,ESP32-D01,PV-D01,SITE-D-NOR-10,39,2.754,65.82,181.28,39.36,38.79,29.84,82.0,1009.87,47646.0,0.119,92.3,GOOD,CURRENT_SIGN_REVERSED,NORMAL,v1.8,NORMAL,0.8769,0.8769,0.1095,0.0086,0.0034,0.0017,CONNECTED,NONE,3.74,8,0.8571,v1.8,True,SUCCESS,LTE,GOOD,3.5
REC-04540,2026-09-12T06:49:15Z,SITE-D,ESP32-D01,PV-D01,SITE-D-NOR-10,40,2.762,66.05,182.4,39.47,38.93,29.84,82.3,1009.86,47936.0,0.123,92.5,GOOD,CURRENT_SIGN_REVERSED,NORMAL,v1.8,NORMAL,0.8749,0.8749,0.1109,0.009,0.0035,0.0017,CONNECTED,NONE,4.45,8,0.8571,v1.8,True,SUCCESS,LTE,GOOD,3.5
REC-04541,2026-09-12T06:49:20Z,SITE-D,ESP32-D01,PV-D01,SITE-D-NOR-10,41,2.743,66.18,181.5,39.55,38.77,29.85,82.15,1009.94,47593.0,0.12,91.8,GOOD,SPIKE_VOLTAGE|CURRENT_SIGN_REVERSED,NORMAL,v1.8,NORMAL,0.8782,0.8782,0.1084,0.0085,0.0033,0.0017,CONNECTED,NONE,2.46,8,0.8571,v1.8,True,SUCCESS,LTE,GOOD,3.5
REC-04542,2026-09-12T06:49:25Z,SITE-D,ESP32-D01,PV-D01,SITE-D-NOR-10,42,2.762,66.17,182.76,39.47,38.78,29.85,82.2,1009.88,47560.0,0.111,92.4,GOOD,CURRENT_SIGN_REVERSED,NORMAL,v1.8,NORMAL,0.8829,0.8829,0.1049,0.0076,0.003,0.0015,CONNECTED,NONE,3.18,8,0.8571,v1.8,True,SUCCESS,LTE,GOOD,3.5
REC-04543,2026-09-12T06:49:30Z,SITE-D,ESP32-D01,PV-D01,SITE-D-NOR-10,43,2.758,66.04,182.11,39.54,38.91,29.85,82.54,1009.93,48063.0,0.121,91.7,GOOD,CURRENT_SIGN_REVERSED,NORMAL,v1.8,NORMAL,0.8736,0.8736,0.1125,0.0089,0.0034,0.0017,CONNECTED,NONE,4.27,8,0.8571,v1.8,True,SUCCESS,LTE,GOOD,3.5
REC-04544,2026-09-12T06:49:35Z,SITE-D,ESP32-D01,PV-D01,SITE-D-NOR-10,44,2.731,66.28,181.01,39.41,38.84,29.84,82.75,1009.84,47585.0,0.131,91.8,GOOD,CURRENT_SIGN_REVERSED,NORMAL,v1.8,NORMAL,0.8741,0.8741,0.1107,0.0097,0.0036,0.0019,CONNECTED,NONE,4.16,8,0.8571,v1.8,True,SUCCESS,LTE,GOOD,3.5
REC-04545,2026-09-12T06:49:40Z,SITE-D,ESP32-D01,PV-D01,SITE-D-NOR-10,45,2.758,65.72,181.28,39.49,38.73,29.85,82.66,1009.9,47715.0,0.11,92.0,GOOD,CURRENT_SIGN_REVERSED,NORMAL,v1.8,NORMAL,0.8783,0.8783,0.1092,0.0077,0.0031,0.0016,CONNECTED,NONE,4.69,8,0.8571,v1.8,True,SUCCESS,LTE,GOOD,3.5
REC-04546,2026-09-12T06:49:45Z,SITE-D,ESP32-D01,PV-D01,SITE-D-NOR-10,46,2.751,65.67,180.67,39.49,38.79,29.86,82.18,1009.94,47739.0,0.117,91.7,GOOD,CURRENT_SIGN_REVERSED,NORMAL,v1.8,NORMAL,0.8736,0.8736,0.1128,0.0085,0.0033,0.0017,CONNECTED,NONE,3.12,8,0.8571,v1.8,True,SUCCESS,LTE,GOOD,3.5
REC-04547,2026-09-12T06:49:50Z,SITE-D,ESP32-D01,PV-D01,SITE-D-NOR-10,47,2.747,66.58,182.88,39.44,38.83,29.87,82.36,1009.88,48008.0,0.107,92.5,GOOD,CURRENT_SIGN_REVERSED,NORMAL,v1.8,NORMAL,0.8794,0.8794,0.1087,0.0075,0.003,0.0015,CONNECTED,NONE,3.81,8,0.8571,v1.8,True,SUCCESS,LTE,GOOD,3.5
REC-04548,2026-09-12T06:49:55Z,SITE-D,ESP32-D01,PV-D01,SITE-D-NOR-10,48,2.745,66.31,182.01,39.45,38.86,29.89,82.07,1009.87,47921.0,0.13,91.7,GOOD,CURRENT_SIGN_REVERSED,NORMAL,v1.8,NORMAL,0.8739,0.8739,0.1112,0.0096,0.0035,0.0018,CONNECTED,NONE,3.91,8,0.8571,v1.8,True,SUCCESS,LTE,GOOD,3.5
REC-04549,2026-09-12T06:50:00Z,SITE-D,ESP32-D01,PV-D01,SITE-D-NOR-10,49,2.759,65.8,181.55,39.34,38.87,29.88,82.0,1009.84,47947.0,0.12,91.8,GOOD,CURRENT_SIGN_REVERSED,NORMAL,v1.8,NORMAL,0.8726,0.8726,0.1134,0.0089,0.0034,0.0017,CONNECTED,NONE,4.12,8,0.8571,v1.8,True,SUCCESS,LTE,GOOD,0.54
REC-04550,2026-09-12T06:50:05Z,SITE-D,ESP32-D01,PV-D01,SITE-D-NOR-10,50,2.763,66.88,184.81,39.41,38.86,29.88,81.96,1009.91,48089.0,0.112,93.1,GOOD,CURRENT_SIGN_REVERSED,NORMAL,v1.8,NORMAL,0.8842,0.8842,0.1038,0.0076,0.003,0.0015,CONNECTED,NONE,2.55,8,0.8571,v1.8,True,SUCCESS,LTE,GOOD,0.54
REC-04551,2026-09-12T06:50:10Z,SITE-D,ESP32-D01,PV-D01,SITE-D-NOR-10,51,2.744,66.17,181.57,39.35,38.99,29.87,82.17,1009.86,47973.0,0.122,91.8,GOOD,CURRENT_SIGN_REVERSED,NORMAL,v1.8,NORMAL,0.8692,0.8692,0.1162,0.0092,0.0035,0.0018,CONNECTED,NONE,4.6,8,0.8571,v1.8,True,SUCCESS,LTE,GOOD,0.54
REC-04552,2026-09-12T06:50:15Z,SITE-D,ESP32-D01,PV-D01,SITE-D-NOR-10,52,2.725,66.47,181.12,39.39,38.88,29.87,82.37,1009.88,47682.0,0.109,91.9,GOOD,CURRENT_SIGN_REVERSED,NORMAL,v1.8,NORMAL,0.8734,0.8734,0.1139,0.0079,0.0031,0.0016,CONNECTED,NONE,3.47,8,0.8571,v1.8,True,SUCCESS,LTE,GOOD,0.54
REC-04553,2026-09-12T06:50:20Z,SITE-D,ESP32-D01,PV-D01,SITE-D-NOR-10,53,2.761,65.85,181.78,39.29,38.78,29.86,81.73,1009.84,47935.0,0.111,92.3,GOOD,CURRENT_SIGN_REVERSED,NORMAL,v1.8,NORMAL,0.8773,0.8773,0.11,0.0079,0.0032,0.0016,CONNECTED,NONE,3.02,8,0.8571,v1.8,True,SUCCESS,LTE,GOOD,0.54
REC-04554,2026-09-12T06:50:25Z,SITE-D,ESP32-D01,PV-D01,SITE-D-NOR-10,54,2.766,65.92,182.31,39.3,38.83,29.87,82.29,1009.93,47667.0,0.106,92.6,GOOD,CURRENT_SIGN_REVERSED,NORMAL,v1.8,NORMAL,0.8792,0.8792,0.1088,0.0075,0.003,0.0015,CONNECTED,NONE,3.57,8,0.8571,v1.8,True,SUCCESS,LTE,GOOD,0.54
REC-04555,2026-09-12T06:50:30Z,SITE-D,ESP32-D01,PV-D01,SITE-D-NOR-10,55,2.748,65.81,180.85,39.11,38.8,29.88,82.75,1009.91,47728.0,0.11,92.3,GOOD,CURRENT_SIGN_REVERSED,NORMAL,v1.8,NORMAL,0.8742,0.8742,0.1129,0.008,0.0032,0.0016,CONNECTED,NONE,2.26,8,0.8571,v1.8,True,SUCCESS,LTE,GOOD,0.54
REC-04556,2026-09-12T06:50:35Z,SITE-D,ESP32-D01,PV-D01,SITE-D-NOR-10,56,2.732,66.46,181.54,39.47,38.93,29.88,82.64,1009.88,47435.0,0.135,92.5,GOOD,CURRENT_SIGN_REVERSED,NORMAL,v1.8,NORMAL,0.8728,0.8728,0.1116,0.0101,0.0037,0.0019,CONNECTED,NONE,3.55,8,0.8571,v1.8,True,SUCCESS,LTE,GOOD,0.54
REC-04557,2026-09-12T06:50:40Z,SITE-D,ESP32-D01,PV-D01,SITE-D-NOR-10,57,2.758,65.81,181.49,39.31,38.78,29.88,82.12,1009.85,47761.0,0.114,92.3,GOOD,CURRENT_SIGN_REVERSED,NORMAL,v1.8,NORMAL,0.8765,0.8765,0.1105,0.0082,0.0032,0.0016,CONNECTED,NONE,4.4,8,0.8571,v1.8,True,SUCCESS,LTE,GOOD,0.54
REC-04558,2026-09-12T06:50:45Z,SITE-D,ESP32-D01,PV-D01,SITE-D-NOR-10,58,2.764,65.93,182.26,39.39,38.92,29.89,81.88,1009.93,47790.0,0.126,92.4,GOOD,CURRENT_SIGN_REVERSED,NORMAL,v1.8,NORMAL,0.8738,0.8738,0.1116,0.0093,0.0035,0.0018,CONNECTED,NONE,2.32,8,0.8571,v1.8,True,SUCCESS,LTE,GOOD,0.54
REC-04559,2026-09-12T06:50:50Z,SITE-D,ESP32-D01,PV-D01,SITE-D-NOR-10,59,2.747,65.92,181.11,39.45,38.84,29.89,82.44,1009.87,47688.0,0.113,91.9,GOOD,CURRENT_SIGN_REVERSED,NORMAL,v1.8,NORMAL,0.8734,0.8734,0.1135,0.0082,0.0032,0.0017,CONNECTED,NONE,3.21,8,0.8571,v1.8,True,SUCCESS,LTE,GOOD,0.54
REC-04560,2026-09-12T06:50:55Z,SITE-D,ESP32-D01,PV-D01,SITE-D-NOR-10,60,2.724,66.26,180.53,39.36,38.95,29.88,81.6,1009.85,47827.0,0.129,91.6,GOOD,CURRENT_SIGN_REVERSED,NORMAL,v1.8,NORMAL,0.8666,0.8666,0.1178,0.01,0.0037,0.0019,CONNECTED,NONE,2.51,8,0.8571,v1.8,True,SUCCESS,LTE,GOOD,0.54
REC-04561,2026-09-12T07:06:00Z,SITE-B,ESP32-B01,PV-B01,SITE-B-DUS-14,1,2.749,46.36,127.45,38.76,37.74,28.67,84.07,1010.01,48640.0,1.178,63.4,DEGRADED,DUST_BASELINE_DRIFT,DUST,v1.8,DUST,0.9949,0.0007,0.0011,0.9949,0.0026,0.0008,CONNECTED,WARNING,3.02,8,0.8571,v1.8,True,SUCCESS,WIFI,GOOD,0.6
REC-04562,2026-09-12T07:06:05Z,SITE-B,ESP32-B01,PV-B01,SITE-B-DUS-14,2,2.73,46.22,126.2,38.62,37.66,28.69,84.12,1010.08,48991.0,1.187,62.8,DEGRADED,DUST_BASELINE_DRIFT,DUST,v1.8,DUST,0.9951,0.0007,0.001,0.9951,0.0025,0.0007,CONNECTED,WARNING,4.25,8,0.8571,v1.8,True,SUCCESS,WIFI,GOOD,0.6
REC-04563,2026-09-12T07:06:10Z,SITE-B,ESP32-B01,PV-B01,SITE-B-DUS-14,3,2.71,46.97,127.27,38.61,37.64,28.67,84.53,1010.01,48952.0,1.228,63.5,DEGRADED,DUST_BASELINE_DRIFT,DUST,v1.8,DUST,0.9964,0.0005,0.0007,0.9964,0.0018,0.0006,CONNECTED,WARNING,3.69,8,0.8571,v1.8,True,SUCCESS,WIFI,GOOD,0.6
REC-04564,2026-09-12T07:06:15Z,SITE-B,ESP32-B01,PV-B01,SITE-B-DUS-14,4,2.72,45.57,123.94,38.71,37.66,28.68,84.41,1010.01,48530.0,1.175,62.1,DEGRADED,DUST_BASELINE_DRIFT,DUST,v1.8,DUST,0.9948,0.0007,0.0011,0.9948,0.0026,0.0008,CONNECTED,WARNING,3.08,8,0.8571,v1.8,True,SUCCESS,WIFI,GOOD,0.6
REC-04565,2026-09-12T07:06:20Z,SITE-B,ESP32-B01,PV-B01,SITE-B-DUS-14,5,2.711,46.53,126.17,38.66,37.62,28.69,84.47,1010.05,48814.0,1.183,63.2,DEGRADED,DUST_BASELINE_DRIFT,DUST,v1.8,DUST,0.995,0.0007,0.001,0.995,0.0025,0.0008,CONNECTED,WARNING,3.4,8,0.8571,v1.8,True,SUCCESS,WIFI,GOOD,0.6
REC-04566,2026-09-12T07:06:25Z,SITE-B,ESP32-B01,PV-B01,SITE-B-DUS-14,6,2.73,46.22,126.19,38.61,37.58,28.69,84.31,1009.98,48758.0,1.202,63.2,DEGRADED,DUST_BASELINE_DRIFT,DUST,v1.8,DUST,0.9956,0.0006,0.0009,0.9956,0.0022,0.0007,CONNECTED,WARNING,4.75,8,0.8571,v1.8,True,SUCCESS,WIFI,GOOD,0.6
REC-04567,2026-09-12T07:06:30Z,SITE-B,ESP32-B01,PV-B01,SITE-B-DUS-14,7,2.725,46.06,125.51,38.65,37.64,28.7,84.11,1010.02,48506.0,1.217,62.8,DEGRADED,DUST_BASELINE_DRIFT,DUST,v1.8,DUST,0.9961,0.0005,0.0008,0.9961,0.002,0.0006,CONNECTED,WARNING,2.88,8,0.8571,v1.8,True,SUCCESS,WIFI,GOOD,0.6
REC-04568,2026-09-12T07:06:35Z,SITE-B,ESP32-B01,PV-B01,SITE-B-DUS-14,8,2.742,46.07,126.35,38.82,37.7,28.7,84.07,1010.02,48541.0,1.247,63.2,DEGRADED,DUST_BASELINE_DRIFT,DUST,v1.8,DUST,0.9968,0.0004,0.0007,0.9968,0.0016,0.0005,CONNECTED,WARNING,3.71,8,0.8571,v1.8,True,SUCCESS,WIFI,GOOD,0.6
REC-04569,2026-09-12T07:06:40Z,SITE-B,ESP32-B01,PV-B01,SITE-B-DUS-14,9,2.726,46.71,127.31,38.75,37.67,28.71,84.43,1010.0,48518.0,1.246,63.8,DEGRADED,DUST_BASELINE_DRIFT,DUST,v1.8,DUST,0.9967,0.0005,0.0007,0.9967,0.0016,0.0005,CONNECTED,WARNING,4.12,8,0.8571,v1.8,True,SUCCESS,WIFI,GOOD,0.6
REC-04570,2026-09-12T07:06:45Z,SITE-B,ESP32-B01,PV-B01,SITE-B-DUS-14,10,2.738,46.2,126.51,38.66,37.5,28.71,84.78,1009.97,48378.0,1.121,63.4,DEGRADED,DUST_BASELINE_DRIFT,DUST,v1.8,DUST,0.9921,0.0011,0.0016,0.9921,0.004,0.0012,CONNECTED,WARNING,3.99,8,0.8571,v1.8,True,SUCCESS,WIFI,GOOD,0.6
REC-04571,2026-09-12T07:06:50Z,SITE-B,ESP32-B01,PV-B01,SITE-B-DUS-14,11,2.723,46.35,126.18,38.7,37.47,28.7,84.02,1010.02,48689.0,1.296,63.5,DEGRADED,DUST_BASELINE_DRIFT,DUST,v1.8,DUST,0.9977,0.0003,0.0005,0.9977,0.0012,0.0003,CONNECTED,WARNING,3.52,8,0.8571,v1.8,True,SUCCESS,WIFI,GOOD,0.6
REC-04572,2026-09-12T07:06:55Z,SITE-B,ESP32-B01,PV-B01,SITE-B-DUS-14,12,2.74,45.72,125.24,38.65,37.66,28.69,83.99,1010.04,48432.0,1.215,63.0,DEGRADED,DUST_BASELINE_DRIFT,DUST,v1.8,DUST,0.9961,0.0005,0.0008,0.9961,0.002,0.0006,CONNECTED,WARNING,4.16,8,0.8571,v1.8,True,SUCCESS,WIFI,GOOD,0.6
REC-04573,2026-09-12T07:07:00Z,SITE-B,ESP32-B01,PV-B01,SITE-B-DUS-14,13,2.745,45.54,125.01,38.51,37.57,28.7,83.96,1010.0,48312.0,1.191,62.9,DEGRADED,DUST_BASELINE_DRIFT,DUST,v1.8,DUST,0.9953,0.0006,0.0009,0.9953,0.0024,0.0007,CONNECTED,WARNING,2.66,8,0.8571,v1.8,True,SUCCESS,WIFI,GOOD,0.6
REC-04574,2026-09-12T07:07:05Z,SITE-B,ESP32-B01,PV-B01,SITE-B-DUS-14,14,2.734,46.22,126.37,38.54,37.46,28.72,84.55,1009.98,48319.0,1.157,63.3,DEGRADED,DUST_BASELINE_DRIFT,DUST,v1.8,DUST,0.9939,0.0009,0.0012,0.9939,0.0031,0.0009,CONNECTED,WARNING,3.22,8,0.8571,v1.8,True,SUCCESS,WIFI,GOOD,0.6
REC-04575,2026-09-12T07:07:10Z,SITE-B,ESP32-B01,PV-B01,SITE-B-DUS-14,15,2.714,45.67,123.92,38.6,37.56,28.71,84.29,1010.06,48441.0,1.33,62.2,DEGRADED,DUST_BASELINE_DRIFT,DUST,v1.8,DUST,0.9982,0.0002,0.0004,0.9982,0.0009,0.0003,CONNECTED,WARNING,2.82,8,0.8571,v1.8,True,SUCCESS,WIFI,GOOD,0.6
REC-04576,2026-09-12T07:07:15Z,SITE-B,ESP32-B01,PV-B01,SITE-B-DUS-14,16,2.753,45.43,125.07,38.5,37.53,28.71,84.47,1010.04,48031.0,1.353,63.0,DEGRADED,DUST_BASELINE_DRIFT,DUST,v1.8,DUST,0.9985,0.0002,0.0003,0.9985,0.0008,0.0002,CONNECTED,WARNING,2.67,8,0.8571,v1.8,True,SUCCESS,WIFI,GOOD,0.6
REC-04577,2026-09-12T07:07:20Z,SITE-B,ESP32-B01,PV-B01,SITE-B-DUS-14,17,2.742,45.44,124.62,38.63,37.53,28.71,84.15,1010.01,48262.0,1.323,62.9,DEGRADED,DUST_BASELINE_DRIFT,DUST,v1.8,DUST,0.9981,0.0002,0.0004,0.9981,0.001,0.0003,CONNECTED,WARNING,2.23,8,0.8571,v1.8,True,SUCCESS,WIFI,GOOD,0.6
REC-04578,2026-09-12T07:07:25Z,SITE-B,ESP32-B01,PV-B01,SITE-B-DUS-14,18,2.737,45.27,123.89,38.58,37.63,28.71,84.49,1010.05,47862.0,1.218,62.4,DEGRADED,DUST_BASELINE_DRIFT,DUST,v1.8,DUST,0.9962,0.0005,0.0008,0.9962,0.0019,0.0006,CONNECTED,WARNING,3.29,8,0.8571,v1.8,True,SUCCESS,WIFI,GOOD,0.6
REC-04579,2026-09-12T07:07:30Z,SITE-B,ESP32-B01,PV-B01,SITE-B-DUS-14,19,2.702,46.19,124.8,38.58,37.41,28.71,84.21,1010.03,48035.0,1.232,63.4,DEGRADED,DUST_BASELINE_DRIFT,DUST,v1.8,DUST,0.9965,0.0005,0.0007,0.9965,0.0017,0.0005,CONNECTED,WARNING,4.66,8,0.8571,v1.8,True,SUCCESS,WIFI,GOOD,0.6
REC-04580,2026-09-12T07:07:35Z,SITE-B,ESP32-B01,PV-B01,SITE-B-DUS-14,20,2.739,45.59,124.88,38.59,37.57,28.71,83.84,1010.07,47892.0,1.301,63.2,DEGRADED,DUST_BASELINE_DRIFT,DUST,v1.8,DUST,0.9978,0.0003,0.0005,0.9978,0.0011,0.0003,CONNECTED,WARNING,3.72,8,0.8571,v1.8,True,SUCCESS,WIFI,GOOD,0.6
REC-04581,2026-09-12T07:07:40Z,SITE-B,ESP32-B01,PV-B01,SITE-B-DUS-14,21,2.717,45.79,124.41,38.61,37.52,28.69,84.58,1010.04,47671.0,1.197,63.0,DEGRADED,DUST_BASELINE_DRIFT,DUST,v1.8,DUST,0.9956,0.0006,0.0009,0.9956,0.0021,0.0007,CONNECTED,WARNING,2.61,8,0.8571,v1.8,True,SUCCESS,WIFI,GOOD,0.6
REC-04582,2026-09-12T07:07:45Z,SITE-B,ESP32-B01,PV-B01,SITE-B-DUS-14,22,2.716,45.84,124.5,38.47,37.38,28.69,84.29,1009.98,47755.0,1.244,63.3,DEGRADED,DUST_BASELINE_DRIFT,DUST,v1.8,DUST,0.9968,0.0004,0.0007,0.9968,0.0016,0.0005,CONNECTED,WARNING,4.06,8,0.8571,v1.8,True,SUCCESS,WIFI,GOOD,0.6
REC-04583,2026-09-12T07:07:50Z,SITE-B,ESP32-B01,PV-B01,SITE-B-DUS-14,23,2.731,44.98,122.83,38.57,37.44,28.69,84.21,1010.0,47706.0,1.225,62.5,DEGRADED,DUST_BASELINE_DRIFT,DUST,v1.8,DUST,0.9964,0.0005,0.0008,0.9964,0.0018,0.0005,CONNECTED,WARNING,3.82,8,0.8571,v1.8,True,SUCCESS,WIFI,GOOD,0.6
REC-04584,2026-09-12T07:07:55Z,SITE-B,ESP32-B01,PV-B01,SITE-B-DUS-14,24,2.72,45.14,122.78,38.44,37.5,28.68,84.38,1010.0,47585.0,1.326,62.7,DEGRADED,DUST_BASELINE_DRIFT,DUST,v1.8,DUST,0.9982,0.0002,0.0004,0.9982,0.0009,0.0003,CONNECTED,WARNING,2.32,8,0.8571,v1.8,True,SUCCESS,WIFI,GOOD,0.6
REC-04585,2026-09-12T07:08:00Z,SITE-B,ESP32-B01,PV-B01,SITE-B-DUS-14,25,2.709,45.8,124.07,38.54,37.43,28.67,83.87,1010.03,47622.0,1.297,63.5,DEGRADED,DUST_BASELINE_DRIFT,DUST,v1.8,DUST,0.9978,0.0003,0.0005,0.9978,0.0011,0.0003,CONNECTED,WARNING,2.11,8,0.8571,v1.8,True,SUCCESS,WIFI,GOOD,0.6
REC-04586,2026-09-12T07:08:05Z,SITE-B,ESP32-B01,PV-B01,SITE-B-DUS-14,26,2.722,45.73,124.46,38.52,37.39,28.65,84.43,1010.01,47188.0,1.203,64.1,DEGRADED,DUST_BASELINE_DRIFT,DUST,v1.8,DUST,0.9959,0.0006,0.0009,0.9959,0.002,0.0006,CONNECTED,WARNING,2.27,8,0.8571,v1.8,True,SUCCESS,WIFI,GOOD,0.6
REC-04587,2026-09-12T07:08:10Z,SITE-B,ESP32-B01,PV-B01,SITE-B-DUS-14,27,2.719,45.47,123.64,38.49,37.33,28.65,84.12,1009.99,47358.0,1.303,63.6,DEGRADED,DUST_BASELINE_DRIFT,DUST,v1.8,DUST,0.998,0.0003,0.0005,0.998,0.001,0.0003,CONNECTED,WARNING,3.63,8,0.8571,v1.8,True,SUCCESS,WIFI,GOOD,0.6
REC-04588,2026-09-12T07:08:15Z,SITE-B,ESP32-B01,PV-B01,SITE-B-DUS-14,28,2.729,45.14,123.2,38.41,37.41,28.63,84.25,1010.04,47119.0,1.211,63.4,DEGRADED,DUST_BASELINE_DRIFT,DUST,v1.8,DUST,0.9963,0.0005,0.0008,0.9963,0.0018,0.0006,CONNECTED,WARNING,4.74,8,0.8571,v1.8,True,SUCCESS,WIFI,GOOD,0.6
REC-04589,2026-09-12T07:08:20Z,SITE-B,ESP32-B01,PV-B01,SITE-B-DUS-14,29,2.709,45.06,122.06,38.45,37.31,28.64,84.64,1010.05,47163.0,1.178,62.9,DEGRADED,DUST_BASELINE_DRIFT,DUST,v1.8,DUST,0.9953,0.0007,0.0011,0.9953,0.0022,0.0007,CONNECTED,WARNING,4.27,8,0.8571,v1.8,True,SUCCESS,WIFI,GOOD,0.6
REC-04590,2026-09-12T07:08:25Z,SITE-B,ESP32-B01,PV-B01,SITE-B-DUS-14,30,2.716,45.02,122.28,38.31,37.58,28.65,84.49,1010.02,47026.0,1.194,62.9,DEGRADED,DUST_BASELINE_DRIFT,DUST,v1.8,DUST,0.9958,0.0006,0.0009,0.9958,0.0021,0.0006,CONNECTED,WARNING,3.96,8,0.8571,v1.8,True,SUCCESS,WIFI,GOOD,0.6
REC-04591,2026-09-12T07:08:30Z,SITE-B,ESP32-B01,PV-B01,SITE-B-DUS-14,31,2.729,45.16,123.25,38.29,37.26,28.65,84.25,1010.03,47270.0,1.22,63.4,DEGRADED,DUST_BASELINE_DRIFT,DUST,v1.8,DUST,0.9964,0.0005,0.0008,0.9964,0.0017,0.0005,CONNECTED,WARNING,3.81,8,0.8571,v1.8,True,SUCCESS,WIFI,GOOD,0.6
REC-04592,2026-09-12T07:08:35Z,SITE-B,ESP32-B01,PV-B01,SITE-B-DUS-14,32,2.74,45.03,123.36,38.41,37.53,28.65,84.27,1009.99,46888.0,1.164,63.7,DEGRADED,DUST_BASELINE_DRIFT,DUST,v1.8,DUST,0.9948,0.0008,0.0011,0.9948,0.0025,0.0008,CONNECTED,WARNING,2.71,8,0.8571,v1.8,True,SUCCESS,WIFI,GOOD,0.6
REC-04593,2026-09-12T07:08:40Z,SITE-B,ESP32-B01,PV-B01,SITE-B-DUS-14,33,2.734,45.15,123.44,38.5,37.26,28.65,83.53,1010.0,47299.0,1.18,63.6,DEGRADED,DUST_BASELINE_DRIFT,DUST,v1.8,DUST,0.9952,0.0007,0.0011,0.9952,0.0023,0.0007,CONNECTED,WARNING,3.64,8,0.8571,v1.8,True,SUCCESS,WIFI,GOOD,0.6
REC-04594,2026-09-12T07:08:45Z,SITE-B,ESP32-B01,PV-B01,SITE-B-DUS-14,34,2.733,45.56,124.49,38.33,37.47,28.65,84.05,1010.01,47330.0,1.125,63.9,DEGRADED,DUST_BASELINE_DRIFT,DUST,v1.8,DUST,0.993,0.0011,0.0015,0.993,0.0034,0.0011,CONNECTED,WARNING,2.57,8,0.8571,v1.8,True,SUCCESS,WIFI,GOOD,0.6
REC-04595,2026-09-12T07:08:50Z,SITE-B,ESP32-B01,PV-B01,SITE-B-DUS-14,35,2.745,44.71,122.72,38.44,37.45,28.65,84.35,1010.04,47492.0,1.162,62.9,DEGRADED,TEMP2_MISSING_-999|DUST_BASELINE_DRIFT,DUST,v1.8,DUST,0.9946,0.0008,0.0012,0.9946,0.0027,0.0008,CONNECTED,WARNING,2.17,8,0.8571,v1.8,True,SUCCESS,WIFI,GOOD,0.6
REC-04596,2026-09-12T07:08:55Z,SITE-B,ESP32-B01,PV-B01,SITE-B-DUS-14,36,2.739,45.09,123.51,38.45,37.28,28.67,84.07,1010.03,47305.0,1.225,63.4,DEGRADED,DUST_BASELINE_DRIFT,DUST,v1.8,DUST,0.9965,0.0005,0.0008,0.9965,0.0017,0.0005,CONNECTED,WARNING,2.92,8,0.8571,v1.8,True,SUCCESS,WIFI,GOOD,0.6
REC-04597,2026-09-12T07:09:00Z,SITE-B,ESP32-B01,PV-B01,SITE-B-DUS-14,37,2.739,44.66,122.31,38.31,37.35,28.67,83.9,1010.01,47320.0,1.274,63.1,DEGRADED,DUST_BASELINE_DRIFT,DUST,v1.8,DUST,0.9975,0.0003,0.0005,0.9975,0.0012,0.0004,CONNECTED,WARNING,2.69,8,0.8571,v1.8,True,SUCCESS,WIFI,GOOD,0.6
REC-04598,2026-09-12T07:09:05Z,SITE-B,ESP32-B01,PV-B01,SITE-B-DUS-14,38,2.732,44.86,122.55,38.32,37.25,28.66,84.44,1010.01,46683.0,1.266,63.4,DEGRADED,DUST_BASELINE_DRIFT,DUST,v1.8,DUST,0.9974,0.0004,0.0006,0.9974,0.0013,0.0004,CONNECTED,WARNING,4.17,8,0.8571,v1.8,True,SUCCESS,WIFI,GOOD,0.6
REC-04599,2026-09-12T07:09:10Z,SITE-B,ESP32-B01,PV-B01,SITE-B-DUS-14,39,2.727,45.17,123.18,38.41,37.32,28.67,84.69,1009.96,46915.0,1.237,63.7,DEGRADED,DUST_BASELINE_DRIFT,DUST,v1.8,DUST,0.9968,0.0005,0.0007,0.9968,0.0016,0.0005,CONNECTED,WARNING,4.5,8,0.8571,v1.8,True,SUCCESS,WIFI,GOOD,0.6
REC-04600,2026-09-12T07:09:15Z,SITE-B,ESP32-B01,PV-B01,SITE-B-DUS-14,40,2.743,44.82,122.94,38.4,37.35,28.68,84.08,1010.07,46997.0,1.119,63.3,DEGRADED,DUST_BASELINE_DRIFT,DUST,v1.8,DUST,0.9926,0.0011,0.0016,0.9926,0.0036,0.0011,CONNECTED,WARNING,4.48,8,0.8571,v1.8,True,SUCCESS,WIFI,GOOD,0.6
REC-04601,2026-09-12T07:09:20Z,SITE-B,ESP32-B01,PV-B01,SITE-B-DUS-14,41,2.731,44.44,121.35,38.38,37.28,28.69,84.56,1009.96,46723.0,1.159,62.6,DEGRADED,SPIKE_VOLTAGE|DUST_BASELINE_DRIFT,DUST,v1.8,DUST,0.9945,0.0008,0.0012,0.9945,0.0027,0.0008,CONNECTED,WARNING,2.87,8,0.8571,v1.8,True,SUCCESS,WIFI,GOOD,0.6
REC-04602,2026-09-12T07:09:25Z,SITE-B,ESP32-B01,PV-B01,SITE-B-DUS-14,42,2.753,44.67,122.95,38.28,37.26,28.68,84.52,1010.03,46781.0,1.199,63.6,DEGRADED,DUST_BASELINE_DRIFT,DUST,v1.8,DUST,0.9958,0.0006,0.0009,0.9958,0.0021,0.0006,CONNECTED,WARNING,3.54,8,0.8571,v1.8,True,SUCCESS,WIFI,GOOD,0.6
REC-04603,2026-09-12T07:09:30Z,SITE-B,ESP32-B01,PV-B01,SITE-B-DUS-14,43,2.712,45.15,122.46,38.39,37.36,28.68,84.01,1010.02,47261.0,1.269,63.2,DEGRADED,DUST_BASELINE_DRIFT,DUST,v1.8,DUST,0.9974,0.0004,0.0006,0.9974,0.0013,0.0004,CONNECTED,WARNING,2.29,8,0.8571,v1.8,True,SUCCESS,WIFI,GOOD,0.6
REC-04604,2026-09-12T07:09:35Z,SITE-B,ESP32-B01,PV-B01,SITE-B-DUS-14,44,2.72,45.11,122.71,38.36,37.26,28.67,84.08,1010.01,47017.0,1.178,63.4,DEGRADED,DUST_BASELINE_DRIFT,DUST,v1.8,DUST,0.9952,0.0007,0.001,0.9952,0.0023,0.0007,CONNECTED,WARNING,3.2,8,0.8571,v1.8,True,SUCCESS,WIFI,GOOD,0.6
REC-04605,2026-09-12T07:09:40Z,SITE-B,ESP32-B01,PV-B01,SITE-B-DUS-14,45,2.746,45.14,123.97,38.42,37.32,28.67,84.84,1010.02,47239.0,1.138,63.7,DEGRADED,TEMP1_MISSING_-999|DUST_BASELINE_DRIFT,DUST,v1.8,DUST,0.9935,0.001,0.0014,0.9935,0.0032,0.001,CONNECTED,WARNING,3.48,8,0.8571,v1.8,True,SUCCESS,WIFI,GOOD,0.6
REC-04606,2026-09-12T07:09:45Z,SITE-B,ESP32-B01,PV-B01,SITE-B-DUS-14,46,2.745,45.33,124.43,38.41,37.47,28.67,83.96,1010.0,47367.0,1.298,64.0,DEGRADED,DUST_BASELINE_DRIFT,DUST,v1.8,DUST,0.9979,0.0003,0.0005,0.9979,0.0011,0.0003,CONNECTED,WARNING,3.29,8,0.8571,v1.8,True,SUCCESS,WIFI,GOOD,0.6
REC-04607,2026-09-12T07:09:50Z,SITE-B,ESP32-B01,PV-B01,SITE-B-DUS-14,47,2.741,45.39,124.4,38.47,37.45,28.66,84.12,1010.04,47439.0,1.167,63.7,DEGRADED,DUST_BASELINE_DRIFT,DUST,v1.8,DUST,0.9947,0.0008,0.0011,0.9947,0.0026,0.0008,CONNECTED,WARNING,3.21,8,0.8571,v1.8,True,SUCCESS,WIFI,GOOD,0.6
REC-04608,2026-09-12T07:09:55Z,SITE-B,ESP32-B01,PV-B01,SITE-B-DUS-14,48,2.708,45.76,123.91,38.4,37.31,28.67,84.89,1009.98,47570.0,1.143,63.4,DEGRADED,DUST_BASELINE_DRIFT,DUST,v1.8,DUST,0.9937,0.001,0.0013,0.9937,0.003,0.001,CONNECTED,WARNING,4.64,8,0.8571,v1.8,True,SUCCESS,WIFI,GOOD,0.6
REC-04609,2026-09-12T07:10:00Z,SITE-B,ESP32-B01,PV-B01,SITE-B-DUS-14,49,2.73,45.2,123.41,38.51,37.37,28.69,84.13,1010.03,47630.0,1.225,63.0,DEGRADED,DUST_BASELINE_DRIFT,DUST,v1.8,DUST,0.9964,0.0005,0.0008,0.9964,0.0018,0.0005,CONNECTED,WARNING,4.56,8,0.8571,v1.8,True,SUCCESS,WIFI,GOOD,0.24
REC-04610,2026-09-12T07:10:05Z,SITE-B,ESP32-B01,PV-B01,SITE-B-DUS-14,50,2.731,45.37,123.91,38.47,37.27,28.69,84.71,1010.0,47637.0,1.208,63.3,DEGRADED,DUST_BASELINE_DRIFT,DUST,v1.8,DUST,0.9959,0.0006,0.0009,0.9959,0.002,0.0006,CONNECTED,WARNING,4.28,8,0.8571,v1.8,True,SUCCESS,WIFI,GOOD,0.24
REC-04611,2026-09-12T07:10:10Z,SITE-B,ESP32-B01,PV-B01,SITE-B-DUS-14,51,2.717,45.65,124.03,38.41,37.5,28.69,83.99,1010.01,47472.0,1.181,63.4,DEGRADED,DUST_BASELINE_DRIFT,DUST,v1.8,DUST,0.9952,0.0007,0.001,0.9952,0.0024,0.0007,CONNECTED,WARNING,2.16,8,0.8571,v1.8,True,SUCCESS,WIFI,GOOD,0.24
REC-04612,2026-09-12T07:10:15Z,SITE-B,ESP32-B01,PV-B01,SITE-B-DUS-14,52,2.726,45.53,124.11,38.34,37.49,28.69,84.34,1010.01,47758.0,1.211,63.3,DEGRADED,DUST_BASELINE_DRIFT,DUST,v1.8,DUST,0.9961,0.0006,0.0008,0.9961,0.002,0.0006,CONNECTED,WARNING,2.32,8,0.8571,v1.8,True,SUCCESS,WIFI,GOOD,0.24
REC-04613,2026-09-12T07:10:20Z,SITE-B,ESP32-B01,PV-B01,SITE-B-DUS-14,53,2.715,45.85,124.49,38.61,37.38,28.71,84.63,1010.02,47536.0,1.156,63.4,DEGRADED,DUST_BASELINE_DRIFT,DUST,v1.8,DUST,0.9941,0.0009,0.0012,0.9941,0.0028,0.0009,CONNECTED,WARNING,4.0,8,0.8571,v1.8,True,SUCCESS,WIFI,GOOD,0.24
REC-04614,2026-09-12T07:10:25Z,SITE-B,ESP32-B01,PV-B01,SITE-B-DUS-14,54,2.726,45.42,123.81,38.6,37.53,28.71,84.16,1010.04,47782.0,1.18,62.9,DEGRADED,DUST_BASELINE_DRIFT,DUST,v1.8,DUST,0.9951,0.0007,0.001,0.9951,0.0024,0.0008,CONNECTED,WARNING,4.17,8,0.8571,v1.8,True,SUCCESS,WIFI,GOOD,0.24
REC-04615,2026-09-12T07:10:30Z,SITE-B,ESP32-B01,PV-B01,SITE-B-DUS-14,55,2.712,46.21,125.31,38.42,37.59,28.71,84.33,1010.02,47700.0,1.209,64.0,DEGRADED,DUST_BASELINE_DRIFT,DUST,v1.8,DUST,0.9959,0.0006,0.0008,0.9959,0.002,0.0006,CONNECTED,WARNING,4.77,8,0.8571,v1.8,True,SUCCESS,WIFI,GOOD,0.24
REC-04616,2026-09-12T07:10:35Z,SITE-B,ESP32-B01,PV-B01,SITE-B-DUS-14,56,2.72,45.52,123.8,38.53,37.29,28.71,84.52,1010.05,47551.0,1.089,63.2,DEGRADED,DUST_BASELINE_DRIFT,DUST,v1.8,DUST,0.9904,0.0015,0.002,0.9904,0.0047,0.0014,CONNECTED,WARNING,3.74,8,0.8571,v1.8,True,SUCCESS,WIFI,GOOD,0.24
REC-04617,2026-09-12T07:10:40Z,SITE-B,ESP32-B01,PV-B01,SITE-B-DUS-14,57,2.701,45.67,123.35,38.37,37.34,28.7,84.03,1010.05,47413.0,1.268,63.1,DEGRADED,DUST_BASELINE_DRIFT,DUST,v1.8,DUST,0.9973,0.0004,0.0006,0.9973,0.0013,0.0004,CONNECTED,WARNING,2.81,8,0.8571,v1.8,True,SUCCESS,WIFI,GOOD,0.24
REC-04618,2026-09-12T07:10:45Z,SITE-B,ESP32-B01,PV-B01,SITE-B-DUS-14,58,2.728,45.21,123.32,38.42,37.26,28.7,84.97,1010.03,47741.0,1.129,63.2,DEGRADED,DUST_BASELINE_DRIFT,DUST,v1.8,DUST,0.9928,0.0011,0.0015,0.9928,0.0036,0.0011,CONNECTED,WARNING,3.67,8,0.8571,v1.8,True,SUCCESS,WIFI,GOOD,0.24
REC-04619,2026-09-12T07:10:50Z,SITE-B,ESP32-B01,PV-B01,SITE-B-DUS-14,59,2.737,45.65,124.96,38.41,37.47,28.69,84.61,1010.04,47677.0,1.155,63.9,DEGRADED,DUST_BASELINE_DRIFT,DUST,v1.8,DUST,0.9942,0.0009,0.0012,0.9942,0.0029,0.0009,CONNECTED,WARNING,4.74,8,0.8571,v1.8,True,SUCCESS,WIFI,GOOD,0.24
REC-04620,2026-09-12T07:10:55Z,SITE-B,ESP32-B01,PV-B01,SITE-B-DUS-14,60,2.75,45.08,123.95,38.47,37.42,28.7,84.19,1010.08,47735.0,1.271,63.1,DEGRADED,DUST_BASELINE_DRIFT,DUST,v1.8,DUST,0.9974,0.0004,0.0006,0.9974,0.0013,0.0004,CONNECTED,WARNING,2.74,8,0.8571,v1.8,True,SUCCESS,WIFI,GOOD,0.24
REC-04621,2026-09-12T10:04:00Z,SITE-B,ESP32-B01,PV-B01,SITE-B-NOR-14,1,2.77,24.49,67.82,28.85,28.18,25.74,99.75,1009.02,17548.0,0.031,96.6,GOOD,DUST_BASELINE_DRIFT,NORMAL,v1.8,NORMAL,0.9271,0.9271,0.0524,0.0046,0.0117,0.0043,CONNECTED,NONE,3.02,8,0.8571,v1.8,True,SUCCESS,WIFI,GOOD,0.53
REC-04622,2026-09-12T10:04:05Z,SITE-B,ESP32-B01,PV-B01,SITE-B-NOR-14,2,2.769,25.01,69.25,28.81,28.27,25.72,99.86,1008.96,17682.0,0.067,98.2,GOOD,DUST_BASELINE_DRIFT,NORMAL,v1.8,NORMAL,0.9159,0.9159,0.0605,0.0063,0.0125,0.0048,CONNECTED,NONE,4.0,8,0.8571,v1.8,True,SUCCESS,WIFI,GOOD,0.53
REC-04623,2026-09-12T10:04:10Z,SITE-B,ESP32-B01,PV-B01,SITE-B-NOR-14,3,2.786,24.88,69.34,28.82,28.31,25.72,100.0,1008.93,17386.0,0.036,98.1,GOOD,DUST_BASELINE_DRIFT,NORMAL,v1.8,NORMAL,0.9277,0.9277,0.0525,0.0046,0.011,0.0041,CONNECTED,NONE,3.34,8,0.8571,v1.8,True,SUCCESS,WIFI,GOOD,0.53
REC-04624,2026-09-12T10:04:15Z,SITE-B,ESP32-B01,PV-B01,SITE-B-NOR-14,4,2.802,24.82,69.55,28.84,28.26,25.71,100.0,1008.99,17291.0,0.045,98.5,GOOD,DUST_BASELINE_DRIFT,NORMAL,v1.8,NORMAL,0.9242,0.9242,0.0552,0.005,0.0114,0.0042,CONNECTED,NONE,2.15,8,0.8571,v1.8,True,SUCCESS,WIFI,GOOD,0.53
REC-04625,2026-09-12T10:04:20Z,SITE-B,ESP32-B01,PV-B01,SITE-B-NOR-14,5,2.758,25.08,69.16,28.61,28.21,25.7,100.0,1008.99,17531.0,0.032,98.0,GOOD,DUST_BASELINE_DRIFT,NORMAL,v1.8,NORMAL,0.9319,0.9319,0.0491,0.0044,0.0106,0.0041,CONNECTED,NONE,3.47,8,0.8571,v1.8,True,SUCCESS,WIFI,GOOD,0.53
REC-04626,2026-09-12T10:04:25Z,SITE-B,ESP32-B01,PV-B01,SITE-B-NOR-14,6,2.75,25.54,70.23,28.62,28.31,25.69,99.86,1009.02,17976.0,0.044,99.5,GOOD,DUST_BASELINE_DRIFT,NORMAL,v1.8,NORMAL,0.9284,0.9284,0.0516,0.0049,0.0108,0.0043,CONNECTED,NONE,4.37,8,0.8571,v1.8,True,SUCCESS,WIFI,GOOD,0.53
REC-04627,2026-09-12T10:04:30Z,SITE-B,ESP32-B01,PV-B01,SITE-B-NOR-14,7,2.776,24.64,68.4,28.75,28.29,25.7,99.88,1009.01,17778.0,0.043,96.6,GOOD,DUST_BASELINE_DRIFT,NORMAL,v1.8,NORMAL,0.9228,0.9228,0.0556,0.0051,0.0119,0.0045,CONNECTED,NONE,3.98,8,0.8571,v1.8,True,SUCCESS,WIFI,GOOD,0.53
REC-04628,2026-09-12T10:04:35Z,SITE-B,ESP32-B01,PV-B01,SITE-B-NOR-14,8,2.784,24.32,67.71,28.75,28.24,25.69,100.0,1009.03,17525.0,0.029,95.5,GOOD,DUST_BASELINE_DRIFT,NORMAL,v1.8,NORMAL,0.9265,0.9265,0.0532,0.0046,0.0115,0.0042,CONNECTED,NONE,4.03,8,0.8571,v1.8,True,SUCCESS,WIFI,GOOD,0.53
REC-04629,2026-09-12T10:04:40Z,SITE-B,ESP32-B01,PV-B01,SITE-B-NOR-14,9,2.778,24.51,68.1,28.8,28.12,25.68,99.8,1008.99,17637.0,0.072,96.3,GOOD,DUST_BASELINE_DRIFT,NORMAL,v1.8,NORMAL,0.9094,0.9094,0.0654,0.0069,0.0133,0.005,CONNECTED,NONE,3.74,8,0.8571,v1.8,True,SUCCESS,WIFI,GOOD,0.53
REC-04630,2026-09-12T10:04:45Z,SITE-B,ESP32-B01,PV-B01,SITE-B-NOR-14,10,2.793,24.46,68.31,28.77,28.31,25.68,99.96,1008.98,17673.0,0.039,96.6,GOOD,DUST_BASELINE_DRIFT,NORMAL,v1.8,NORMAL,0.9225,0.9225,0.0562,0.005,0.0119,0.0044,CONNECTED,NONE,2.59,8,0.8571,v1.8,True,SUCCESS,WIFI,GOOD,0.53
REC-04631,2026-09-12T10:04:50Z,SITE-B,ESP32-B01,PV-B01,SITE-B-NOR-14,11,2.761,24.8,68.46,28.85,28.24,25.69,99.88,1008.93,17462.0,0.039,96.3,GOOD,DUST_BASELINE_DRIFT,NORMAL,v1.8,NORMAL,0.9235,0.9235,0.0557,0.005,0.0113,0.0044,CONNECTED,NONE,4.65,8,0.8571,v1.8,True,SUCCESS,WIFI,GOOD,0.53
REC-04632,2026-09-12T10:04:55Z,SITE-B,ESP32-B01,PV-B01,SITE-B-NOR-14,12,2.768,25.05,69.34,28.7,28.31,25.69,99.21,1008.98,17886.0,0.054,97.4,GOOD,DUST_BASELINE_DRIFT,NORMAL,v1.8,NORMAL,0.9211,0.9211,0.0568,0.0056,0.0119,0.0046,CONNECTED,NONE,2.51,8,0.8571,v1.8,True,SUCCESS,WIFI,GOOD,0.53
REC-04633,2026-09-12T10:05:00Z,SITE-B,ESP32-B01,PV-B01,SITE-B-NOR-14,13,2.768,25.46,70.46,28.78,28.3,25.69,100.0,1008.95,17701.0,0.062,98.7,GOOD,DUST_BASELINE_DRIFT,NORMAL,v1.8,NORMAL,0.9197,0.9197,0.0583,0.0059,0.0115,0.0046,CONNECTED,NONE,4.28,8,0.8571,v1.8,True,SUCCESS,WIFI,GOOD,0.53
REC-04634,2026-09-12T10:05:05Z,SITE-B,ESP32-B01,PV-B01,SITE-B-NOR-14,14,2.78,25.59,71.14,28.67,28.13,25.68,99.95,1008.98,17741.0,0.055,99.5,GOOD,DUST_BASELINE_DRIFT,NORMAL,v1.8,NORMAL,0.9256,0.9256,0.0539,0.0052,0.0111,0.0042,CONNECTED,NONE,2.91,8,0.8571,v1.8,True,SUCCESS,WIFI,GOOD,0.53
REC-04635,2026-09-12T10:05:10Z,SITE-B,ESP32-B01,PV-B01,SITE-B-NOR-14,15,2.776,25.25,70.08,28.8,28.28,25.67,100.0,1008.97,17773.0,0.032,97.9,GOOD,DUST_BASELINE_DRIFT,NORMAL,v1.8,NORMAL,0.9283,0.9283,0.0524,0.0045,0.0107,0.004,CONNECTED,NONE,3.3,8,0.8571,v1.8,True,SUCCESS,WIFI,GOOD,0.53
REC-04636,2026-09-12T10:05:15Z,SITE-B,ESP32-B01,PV-B01,SITE-B-NOR-14,16,2.793,25.65,71.63,28.64,28.33,25.66,100.0,1008.98,17947.0,0.046,100.0,GOOD,DUST_BASELINE_DRIFT,NORMAL,v1.8,NORMAL,0.928,0.928,0.0525,0.0048,0.0107,0.004,CONNECTED,NONE,2.88,8,0.8571,v1.8,True,SUCCESS,WIFI,GOOD,0.53
REC-04637,2026-09-12T10:05:20Z,SITE-B,ESP32-B01,PV-B01,SITE-B-NOR-14,17,2.778,25.12,69.79,28.83,28.35,25.67,99.62,1008.97,17709.0,0.025,97.2,GOOD,DUST_BASELINE_DRIFT,NORMAL,v1.8,NORMAL,0.9294,0.9294,0.0518,0.0043,0.0105,0.004,CONNECTED,NONE,4.77,8,0.8571,v1.8,True,SUCCESS,WIFI,GOOD,0.53
REC-04638,2026-09-12T10:05:25Z,SITE-B,ESP32-B01,PV-B01,SITE-B-NOR-14,18,2.796,24.65,68.92,28.7,28.33,25.67,99.92,1009.0,17604.0,0.053,95.8,GOOD,DUST_BASELINE_DRIFT,NORMAL,v1.8,NORMAL,0.9194,0.9194,0.0585,0.0056,0.012,0.0045,CONNECTED,NONE,3.11,8,0.8571,v1.8,True,SUCCESS,WIFI,GOOD,0.53
REC-04639,2026-09-12T10:05:30Z,SITE-B,ESP32-B01,PV-B01,SITE-B-NOR-14,19,2.77,25.67,71.11,28.79,28.16,25.67,99.37,1008.89,17922.0,0.028,98.8,GOOD,DUST_BASELINE_DRIFT,NORMAL,v1.8,NORMAL,0.9322,0.9322,0.0496,0.0042,0.0103,0.0038,CONNECTED,NONE,2.51,8,0.8571,v1.8,True,SUCCESS,WIFI,GOOD,0.53
REC-04640,2026-09-12T10:05:35Z,SITE-B,ESP32-B01,PV-B01,SITE-B-NOR-14,20,2.785,24.62,68.56,28.88,28.41,25.66,99.64,1008.98,17531.0,0.036,95.5,GOOD,DUST_BASELINE_DRIFT,NORMAL,v1.8,NORMAL,0.9214,0.9214,0.0578,0.0051,0.0114,0.0044,CONNECTED,NONE,3.42,8,0.8571,v1.8,True,SUCCESS,WIFI,GOOD,0.53
REC-04641,2026-09-12T10:05:40Z,SITE-B,ESP32-B01,PV-B01,SITE-B-NOR-14,21,2.779,25.03,69.58,28.83,28.35,25.65,100.0,1009.01,17812.0,0.044,96.8,GOOD,DUST_BASELINE_DRIFT,NORMAL,v1.8,NORMAL,0.9209,0.9209,0.058,0.0053,0.0114,0.0044,CONNECTED,NONE,4.31,8,0.8571,v1.8,True,SUCCESS,WIFI,GOOD,0.53
REC-04642,2026-09-12T10:05:45Z,SITE-B,ESP32-B01,PV-B01,SITE-B-NOR-14,22,2.789,25.36,70.73,28.69,28.23,25.64,99.93,1009.03,18032.0,0.048,98.4,GOOD,DUST_BASELINE_DRIFT,NORMAL,v1.8,NORMAL,0.9238,0.9238,0.0556,0.0051,0.0113,0.0042,CONNECTED,NONE,2.42,8,0.8571,v1.8,True,SUCCESS,WIFI,GOOD,0.53
REC-04643,2026-09-12T10:05:50Z,SITE-B,ESP32-B01,PV-B01,SITE-B-NOR-14,23,2.766,25.28,69.94,28.77,28.26,25.65,100.0,1008.99,17924.0,0.041,97.4,GOOD,DUST_BASELINE_DRIFT,NORMAL,v1.8,NORMAL,0.9243,0.9243,0.0553,0.005,0.0111,0.0043,CONNECTED,NONE,2.5,8,0.8571,v1.8,True,SUCCESS,WIFI,GOOD,0.53
REC-04644,2026-09-12T10:05:55Z,SITE-B,ESP32-B01,PV-B01,SITE-B-NOR-14,24,2.791,25.17,70.27,28.72,28.36,25.65,99.41,1009.02,18134.0,0.059,97.0,GOOD,DUST_BASELINE_DRIFT,NORMAL,v1.8,NORMAL,0.9176,0.9176,0.0599,0.0059,0.0121,0.0045,CONNECTED,NONE,2.77,8,0.8571,v1.8,True,SUCCESS,WIFI,GOOD,0.53
REC-04645,2026-09-12T10:06:00Z,SITE-B,ESP32-B01,PV-B01,SITE-B-NOR-14,25,2.795,24.78,69.27,28.7,28.39,25.67,99.93,1008.98,17990.0,0.051,96.1,GOOD,DUST_BASELINE_DRIFT,NORMAL,v1.8,NORMAL,0.9199,0.9199,0.058,0.0055,0.0121,0.0045,CONNECTED,NONE,2.97,8,0.8571,v1.8,True,SUCCESS,WIFI,GOOD,0.53
REC-04646,2026-09-12T10:06:05Z,SITE-B,ESP32-B01,PV-B01,SITE-B-NOR-14,26,2.798,25.23,70.61,28.86,28.31,25.68,99.86,1008.97,18309.0,0.05,97.7,GOOD,DUST_BASELINE_DRIFT,NORMAL,v1.8,NORMAL,0.9206,0.9206,0.0577,0.0053,0.0121,0.0043,CONNECTED,NONE,4.75,8,0.8571,v1.8,True,SUCCESS,WIFI,GOOD,0.53
REC-04647,2026-09-12T10:06:10Z,SITE-B,ESP32-B01,PV-B01,SITE-B-NOR-14,27,2.794,25.45,71.11,28.88,28.4,25.69,100.0,1008.99,17814.0,0.032,98.6,GOOD,DUST_BASELINE_DRIFT,NORMAL,v1.8,NORMAL,0.9292,0.9292,0.052,0.0044,0.0105,0.0039,CONNECTED,NONE,2.18,8,0.8571,v1.8,True,SUCCESS,WIFI,GOOD,0.53
REC-04648,2026-09-12T10:06:15Z,SITE-B,ESP32-B01,PV-B01,SITE-B-NOR-14,28,2.775,25.41,70.5,28.84,28.16,25.7,100.0,1008.97,17969.0,0.061,97.7,GOOD,DUST_BASELINE_DRIFT,NORMAL,v1.8,NORMAL,0.9194,0.9194,0.0583,0.0058,0.0121,0.0045,CONNECTED,NONE,3.91,8,0.8571,v1.8,True,SUCCESS,WIFI,GOOD,0.53
REC-04649,2026-09-12T10:06:20Z,SITE-B,ESP32-B01,PV-B01,SITE-B-NOR-14,29,2.782,25.23,70.19,28.89,28.26,25.7,100.0,1008.95,17978.0,0.036,96.6,GOOD,DUST_BASELINE_DRIFT,NORMAL,v1.8,NORMAL,0.9265,0.9265,0.0534,0.0047,0.0113,0.0041,CONNECTED,NONE,3.11,8,0.8571,v1.8,True,SUCCESS,WIFI,GOOD,0.53
REC-04650,2026-09-12T10:06:25Z,SITE-B,ESP32-B01,PV-B01,SITE-B-NOR-14,30,2.774,25.1,69.63,28.83,28.16,25.7,100.0,1008.95,18137.0,0.061,96.1,GOOD,DUST_BASELINE_DRIFT,NORMAL,v1.8,NORMAL,0.9171,0.9171,0.0597,0.0059,0.0127,0.0046,CONNECTED,NONE,4.55,8,0.8571,v1.8,True,SUCCESS,WIFI,GOOD,0.53
REC-04651,2026-09-12T10:06:30Z,SITE-B,ESP32-B01,PV-B01,SITE-B-NOR-14,31,2.803,24.98,70.03,28.8,28.25,25.7,99.89,1008.94,17946.0,0.064,96.8,GOOD,DUST_BASELINE_DRIFT,NORMAL,v1.8,NORMAL,0.9168,0.9168,0.0601,0.006,0.0126,0.0045,CONNECTED,NONE,2.31,8,0.8571,v1.8,True,SUCCESS,WIFI,GOOD,0.53
REC-04652,2026-09-12T10:06:35Z,SITE-B,ESP32-B01,PV-B01,SITE-B-NOR-14,32,2.768,25.57,70.78,28.73,28.44,25.71,100.0,1008.99,18212.0,0.049,97.9,GOOD,DUST_BASELINE_DRIFT,NORMAL,v1.8,NORMAL,0.9255,0.9255,0.0537,0.0051,0.0113,0.0044,CONNECTED,NONE,2.78,8,0.8571,v1.8,True,SUCCESS,WIFI,GOOD,0.53
REC-04653,2026-09-12T10:06:40Z,SITE-B,ESP32-B01,PV-B01,SITE-B-NOR-14,33,2.771,25.49,70.61,28.77,28.47,25.72,99.69,1008.97,17831.0,0.054,97.9,GOOD,DUST_BASELINE_DRIFT,NORMAL,v1.8,NORMAL,0.9237,0.9237,0.0551,0.0054,0.0113,0.0045,CONNECTED,NONE,3.5,8,0.8571,v1.8,True,SUCCESS,WIFI,GOOD,0.53
REC-04654,2026-09-12T10:06:45Z,SITE-B,ESP32-B01,PV-B01,SITE-B-NOR-14,34,2.794,25.06,70.01,28.7,28.33,25.72,99.68,1008.96,18168.0,0.013,96.8,GOOD,DUST_BASELINE_DRIFT,NORMAL,v1.8,NORMAL,0.9367,0.9367,0.0454,0.0036,0.0106,0.0037,CONNECTED,NONE,2.57,8,0.8571,v1.8,True,SUCCESS,WIFI,GOOD,0.53
REC-04655,2026-09-12T10:06:50Z,SITE-B,ESP32-B01,PV-B01,SITE-B-NOR-14,35,2.757,24.79,68.33,28.74,28.26,25.72,100.0,1008.95,18018.0,0.042,94.6,GOOD,DUST_BASELINE_DRIFT,NORMAL,v1.8,NORMAL,0.9242,0.9242,0.0542,0.005,0.012,0.0045,CONNECTED,NONE,3.28,8,0.8571,v1.8,True,SUCCESS,WIFI,GOOD,0.53
REC-04656,2026-09-12T10:06:55Z,SITE-B,ESP32-B01,PV-B01,SITE-B-NOR-14,36,2.79,25.42,70.9,28.83,28.3,25.74,99.55,1008.99,17958.0,0.055,98.0,GOOD,SPIKE_CURRENT|DUST_BASELINE_DRIFT,NORMAL,v1.8,NORMAL,0.9239,0.9239,0.0548,0.0053,0.0118,0.0043,CONNECTED,NONE,3.84,8,0.8571,v1.8,True,SUCCESS,WIFI,GOOD,0.53
REC-04657,2026-09-12T10:07:00Z,SITE-B,ESP32-B01,PV-B01,SITE-B-NOR-14,37,2.776,25.08,69.6,28.8,28.34,25.72,100.0,1008.99,17975.0,0.053,96.6,GOOD,DUST_BASELINE_DRIFT,NORMAL,v1.8,NORMAL,0.9213,0.9213,0.0566,0.0055,0.0121,0.0045,CONNECTED,NONE,3.47,8,0.8571,v1.8,True,SUCCESS,WIFI,GOOD,0.53
REC-04658,2026-09-12T10:07:05Z,SITE-B,ESP32-B01,PV-B01,SITE-B-NOR-14,38,2.788,25.29,70.5,29.04,28.17,25.74,100.0,1008.94,17838.0,0.032,98.4,GOOD,DUST_BASELINE_DRIFT,NORMAL,v1.8,NORMAL,0.9284,0.9284,0.052,0.0044,0.0112,0.0039,CONNECTED,NONE,3.95,8,0.8571,v1.8,True,SUCCESS,WIFI,GOOD,0.53
REC-04659,2026-09-12T10:07:10Z,SITE-B,ESP32-B01,PV-B01,SITE-B-NOR-14,39,2.804,24.76,69.43,28.69,28.25,25.74,100.0,1008.93,17840.0,0.041,96.9,GOOD,DUST_BASELINE_DRIFT,NORMAL,v1.8,NORMAL,0.9281,0.9281,0.0513,0.0047,0.0118,0.0041,CONNECTED,NONE,3.35,8,0.8571,v1.8,True,SUCCESS,WIFI,GOOD,0.53
REC-04660,2026-09-12T10:07:15Z,SITE-B,ESP32-B01,PV-B01,SITE-B-NOR-14,40,2.777,24.67,68.52,28.76,28.39,25.72,99.98,1009.0,17673.0,0.019,96.1,GOOD,DUST_BASELINE_DRIFT,NORMAL,v1.8,NORMAL,0.9321,0.9321,0.049,0.004,0.0108,0.004,CONNECTED,NONE,4.33,8,0.8571,v1.8,True,SUCCESS,WIFI,GOOD,0.53
REC-04661,2026-09-12T10:07:20Z,SITE-B,ESP32-B01,PV-B01,SITE-B-NOR-14,41,2.76,25.25,69.7,28.68,28.21,25.72,100.0,1008.93,17678.0,0.048,97.3,GOOD,DUST_BASELINE_DRIFT,NORMAL,v1.8,NORMAL,0.927,0.927,0.0524,0.005,0.0112,0.0043,CONNECTED,NONE,4.37,8,0.8571,v1.8,True,SUCCESS,WIFI,GOOD,0.53
REC-04662,2026-09-12T10:07:25Z,SITE-B,ESP32-B01,PV-B01,SITE-B-NOR-14,42,2.766,25.85,71.49,28.73,28.2,25.7,100.0,1008.99,17653.0,0.025,100.0,GOOD,DUST_BASELINE_DRIFT,NORMAL,v1.8,NORMAL,0.9366,0.9366,0.0462,0.0039,0.0097,0.0037,CONNECTED,NONE,4.17,8,0.8571,v1.8,True,SUCCESS,WIFI,GOOD,0.53
REC-04663,2026-09-12T10:07:30Z,SITE-B,ESP32-B01,PV-B01,SITE-B-NOR-14,43,2.766,25.29,69.94,28.73,28.26,25.71,99.8,1009.02,17397.0,0.055,98.4,GOOD,DUST_BASELINE_DRIFT,NORMAL,v1.8,NORMAL,0.9239,0.9239,0.0551,0.0054,0.0112,0.0044,CONNECTED,NONE,4.5,8,0.8571,v1.8,True,SUCCESS,WIFI,GOOD,0.53
REC-04664,2026-09-12T10:07:35Z,SITE-B,ESP32-B01,PV-B01,SITE-B-NOR-14,44,2.762,25.12,69.4,28.81,28.27,25.7,99.79,1009.02,17797.0,0.056,97.5,GOOD,DUST_BASELINE_DRIFT,NORMAL,v1.8,NORMAL,0.9195,0.9195,0.0582,0.0057,0.0119,0.0046,CONNECTED,NONE,2.76,8,0.8571,v1.8,True,SUCCESS,WIFI,GOOD,0.53
REC-04665,2026-09-12T10:07:40Z,SITE-B,ESP32-B01,PV-B01,SITE-B-NOR-14,45,2.786,24.99,69.63,28.69,28.18,25.7,100.0,1008.99,17455.0,0.039,98.0,GOOD,DUST_BASELINE_DRIFT,NORMAL,v1.8,NORMAL,0.9289,0.9289,0.0515,0.0046,0.011,0.0041,CONNECTED,NONE,2.52,8,0.8571,v1.8,True,SUCCESS,WIFI,GOOD,0.53
REC-04666,2026-09-12T10:07:45Z,SITE-B,ESP32-B01,PV-B01,SITE-B-NOR-14,46,2.778,24.32,67.57,28.68,28.2,25.71,99.99,1008.99,17528.0,0.049,95.6,GOOD,DUST_BASELINE_DRIFT,NORMAL,v1.8,NORMAL,0.9212,0.9212,0.0564,0.0054,0.0124,0.0046,CONNECTED,NONE,4.23,8,0.8571,v1.8,True,SUCCESS,WIFI,GOOD,0.53
REC-04667,2026-09-12T10:07:50Z,SITE-B,ESP32-B01,PV-B01,SITE-B-NOR-14,47,2.766,24.7,68.31,28.68,28.26,25.7,99.88,1009.04,17765.0,0.042,96.0,GOOD,DUST_BASELINE_DRIFT,NORMAL,v1.8,NORMAL,0.9246,0.9246,0.0542,0.005,0.0117,0.0045,CONNECTED,NONE,2.85,8,0.8571,v1.8,True,SUCCESS,WIFI,GOOD,0.53
REC-04668,2026-09-12T10:07:55Z,SITE-B,ESP32-B01,PV-B01,SITE-B-NOR-14,48,2.765,24.21,66.95,28.6,28.37,25.7,99.98,1008.9,17741.0,0.046,94.4,GOOD,DUST_BASELINE_DRIFT,NORMAL,v1.8,NORMAL,0.921,0.921,0.0564,0.0054,0.0124,0.0048,CONNECTED,NONE,3.15,8,0.8571,v1.8,True,SUCCESS,WIFI,GOOD,0.53
REC-04669,2026-09-12T10:08:00Z,SITE-B,ESP32-B01,PV-B01,SITE-B-NOR-14,49,2.8,25.23,70.64,28.66,28.2,25.69,100.0,1008.96,17338.0,0.033,99.7,GOOD,DUST_BASELINE_DRIFT,NORMAL,v1.8,NORMAL,0.9328,0.9328,0.0489,0.0042,0.0103,0.0038,CONNECTED,NONE,4.68,8,0.8571,v1.8,True,SUCCESS,WIFI,GOOD,0.53
REC-04670,2026-09-12T10:08:00Z,SITE-E,ESP32-E01,PV-E01,SITE-E-SHO-02,1,0.092,67.54,6.23,39.18,39.93,29.83,77.09,1008.65,39532.0,0.166,3.6,POOR,OK,SHORT_CIRCUIT,v1.8,SHORT_CIRCUIT,0.9396,0.0071,0.0454,0.0003,0.0077,0.9396,ISOLATED,CRITICAL,2.2,8,0.8571,v1.8,True,SUCCESS,LORA,POOR,23.77
REC-04671,2026-09-12T10:08:05Z,SITE-B,ESP32-B01,PV-B01,SITE-B-NOR-14,50,2.769,25.42,70.4,28.69,28.21,25.68,99.87,1009.0,17580.0,0.05,99.4,GOOD,DUST_BASELINE_DRIFT,NORMAL,v1.8,NORMAL,0.9257,0.9257,0.0539,0.0051,0.0109,0.0042,CONNECTED,NONE,2.45,8,0.8571,v1.8,True,SUCCESS,WIFI,GOOD,0.53
REC-04672,2026-09-12T10:08:05Z,SITE-E,ESP32-E01,PV-E01,SITE-E-SHO-02,2,0.093,67.87,6.28,39.3,40.06,29.85,76.57,1008.62,39892.0,0.142,3.6,POOR,OK,SHORT_CIRCUIT,v1.8,SHORT_CIRCUIT,0.9405,0.0062,0.0462,0.0002,0.0068,0.9405,ISOLATED,CRITICAL,3.39,8,0.8571,v1.8,True,SUCCESS,LORA,POOR,23.77
REC-04673,2026-09-12T10:08:10Z,SITE-B,ESP32-B01,PV-B01,SITE-B-NOR-14,51,2.766,25.08,69.38,28.75,28.37,25.71,99.86,1008.96,17700.0,0.028,97.7,GOOD,DUST_BASELINE_DRIFT,NORMAL,v1.8,NORMAL,0.9308,0.9308,0.0501,0.0043,0.0107,0.0041,CONNECTED,NONE,3.18,8,0.8571,v1.8,True,SUCCESS,WIFI,GOOD,0.53
REC-04674,2026-09-12T10:08:10Z,SITE-E,ESP32-E01,PV-E01,SITE-E-SHO-02,3,0.093,68.34,6.35,39.34,39.86,29.83,76.93,1008.65,39610.0,0.154,3.7,POOR,OK,SHORT_CIRCUIT,v1.8,SHORT_CIRCUIT,0.9409,0.0067,0.045,0.0003,0.0072,0.9409,ISOLATED,CRITICAL,4.15,8,0.8571,v1.8,True,SUCCESS,LORA,POOR,23.77
REC-04675,2026-09-12T10:08:15Z,SITE-B,ESP32-B01,PV-B01,SITE-B-NOR-14,52,2.778,24.98,69.41,28.8,28.21,25.72,99.49,1009.01,17663.0,0.026,97.7,GOOD,DUST_BASELINE_DRIFT,NORMAL,v1.8,NORMAL,0.9316,0.9316,0.0495,0.0042,0.0108,0.0039,CONNECTED,NONE,4.65,8,0.8571,v1.8,True,SUCCESS,WIFI,GOOD,0.53
REC-04676,2026-09-12T10:08:15Z,SITE-E,ESP32-E01,PV-E01,SITE-E-SHO-02,4,0.089,67.72,6.02,39.27,39.95,29.83,76.93,1008.65,39466.0,0.158,3.5,POOR,LOST_IN_TRANSIT,SHORT_CIRCUIT,v1.8,SHORT_CIRCUIT,0.9408,0.0067,0.0449,0.0003,0.0073,0.9408,ISOLATED,CRITICAL,3.08,8,0.8571,v1.8,True,SUCCESS,LORA,POOR,23.77
REC-04677,2026-09-12T10:08:20Z,SITE-B,ESP32-B01,PV-B01,SITE-B-NOR-14,53,2.758,24.56,67.74,28.72,28.13,25.71,99.99,1008.97,17813.0,0.043,95.5,GOOD,DUST_BASELINE_DRIFT,NORMAL,v1.8,NORMAL,0.9233,0.9233,0.0549,0.0051,0.0122,0.0045,CONNECTED,NONE,4.35,8,0.8571,v1.8,True,SUCCESS,WIFI,GOOD,0.53
REC-04678,2026-09-12T10:08:20Z,SITE-E,ESP32-E01,PV-E01,SITE-E-SHO-02,5,0.093,68.64,6.42,39.31,40.0,29.82,77.27,1008.65,39526.0,0.153,3.7,POOR,OK,SHORT_CIRCUIT,v1.8,SHORT_CIRCUIT,0.9412,0.0065,0.0449,0.0003,0.0071,0.9412,ISOLATED,CRITICAL,2.18,8,0.8571,v1.8,True,SUCCESS,LORA,POOR,23.77
REC-04679,2026-09-12T10:08:25Z,SITE-B,ESP32-B01,PV-B01,SITE-B-NOR-14,54,2.8,24.64,68.99,28.71,28.25,25.71,100.0,1008.97,17471.0,0.042,97.4,GOOD,DUST_BASELINE_DRIFT,NORMAL,v1.8,NORMAL,0.9259,0.9259,0.0534,0.0049,0.0116,0.0042,CONNECTED,NONE,4.16,8,0.8571,v1.8,True,SUCCESS,WIFI,GOOD,0.53
REC-04680,2026-09-12T10:08:25Z,SITE-E,ESP32-E01,PV-E01,SITE-E-SHO-02,6,0.094,68.12,6.42,39.3,40.08,29.83,77.15,1008.63,39698.0,0.153,3.7,POOR,OK,SHORT_CIRCUIT,v1.8,SHORT_CIRCUIT,0.9404,0.0065,0.0458,0.0003,0.0071,0.9404,ISOLATED,CRITICAL,2.48,8,0.8571,v1.8,True,SUCCESS,LORA,POOR,23.77
REC-04681,2026-09-12T10:08:30Z,SITE-B,ESP32-B01,PV-B01,SITE-B-NOR-14,55,2.763,25.49,70.45,28.59,28.31,25.71,100.0,1008.96,17275.0,0.047,99.5,GOOD,DUST_BASELINE_DRIFT,NORMAL,v1.8,NORMAL,0.9303,0.9303,0.0504,0.0048,0.0103,0.0042,CONNECTED,NONE,3.03,8,0.8571,v1.8,True,SUCCESS,WIFI,GOOD,0.53
REC-04682,2026-09-12T10:08:30Z,SITE-E,ESP32-E01,PV-E01,SITE-E-SHO-02,7,0.098,67.4,6.58,39.05,39.93,29.84,76.8,1008.67,39000.0,0.141,3.8,POOR,OK,SHORT_CIRCUIT,v1.8,SHORT_CIRCUIT,0.9415,0.0066,0.0446,0.0002,0.007,0.9415,ISOLATED,CRITICAL,4.65,8,0.8571,v1.8,True,SUCCESS,LORA,POOR,23.77
REC-04683,2026-09-12T10:08:35Z,SITE-B,ESP32-B01,PV-B01,SITE-B-NOR-14,56,2.785,24.87,69.26,28.77,28.26,25.71,100.0,1008.95,17744.0,0.038,97.6,GOOD,DUST_BASELINE_DRIFT,NORMAL,v1.8,NORMAL,0.9267,0.9267,0.0529,0.0047,0.0115,0.0042,CONNECTED,NONE,3.84,8,0.8571,v1.8,True,SUCCESS,WIFI,GOOD,0.53
REC-04684,2026-09-12T10:08:35Z,SITE-E,ESP32-E01,PV-E01,SITE-E-SHO-02,8,0.093,68.1,6.31,39.18,40.06,29.83,76.77,1008.68,39553.0,0.17,3.7,POOR,OK,SHORT_CIRCUIT,v1.8,SHORT_CIRCUIT,0.9392,0.0072,0.0455,0.0003,0.0078,0.9392,ISOLATED,CRITICAL,4.28,8,0.8571,v1.8,True,SUCCESS,LORA,POOR,23.77
REC-04685,2026-09-12T10:08:40Z,SITE-B,ESP32-B01,PV-B01,SITE-B-NOR-14,57,2.792,24.59,68.65,28.66,28.2,25.7,100.0,1008.95,17480.0,0.063,97.1,GOOD,DUST_BASELINE_DRIFT,NORMAL,v1.8,NORMAL,0.918,0.918,0.0589,0.006,0.0125,0.0046,CONNECTED,NONE,3.82,8,0.8571,v1.8,True,SUCCESS,WIFI,GOOD,0.53
REC-04686,2026-09-12T10:08:40Z,SITE-E,ESP32-E01,PV-E01,SITE-E-SHO-02,9,0.083,68.49,5.69,39.39,39.89,29.81,76.94,1008.67,39071.0,0.144,3.3,POOR,OK,SHORT_CIRCUIT,v1.8,SHORT_CIRCUIT,0.9436,0.006,0.0436,0.0002,0.0066,0.9436,ISOLATED,CRITICAL,2.39,8,0.8571,v1.8,True,SUCCESS,LORA,POOR,23.77
REC-04687,2026-09-12T10:08:45Z,SITE-B,ESP32-B01,PV-B01,SITE-B-NOR-14,58,2.791,24.32,67.87,28.8,28.13,25.71,100.0,1008.98,17403.0,0.046,95.4,GOOD,DUST_BASELINE_DRIFT,NORMAL,v1.8,NORMAL,0.9212,0.9212,0.0568,0.0053,0.0123,0.0044,CONNECTED,NONE,3.41,8,0.8571,v1.8,True,SUCCESS,WIFI,GOOD,0.53
REC-04688,2026-09-12T10:08:45Z,SITE-E,ESP32-E01,PV-E01,SITE-E-SHO-02,10,0.089,67.35,5.98,39.3,40.02,29.82,76.56,1008.66,39788.0,0.144,3.5,POOR,OK,SHORT_CIRCUIT,v1.8,SHORT_CIRCUIT,0.9422,0.006,0.0448,0.0002,0.0067,0.9422,ISOLATED,CRITICAL,2.31,8,0.8571,v1.8,True,SUCCESS,LORA,POOR,23.77
REC-04689,2026-09-12T10:08:50Z,SITE-B,ESP32-B01,PV-B01,SITE-B-NOR-14,59,2.785,25.26,70.35,28.85,28.24,25.7,100.0,1008.95,17603.0,0.046,99.1,GOOD,DUST_BASELINE_DRIFT,NORMAL,v1.8,NORMAL,0.9248,0.9248,0.0548,0.005,0.0112,0.0042,CONNECTED,NONE,4.37,8,0.8571,v1.8,True,SUCCESS,WIFI,GOOD,0.53
REC-04690,2026-09-12T10:08:50Z,SITE-E,ESP32-E01,PV-E01,SITE-E-SHO-02,11,0.102,68.55,6.96,39.24,40.14,29.81,76.61,1008.61,39495.0,0.155,4.0,POOR,OK,SHORT_CIRCUIT,v1.8,SHORT_CIRCUIT,0.9401,0.0066,0.0458,0.0003,0.0072,0.9401,ISOLATED,CRITICAL,4.09,8,0.8571,v1.8,True,SUCCESS,LORA,POOR,23.77
REC-04691,2026-09-12T10:08:55Z,SITE-B,ESP32-B01,PV-B01,SITE-B-NOR-14,60,2.784,24.78,68.99,28.71,28.33,25.69,100.0,1009.0,17811.0,0.046,97.2,GOOD,DUST_BASELINE_DRIFT,NORMAL,v1.8,NORMAL,0.9229,0.9229,0.0557,0.0052,0.0118,0.0044,CONNECTED,NONE,3.95,8,0.8571,v1.8,True,SUCCESS,WIFI,GOOD,0.53
REC-04692,2026-09-12T10:08:55Z,SITE-E,ESP32-E01,PV-E01,SITE-E-SHO-02,12,0.091,67.82,6.2,39.29,39.9,29.81,76.76,1008.7,39502.0,0.149,3.6,POOR,OK,SHORT_CIRCUIT,v1.8,SHORT_CIRCUIT,0.9423,0.0063,0.0442,0.0002,0.0069,0.9423,ISOLATED,CRITICAL,2.8,8,0.8571,v1.8,True,SUCCESS,LORA,POOR,23.77
REC-04693,2026-09-12T10:09:00Z,SITE-E,ESP32-E01,PV-E01,SITE-E-SHO-02,13,0.098,68.11,6.7,39.3,39.97,29.81,76.19,1008.65,39344.0,0.164,3.9,POOR,OK,SHORT_CIRCUIT,v1.8,SHORT_CIRCUIT,0.9391,0.0069,0.0462,0.0003,0.0075,0.9391,ISOLATED,CRITICAL,2.23,8,0.8571,v1.8,True,SUCCESS,LORA,POOR,23.77
REC-04694,2026-09-12T10:09:05Z,SITE-E,ESP32-E01,PV-E01,SITE-E-SHO-02,14,0.092,67.63,6.22,39.35,39.99,29.82,76.6,1008.66,39840.0,0.151,3.6,POOR,OK,SHORT_CIRCUIT,v1.8,SHORT_CIRCUIT,0.9412,0.0063,0.0453,0.0002,0.007,0.9412,ISOLATED,CRITICAL,3.36,8,0.8571,v1.8,True,SUCCESS,LORA,POOR,23.77
REC-04695,2026-09-12T10:09:10Z,SITE-E,ESP32-E01,PV-E01,SITE-E-SHO-02,15,0.1,68.28,6.8,39.21,39.85,29.82,76.8,1008.63,39571.0,0.156,3.9,POOR,OK,SHORT_CIRCUIT,v1.8,SHORT_CIRCUIT,0.9405,0.0069,0.0449,0.0003,0.0075,0.9405,ISOLATED,CRITICAL,4.3,8,0.8571,v1.8,True,SUCCESS,LORA,POOR,23.77
REC-04696,2026-09-12T10:09:15Z,SITE-E,ESP32-E01,PV-E01,SITE-E-SHO-02,16,0.097,68.29,6.59,39.23,40.03,29.83,77.73,1008.64,40117.0,0.157,3.8,POOR,OK,SHORT_CIRCUIT,v1.8,SHORT_CIRCUIT,0.9398,0.0067,0.0458,0.0003,0.0074,0.9398,ISOLATED,CRITICAL,2.87,8,0.8571,v1.8,True,SUCCESS,LORA,POOR,23.77
REC-04697,2026-09-12T10:09:20Z,SITE-E,ESP32-E01,PV-E01,SITE-E-SHO-02,17,0.089,68.81,6.12,39.24,39.95,29.83,76.71,1008.69,40127.0,0.166,3.5,POOR,OK,SHORT_CIRCUIT,v1.8,SHORT_CIRCUIT,0.9404,0.007,0.0447,0.0003,0.0077,0.9404,ISOLATED,CRITICAL,4.58,8,0.8571,v1.8,True,SUCCESS,LORA,POOR,23.77
REC-04698,2026-09-12T10:09:25Z,SITE-E,ESP32-E01,PV-E01,SITE-E-SHO-02,18,0.09,68.04,6.13,39.22,39.91,29.83,77.1,1008.67,39949.0,0.151,3.5,POOR,OK,SHORT_CIRCUIT,v1.8,SHORT_CIRCUIT,0.9416,0.0065,0.0445,0.0002,0.0072,0.9416,ISOLATED,CRITICAL,2.76,8,0.8571,v1.8,True,SUCCESS,LORA,POOR,23.77
REC-04699,2026-09-12T10:09:30Z,SITE-E,ESP32-E01,PV-E01,SITE-E-SHO-02,19,0.088,68.01,6.0,39.19,39.92,29.82,76.84,1008.64,39389.0,0.139,3.5,POOR,OK,SHORT_CIRCUIT,v1.8,SHORT_CIRCUIT,0.9435,0.0061,0.0435,0.0002,0.0067,0.9435,ISOLATED,CRITICAL,4.23,8,0.8571,v1.8,True,SUCCESS,LORA,POOR,23.77
REC-04700,2026-09-12T10:09:35Z,SITE-E,ESP32-E01,PV-E01,SITE-E-SHO-02,20,0.1,67.58,6.79,39.27,39.93,29.82,77.03,1008.7,39743.0,0.148,3.9,POOR,OK,SHORT_CIRCUIT,v1.8,SHORT_CIRCUIT,0.9406,0.0065,0.0456,0.0003,0.0071,0.9406,ISOLATED,CRITICAL,2.89,8,0.8571,v1.8,True,SUCCESS,LORA,POOR,23.77
REC-04701,2026-09-12T10:09:40Z,SITE-E,ESP32-E01,PV-E01,SITE-E-SHO-02,21,0.089,68.96,6.17,39.21,40.03,29.83,76.58,1008.62,39868.0,0.167,3.6,POOR,OK,SHORT_CIRCUIT,v1.8,SHORT_CIRCUIT,0.9403,0.007,0.0447,0.0003,0.0077,0.9403,ISOLATED,CRITICAL,3.79,8,0.8571,v1.8,True,SUCCESS,LORA,POOR,23.77
REC-04702,2026-09-12T10:09:45Z,SITE-E,ESP32-E01,PV-E01,SITE-E-SHO-02,22,0.094,68.6,6.43,39.22,39.94,29.82,76.44,1008.6,39629.0,0.159,3.7,POOR,OK,SHORT_CIRCUIT,v1.8,SHORT_CIRCUIT,0.9409,0.0068,0.0446,0.0003,0.0074,0.9409,ISOLATED,CRITICAL,3.95,8,0.8571,v1.8,True,SUCCESS,LORA,POOR,23.77
REC-04703,2026-09-12T10:09:50Z,SITE-E,ESP32-E01,PV-E01,SITE-E-SHO-02,23,0.095,68.74,6.55,39.4,40.15,29.82,77.31,1008.59,39551.0,0.152,3.8,POOR,OK,SHORT_CIRCUIT,v1.8,SHORT_CIRCUIT,0.9405,0.0063,0.046,0.0002,0.0069,0.9405,ISOLATED,CRITICAL,3.9,8,0.8571,v1.8,True,SUCCESS,LORA,POOR,23.77
REC-04704,2026-09-12T10:09:55Z,SITE-E,ESP32-E01,PV-E01,SITE-E-SHO-02,24,0.097,68.66,6.65,39.18,39.93,29.82,76.5,1008.67,39729.0,0.157,3.8,POOR,OK,SHORT_CIRCUIT,v1.8,SHORT_CIRCUIT,0.9407,0.0069,0.0447,0.0003,0.0074,0.9407,ISOLATED,CRITICAL,2.42,8,0.8571,v1.8,True,SUCCESS,LORA,POOR,23.77
REC-04705,2026-09-12T10:10:00Z,SITE-E,ESP32-E01,PV-E01,SITE-E-SHO-02,25,0.093,67.95,6.35,39.26,39.99,29.81,77.35,1008.63,39699.0,0.153,3.7,POOR,LOST_IN_TRANSIT,SHORT_CIRCUIT,v1.8,SHORT_CIRCUIT,0.9416,0.0064,0.0447,0.0002,0.0071,0.9416,ISOLATED,CRITICAL,3.77,8,0.8571,v1.8,True,SUCCESS,LORA,POOR,44.94
REC-04706,2026-09-12T10:10:05Z,SITE-E,ESP32-E01,PV-E01,SITE-E-SHO-02,26,0.088,67.92,5.95,39.13,39.92,29.82,76.79,1008.65,39298.0,0.164,3.5,POOR,OK,SHORT_CIRCUIT,v1.8,SHORT_CIRCUIT,0.9408,0.007,0.0443,0.0003,0.0076,0.9408,ISOLATED,CRITICAL,3.96,8,0.8571,v1.8,True,SUCCESS,LORA,POOR,44.94
REC-04707,2026-09-12T10:10:10Z,SITE-E,ESP32-E01,PV-E01,SITE-E-SHO-02,27,0.09,68.3,6.13,39.33,39.87,29.83,76.65,1008.68,39597.0,0.159,3.5,POOR,OK,SHORT_CIRCUIT,v1.8,SHORT_CIRCUIT,0.9409,0.0068,0.0448,0.0003,0.0073,0.9409,ISOLATED,CRITICAL,2.75,8,0.8571,v1.8,True,SUCCESS,LORA,POOR,44.94
REC-04708,2026-09-12T10:10:15Z,SITE-E,ESP32-E01,PV-E01,SITE-E-SHO-02,28,0.091,68.47,6.21,39.37,40.12,29.83,76.75,1008.66,39862.0,0.153,3.6,POOR,OK,SHORT_CIRCUIT,v1.8,SHORT_CIRCUIT,0.9406,0.0063,0.0458,0.0002,0.007,0.9406,ISOLATED,CRITICAL,2.91,8,0.8571,v1.8,True,SUCCESS,LORA,POOR,44.94
REC-04709,2026-09-12T10:10:20Z,SITE-E,ESP32-E01,PV-E01,SITE-E-SHO-02,29,0.083,68.23,5.67,39.24,40.04,29.82,77.38,1008.61,40012.0,0.165,3.3,POOR,OK,SHORT_CIRCUIT,v1.8,SHORT_CIRCUIT,0.9414,0.0066,0.0443,0.0003,0.0074,0.9414,ISOLATED,CRITICAL,4.19,8,0.8571,v1.8,True,SUCCESS,LORA,POOR,44.94
REC-04710,2026-09-12T10:10:25Z,SITE-E,ESP32-E01,PV-E01,SITE-E-SHO-02,30,0.098,68.14,6.7,39.24,39.95,29.82,76.69,1008.7,39875.0,0.168,3.9,POOR,OK,SHORT_CIRCUIT,v1.8,SHORT_CIRCUIT,0.9391,0.0071,0.0457,0.0003,0.0078,0.9391,ISOLATED,CRITICAL,2.55,8,0.8571,v1.8,True,SUCCESS,LORA,POOR,44.94
REC-04711,2026-09-12T10:10:30Z,SITE-E,ESP32-E01,PV-E01,SITE-E-SHO-02,31,0.098,67.91,6.69,39.32,40.01,29.83,76.79,1008.64,39679.0,0.147,3.9,POOR,OK,SHORT_CIRCUIT,v1.8,SHORT_CIRCUIT,0.9403,0.0064,0.0461,0.0002,0.0069,0.9403,ISOLATED,CRITICAL,3.47,8,0.8571,v1.8,True,SUCCESS,LORA,POOR,44.94
REC-04712,2026-09-12T10:10:35Z,SITE-E,ESP32-E01,PV-E01,SITE-E-SHO-02,32,0.09,68.08,6.16,39.24,40.06,29.83,77.19,1008.65,39648.0,0.147,3.6,POOR,OK,SHORT_CIRCUIT,v1.8,SHORT_CIRCUIT,0.9416,0.0063,0.0449,0.0002,0.0069,0.9416,ISOLATED,CRITICAL,3.54,8,0.8571,v1.8,True,SUCCESS,LORA,POOR,44.94
REC-04713,2026-09-12T10:10:40Z,SITE-E,ESP32-E01,PV-E01,SITE-E-SHO-02,33,0.102,67.8,6.91,39.34,39.88,29.85,77.04,1008.63,39382.0,0.18,4.0,POOR,OK,SHORT_CIRCUIT,v1.8,SHORT_CIRCUIT,0.935,0.0079,0.0484,0.0003,0.0084,0.935,ISOLATED,CRITICAL,3.02,8,0.8571,v1.8,True,SUCCESS,LORA,POOR,44.94
REC-04714,2026-09-12T10:10:45Z,SITE-E,ESP32-E01,PV-E01,SITE-E-SHO-02,34,0.095,67.69,6.41,39.12,39.94,29.85,77.52,1008.62,39440.0,0.162,3.7,POOR,OK,SHORT_CIRCUIT,v1.8,SHORT_CIRCUIT,0.9394,0.0072,0.0453,0.0003,0.0078,0.9394,ISOLATED,CRITICAL,4.32,8,0.8571,v1.8,True,SUCCESS,LORA,POOR,44.94
REC-04715,2026-09-12T10:10:50Z,SITE-E,ESP32-E01,PV-E01,SITE-E-SHO-02,35,0.099,67.76,6.73,39.27,39.98,29.84,77.25,1008.66,39502.0,0.173,3.9,POOR,OK,SHORT_CIRCUIT,v1.8,SHORT_CIRCUIT,0.9371,0.0075,0.0471,0.0003,0.008,0.9371,ISOLATED,CRITICAL,2.89,8,0.8571,v1.8,True,SUCCESS,LORA,POOR,44.94
REC-04716,2026-09-12T10:10:55Z,SITE-E,ESP32-E01,PV-E01,SITE-E-SHO-02,36,0.099,67.26,6.65,39.35,39.9,29.84,76.69,1008.61,39730.0,0.165,3.9,POOR,LOST_IN_TRANSIT,SHORT_CIRCUIT,v1.8,SHORT_CIRCUIT,0.9379,0.0071,0.0471,0.0003,0.0077,0.9379,ISOLATED,CRITICAL,3.95,8,0.8571,v1.8,True,SUCCESS,LORA,POOR,44.94
REC-04717,2026-09-12T10:11:00Z,SITE-E,ESP32-E01,PV-E01,SITE-E-SHO-02,37,0.094,67.42,6.36,39.19,39.92,29.83,77.29,1008.65,39191.0,0.161,3.7,POOR,OK,SHORT_CIRCUIT,v1.8,SHORT_CIRCUIT,0.9397,0.007,0.0454,0.0003,0.0075,0.9397,ISOLATED,CRITICAL,3.12,8,0.8571,v1.8,True,SUCCESS,LORA,POOR,44.94
REC-04718,2026-09-12T10:11:05Z,SITE-E,ESP32-E01,PV-E01,SITE-E-SHO-02,38,0.085,67.47,5.73,39.11,39.85,29.83,76.32,1008.7,39572.0,0.135,3.3,POOR,OK,SHORT_CIRCUIT,v1.8,SHORT_CIRCUIT,0.944,0.0061,0.0431,0.0002,0.0067,0.944,ISOLATED,CRITICAL,2.74,8,0.8571,v1.8,True,SUCCESS,LORA,POOR,44.94
REC-04719,2026-09-12T10:11:10Z,SITE-E,ESP32-E01,PV-E01,SITE-E-SHO-02,39,0.096,67.82,6.5,39.08,39.73,29.82,77.13,1008.67,39370.0,0.144,3.8,POOR,OK,SHORT_CIRCUIT,v1.8,SHORT_CIRCUIT,0.9426,0.0067,0.0434,0.0002,0.0072,0.9426,ISOLATED,CRITICAL,3.16,8,0.8571,v1.8,True,SUCCESS,LORA,POOR,44.94
REC-04720,2026-09-12T10:11:15Z,SITE-E,ESP32-E01,PV-E01,SITE-E-SHO-02,40,0.097,67.4,6.55,39.09,39.8,29.82,76.7,1008.66,38931.0,0.163,3.8,POOR,OK,SHORT_CIRCUIT,v1.8,SHORT_CIRCUIT,0.9395,0.0073,0.0451,0.0003,0.0077,0.9395,ISOLATED,CRITICAL,4.01,8,0.8571,v1.8,True,SUCCESS,LORA,POOR,44.94
REC-04721,2026-09-12T10:11:20Z,SITE-E,ESP32-E01,PV-E01,SITE-E-SHO-02,41,0.091,67.14,6.1,39.12,39.73,29.83,77.08,1008.62,38985.0,0.147,3.6,POOR,OK,SHORT_CIRCUIT,v1.8,SHORT_CIRCUIT,0.9424,0.0067,0.0435,0.0002,0.0072,0.9424,ISOLATED,CRITICAL,4.15,8,0.8571,v1.8,True,SUCCESS,LORA,POOR,44.94
REC-04722,2026-09-12T10:11:25Z,SITE-E,ESP32-E01,PV-E01,SITE-E-SHO-02,42,0.095,66.8,6.35,38.93,39.76,29.84,77.49,1008.65,38996.0,0.155,3.7,POOR,OK,SHORT_CIRCUIT,v1.8,SHORT_CIRCUIT,0.9412,0.0072,0.0435,0.0003,0.0077,0.9412,ISOLATED,CRITICAL,3.12,8,0.8571,v1.8,True,SUCCESS,LORA,POOR,44.94
REC-04723,2026-09-12T10:11:30Z,SITE-E,ESP32-E01,PV-E01,SITE-E-SHO-02,43,0.094,67.12,6.32,39.03,39.72,29.85,76.4,1008.63,39039.0,0.165,3.7,POOR,OK,SHORT_CIRCUIT,v1.8,SHORT_CIRCUIT,0.9394,0.0076,0.0447,0.0003,0.0081,0.9394,ISOLATED,CRITICAL,3.77,8,0.8571,v1.8,True,SUCCESS,LORA,POOR,44.94
REC-04724,2026-09-12T10:11:35Z,SITE-E,ESP32-E01,PV-E01,SITE-E-SHO-02,44,0.089,66.59,5.93,39.05,39.77,29.84,77.18,1008.69,39030.0,0.157,3.5,POOR,OK,SHORT_CIRCUIT,v1.8,SHORT_CIRCUIT,0.9408,0.0071,0.0443,0.0003,0.0076,0.9408,ISOLATED,CRITICAL,4.44,8,0.8571,v1.8,True,SUCCESS,LORA,POOR,44.94
REC-04725,2026-09-12T10:11:40Z,SITE-E,ESP32-E01,PV-E01,SITE-E-SHO-02,45,0.094,66.89,6.27,39.21,39.78,29.85,77.15,1008.64,39339.0,0.16,3.7,POOR,OK,SHORT_CIRCUIT,v1.8,SHORT_CIRCUIT,0.9394,0.0071,0.0456,0.0003,0.0077,0.9394,ISOLATED,CRITICAL,3.5,8,0.8571,v1.8,True,SUCCESS,LORA,POOR,44.94
REC-04726,2026-09-12T10:11:45Z,SITE-E,ESP32-E01,PV-E01,SITE-E-SHO-02,46,0.092,67.4,6.2,39.26,39.9,29.87,77.1,1008.63,39337.0,0.17,3.6,POOR,OK,SHORT_CIRCUIT,v1.8,SHORT_CIRCUIT,0.9378,0.0075,0.0465,0.0003,0.008,0.9378,ISOLATED,CRITICAL,3.31,8,0.8571,v1.8,True,SUCCESS,LORA,POOR,44.94
REC-04727,2026-09-12T10:11:50Z,SITE-E,ESP32-E01,PV-E01,SITE-E-SHO-02,47,0.096,66.88,6.43,39.07,39.85,29.88,76.61,1008.64,39053.0,0.171,3.8,POOR,OK,SHORT_CIRCUIT,v1.8,SHORT_CIRCUIT,0.9373,0.0079,0.0461,0.0003,0.0084,0.9373,ISOLATED,CRITICAL,3.34,8,0.8571,v1.8,True,SUCCESS,LORA,POOR,44.94
REC-04728,2026-09-12T10:11:55Z,SITE-E,ESP32-E01,PV-E01,SITE-E-SHO-02,48,0.091,67.1,6.13,38.99,39.72,29.87,76.87,1008.63,39101.0,0.155,3.6,POOR,OK,SHORT_CIRCUIT,v1.8,SHORT_CIRCUIT,0.9405,0.0074,0.0441,0.0003,0.0078,0.9405,ISOLATED,CRITICAL,3.37,8,0.8571,v1.8,True,SUCCESS,LORA,POOR,44.94
REC-04729,2026-09-12T10:12:00Z,SITE-E,ESP32-E01,PV-E01,SITE-E-SHO-02,49,0.091,67.02,6.08,39.09,39.89,29.87,76.61,1008.66,39348.0,0.169,3.6,POOR,LOST_IN_TRANSIT,SHORT_CIRCUIT,v1.8,SHORT_CIRCUIT,0.9386,0.0076,0.0454,0.0003,0.0081,0.9386,ISOLATED,CRITICAL,3.58,8,0.8571,v1.8,True,SUCCESS,LORA,POOR,44.94
REC-04730,2026-09-12T10:12:05Z,SITE-E,ESP32-E01,PV-E01,SITE-E-SHO-02,50,0.086,66.8,5.75,39.08,39.72,29.87,77.03,1008.7,38909.0,0.146,3.4,POOR,OK,SHORT_CIRCUIT,v1.8,SHORT_CIRCUIT,0.9419,0.0069,0.0438,0.0002,0.0073,0.9419,ISOLATED,CRITICAL,2.18,8,0.8571,v1.8,True,SUCCESS,LORA,POOR,44.94
REC-04731,2026-09-12T10:12:10Z,SITE-E,ESP32-E01,PV-E01,SITE-E-SHO-02,51,0.105,67.02,7.06,39.17,39.7,29.89,76.51,1008.65,39274.0,0.158,4.1,POOR,OK,SHORT_CIRCUIT,v1.8,SHORT_CIRCUIT,0.9368,0.0077,0.0471,0.0003,0.008,0.9368,ISOLATED,CRITICAL,3.28,8,0.8571,v1.8,True,SUCCESS,LORA,POOR,44.94
REC-04732,2026-09-12T10:12:15Z,SITE-E,ESP32-E01,PV-E01,SITE-E-SHO-02,52,0.092,67.16,6.2,39.06,39.89,29.89,76.77,1008.62,38996.0,0.162,3.6,POOR,OK,SHORT_CIRCUIT,v1.8,SHORT_CIRCUIT,0.9385,0.0076,0.0457,0.0003,0.008,0.9385,ISOLATED,CRITICAL,4.58,8,0.8571,v1.8,True,SUCCESS,LORA,POOR,44.94
REC-04733,2026-09-12T10:12:20Z,SITE-E,ESP32-E01,PV-E01,SITE-E-SHO-02,53,0.089,67.52,6.03,39.05,39.8,29.91,77.09,1008.65,39115.0,0.155,3.5,POOR,LOST_IN_TRANSIT,SHORT_CIRCUIT,v1.8,SHORT_CIRCUIT,0.9389,0.0075,0.0454,0.0003,0.0078,0.9389,ISOLATED,CRITICAL,2.3,8,0.8571,v1.8,True,SUCCESS,LORA,POOR,44.94
REC-04734,2026-09-12T10:12:25Z,SITE-E,ESP32-E01,PV-E01,SITE-E-SHO-02,54,0.098,67.15,6.59,39.12,39.84,29.91,76.68,1008.61,39474.0,0.154,3.8,POOR,OK,SHORT_CIRCUIT,v1.8,SHORT_CIRCUIT,0.9372,0.0075,0.0472,0.0003,0.0079,0.9372,ISOLATED,CRITICAL,3.09,8,0.8571,v1.8,True,SUCCESS,LORA,POOR,44.94
REC-04735,2026-09-12T10:12:30Z,SITE-E,ESP32-E01,PV-E01,SITE-E-SHO-02,55,0.096,67.58,6.5,39.11,39.75,29.92,76.78,1008.74,39194.0,0.145,3.8,POOR,LOST_IN_TRANSIT,SHORT_CIRCUIT,v1.8,SHORT_CIRCUIT,0.9383,0.0074,0.0465,0.0003,0.0076,0.9383,ISOLATED,CRITICAL,2.76,8,0.8571,v1.8,True,SUCCESS,LORA,POOR,44.94
REC-04736,2026-09-12T10:12:35Z,SITE-E,ESP32-E01,PV-E01,SITE-E-SHO-02,56,0.098,68.37,6.73,39.14,39.85,29.92,76.63,1008.7,39558.0,0.156,3.9,POOR,OK,SHORT_CIRCUIT,v1.8,SHORT_CIRCUIT,0.9367,0.0077,0.0474,0.0003,0.008,0.9367,ISOLATED,CRITICAL,4.74,8,0.8571,v1.8,True,SUCCESS,LORA,POOR,44.94
REC-04737,2026-09-12T10:12:40Z,SITE-E,ESP32-E01,PV-E01,SITE-E-SHO-02,57,0.099,68.12,6.73,39.08,39.85,29.93,76.98,1008.69,39759.0,0.14,3.9,POOR,OK,SHORT_CIRCUIT,v1.8,SHORT_CIRCUIT,0.9375,0.0073,0.0474,0.0003,0.0075,0.9375,ISOLATED,CRITICAL,4.11,8,0.8571,v1.8,True,SUCCESS,LORA,POOR,44.94
REC-04738,2026-09-12T10:12:45Z,SITE-E,ESP32-E01,PV-E01,SITE-E-SHO-02,58,0.101,67.68,6.82,39.02,39.81,29.93,76.86,1008.67,39305.0,0.155,4.0,POOR,OK,SHORT_CIRCUIT,v1.8,SHORT_CIRCUIT,0.9362,0.008,0.0473,0.0003,0.0082,0.9362,ISOLATED,CRITICAL,3.36,8,0.8571,v1.8,True,SUCCESS,LORA,POOR,44.94
REC-04739,2026-09-12T10:12:50Z,SITE-E,ESP32-E01,PV-E01,SITE-E-SHO-02,59,0.09,67.58,6.09,39.19,39.81,29.95,76.68,1008.65,39792.0,0.157,3.5,POOR,OK,SHORT_CIRCUIT,v1.8,SHORT_CIRCUIT,0.9362,0.0077,0.0478,0.0003,0.008,0.9362,ISOLATED,CRITICAL,3.33,8,0.8571,v1.8,True,SUCCESS,LORA,POOR,44.94
REC-04740,2026-09-12T10:12:55Z,SITE-E,ESP32-E01,PV-E01,SITE-E-SHO-02,60,0.096,67.72,6.49,39.13,39.83,29.95,76.71,1008.65,39038.0,0.163,3.8,POOR,OK,SHORT_CIRCUIT,v1.8,SHORT_CIRCUIT,0.9352,0.0082,0.0479,0.0003,0.0084,0.9352,ISOLATED,CRITICAL,3.52,8,0.8571,v1.8,True,SUCCESS,LORA,POOR,44.94
REC-04741,2026-09-12T10:15:00Z,SITE-E,ESP32-E01,PV-E01,SITE-E-NOR-02,1,2.721,53.25,144.9,38.37,37.63,29.73,79.92,1008.71,37263.0,0.112,86.7,GOOD,LOST_IN_TRANSIT,NORMAL,v1.8,NORMAL,0.8343,0.8343,0.1468,0.0106,0.0055,0.0029,CONNECTED,NONE,2.71,8,0.8571,v1.8,True,SUCCESS,LORA,POOR,44.94
REC-04742,2026-09-12T10:15:05Z,SITE-E,ESP32-E01,PV-E01,SITE-E-NOR-02,2,2.698,53.6,144.59,38.08,37.73,29.73,79.83,1008.66,37386.0,0.108,86.2,GOOD,OK,NORMAL,v1.8,NORMAL,0.8324,0.8324,0.1486,0.0105,0.0055,0.003,CONNECTED,NONE,3.3,8,0.8571,v1.8,True,SUCCESS,LORA,POOR,44.94
REC-04743,2026-09-12T10:15:10Z,SITE-E,ESP32-E01,PV-E01,SITE-E-NOR-02,3,2.691,52.13,140.3,38.07,37.76,29.75,79.76,1008.63,37145.0,0.114,84.2,GOOD,OK,NORMAL,v1.8,NORMAL,0.8091,0.8091,0.1687,0.0122,0.0064,0.0035,CONNECTED,NONE,3.73,8,0.8571,v1.8,True,SUCCESS,LORA,POOR,44.94
REC-04744,2026-09-12T10:15:15Z,SITE-E,ESP32-E01,PV-E01,SITE-E-NOR-02,4,2.708,52.41,141.95,38.15,37.68,29.75,80.28,1008.66,37009.0,0.111,85.6,GOOD,OK,NORMAL,v1.8,NORMAL,0.8202,0.8202,0.1594,0.0113,0.0059,0.0032,CONNECTED,NONE,3.28,8,0.8571,v1.8,True,SUCCESS,LORA,POOR,44.94
REC-04745,2026-09-12T10:15:20Z,SITE-E,ESP32-E01,PV-E01,SITE-E-NOR-02,5,2.709,52.17,141.31,38.17,37.62,29.75,79.61,1008.66,36497.0,0.111,85.5,GOOD,OK,NORMAL,v1.8,NORMAL,0.8228,0.8228,0.157,0.0111,0.0058,0.0032,CONNECTED,NONE,2.87,8,0.8571,v1.8,True,SUCCESS,LORA,POOR,44.94
REC-04746,2026-09-12T10:15:25Z,SITE-E,ESP32-E01,PV-E01,SITE-E-NOR-02,6,2.697,52.28,141.01,38.26,37.65,29.76,80.42,1008.62,36922.0,0.106,84.9,GOOD,OK,NORMAL,v1.8,NORMAL,0.8164,0.8164,0.1639,0.0108,0.0057,0.0032,CONNECTED,NONE,3.16,8,0.8571,v1.8,True,SUCCESS,LORA,POOR,44.94
REC-04747,2026-09-12T10:15:30Z,SITE-E,ESP32-E01,PV-E01,SITE-E-NOR-02,7,2.724,52.47,142.92,38.28,37.69,29.76,79.73,1008.65,36681.0,0.096,86.0,GOOD,OK,NORMAL,v1.8,NORMAL,0.8269,0.8269,0.1557,0.0094,0.0051,0.0028,CONNECTED,NONE,4.67,8,0.8571,v1.8,True,SUCCESS,LORA,POOR,44.94
REC-04748,2026-09-12T10:15:35Z,SITE-E,ESP32-E01,PV-E01,SITE-E-NOR-02,8,2.724,52.86,144.02,38.24,37.7,29.76,79.42,1008.64,37099.0,0.095,86.5,GOOD,OK,NORMAL,v1.8,NORMAL,0.8288,0.8288,0.1541,0.0093,0.005,0.0027,CONNECTED,NONE,2.35,8,0.8571,v1.8,True,SUCCESS,LORA,POOR,44.94
REC-04749,2026-09-12T10:15:40Z,SITE-E,ESP32-E01,PV-E01,SITE-E-NOR-02,9,2.702,52.23,141.1,38.32,37.92,29.75,79.82,1008.69,36966.0,0.117,85.0,GOOD,OK,NORMAL,v1.8,NORMAL,0.8048,0.8048,0.1726,0.0126,0.0064,0.0036,CONNECTED,NONE,3.86,8,0.8571,v1.8,True,SUCCESS,LORA,POOR,44.94
REC-04750,2026-09-12T10:15:45Z,SITE-E,ESP32-E01,PV-E01,SITE-E-NOR-02,10,2.712,52.43,142.17,38.3,37.75,29.74,79.48,1008.66,36998.0,0.107,85.9,GOOD,OK,NORMAL,v1.8,NORMAL,0.8184,0.8184,0.1618,0.0109,0.0057,0.0032,CONNECTED,NONE,4.15,8,0.8571,v1.8,True,SUCCESS,LORA,POOR,44.94
REC-04751,2026-09-12T10:15:50Z,SITE-E,ESP32-E01,PV-E01,SITE-E-NOR-02,11,2.691,52.55,141.4,38.24,37.8,29.74,79.57,1008.65,37070.0,0.104,85.4,GOOD,OK,NORMAL,v1.8,NORMAL,0.8126,0.8126,0.1676,0.0109,0.0058,0.0032,CONNECTED,NONE,2.82,8,0.8571,v1.8,True,SUCCESS,LORA,POOR,44.94
REC-04752,2026-09-12T10:15:55Z,SITE-E,ESP32-E01,PV-E01,SITE-E-NOR-02,12,2.714,52.0,141.14,38.3,37.69,29.72,79.92,1008.66,36929.0,0.11,85.2,GOOD,OK,NORMAL,v1.8,NORMAL,0.8166,0.8166,0.1628,0.0113,0.006,0.0033,CONNECTED,NONE,3.79,8,0.8571,v1.8,True,SUCCESS,LORA,POOR,44.94
REC-04753,2026-09-12T10:16:00Z,SITE-E,ESP32-E01,PV-E01,SITE-E-NOR-02,13,2.696,53.13,143.23,38.27,37.73,29.73,79.97,1008.67,36884.0,0.118,86.3,GOOD,OK,NORMAL,v1.8,NORMAL,0.8257,0.8257,0.1535,0.0117,0.0059,0.0033,CONNECTED,NONE,4.3,8,0.8571,v1.8,True,SUCCESS,LORA,POOR,44.94
REC-04754,2026-09-12T10:16:05Z,SITE-E,ESP32-E01,PV-E01,SITE-E-NOR-02,14,2.727,52.11,142.11,38.2,37.69,29.73,79.61,1008.68,37011.0,0.112,85.7,GOOD,OK,NORMAL,v1.8,NORMAL,0.8205,0.8205,0.1589,0.0113,0.006,0.0032,CONNECTED,NONE,2.19,8,0.8571,v1.8,True,SUCCESS,LORA,POOR,44.94
REC-04755,2026-09-12T10:16:10Z,SITE-E,ESP32-E01,PV-E01,SITE-E-NOR-02,15,2.71,52.71,142.85,38.31,37.54,29.72,80.1,1008.63,36890.0,0.103,86.0,GOOD,OK,NORMAL,v1.8,NORMAL,0.8317,0.8317,0.1503,0.0098,0.0053,0.0029,CONNECTED,NONE,3.74,8,0.8571,v1.8,True,SUCCESS,LORA,POOR,44.94
REC-04756,2026-09-12T10:16:15Z,SITE-E,ESP32-E01,PV-E01,SITE-E-NOR-02,16,2.687,52.43,140.89,38.27,37.65,29.71,80.15,1008.63,36987.0,0.122,84.8,GOOD,OK,NORMAL,v1.8,NORMAL,0.8171,0.8171,0.1603,0.0126,0.0064,0.0036,CONNECTED,NONE,2.25,8,0.8571,v1.8,True,SUCCESS,LORA,POOR,44.94
REC-04757,2026-09-12T10:16:20Z,SITE-E,ESP32-E01,PV-E01,SITE-E-NOR-02,17,2.696,53.65,144.63,38.28,37.63,29.73,80.23,1008.69,37222.0,0.126,86.9,GOOD,OK,NORMAL,v1.8,NORMAL,0.834,0.834,0.1447,0.0121,0.006,0.0032,CONNECTED,NONE,4.46,8,0.8571,v1.8,True,SUCCESS,LORA,POOR,44.94
REC-04758,2026-09-12T10:16:25Z,SITE-E,ESP32-E01,PV-E01,SITE-E-NOR-02,18,2.715,52.96,143.77,38.42,37.62,29.74,79.96,1008.65,37080.0,0.115,86.2,GOOD,OK,NORMAL,v1.8,NORMAL,0.83,0.83,0.1503,0.0111,0.0056,0.0031,CONNECTED,NONE,2.73,8,0.8571,v1.8,True,SUCCESS,LORA,POOR,44.94
REC-04759,2026-09-12T10:16:30Z,SITE-E,ESP32-E01,PV-E01,SITE-E-NOR-02,19,2.711,52.55,142.48,38.05,37.65,29.74,80.21,1008.62,37104.0,0.12,85.8,GOOD,LOST_IN_TRANSIT,NORMAL,v1.8,NORMAL,0.8247,0.8247,0.1536,0.0121,0.0062,0.0033,CONNECTED,NONE,4.04,8,0.8571,v1.8,True,SUCCESS,LORA,POOR,44.94
REC-04760,2026-09-12T10:16:35Z,SITE-E,ESP32-E01,PV-E01,SITE-E-NOR-02,20,2.7,52.78,142.5,38.08,37.8,29.74,79.24,1008.67,36834.0,0.122,86.4,GOOD,OK,NORMAL,v1.8,NORMAL,0.8208,0.8208,0.1569,0.0126,0.0064,0.0034,CONNECTED,NONE,3.93,8,0.8571,v1.8,True,SUCCESS,LORA,POOR,44.94
REC-04761,2026-09-12T10:16:40Z,SITE-E,ESP32-E01,PV-E01,SITE-E-NOR-02,21,2.714,51.85,140.75,38.12,37.71,29.73,79.7,1008.67,36701.0,0.121,85.1,GOOD,OK,NORMAL,v1.8,NORMAL,0.8147,0.8147,0.1625,0.0127,0.0066,0.0036,CONNECTED,NONE,2.52,8,0.8571,v1.8,True,SUCCESS,LORA,POOR,44.94
REC-04762,2026-09-12T10:16:45Z,SITE-E,ESP32-E01,PV-E01,SITE-E-NOR-02,22,2.716,52.73,143.23,38.2,37.83,29.73,79.54,1008.61,37123.0,0.116,86.3,GOOD,LOST_IN_TRANSIT,NORMAL,v1.8,NORMAL,0.8192,0.8192,0.1595,0.0119,0.0061,0.0033,CONNECTED,NONE,2.12,8,0.8571,v1.8,True,SUCCESS,LORA,POOR,44.94
REC-04763,2026-09-12T10:16:50Z,SITE-E,ESP32-E01,PV-E01,SITE-E-NOR-02,23,2.708,52.38,141.84,38.18,37.73,29.73,79.84,1008.67,36968.0,0.116,85.7,GOOD,OK,NORMAL,v1.8,NORMAL,0.8179,0.8179,0.1606,0.0119,0.0062,0.0034,CONNECTED,NONE,4.76,8,0.8571,v1.8,True,SUCCESS,LORA,POOR,44.94
REC-04764,2026-09-12T10:16:55Z,SITE-E,ESP32-E01,PV-E01,SITE-E-NOR-02,24,2.707,52.14,141.13,38.04,37.72,29.73,79.63,1008.68,36670.0,0.115,85.7,GOOD,OK,NORMAL,v1.8,NORMAL,0.8189,0.8189,0.1596,0.0119,0.0062,0.0034,CONNECTED,NONE,4.74,8,0.8571,v1.8,True,SUCCESS,LORA,POOR,44.94
REC-04765,2026-09-12T10:17:00Z,SITE-E,ESP32-E01,PV-E01,SITE-E-NOR-02,25,2.683,52.38,140.54,38.07,37.58,29.74,79.75,1008.67,36552.0,0.099,85.3,GOOD,OK,NORMAL,v1.8,NORMAL,0.825,0.825,0.1566,0.01,0.0054,0.003,CONNECTED,NONE,3.91,8,0.8571,v1.8,True,SUCCESS,LORA,POOR,44.94
REC-04766,2026-09-12T10:17:05Z,SITE-E,ESP32-E01,PV-E01,SITE-E-NOR-02,26,2.712,51.96,140.94,38.11,37.72,29.75,80.36,1008.68,36641.0,0.117,85.3,GOOD,LOST_IN_TRANSIT,NORMAL,v1.8,NORMAL,0.8155,0.8155,0.1626,0.0122,0.0063,0.0034,CONNECTED,NONE,4.41,8,0.8571,v1.8,True,SUCCESS,LORA,POOR,44.94
REC-04767,2026-09-12T10:17:10Z,SITE-E,ESP32-E01,PV-E01,SITE-E-NOR-02,27,2.711,52.96,143.54,38.41,37.77,29.76,79.75,1008.62,36890.0,0.096,86.4,GOOD,OK,NORMAL,v1.8,NORMAL,0.8251,0.8251,0.1575,0.0095,0.0051,0.0028,CONNECTED,NONE,2.45,8,0.8571,v1.8,True,SUCCESS,LORA,POOR,44.94
REC-04768,2026-09-12T10:17:15Z,SITE-E,ESP32-E01,PV-E01,SITE-E-NOR-02,28,2.723,52.51,142.98,38.36,37.67,29.74,79.92,1008.67,37110.0,0.102,86.0,GOOD,OK,NORMAL,v1.8,NORMAL,0.8251,0.8251,0.1565,0.0101,0.0054,0.003,CONNECTED,NONE,2.83,8,0.8571,v1.8,True,SUCCESS,LORA,POOR,44.94
REC-04769,2026-09-12T10:17:20Z,SITE-E,ESP32-E01,PV-E01,SITE-E-NOR-02,29,2.697,52.94,142.78,38.17,37.75,29.74,79.73,1008.65,36844.0,0.123,85.9,GOOD,OK,NORMAL,v1.8,NORMAL,0.8233,0.8233,0.1546,0.0125,0.0063,0.0034,CONNECTED,NONE,2.36,8,0.8571,v1.8,True,SUCCESS,LORA,POOR,44.94
REC-04770,2026-09-12T10:17:25Z,SITE-E,ESP32-E01,PV-E01,SITE-E-NOR-02,30,2.713,52.46,142.34,38.15,37.73,29.74,79.82,1008.65,36953.0,0.118,85.9,GOOD,OK,NORMAL,v1.8,NORMAL,0.8201,0.8201,0.1583,0.012,0.0062,0.0034,CONNECTED,NONE,2.83,8,0.8571,v1.8,True,SUCCESS,LORA,POOR,44.94
REC-04771,2026-09-12T10:17:30Z,SITE-E,ESP32-E01,PV-E01,SITE-E-NOR-02,31,2.696,52.82,142.42,38.09,37.64,29.74,79.8,1008.69,36702.0,0.125,86.0,GOOD,LOST_IN_TRANSIT,NORMAL,v1.8,NORMAL,0.8281,0.8281,0.1497,0.0125,0.0063,0.0034,CONNECTED,NONE,3.4,8,0.8571,v1.8,True,SUCCESS,LORA,POOR,44.94
REC-04772,2026-09-12T10:17:35Z,SITE-E,ESP32-E01,PV-E01,SITE-E-NOR-02,32,2.691,52.57,141.47,38.02,37.58,29.73,79.93,1008.7,36825.0,0.107,85.5,GOOD,OK,NORMAL,v1.8,NORMAL,0.8279,0.8279,0.1526,0.0106,0.0057,0.0031,CONNECTED,NONE,2.36,8,0.8571,v1.8,True,SUCCESS,LORA,POOR,44.94
REC-04773,2026-09-12T10:17:40Z,SITE-E,ESP32-E01,PV-E01,SITE-E-NOR-02,33,2.72,52.77,143.55,38.14,37.56,29.73,80.15,1008.71,36758.0,0.098,87.0,GOOD,OK,NORMAL,v1.8,NORMAL,0.8361,0.8361,0.1468,0.0093,0.0051,0.0027,CONNECTED,NONE,4.78,8,0.8571,v1.8,True,SUCCESS,LORA,POOR,44.94
REC-04774,2026-09-12T10:17:45Z,SITE-E,ESP32-E01,PV-E01,SITE-E-NOR-02,34,2.699,52.16,140.8,38.12,37.71,29.73,80.29,1008.7,37337.0,0.108,84.8,GOOD,OK,NORMAL,v1.8,NORMAL,0.8125,0.8125,0.1667,0.0114,0.0061,0.0034,CONNECTED,NONE,2.94,8,0.8571,v1.8,True,SUCCESS,LORA,POOR,44.94
REC-04775,2026-09-12T10:17:50Z,SITE-E,ESP32-E01,PV-E01,SITE-E-NOR-02,35,2.709,53.26,144.31,38.22,37.75,29.73,79.89,1008.66,36963.0,0.111,86.4,GOOD,LOST_IN_TRANSIT,NORMAL,v1.8,NORMAL,0.8298,0.8298,0.1508,0.0108,0.0056,0.003,CONNECTED,NONE,3.09,8,0.8571,v1.8,True,SUCCESS,LORA,POOR,44.94
REC-04776,2026-09-12T10:17:55Z,SITE-E,ESP32-E01,PV-E01,SITE-E-NOR-02,36,2.735,53.15,145.37,38.11,37.67,29.73,79.98,1008.67,37518.0,0.111,86.8,GOOD,OK,NORMAL,v1.8,NORMAL,0.8339,0.8339,0.1469,0.0106,0.0056,0.0029,CONNECTED,NONE,3.36,8,0.8571,v1.8,True,SUCCESS,LORA,POOR,44.94
REC-04777,2026-09-12T10:18:00Z,SITE-E,ESP32-E01,PV-E01,SITE-E-NOR-02,37,2.728,52.34,142.77,38.15,37.71,29.73,79.45,1008.68,37216.0,0.121,85.5,GOOD,OK,NORMAL,v1.8,NORMAL,0.8207,0.8207,0.1572,0.0123,0.0064,0.0034,CONNECTED,NONE,3.49,8,0.8571,v1.8,True,SUCCESS,LORA,POOR,44.94
REC-04778,2026-09-12T10:18:05Z,SITE-E,ESP32-E01,PV-E01,SITE-E-NOR-02,38,2.719,53.48,145.43,38.24,37.78,29.73,79.77,1008.66,37351.0,0.106,86.8,GOOD,OK,NORMAL,v1.8,NORMAL,0.831,0.831,0.1505,0.0102,0.0054,0.0029,CONNECTED,NONE,4.04,8,0.8571,v1.8,True,SUCCESS,LORA,POOR,44.94
REC-04779,2026-09-12T10:18:10Z,SITE-E,ESP32-E01,PV-E01,SITE-E-NOR-02,39,2.691,53.7,144.5,38.27,37.79,29.74,80.08,1008.66,37379.0,0.114,86.1,GOOD,OK,NORMAL,v1.8,NORMAL,0.8266,0.8266,0.1534,0.0112,0.0057,0.0031,CONNECTED,NONE,4.73,8,0.8571,v1.8,True,SUCCESS,LORA,POOR,44.94
REC-04780,2026-09-12T10:18:15Z,SITE-E,ESP32-E01,PV-E01,SITE-E-NOR-02,40,2.708,53.47,144.82,38.29,37.88,29.73,80.06,1008.68,37477.0,0.1,86.2,GOOD,LOST_IN_TRANSIT,NORMAL,v1.8,NORMAL,0.8237,0.8237,0.1581,0.01,0.0053,0.0029,CONNECTED,NONE,3.01,8,0.8571,v1.8,True,SUCCESS,LORA,POOR,44.94
REC-04781,2026-09-12T10:18:20Z,SITE-E,ESP32-E01,PV-E01,SITE-E-NOR-02,41,2.721,53.17,144.66,38.18,37.89,29.72,79.86,1008.66,37527.0,0.115,85.8,GOOD,OK,NORMAL,v1.8,NORMAL,0.8215,0.8215,0.1576,0.0117,0.006,0.0032,CONNECTED,NONE,4.03,8,0.8571,v1.8,True,SUCCESS,LORA,POOR,44.94
REC-04782,2026-09-12T10:18:25Z,SITE-E,ESP32-E01,PV-E01,SITE-E-NOR-02,42,2.699,53.57,144.61,38.38,37.73,29.74,80.07,1008.64,37839.0,0.11,85.6,GOOD,OK,NORMAL,v1.8,NORMAL,0.8246,0.8246,0.1559,0.0108,0.0055,0.0031,CONNECTED,NONE,2.82,8,0.8571,v1.8,True,SUCCESS,LORA,POOR,44.94
REC-04783,2026-09-12T10:18:30Z,SITE-E,ESP32-E01,PV-E01,SITE-E-NOR-02,43,2.695,53.88,145.19,38.26,37.95,29.73,79.95,1008.65,37635.0,0.103,85.7,GOOD,OK,NORMAL,v1.8,NORMAL,0.8224,0.8224,0.1589,0.0104,0.0054,0.003,CONNECTED,NONE,4.65,8,0.8571,v1.8,True,SUCCESS,LORA,POOR,44.94
REC-04784,2026-09-12T10:18:35Z,SITE-E,ESP32-E01,PV-E01,SITE-E-NOR-02,44,2.71,53.65,145.42,38.37,37.78,29.71,80.16,1008.68,37944.0,0.108,85.7,GOOD,OK,NORMAL,v1.8,NORMAL,0.8272,0.8272,0.1538,0.0105,0.0055,0.003,CONNECTED,NONE,4.43,8,0.8571,v1.8,True,SUCCESS,LORA,POOR,44.94
REC-04785,2026-09-12T10:18:40Z,SITE-E,ESP32-E01,PV-E01,SITE-E-NOR-02,45,2.71,54.25,147.04,38.32,37.9,29.69,79.89,1008.66,37716.0,0.108,86.6,GOOD,LOST_IN_TRANSIT,NORMAL,v1.8,NORMAL,0.8327,0.8327,0.1486,0.0103,0.0054,0.0029,CONNECTED,NONE,2.47,8,0.8571,v1.8,True,SUCCESS,LORA,POOR,44.94
REC-04786,2026-09-12T10:18:45Z,SITE-E,ESP32-E01,PV-E01,SITE-E-NOR-02,46,2.707,53.55,144.96,38.17,37.79,29.69,79.69,1008.67,37604.0,0.107,85.8,GOOD,OK,NORMAL,v1.8,NORMAL,0.8298,0.8298,0.1512,0.0105,0.0056,0.003,CONNECTED,NONE,3.77,8,0.8571,v1.8,True,SUCCESS,LORA,POOR,44.94
REC-04787,2026-09-12T10:18:50Z,SITE-E,ESP32-E01,PV-E01,SITE-E-NOR-02,47,2.728,52.91,144.35,38.27,37.76,29.69,79.9,1008.68,37462.0,0.128,85.4,GOOD,OK,NORMAL,v1.8,NORMAL,0.8253,0.8253,0.1518,0.0129,0.0065,0.0034,CONNECTED,NONE,3.38,8,0.8571,v1.8,True,SUCCESS,LORA,POOR,44.94
REC-04788,2026-09-12T10:18:55Z,SITE-E,ESP32-E01,PV-E01,SITE-E-NOR-02,48,2.705,53.63,145.09,38.31,37.63,29.69,78.92,1008.65,37629.0,0.109,86.0,GOOD,OK,NORMAL,v1.8,NORMAL,0.835,0.835,0.1464,0.0103,0.0054,0.0029,CONNECTED,NONE,2.16,8,0.8571,v1.8,True,SUCCESS,LORA,POOR,44.94
REC-04789,2026-09-12T10:19:00Z,SITE-E,ESP32-E01,PV-E01,SITE-E-NOR-02,49,2.71,53.59,145.25,38.27,37.71,29.7,79.91,1008.68,37635.0,0.108,86.4,GOOD,OK,NORMAL,v1.8,NORMAL,0.8322,0.8322,0.149,0.0104,0.0055,0.0029,CONNECTED,NONE,3.65,8,0.8571,v1.8,True,SUCCESS,LORA,POOR,44.94
REC-04790,2026-09-12T10:19:05Z,SITE-E,ESP32-E01,PV-E01,SITE-E-NOR-02,50,2.708,53.81,145.72,38.23,37.62,29.67,78.71,1008.67,37594.0,0.089,86.2,GOOD,OK,NORMAL,v1.8,NORMAL,0.8414,0.8414,0.1431,0.0084,0.0047,0.0025,CONNECTED,NONE,3.45,8,0.8571,v1.8,True,SUCCESS,LORA,POOR,44.94
REC-04791,2026-09-12T10:19:10Z,SITE-E,ESP32-E01,PV-E01,SITE-E-NOR-02,51,2.708,54.08,146.48,38.4,37.86,29.68,79.28,1008.62,37769.0,0.101,86.3,GOOD,OK,NORMAL,v1.8,NORMAL,0.832,0.832,0.1503,0.0097,0.0052,0.0028,CONNECTED,NONE,3.86,8,0.8571,v1.8,True,SUCCESS,LORA,POOR,44.94
REC-04792,2026-09-12T10:19:15Z,SITE-E,ESP32-E01,PV-E01,SITE-E-NOR-02,52,2.684,54.2,145.47,38.39,37.93,29.7,79.94,1008.7,37783.0,0.107,85.3,GOOD,LOST_IN_TRANSIT,NORMAL,v1.8,NORMAL,0.8238,0.8238,0.157,0.0106,0.0055,0.0031,CONNECTED,NONE,2.4,8,0.8571,v1.8,True,SUCCESS,LORA,POOR,44.94
REC-04793,2026-09-12T10:19:20Z,SITE-E,ESP32-E01,PV-E01,SITE-E-NOR-02,53,2.723,53.55,145.84,38.29,37.74,29.69,79.94,1008.64,37945.0,0.103,85.5,GOOD,OK,NORMAL,v1.8,NORMAL,0.8319,0.8319,0.15,0.0099,0.0053,0.0028,CONNECTED,NONE,2.12,8,0.8571,v1.8,True,SUCCESS,LORA,POOR,44.94
REC-04794,2026-09-12T10:19:25Z,SITE-E,ESP32-E01,PV-E01,SITE-E-NOR-02,54,2.723,53.75,146.36,38.4,37.86,29.69,79.45,1008.61,37891.0,0.124,85.4,GOOD,SPIKE_CURRENT,NORMAL,v1.8,NORMAL,0.8284,0.8284,0.15,0.0122,0.0061,0.0033,CONNECTED,NONE,3.4,8,0.8571,v1.8,True,SUCCESS,LORA,POOR,44.94
REC-04795,2026-09-12T10:19:30Z,SITE-E,ESP32-E01,PV-E01,SITE-E-NOR-02,55,2.69,53.93,145.1,38.49,37.78,29.68,79.59,1008.63,37994.0,0.108,84.7,GOOD,LOST_IN_TRANSIT,NORMAL,v1.8,NORMAL,0.8262,0.8262,0.1547,0.0106,0.0055,0.0031,CONNECTED,NONE,2.26,8,0.8571,v1.8,True,SUCCESS,LORA,POOR,44.94
REC-04796,2026-09-12T10:19:35Z,SITE-E,ESP32-E01,PV-E01,SITE-E-NOR-02,56,2.699,54.52,147.13,38.51,37.8,29.67,80.21,1008.63,38188.0,0.123,85.8,GOOD,LOST_IN_TRANSIT,NORMAL,v1.8,NORMAL,0.8329,0.8329,0.1463,0.0118,0.0058,0.0032,CONNECTED,NONE,3.15,8,0.8571,v1.8,True,SUCCESS,LORA,POOR,44.94
REC-04797,2026-09-12T10:19:40Z,SITE-E,ESP32-E01,PV-E01,SITE-E-NOR-02,57,2.724,53.82,146.62,38.22,37.88,29.66,79.65,1008.66,38229.0,0.111,85.8,GOOD,OK,NORMAL,v1.8,NORMAL,0.8289,0.8289,0.1514,0.0109,0.0058,0.003,CONNECTED,NONE,3.2,8,0.8571,v1.8,True,SUCCESS,LORA,POOR,44.94
REC-04798,2026-09-12T10:19:45Z,SITE-E,ESP32-E01,PV-E01,SITE-E-NOR-02,58,2.69,54.39,146.34,38.25,37.82,29.68,80.47,1008.65,38497.0,0.11,85.5,GOOD,LOST_IN_TRANSIT,NORMAL,v1.8,NORMAL,0.83,0.83,0.1506,0.0108,0.0056,0.003,CONNECTED,NONE,2.89,8,0.8571,v1.8,True,SUCCESS,LORA,POOR,44.94
REC-04799,2026-09-12T10:19:50Z,SITE-E,ESP32-E01,PV-E01,SITE-E-NOR-02,59,2.709,53.3,144.38,38.45,37.97,29.7,79.8,1008.65,37995.0,0.109,84.4,GOOD,LOST_IN_TRANSIT,NORMAL,v1.8,NORMAL,0.8144,0.8144,0.1652,0.0113,0.0059,0.0033,CONNECTED,NONE,3.25,8,0.8571,v1.8,True,SUCCESS,LORA,POOR,44.94
REC-04800,2026-09-12T10:19:55Z,SITE-E,ESP32-E01,PV-E01,SITE-E-NOR-02,60,2.707,53.65,145.24,38.2,37.74,29.69,79.92,1008.68,38153.0,0.11,85.2,GOOD,OK,NORMAL,v1.8,NORMAL,0.8288,0.8288,0.1516,0.0108,0.0057,0.0031,CONNECTED,NONE,3.07,8,0.8571,v1.8,True,SUCCESS,LORA,POOR,44.94
REC-04801,2026-09-12T11:39:00Z,SITE-E,ESP32-E01,PV-E01,SITE-E-DUS-08,1,2.567,5.44,13.95,29.22,28.23,27.4,87.87,1008.86,6238.0,0.503,57.9,DEGRADED,OK,DUST,v1.9,DUST,0.5995,0.1521,0.0928,0.5995,0.1238,0.0319,CONNECTED,INFO,3.74,9,0.8571,v1.9,True,SUCCESS,LORA,POOR,23.88
REC-04802,2026-09-12T11:39:05Z,SITE-E,ESP32-E01,PV-E01,SITE-E-DUS-08,2,2.569,4.65,11.94,29.2,28.26,27.39,88.08,1008.86,6002.0,0.513,49.9,DEGRADED,OK,DUST,v1.9,DUST,0.6244,0.1301,0.0904,0.6244,0.1244,0.0307,CONNECTED,WARNING,3.5,9,0.8571,v1.9,True,SUCCESS,LORA,POOR,23.88
REC-04803,2026-09-12T11:39:10Z,SITE-E,ESP32-E01,PV-E01,SITE-E-DUS-08,3,2.557,4.55,11.65,29.26,28.24,27.4,88.12,1008.8,6453.0,0.616,48.8,DEGRADED,OK,DUST,v1.9,DUST,0.8378,0.0432,0.047,0.8378,0.0582,0.0138,CONNECTED,WARNING,2.33,9,0.8571,v1.9,True,SUCCESS,LORA,POOR,23.88
REC-04804,2026-09-12T11:39:15Z,SITE-E,ESP32-E01,PV-E01,SITE-E-DUS-08,4,2.551,4.35,11.11,29.39,28.34,27.4,87.99,1008.81,6209.0,0.561,46.7,DEGRADED,OK,DUST,v1.9,DUST,0.7419,0.0741,0.0708,0.7419,0.0907,0.0225,CONNECTED,WARNING,3.04,9,0.8571,v1.9,True,SUCCESS,LORA,POOR,23.88
REC-04805,2026-09-12T11:39:20Z,SITE-E,ESP32-E01,PV-E01,SITE-E-DUS-08,5,2.546,5.43,13.82,29.23,28.31,27.4,87.98,1008.83,6416.0,0.513,58.2,DEGRADED,LOST_IN_TRANSIT,DUST,v1.9,DUST,0.6316,0.1358,0.0881,0.6316,0.1137,0.0308,CONNECTED,WARNING,2.96,9,0.8571,v1.9,True,SUCCESS,LORA,POOR,23.88
REC-04806,2026-09-12T11:39:25Z,SITE-E,ESP32-E01,PV-E01,SITE-E-DUS-08,6,2.573,5.34,13.73,29.21,28.36,27.42,87.84,1008.81,6150.0,0.45,57.6,DEGRADED,LOST_IN_TRANSIT,DUST,v1.9,DUST,0.4442,0.2358,0.1119,0.4442,0.1662,0.0419,CONNECTED,INFO,4.05,9,0.8571,v1.9,True,SUCCESS,LORA,POOR,23.88
REC-04807,2026-09-12T11:39:30Z,SITE-E,ESP32-E01,PV-E01,SITE-E-DUS-08,7,2.558,4.97,12.7,29.31,28.33,27.42,88.19,1008.82,6276.0,0.459,53.2,DEGRADED,OK,DUST,v1.9,DUST,0.4697,0.212,0.1118,0.4697,0.1649,0.0415,CONNECTED,INFO,2.84,9,0.8571,v1.9,True,SUCCESS,LORA,POOR,23.88
REC-04808,2026-09-12T11:39:35Z,SITE-E,ESP32-E01,PV-E01,SITE-E-DUS-08,8,2.566,4.66,11.96,29.3,28.28,27.43,87.95,1008.84,6521.0,0.384,50.1,DEGRADED,OK,DUST,v1.9,NORMAL,0.3309,0.3309,0.1219,0.2764,0.2194,0.0514,CONNECTED,NONE,4.65,9,0.8571,v1.9,True,SUCCESS,LORA,POOR,23.88
REC-04809,2026-09-12T11:39:40Z,SITE-E,ESP32-E01,PV-E01,SITE-E-DUS-08,9,2.548,5.32,13.56,29.29,28.26,27.43,87.98,1008.83,6145.0,0.47,56.7,DEGRADED,OK,DUST,v1.9,DUST,0.5029,0.204,0.1063,0.5029,0.1474,0.0394,CONNECTED,INFO,4.28,9,0.8571,v1.9,True,SUCCESS,LORA,POOR,23.88
REC-04810,2026-09-12T11:39:45Z,SITE-E,ESP32-E01,PV-E01,SITE-E-DUS-08,10,2.579,5.86,15.11,29.31,28.32,27.42,88.31,1008.83,6317.0,0.532,63.2,DEGRADED,OK,DUST,v1.9,DUST,0.6777,0.1156,0.0796,0.6777,0.1013,0.0259,CONNECTED,WARNING,3.46,9,0.8571,v1.9,True,SUCCESS,LORA,POOR,23.88
REC-04811,2026-09-12T11:39:50Z,SITE-E,ESP32-E01,PV-E01,SITE-E-DUS-08,11,2.579,4.98,12.85,29.22,28.27,27.42,88.24,1008.8,6413.0,0.53,53.6,DEGRADED,OK,DUST,v1.9,DUST,0.6664,0.1114,0.0806,0.6664,0.1145,0.027,CONNECTED,WARNING,2.11,9,0.8571,v1.9,True,SUCCESS,LORA,POOR,23.88
REC-04812,2026-09-12T11:39:55Z,SITE-E,ESP32-E01,PV-E01,SITE-E-DUS-08,12,2.561,4.68,11.98,29.2,28.27,27.42,87.94,1008.85,6226.0,0.529,50.2,DEGRADED,OK,DUST,v1.9,DUST,0.6651,0.1114,0.0815,0.6651,0.114,0.028,CONNECTED,WARNING,2.97,9,0.8571,v1.9,True,SUCCESS,LORA,POOR,23.88
REC-04813,2026-09-12T11:40:00Z,SITE-E,ESP32-E01,PV-E01,SITE-E-DUS-08,13,2.565,5.41,13.87,29.36,28.31,27.41,87.9,1008.84,6385.0,0.462,58.0,DEGRADED,OK,DUST,v1.9,DUST,0.4799,0.2118,0.1112,0.4799,0.1572,0.04,CONNECTED,INFO,2.46,9,0.8571,v1.9,True,SUCCESS,LORA,FAIR,11.48
REC-04814,2026-09-12T11:40:05Z,SITE-E,ESP32-E01,PV-E01,SITE-E-DUS-08,14,2.544,4.72,12.02,29.28,28.29,27.41,87.9,1008.81,6342.0,0.526,50.3,DEGRADED,OK,DUST,v1.9,DUST,0.6606,0.1133,0.0841,0.6606,0.113,0.029,CONNECTED,WARNING,2.19,9,0.8571,v1.9,True,SUCCESS,LORA,FAIR,11.48
REC-04815,2026-09-12T11:40:10Z,SITE-E,ESP32-E01,PV-E01,SITE-E-DUS-08,15,2.546,4.98,12.68,29.34,28.3,27.42,87.39,1008.79,6429.0,0.542,53.0,DEGRADED,LOST_IN_TRANSIT,DUST,v1.9,DUST,0.7007,0.0971,0.0768,0.7007,0.0997,0.0257,CONNECTED,WARNING,3.1,9,0.8571,v1.9,True,SUCCESS,LORA,FAIR,11.48
REC-04816,2026-09-12T11:40:15Z,SITE-E,ESP32-E01,PV-E01,SITE-E-DUS-08,16,2.562,4.27,10.95,29.37,28.2,27.42,88.33,1008.87,6635.0,0.359,45.7,DEGRADED,OK,DUST,v1.9,NORMAL,0.3612,0.3612,0.1236,0.2279,0.2342,0.0531,CONNECTED,NONE,2.77,9,0.8571,v1.9,True,SUCCESS,LORA,FAIR,11.48
REC-04817,2026-09-12T11:40:20Z,SITE-E,ESP32-E01,PV-E01,SITE-E-DUS-08,17,2.557,4.99,12.75,29.36,28.39,27.44,87.79,1008.88,6774.0,0.511,53.1,DEGRADED,OK,DUST,v1.9,DUST,0.6179,0.1305,0.0897,0.6179,0.1303,0.0316,CONNECTED,WARNING,2.76,9,0.8571,v1.9,True,SUCCESS,LORA,FAIR,11.48
REC-04818,2026-09-12T11:40:25Z,SITE-E,ESP32-E01,PV-E01,SITE-E-DUS-08,18,2.557,4.73,12.09,29.19,28.2,27.45,88.26,1008.84,6472.0,0.617,50.1,DEGRADED,OK,DUST,v1.9,DUST,0.8379,0.0447,0.0449,0.8379,0.0586,0.0138,CONNECTED,WARNING,3.84,9,0.8571,v1.9,True,SUCCESS,LORA,FAIR,11.48
REC-04819,2026-09-12T11:40:30Z,SITE-E,ESP32-E01,PV-E01,SITE-E-DUS-08,19,2.54,5.48,13.93,29.29,28.33,27.44,88.01,1008.82,6360.0,0.475,58.0,DEGRADED,OK,DUST,v1.9,DUST,0.5201,0.1957,0.103,0.5201,0.1424,0.0388,CONNECTED,INFO,4.72,9,0.8571,v1.9,True,SUCCESS,LORA,FAIR,11.48
REC-04820,2026-09-12T11:40:35Z,SITE-E,ESP32-E01,PV-E01,SITE-E-DUS-08,20,2.565,4.8,12.32,29.38,28.24,27.44,88.42,1008.86,6462.0,0.341,51.1,DEGRADED,OK,DUST,v1.9,NORMAL,0.417,0.417,0.1218,0.1896,0.2199,0.0516,CONNECTED,NONE,4.19,9,0.8571,v1.9,True,SUCCESS,LORA,FAIR,11.48
REC-04821,2026-09-12T11:40:40Z,SITE-E,ESP32-E01,PV-E01,SITE-E-DUS-08,21,2.542,5.36,13.63,29.32,28.36,27.45,88.16,1008.84,6360.0,0.444,56.5,DEGRADED,OK,DUST,v1.9,DUST,0.4271,0.2469,0.1138,0.4271,0.1675,0.0447,CONNECTED,INFO,2.15,9,0.8571,v1.9,True,SUCCESS,LORA,FAIR,11.48
REC-04822,2026-09-12T11:40:45Z,SITE-E,ESP32-E01,PV-E01,SITE-E-DUS-08,22,2.56,5.05,12.93,29.3,28.34,27.45,88.27,1008.82,6148.0,0.384,53.7,DEGRADED,OK,DUST,v1.9,NORMAL,0.3478,0.3478,0.1208,0.2756,0.2043,0.0514,CONNECTED,NONE,2.99,9,0.8571,v1.9,True,SUCCESS,LORA,FAIR,11.48
REC-04823,2026-09-12T11:40:50Z,SITE-E,ESP32-E01,PV-E01,SITE-E-DUS-08,23,2.57,5.14,13.2,29.17,28.29,27.45,87.82,1008.86,6418.0,0.454,54.5,DEGRADED,OK,DUST,v1.9,DUST,0.4501,0.2277,0.1078,0.4501,0.1727,0.0417,CONNECTED,INFO,3.69,9,0.8571,v1.9,True,SUCCESS,LORA,FAIR,11.48
REC-04824,2026-09-12T11:40:55Z,SITE-E,ESP32-E01,PV-E01,SITE-E-DUS-08,24,2.542,5.32,13.52,29.24,28.41,27.44,87.61,1008.81,6601.0,0.419,55.7,DEGRADED,OK,DUST,v1.9,DUST,0.3578,0.2891,0.1184,0.3578,0.1858,0.0489,CONNECTED,INFO,3.2,9,0.8571,v1.9,True,SUCCESS,LORA,FAIR,11.48
REC-04825,2026-09-12T11:41:00Z,SITE-E,ESP32-E01,PV-E01,SITE-E-DUS-08,25,2.571,5.09,13.1,29.29,28.26,27.44,88.04,1008.81,6211.0,0.548,54.0,DEGRADED,OK,DUST,v1.9,DUST,0.7109,0.0942,0.073,0.7109,0.098,0.024,CONNECTED,WARNING,4.2,9,0.8571,v1.9,True,SUCCESS,LORA,FAIR,11.48
REC-04826,2026-09-12T11:41:05Z,SITE-E,ESP32-E01,PV-E01,SITE-E-DUS-08,26,2.551,4.97,12.69,29.16,28.34,27.44,87.42,1008.84,6301.0,0.539,52.2,DEGRADED,OK,DUST,v1.9,DUST,0.6935,0.1028,0.0749,0.6935,0.1025,0.0263,CONNECTED,WARNING,3.24,9,0.8571,v1.9,True,SUCCESS,LORA,FAIR,11.48
REC-04827,2026-09-12T11:41:10Z,SITE-E,ESP32-E01,PV-E01,SITE-E-DUS-08,27,2.563,4.9,12.57,29.33,28.2,27.42,87.86,1008.83,6360.0,0.513,51.7,DEGRADED,OK,DUST,v1.9,DUST,0.6209,0.132,0.0903,0.6209,0.1261,0.0308,CONNECTED,WARNING,2.85,9,0.8571,v1.9,True,SUCCESS,LORA,FAIR,11.48
REC-04828,2026-09-12T11:41:15Z,SITE-E,ESP32-E01,PV-E01,SITE-E-DUS-08,28,2.574,5.26,13.55,29.26,28.29,27.4,87.64,1008.85,6495.0,0.566,55.8,DEGRADED,OK,DUST,v1.9,DUST,0.7552,0.0756,0.0653,0.7552,0.0835,0.0205,CONNECTED,WARNING,2.3,9,0.8571,v1.9,True,SUCCESS,LORA,FAIR,11.48
REC-04829,2026-09-12T11:41:20Z,SITE-E,ESP32-E01,PV-E01,SITE-E-DUS-08,29,2.54,4.59,11.65,29.11,28.18,27.41,87.75,1008.87,6784.0,0.459,48.1,DEGRADED,OK,DUST,v1.9,DUST,0.4677,0.2092,0.1081,0.4677,0.1725,0.0426,CONNECTED,INFO,2.29,9,0.8571,v1.9,True,SUCCESS,LORA,FAIR,11.48
REC-04830,2026-09-12T11:41:25Z,SITE-E,ESP32-E01,PV-E01,SITE-E-DUS-08,30,2.538,5.67,14.38,29.2,28.24,27.4,88.18,1008.78,6312.0,0.497,59.3,DEGRADED,OK,DUST,v1.9,DUST,0.5879,0.1643,0.0942,0.5879,0.1197,0.0339,CONNECTED,INFO,4.3,9,0.8571,v1.9,True,SUCCESS,LORA,FAIR,11.48
REC-04831,2026-09-12T11:41:30Z,SITE-E,ESP32-E01,PV-E01,SITE-E-DUS-08,31,2.566,5.13,13.17,29.24,28.25,27.41,88.16,1008.83,6436.0,0.624,54.4,DEGRADED,OK,DUST,v1.9,DUST,0.8519,0.0407,0.0433,0.8519,0.0515,0.0125,CONNECTED,WARNING,3.3,9,0.8571,v1.9,True,SUCCESS,LORA,FAIR,11.48
REC-04832,2026-09-12T11:41:35Z,SITE-E,ESP32-E01,PV-E01,SITE-E-DUS-08,32,2.544,5.05,12.85,29.25,28.32,27.42,87.95,1008.89,6426.0,0.528,53.0,DEGRADED,OK,DUST,v1.9,DUST,0.6676,0.1139,0.0816,0.6676,0.1085,0.0284,CONNECTED,WARNING,4.38,9,0.8571,v1.9,True,SUCCESS,LORA,FAIR,11.48
REC-04833,2026-09-12T11:41:40Z,SITE-E,ESP32-E01,PV-E01,SITE-E-DUS-08,33,2.547,5.23,13.33,29.39,28.21,27.41,88.1,1008.81,6397.0,0.527,54.9,DEGRADED,OK,DUST,v1.9,DUST,0.6633,0.1166,0.0845,0.6633,0.1075,0.0282,CONNECTED,WARNING,3.3,9,0.8571,v1.9,True,SUCCESS,LORA,FAIR,11.48
REC-04834,2026-09-12T11:41:45Z,SITE-E,ESP32-E01,PV-E01,SITE-E-DUS-08,34,2.561,4.97,12.73,29.33,28.52,27.4,87.84,1008.81,6437.0,0.446,52.4,DEGRADED,OK,DUST,v1.9,DUST,0.4378,0.2254,0.1177,0.4378,0.1752,0.044,CONNECTED,INFO,4.44,9,0.8571,v1.9,True,SUCCESS,LORA,FAIR,11.48
REC-04835,2026-09-12T11:41:50Z,SITE-E,ESP32-E01,PV-E01,SITE-E-DUS-08,35,2.537,5.15,13.08,29.19,28.18,27.39,88.73,1008.76,6412.0,0.467,53.5,DEGRADED,OK,DUST,v1.9,DUST,0.4972,0.2056,0.1076,0.4972,0.1493,0.0403,CONNECTED,INFO,4.08,9,0.8571,v1.9,True,SUCCESS,LORA,FAIR,11.48
REC-04836,2026-09-12T11:41:55Z,SITE-E,ESP32-E01,PV-E01,SITE-E-DUS-08,36,2.549,4.86,12.38,29.2,28.33,27.39,88.09,1008.83,6894.0,0.432,50.6,DEGRADED,LOST_IN_TRANSIT,DUST,v1.9,DUST,0.3946,0.251,0.1186,0.3946,0.189,0.0467,CONNECTED,INFO,4.17,9,0.8571,v1.9,True,SUCCESS,LORA,FAIR,11.48
REC-04837,2026-09-12T11:42:00Z,SITE-E,ESP32-E01,PV-E01,SITE-E-DUS-08,37,2.568,5.28,13.57,29.29,28.33,27.39,87.82,1008.85,6620.0,0.593,55.3,DEGRADED,OK,DUST,v1.9,DUST,0.8089,0.0541,0.0545,0.8089,0.066,0.0165,CONNECTED,WARNING,2.24,9,0.8571,v1.9,True,SUCCESS,LORA,FAIR,11.48
REC-04838,2026-09-12T11:42:05Z,SITE-E,ESP32-E01,PV-E01,SITE-E-DUS-08,38,2.555,5.19,13.25,29.33,28.35,27.39,88.26,1008.85,6458.0,0.399,53.8,DEGRADED,OK,DUST,v1.9,NORMAL,0.3161,0.3161,0.126,0.3132,0.1945,0.0502,CONNECTED,NONE,3.21,9,0.8571,v1.9,True,SUCCESS,LORA,FAIR,11.48
REC-04839,2026-09-12T11:42:10Z,SITE-E,ESP32-E01,PV-E01,SITE-E-DUS-08,39,2.558,5.3,13.55,29.39,28.26,27.4,88.37,1008.8,6733.0,0.547,54.8,DEGRADED,OK,DUST,v1.9,DUST,0.7128,0.0922,0.0751,0.7128,0.0959,0.0241,CONNECTED,WARNING,3.16,9,0.8571,v1.9,True,SUCCESS,LORA,FAIR,11.48
REC-04840,2026-09-12T11:42:15Z,SITE-E,ESP32-E01,PV-E01,SITE-E-DUS-08,40,2.568,5.69,14.62,29.46,28.33,27.4,87.77,1008.83,6632.0,0.527,58.8,DEGRADED,OK,DUST,v1.9,DUST,0.6656,0.1158,0.0848,0.6656,0.1066,0.0271,CONNECTED,WARNING,2.46,9,0.8571,v1.9,True,SUCCESS,LORA,FAIR,11.48
REC-04841,2026-09-12T11:42:20Z,SITE-E,ESP32-E01,PV-E01,SITE-E-DUS-08,41,2.553,5.01,12.79,29.46,28.27,27.41,87.57,1008.84,6569.0,0.396,51.7,DEGRADED,OK,DUST,v1.9,NORMAL,0.3156,0.3156,0.1274,0.3031,0.2032,0.0507,CONNECTED,NONE,3.43,9,0.8571,v1.9,True,SUCCESS,LORA,FAIR,11.48
REC-04842,2026-09-12T11:42:25Z,SITE-E,ESP32-E01,PV-E01,SITE-E-DUS-08,42,2.556,5.21,13.31,29.3,28.47,27.41,87.63,1008.83,6538.0,0.561,53.7,DEGRADED,OK,DUST,v1.9,DUST,0.7483,0.0776,0.0673,0.7483,0.0849,0.0219,CONNECTED,WARNING,3.74,9,0.8571,v1.9,True,SUCCESS,LORA,FAIR,11.48
REC-04843,2026-09-12T11:42:30Z,SITE-E,ESP32-E01,PV-E01,SITE-E-DUS-08,43,2.582,4.71,12.15,29.4,28.27,27.41,87.8,1008.8,6525.0,0.477,49.1,DEGRADED,OK,DUST,v1.9,DUST,0.5156,0.175,0.1076,0.5156,0.1647,0.0372,CONNECTED,INFO,4.53,9,0.8571,v1.9,True,SUCCESS,LORA,FAIR,11.48
REC-04844,2026-09-12T11:42:35Z,SITE-E,ESP32-E01,PV-E01,SITE-E-DUS-08,44,2.573,5.39,13.85,29.35,28.3,27.42,87.98,1008.83,6382.0,0.413,55.9,DEGRADED,OK,DUST,v1.9,DUST,0.3369,0.3003,0.1233,0.3369,0.1921,0.0474,CONNECTED,INFO,4.35,9,0.8571,v1.9,True,SUCCESS,LORA,FAIR,11.48
REC-04845,2026-09-12T11:42:40Z,SITE-E,ESP32-E01,PV-E01,SITE-E-DUS-08,45,2.55,5.23,13.32,29.23,28.25,27.4,87.51,1008.81,6306.0,0.514,53.8,DEGRADED,OK,DUST,v1.9,DUST,0.6314,0.134,0.0883,0.6314,0.1156,0.0306,CONNECTED,WARNING,4.49,9,0.8571,v1.9,True,SUCCESS,LORA,FAIR,11.48
REC-04846,2026-09-12T11:42:45Z,SITE-E,ESP32-E01,PV-E01,SITE-E-DUS-08,46,2.558,5.23,13.38,29.16,28.23,27.41,87.87,1008.77,6602.0,0.443,54.2,DEGRADED,OK,DUST,v1.9,DUST,0.4226,0.2467,0.1128,0.4226,0.1741,0.0437,CONNECTED,INFO,3.05,9,0.8571,v1.9,True,SUCCESS,LORA,FAIR,11.48
REC-04847,2026-09-12T11:42:50Z,SITE-E,ESP32-E01,PV-E01,SITE-E-DUS-08,47,2.577,5.14,13.24,29.31,28.18,27.41,87.94,1008.85,6497.0,0.48,53.8,DEGRADED,OK,DUST,v1.9,DUST,0.5264,0.1808,0.1038,0.5264,0.1528,0.0362,CONNECTED,INFO,2.56,9,0.8571,v1.9,True,SUCCESS,LORA,FAIR,11.48
REC-04848,2026-09-12T11:42:55Z,SITE-E,ESP32-E01,PV-E01,SITE-E-DUS-08,48,2.557,5.03,12.86,29.18,28.35,27.4,88.1,1008.83,6659.0,0.462,52.2,DEGRADED,OK,DUST,v1.9,DUST,0.4817,0.2053,0.1084,0.4817,0.1637,0.0409,CONNECTED,INFO,2.87,9,0.8571,v1.9,True,SUCCESS,LORA,FAIR,11.48
REC-04849,2026-09-12T11:43:00Z,SITE-E,ESP32-E01,PV-E01,SITE-E-DUS-08,49,2.544,5.98,15.22,29.24,28.25,27.4,88.18,1008.85,6412.0,0.44,61.6,DEGRADED,OK,DUST,v1.9,DUST,0.4198,0.2669,0.1145,0.4198,0.155,0.0438,CONNECTED,INFO,4.36,9,0.8571,v1.9,True,SUCCESS,LORA,FAIR,11.48
REC-04850,2026-09-12T11:43:05Z,SITE-E,ESP32-E01,PV-E01,SITE-E-DUS-08,50,2.554,5.23,13.37,29.26,28.25,27.41,88.12,1008.81,6371.0,0.421,54.2,DEGRADED,OK,DUST,v1.9,DUST,0.3608,0.287,0.121,0.3608,0.1838,0.0474,CONNECTED,INFO,4.7,9,0.8571,v1.9,True,SUCCESS,LORA,FAIR,11.48
REC-04851,2026-09-12T11:43:10Z,SITE-E,ESP32-E01,PV-E01,SITE-E-DUS-08,51,2.549,5.32,13.57,29.33,28.23,27.4,88.54,1008.85,6646.0,0.54,55.1,DEGRADED,OK,DUST,v1.9,DUST,0.6975,0.1011,0.0775,0.6975,0.0984,0.0256,CONNECTED,WARNING,4.55,9,0.8571,v1.9,True,SUCCESS,LORA,FAIR,11.48
REC-04852,2026-09-12T11:43:15Z,SITE-E,ESP32-E01,PV-E01,SITE-E-DUS-08,52,2.573,4.83,12.42,29.42,28.34,27.4,88.33,1008.86,6472.0,0.512,50.5,DEGRADED,OK,DUST,v1.9,DUST,0.6201,0.1268,0.093,0.6201,0.1294,0.0307,CONNECTED,WARNING,2.65,9,0.8571,v1.9,True,SUCCESS,LORA,FAIR,11.48
REC-04853,2026-09-12T11:43:20Z,SITE-E,ESP32-E01,PV-E01,SITE-E-DUS-08,53,2.57,5.44,13.98,29.32,28.31,27.41,88.07,1008.88,6626.0,0.508,57.1,DEGRADED,OK,DUST,v1.9,DUST,0.6125,0.1402,0.0912,0.6125,0.1252,0.031,CONNECTED,WARNING,4.23,9,0.8571,v1.9,True,SUCCESS,LORA,FAIR,11.48
REC-04854,2026-09-12T11:43:25Z,SITE-E,ESP32-E01,PV-E01,SITE-E-DUS-08,54,2.563,5.15,13.21,29.27,28.31,27.41,87.71,1008.85,6498.0,0.471,53.9,DEGRADED,OK,DUST,v1.9,DUST,0.5058,0.1936,0.1064,0.5058,0.1556,0.0387,CONNECTED,INFO,2.24,9,0.8571,v1.9,True,SUCCESS,LORA,FAIR,11.48
REC-04855,2026-09-12T11:43:30Z,SITE-E,ESP32-E01,PV-E01,SITE-E-DUS-08,55,2.543,5.33,13.56,29.14,28.23,27.4,87.8,1008.84,6781.0,0.496,55.3,DEGRADED,SPIKE_IRRADIANCE,DUST,v1.9,DUST,0.582,0.1593,0.0936,0.582,0.1308,0.0343,CONNECTED,INFO,2.7,9,0.8571,v1.9,True,SUCCESS,LORA,FAIR,11.48
REC-04856,2026-09-12T11:43:35Z,SITE-E,ESP32-E01,PV-E01,SITE-E-DUS-08,56,2.572,5.45,14.01,29.33,28.31,27.4,87.57,1008.79,6637.0,0.448,56.9,DEGRADED,OK,DUST,v1.9,DUST,0.4386,0.2337,0.1152,0.4386,0.1705,0.042,CONNECTED,INFO,2.4,9,0.8571,v1.9,True,SUCCESS,LORA,FAIR,11.48
REC-04857,2026-09-12T11:43:40Z,SITE-E,ESP32-E01,PV-E01,SITE-E-DUS-08,57,2.541,5.17,13.13,29.27,28.21,27.39,88.05,1008.83,6562.0,0.447,53.6,DEGRADED,OK,DUST,v1.9,DUST,0.4377,0.2364,0.1158,0.4377,0.1662,0.0439,CONNECTED,INFO,2.76,9,0.8571,v1.9,True,SUCCESS,LORA,FAIR,11.48
REC-04858,2026-09-12T11:43:45Z,SITE-E,ESP32-E01,PV-E01,SITE-E-DUS-08,58,2.571,4.97,12.77,29.23,28.27,27.38,88.1,1008.79,6620.0,0.595,52.1,DEGRADED,OK,DUST,v1.9,DUST,0.8105,0.0521,0.0539,0.8105,0.0673,0.0162,CONNECTED,WARNING,2.58,9,0.8571,v1.9,True,SUCCESS,LORA,FAIR,11.48
REC-04859,2026-09-12T11:43:50Z,SITE-E,ESP32-E01,PV-E01,SITE-E-DUS-08,59,2.568,4.48,11.52,29.36,28.25,27.37,88.27,1008.81,6482.0,0.546,46.8,DEGRADED,OK,DUST,v1.9,DUST,0.7066,0.0873,0.078,0.7066,0.1037,0.0244,CONNECTED,WARNING,2.14,9,0.8571,v1.9,True,SUCCESS,LORA,FAIR,11.48
REC-04860,2026-09-12T11:43:55Z,SITE-E,ESP32-E01,PV-E01,SITE-E-DUS-08,60,2.572,5.04,12.97,29.15,28.1,27.37,88.08,1008.89,6254.0,0.459,52.9,DEGRADED,OK,DUST,v1.9,DUST,0.4683,0.2182,0.1113,0.4683,0.1622,0.04,CONNECTED,INFO,2.31,9,0.8571,v1.9,True,SUCCESS,LORA,FAIR,11.48
REC-04861,2026-09-13T01:02:00Z,SITE-D,ESP32-D01,PV-D01,SITE-D-DUS-12,1,2.459,0.87,2.15,23.03,22.5,22.3,98.99,1009.33,782.0,0.498,60.8,DEGRADED,CURRENT_SIGN_REVERSED,DUST,v1.11,DUST,0.6348,0.0289,0.3245,0.6348,0.0023,0.0095,CONNECTED,WARNING,4.56,11,0.8571,v1.11,True,SUCCESS,LTE,GOOD,0.4
REC-04862,2026-09-13T01:02:05Z,SITE-D,ESP32-D01,PV-D01,SITE-D-DUS-12,2,2.461,0.7,1.73,22.71,22.58,22.3,99.48,1009.34,978.0,0.528,49.4,DEGRADED,CURRENT_SIGN_REVERSED,DUST,v1.11,DUST,0.7043,0.0233,0.2631,0.7043,0.0019,0.0074,CONNECTED,WARNING,2.81,11,0.8571,v1.11,True,SUCCESS,LTE,GOOD,0.4
REC-04863,2026-09-13T01:02:10Z,SITE-D,ESP32-D01,PV-D01,SITE-D-DUS-12,3,2.472,1.34,3.31,22.88,22.42,22.31,98.58,1009.31,753.0,0.521,94.4,GOOD,CURRENT_SIGN_REVERSED,DUST,v1.11,DUST,0.6885,0.0257,0.2764,0.6885,0.0019,0.0074,CONNECTED,WARNING,2.47,11,0.8571,v1.11,True,SUCCESS,LTE,GOOD,0.4
REC-04864,2026-09-13T01:02:15Z,SITE-D,ESP32-D01,PV-D01,SITE-D-DUS-12,4,2.459,1.03,2.53,22.88,22.51,22.3,99.2,1009.24,802.0,0.64,72.3,DEGRADED,CURRENT_SIGN_REVERSED,DUST,v1.11,DUST,0.8897,0.0061,0.1015,0.8897,0.0006,0.0021,CONNECTED,WARNING,4.0,11,0.8571,v1.11,True,SUCCESS,LTE,GOOD,0.4
REC-04865,2026-09-13T01:02:20Z,SITE-D,ESP32-D01,PV-D01,SITE-D-DUS-12,5,2.467,1.38,3.41,22.88,22.56,22.31,98.73,1009.27,990.0,0.633,97.1,GOOD,CURRENT_SIGN_REVERSED,DUST,v1.11,DUST,0.8837,0.0068,0.1066,0.8837,0.0007,0.0022,CONNECTED,WARNING,4.48,11,0.8571,v1.11,True,SUCCESS,LTE,GOOD,0.4
REC-04866,2026-09-13T01:02:25Z,SITE-D,ESP32-D01,PV-D01,SITE-D-DUS-12,6,2.474,1.25,3.09,22.76,22.66,22.3,98.81,1009.31,1058.0,0.648,87.4,GOOD,CURRENT_SIGN_REVERSED,DUST,v1.11,DUST,0.9034,0.0055,0.0888,0.9034,0.0006,0.0018,CONNECTED,WARNING,2.61,11,0.8571,v1.11,True,SUCCESS,LTE,GOOD,0.4
REC-04867,2026-09-13T01:02:30Z,SITE-D,ESP32-D01,PV-D01,SITE-D-DUS-12,7,2.469,1.25,3.09,22.78,22.62,22.31,99.27,1009.32,1022.0,0.525,87.3,GOOD,CURRENT_SIGN_REVERSED,DUST,v1.11,DUST,0.6994,0.0247,0.2666,0.6994,0.0019,0.0074,CONNECTED,WARNING,2.78,11,0.8571,v1.11,True,SUCCESS,LTE,GOOD,0.4
REC-04868,2026-09-13T01:02:35Z,SITE-D,ESP32-D01,PV-D01,SITE-D-DUS-12,8,2.454,0.71,1.73,22.95,22.54,22.29,98.93,1009.29,804.0,0.653,48.9,DEGRADED,CURRENT_SIGN_REVERSED,DUST,v1.11,DUST,0.9013,0.0049,0.0914,0.9013,0.0005,0.0018,CONNECTED,WARNING,3.29,11,0.8571,v1.11,True,SUCCESS,LTE,GOOD,0.4
REC-04869,2026-09-13T01:02:40Z,SITE-D,ESP32-D01,PV-D01,SITE-D-DUS-12,9,2.446,1.22,2.99,22.98,22.44,22.31,99.78,1009.3,683.0,0.524,85.1,GOOD,CURRENT_SIGN_REVERSED,DUST,v1.11,DUST,0.6841,0.0241,0.2821,0.6841,0.0018,0.0079,CONNECTED,WARNING,3.54,11,0.8571,v1.11,True,SUCCESS,LTE,GOOD,0.4
REC-04870,2026-09-13T01:02:45Z,SITE-D,ESP32-D01,PV-D01,SITE-D-DUS-12,10,2.472,1.47,3.64,22.83,22.62,22.3,99.16,1009.26,965.0,0.527,100.0,GOOD,CURRENT_SIGN_REVERSED,DUST,v1.11,DUST,0.7003,0.0244,0.2664,0.7003,0.0018,0.0072,CONNECTED,WARNING,3.78,11,0.8571,v1.11,True,SUCCESS,LTE,GOOD,0.4
REC-04871,2026-09-13T01:02:50Z,SITE-D,ESP32-D01,PV-D01,SITE-D-DUS-12,11,2.463,0.63,1.56,22.79,22.49,22.31,98.79,1009.35,683.0,0.53,44.1,DEGRADED,CURRENT_SIGN_REVERSED,DUST,v1.11,DUST,0.7056,0.0228,0.2626,0.7056,0.0019,0.0072,CONNECTED,WARNING,3.09,11,0.8571,v1.11,True,SUCCESS,LTE,GOOD,0.4
REC-04872,2026-09-13T01:02:55Z,SITE-D,ESP32-D01,PV-D01,SITE-D-DUS-12,12,2.452,0.98,2.4,22.75,22.57,22.32,99.16,1009.29,1110.0,0.532,67.9,DEGRADED,CURRENT_SIGN_REVERSED,DUST,v1.11,DUST,0.7105,0.023,0.2574,0.7105,0.0018,0.0073,CONNECTED,WARNING,4.33,11,0.8571,v1.11,True,SUCCESS,LTE,GOOD,0.4
REC-04873,2026-09-13T01:03:00Z,SITE-D,ESP32-D01,PV-D01,SITE-D-DUS-12,13,2.442,1.18,2.87,22.96,22.52,22.3,98.93,1009.32,803.0,0.566,81.7,GOOD,CURRENT_SIGN_REVERSED,DUST,v1.11,DUST,0.7711,0.0154,0.2071,0.7711,0.0012,0.0052,CONNECTED,WARNING,3.61,11,0.8571,v1.11,True,SUCCESS,LTE,GOOD,0.4
REC-04874,2026-09-13T01:03:05Z,SITE-D,ESP32-D01,PV-D01,SITE-D-DUS-12,14,2.463,1.1,2.71,22.95,22.68,22.31,99.25,1009.34,1306.0,0.522,76.6,GOOD,CURRENT_SIGN_REVERSED,DUST,v1.11,DUST,0.6859,0.024,0.2802,0.6859,0.002,0.0078,CONNECTED,WARNING,3.99,11,0.8571,v1.11,True,SUCCESS,LTE,GOOD,0.4
REC-04875,2026-09-13T01:03:10Z,SITE-D,ESP32-D01,PV-D01,SITE-D-DUS-12,15,2.449,1.51,3.71,22.65,22.47,22.31,98.91,1009.27,831.0,0.586,100.0,GOOD,CURRENT_SIGN_REVERSED,DUST,v1.11,DUST,0.8179,0.0134,0.1637,0.8179,0.0011,0.004,CONNECTED,WARNING,3.8,11,0.8571,v1.11,True,SUCCESS,LTE,GOOD,0.4
REC-04876,2026-09-13T01:03:15Z,SITE-D,ESP32-D01,PV-D01,SITE-D-DUS-12,16,2.476,1.29,3.2,22.67,22.59,22.3,99.12,1009.3,1045.0,0.415,89.9,GOOD,CURRENT_SIGN_REVERSED,DUST,v1.11,DUST,0.4866,0.0612,0.4315,0.4866,0.0038,0.0169,CONNECTED,INFO,4.04,11,0.8571,v1.11,True,SUCCESS,LTE,GOOD,0.4
REC-04877,2026-09-13T01:03:20Z,SITE-D,ESP32-D01,PV-D01,SITE-D-DUS-12,17,2.454,1.21,2.96,22.86,22.49,22.3,99.06,1009.31,868.0,0.586,83.0,GOOD,CURRENT_SIGN_REVERSED,DUST,v1.11,DUST,0.8121,0.0125,0.1702,0.8121,0.0011,0.004,CONNECTED,WARNING,3.74,11,0.8571,v1.11,True,SUCCESS,LTE,GOOD,0.4
REC-04878,2026-09-13T01:03:25Z,SITE-D,ESP32-D01,PV-D01,SITE-D-DUS-12,18,2.469,1.33,3.27,22.88,22.56,22.31,99.02,1009.29,954.0,0.507,91.7,GOOD,CURRENT_SIGN_REVERSED,DUST,v1.11,DUST,0.6627,0.0287,0.298,0.6627,0.0021,0.0086,CONNECTED,WARNING,3.64,11,0.8571,v1.11,True,SUCCESS,LTE,GOOD,0.4
REC-04879,2026-09-13T01:03:30Z,SITE-D,ESP32-D01,PV-D01,SITE-D-DUS-12,19,2.458,1.32,3.24,22.82,22.64,22.3,99.31,1009.33,1009.0,0.532,90.4,GOOD,CURRENT_SIGN_REVERSED,DUST,v1.11,DUST,0.7071,0.0229,0.2611,0.7071,0.0017,0.0072,CONNECTED,WARNING,3.96,11,0.8571,v1.11,True,SUCCESS,LTE,GOOD,0.4
REC-04880,2026-09-13T01:03:35Z,SITE-D,ESP32-D01,PV-D01,SITE-D-DUS-12,20,2.456,1.09,2.68,22.86,22.35,22.3,98.46,1009.28,1107.0,0.533,75.3,GOOD,CURRENT_SIGN_REVERSED,DUST,v1.11,DUST,0.7075,0.0225,0.2612,0.7075,0.0018,0.007,CONNECTED,WARNING,3.48,11,0.8571,v1.11,True,SUCCESS,LTE,GOOD,0.4
REC-04881,2026-09-13T01:03:40Z,SITE-D,ESP32-D01,PV-D01,SITE-D-DUS-12,21,2.473,0.96,2.38,22.82,22.49,22.3,99.03,1009.3,1124.0,0.629,67.2,DEGRADED,CURRENT_SIGN_REVERSED,DUST,v1.11,DUST,0.8805,0.007,0.1095,0.8805,0.0007,0.0022,CONNECTED,WARNING,3.28,11,0.8571,v1.11,True,SUCCESS,LTE,GOOD,0.4
REC-04882,2026-09-13T01:03:45Z,SITE-D,ESP32-D01,PV-D01,SITE-D-DUS-12,22,2.457,1.37,3.36,22.84,22.41,22.31,98.79,1009.29,1076.0,0.602,95.4,GOOD,CURRENT_SIGN_REVERSED,DUST,v1.11,DUST,0.84,0.0105,0.1452,0.84,0.0009,0.0033,CONNECTED,WARNING,3.03,11,0.8571,v1.11,True,SUCCESS,LTE,GOOD,0.4
REC-04883,2026-09-13T01:03:50Z,SITE-D,ESP32-D01,PV-D01,SITE-D-DUS-12,23,2.435,0.85,2.07,22.75,22.51,22.33,98.6,1009.37,1120.0,0.562,58.8,DEGRADED,CURRENT_SIGN_REVERSED,DUST,v1.11,DUST,0.7722,0.0165,0.2043,0.7722,0.0014,0.0056,CONNECTED,WARNING,3.33,11,0.8571,v1.11,True,SUCCESS,LTE,GOOD,0.4
REC-04884,2026-09-13T01:03:55Z,SITE-D,ESP32-D01,PV-D01,SITE-D-DUS-12,24,2.436,1.05,2.55,22.82,22.53,22.33,98.75,1009.28,871.0,0.529,72.8,DEGRADED,CURRENT_SIGN_REVERSED,DUST,v1.11,DUST,0.7002,0.0235,0.2667,0.7002,0.0018,0.0078,CONNECTED,WARNING,2.62,11,0.8571,v1.11,True,SUCCESS,LTE,GOOD,0.4
REC-04885,2026-09-13T01:04:00Z,SITE-D,ESP32-D01,PV-D01,SITE-D-DUS-12,25,2.436,0.72,1.76,22.77,22.43,22.33,98.81,1009.32,1062.0,0.619,50.2,DEGRADED,CURRENT_SIGN_REVERSED,DUST,v1.11,DUST,0.8654,0.0081,0.1227,0.8654,0.0008,0.0029,CONNECTED,WARNING,3.15,11,0.8571,v1.11,True,SUCCESS,LTE,GOOD,0.4
REC-04886,2026-09-13T01:04:05Z,SITE-D,ESP32-D01,PV-D01,SITE-D-DUS-12,26,2.449,1.28,3.15,22.76,22.43,22.32,98.93,1009.35,912.0,0.68,89.6,GOOD,CURRENT_SIGN_REVERSED,DUST,v1.11,DUST,0.9285,0.0037,0.066,0.9285,0.0004,0.0013,CONNECTED,WARNING,3.33,11,0.8571,v1.11,True,SUCCESS,LTE,GOOD,0.4
REC-04887,2026-09-13T01:04:10Z,SITE-D,ESP32-D01,PV-D01,SITE-D-DUS-12,27,2.438,1.44,3.51,22.67,22.48,22.33,99.1,1009.27,1111.0,0.57,100.0,GOOD,CURRENT_SIGN_REVERSED,DUST,v1.11,DUST,0.7894,0.0161,0.1882,0.7894,0.0013,0.005,CONNECTED,WARNING,3.48,11,0.8571,v1.11,True,SUCCESS,LTE,GOOD,0.4
REC-04888,2026-09-13T01:04:15Z,SITE-D,ESP32-D01,PV-D01,SITE-D-DUS-12,28,2.453,0.78,1.92,22.79,22.35,22.33,99.16,1009.3,977.0,0.476,54.8,DEGRADED,CURRENT_SIGN_REVERSED,DUST,v1.11,DUST,0.6057,0.037,0.343,0.6057,0.0028,0.0115,CONNECTED,WARNING,4.19,11,0.8571,v1.11,True,SUCCESS,LTE,GOOD,0.4
REC-04889,2026-09-13T01:04:20Z,SITE-D,ESP32-D01,PV-D01,SITE-D-DUS-12,29,2.473,1.01,2.49,22.87,22.48,22.34,98.88,1009.27,1049.0,0.53,71.5,DEGRADED,CURRENT_SIGN_REVERSED,DUST,v1.11,DUST,0.7085,0.0235,0.2592,0.7085,0.0019,0.007,CONNECTED,WARNING,2.55,11,0.8571,v1.11,True,SUCCESS,LTE,GOOD,0.4
REC-04890,2026-09-13T01:04:25Z,SITE-D,ESP32-D01,PV-D01,SITE-D-DUS-12,30,2.47,0.91,2.24,22.78,22.39,22.34,99.48,1009.24,1000.0,0.605,64.3,DEGRADED,CURRENT_SIGN_REVERSED,DUST,v1.11,DUST,0.8516,0.0099,0.1345,0.8516,0.001,0.003,CONNECTED,WARNING,3.52,11,0.8571,v1.11,True,SUCCESS,LTE,GOOD,0.4
REC-04891,2026-09-13T01:04:30Z,SITE-D,ESP32-D01,PV-D01,SITE-D-DUS-12,31,2.44,1.38,3.37,22.77,22.51,22.36,98.89,1009.28,1069.0,0.545,96.9,GOOD,CURRENT_SIGN_REVERSED,DUST,v1.11,DUST,0.7414,0.0209,0.2296,0.7414,0.0016,0.0065,CONNECTED,WARNING,4.5,11,0.8571,v1.11,True,SUCCESS,LTE,GOOD,0.4
REC-04892,2026-09-13T01:04:35Z,SITE-D,ESP32-D01,PV-D01,SITE-D-DUS-12,32,2.473,1.47,3.65,22.89,22.34,22.34,98.42,1009.28,834.0,0.52,100.0,GOOD,CURRENT_SIGN_REVERSED,DUST,v1.11,DUST,0.6893,0.0268,0.2744,0.6893,0.002,0.0074,CONNECTED,WARNING,4.44,11,0.8571,v1.11,True,SUCCESS,LTE,GOOD,0.4
REC-04893,2026-09-13T01:04:40Z,SITE-D,ESP32-D01,PV-D01,SITE-D-DUS-12,33,2.475,0.91,2.24,22.87,22.39,22.34,98.9,1009.28,721.0,0.518,64.4,DEGRADED,CURRENT_SIGN_REVERSED,DUST,v1.11,DUST,0.6874,0.0262,0.2767,0.6874,0.0021,0.0076,CONNECTED,WARNING,4.79,11,0.8571,v1.11,True,SUCCESS,LTE,GOOD,0.4
REC-04894,2026-09-13T01:04:45Z,SITE-D,ESP32-D01,PV-D01,SITE-D-DUS-12,34,2.46,0.13,0.33,22.92,22.37,22.34,99.01,1009.29,1110.0,0.577,9.3,POOR,CURRENT_SIGN_REVERSED,DUST,v1.11,DUST,0.7966,0.0132,0.1844,0.7966,0.0014,0.0045,CONNECTED,WARNING,4.64,11,0.8571,v1.11,True,SUCCESS,LTE,GOOD,0.4
REC-04895,2026-09-13T01:04:50Z,SITE-D,ESP32-D01,PV-D01,SITE-D-DUS-12,35,2.465,1.4,3.46,22.95,22.4,22.34,98.02,1009.3,1163.0,0.48,98.8,GOOD,CURRENT_SIGN_REVERSED,DUST,v1.11,DUST,0.6109,0.0365,0.3393,0.6109,0.0027,0.0107,CONNECTED,WARNING,2.69,11,0.8571,v1.11,True,SUCCESS,LTE,GOOD,0.4
REC-04896,2026-09-13T01:04:55Z,SITE-D,ESP32-D01,PV-D01,SITE-D-DUS-12,36,2.465,1.08,2.67,22.77,22.52,22.34,99.36,1009.26,949.0,0.57,75.7,GOOD,CURRENT_SIGN_REVERSED,DUST,v1.11,DUST,0.7935,0.0154,0.1852,0.7935,0.0013,0.0046,CONNECTED,WARNING,4.44,11,0.8571,v1.11,True,SUCCESS,LTE,GOOD,0.4
REC-04897,2026-09-13T01:05:00Z,SITE-D,ESP32-D01,PV-D01,SITE-D-DUS-12,37,2.438,1.09,2.66,22.67,22.48,22.34,98.97,1009.31,1089.0,0.577,75.3,GOOD,CURRENT_SIGN_REVERSED,DUST,v1.11,DUST,0.8035,0.0145,0.1761,0.8035,0.0012,0.0047,CONNECTED,WARNING,3.95,11,0.8571,v1.11,True,SUCCESS,LTE,GOOD,0.4
REC-04898,2026-09-13T01:05:05Z,SITE-D,ESP32-D01,PV-D01,SITE-D-DUS-12,38,2.469,1.35,3.34,22.73,22.38,22.35,98.65,1009.34,725.0,0.545,94.5,GOOD,CURRENT_SIGN_REVERSED,DUST,v1.11,DUST,0.7464,0.0214,0.2246,0.7464,0.0016,0.0059,CONNECTED,WARNING,4.19,11,0.8571,v1.11,True,SUCCESS,LTE,GOOD,0.4
REC-04899,2026-09-13T01:05:10Z,SITE-D,ESP32-D01,PV-D01,SITE-D-DUS-12,39,2.48,0.96,2.38,22.82,22.38,22.35,98.71,1009.34,879.0,0.509,67.0,DEGRADED,CURRENT_SIGN_REVERSED,DUST,v1.11,DUST,0.6758,0.0289,0.2849,0.6758,0.0023,0.0081,CONNECTED,WARNING,4.3,11,0.8571,v1.11,True,SUCCESS,LTE,GOOD,0.4
REC-04900,2026-09-13T01:05:15Z,SITE-D,ESP32-D01,PV-D01,SITE-D-DUS-12,40,2.452,0.89,2.18,22.87,22.48,22.37,99.23,1009.29,987.0,0.633,61.4,DEGRADED,CURRENT_SIGN_REVERSED,DUST,v1.11,DUST,0.8861,0.0068,0.1041,0.8861,0.0007,0.0023,CONNECTED,WARNING,2.31,11,0.8571,v1.11,True,SUCCESS,LTE,GOOD,0.4
REC-04901,2026-09-13T01:05:20Z,SITE-D,ESP32-D01,PV-D01,SITE-D-DUS-12,41,2.458,0.97,2.39,22.65,22.29,22.34,99.27,1009.33,712.0,0.492,67.3,DEGRADED,CURRENT_SIGN_REVERSED,DUST,v1.11,DUST,0.6454,0.0344,0.3079,0.6454,0.0025,0.0098,CONNECTED,WARNING,3.41,11,0.8571,v1.11,True,SUCCESS,LTE,GOOD,0.4
REC-04902,2026-09-13T01:05:25Z,SITE-D,ESP32-D01,PV-D01,SITE-D-DUS-12,42,2.445,1.23,3.01,22.77,22.41,22.36,98.81,1009.28,746.0,0.582,84.5,GOOD,CURRENT_SIGN_REVERSED,DUST,v1.11,DUST,0.8116,0.0139,0.1691,0.8116,0.0011,0.0043,CONNECTED,WARNING,2.74,11,0.8571,v1.11,True,SUCCESS,LTE,GOOD,0.4
REC-04903,2026-09-13T01:05:30Z,SITE-D,ESP32-D01,PV-D01,SITE-D-DUS-12,43,2.461,1.34,3.3,22.7,22.37,22.38,98.59,1009.29,998.0,0.616,92.8,GOOD,CURRENT_SIGN_REVERSED,DUST,v1.11,DUST,0.8699,0.0092,0.1174,0.8699,0.0009,0.0027,CONNECTED,WARNING,3.02,11,0.8571,v1.11,True,SUCCESS,LTE,GOOD,0.4
REC-04904,2026-09-13T01:05:35Z,SITE-D,ESP32-D01,PV-D01,SITE-D-DUS-12,44,2.481,1.56,3.87,22.76,22.4,22.37,99.04,1009.31,885.0,0.582,100.0,GOOD,CURRENT_SIGN_REVERSED,DUST,v1.11,DUST,0.8198,0.0142,0.161,0.8198,0.0012,0.0038,CONNECTED,WARNING,2.77,11,0.8571,v1.11,True,SUCCESS,LTE,GOOD,0.4
REC-04905,2026-09-13T01:05:40Z,SITE-D,ESP32-D01,PV-D01,SITE-D-DUS-12,45,2.436,1.21,2.94,22.77,22.49,22.37,99.09,1009.29,924.0,0.646,82.5,GOOD,CURRENT_SIGN_REVERSED,DUST,v1.11,DUST,0.8999,0.006,0.0915,0.8999,0.0006,0.002,CONNECTED,WARNING,3.45,11,0.8571,v1.11,True,SUCCESS,LTE,GOOD,0.4
REC-04906,2026-09-13T01:05:45Z,SITE-D,ESP32-D01,PV-D01,SITE-D-DUS-12,46,2.467,1.04,2.56,22.82,22.38,22.38,99.17,1009.26,918.0,0.504,71.6,DEGRADED,CURRENT_SIGN_REVERSED,DUST,v1.11,DUST,0.6676,0.0307,0.2905,0.6676,0.0024,0.0087,CONNECTED,WARNING,4.5,11,0.8571,v1.11,True,SUCCESS,LTE,GOOD,0.4
REC-04907,2026-09-13T01:05:50Z,SITE-D,ESP32-D01,PV-D01,SITE-D-DUS-12,47,2.472,1.34,3.32,22.95,22.51,22.39,98.83,1009.32,788.0,0.524,92.9,GOOD,CURRENT_SIGN_REVERSED,DUST,v1.11,DUST,0.7003,0.0257,0.2647,0.7003,0.002,0.0073,CONNECTED,WARNING,3.75,11,0.8571,v1.11,True,SUCCESS,LTE,GOOD,0.4
REC-04908,2026-09-13T01:05:55Z,SITE-D,ESP32-D01,PV-D01,SITE-D-DUS-12,48,2.462,0.79,1.94,22.81,22.6,22.41,98.96,1009.28,944.0,0.544,54.5,DEGRADED,CURRENT_SIGN_REVERSED,DUST,v1.11,DUST,0.7464,0.0208,0.2248,0.7464,0.0018,0.0063,CONNECTED,WARNING,4.71,11,0.8571,v1.11,True,SUCCESS,LTE,GOOD,0.4
REC-04909,2026-09-13T01:06:00Z,SITE-D,ESP32-D01,PV-D01,SITE-D-DUS-12,49,2.463,1.51,3.72,22.76,22.49,22.41,99.01,1009.28,980.0,0.769,100.0,GOOD,CURRENT_SIGN_REVERSED,DUST,v1.11,DUST,0.9748,0.0011,0.0236,0.9748,0.0002,0.0004,CONNECTED,WARNING,4.38,11,0.8571,v1.11,True,SUCCESS,LTE,GOOD,0.4
REC-04910,2026-09-13T01:06:05Z,SITE-D,ESP32-D01,PV-D01,SITE-D-DUS-12,50,2.461,1.15,2.84,22.74,22.43,22.39,99.29,1009.33,897.0,0.602,78.9,GOOD,CURRENT_SIGN_REVERSED,DUST,v1.11,DUST,0.851,0.0108,0.1341,0.851,0.001,0.0032,CONNECTED,WARNING,4.56,11,0.8571,v1.11,True,SUCCESS,LTE,GOOD,0.4
REC-04911,2026-09-13T01:06:10Z,SITE-D,ESP32-D01,PV-D01,SITE-D-DUS-12,51,2.444,1.02,2.5,22.77,22.53,22.4,99.4,1009.32,908.0,0.614,69.7,DEGRADED,CURRENT_SIGN_REVERSED,DUST,v1.11,DUST,0.866,0.009,0.1212,0.866,0.0009,0.0029,CONNECTED,WARNING,3.84,11,0.8571,v1.11,True,SUCCESS,LTE,GOOD,0.4
REC-04912,2026-09-13T01:06:15Z,SITE-D,ESP32-D01,PV-D01,SITE-D-DUS-12,52,2.464,0.79,1.95,22.71,22.34,22.41,99.48,1009.31,949.0,0.611,54.6,DEGRADED,CURRENT_SIGN_REVERSED,DUST,v1.11,DUST,0.8664,0.0095,0.1204,0.8664,0.001,0.0028,CONNECTED,WARNING,2.13,11,0.8571,v1.11,True,SUCCESS,LTE,GOOD,0.4
REC-04913,2026-09-13T01:06:20Z,SITE-D,ESP32-D01,PV-D01,SITE-D-DUS-12,53,2.446,1.28,3.13,22.8,22.56,22.42,99.39,1009.26,1105.0,0.577,87.3,GOOD,CURRENT_SIGN_REVERSED,DUST,v1.11,DUST,0.8103,0.0147,0.1692,0.8103,0.0013,0.0045,CONNECTED,WARNING,4.44,11,0.8571,v1.11,True,SUCCESS,LTE,GOOD,0.4
REC-04914,2026-09-13T01:06:25Z,SITE-D,ESP32-D01,PV-D01,SITE-D-DUS-12,54,2.47,1.0,2.46,22.6,22.38,22.41,99.54,1009.27,965.0,0.635,68.8,DEGRADED,CURRENT_SIGN_REVERSED,DUST,v1.11,DUST,0.8981,0.007,0.0921,0.8981,0.0008,0.002,CONNECTED,WARNING,4.26,11,0.8571,v1.11,True,SUCCESS,LTE,GOOD,0.4
REC-04915,2026-09-13T01:06:30Z,SITE-D,ESP32-D01,PV-D01,SITE-D-DUS-12,55,2.464,1.06,2.61,22.78,22.62,22.4,99.3,1009.31,693.0,0.46,72.8,DEGRADED,CURRENT_SIGN_REVERSED,DUST,v1.11,DUST,0.5849,0.0446,0.3547,0.5849,0.0031,0.0127,CONNECTED,INFO,3.78,11,0.8571,v1.11,True,SUCCESS,LTE,GOOD,0.4
REC-04916,2026-09-13T01:06:35Z,SITE-D,ESP32-D01,PV-D01,SITE-D-DUS-12,56,2.472,0.58,1.44,22.78,22.38,22.4,98.82,1009.32,806.0,0.589,40.1,DEGRADED,CURRENT_SIGN_REVERSED,DUST,v1.11,DUST,0.8332,0.0121,0.1499,0.8332,0.0012,0.0036,CONNECTED,WARNING,4.64,11,0.8571,v1.11,True,SUCCESS,LTE,GOOD,0.4
REC-04917,2026-09-13T01:06:40Z,SITE-D,ESP32-D01,PV-D01,SITE-D-DUS-12,57,2.467,0.95,2.36,22.7,22.49,22.41,99.46,1009.31,1123.0,0.598,65.7,DEGRADED,CURRENT_SIGN_REVERSED,DUST,v1.11,DUST,0.8502,0.0111,0.1344,0.8502,0.0011,0.0033,CONNECTED,WARNING,3.54,11,0.8571,v1.11,True,SUCCESS,LTE,GOOD,0.4
REC-04918,2026-09-13T01:06:45Z,SITE-D,ESP32-D01,PV-D01,SITE-D-DUS-12,58,2.489,0.91,2.26,22.76,22.32,22.43,98.59,1009.29,878.0,0.633,63.1,DEGRADED,CURRENT_SIGN_REVERSED,DUST,v1.11,DUST,0.8963,0.0071,0.0939,0.8963,0.0008,0.0019,CONNECTED,WARNING,2.25,11,0.8571,v1.11,True,SUCCESS,LTE,GOOD,0.4
REC-04919,2026-09-13T01:06:50Z,SITE-D,ESP32-D01,PV-D01,SITE-D-DUS-12,59,2.472,1.2,2.98,22.88,22.42,22.42,99.71,1009.28,966.0,0.503,83.3,GOOD,CURRENT_SIGN_REVERSED,DUST,v1.11,DUST,0.6692,0.0317,0.288,0.6692,0.0025,0.0087,CONNECTED,WARNING,4.22,11,0.8571,v1.11,True,SUCCESS,LTE,GOOD,0.4
REC-04920,2026-09-13T01:06:55Z,SITE-D,ESP32-D01,PV-D01,SITE-D-DUS-12,60,2.457,1.0,2.45,22.9,22.37,22.41,98.71,1009.31,1265.0,0.507,68.7,DEGRADED,CURRENT_SIGN_REVERSED,DUST,v1.11,DUST,0.6717,0.0297,0.2873,0.6717,0.0024,0.0088,CONNECTED,WARNING,3.78,11,0.8571,v1.11,True,SUCCESS,LTE,GOOD,0.4
REC-04921,2026-09-13T01:15:00Z,SITE-B,ESP32-B01,PV-B01,SITE-B-DUS-02,1,2.611,4.97,12.99,25.26,24.63,23.57,96.98,1009.55,4383.0,1.004,76.6,GOOD,DUST_BASELINE_DRIFT,DUST,v1.11,DUST,0.9978,0.0001,0.0021,0.9978,0.0,0.0,CONNECTED,WARNING,3.14,11,0.8571,v1.11,True,SUCCESS,WIFI,GOOD,0.12
REC-04922,2026-09-13T01:15:05Z,SITE-B,ESP32-B01,PV-B01,SITE-B-DUS-02,2,2.63,4.66,12.25,25.26,24.65,23.55,96.64,1009.59,4566.0,1.091,72.3,DEGRADED,DUST_BASELINE_DRIFT,DUST,v1.11,DUST,0.999,0.0,0.001,0.999,0.0,0.0,CONNECTED,WARNING,4.66,11,0.8571,v1.11,True,SUCCESS,WIFI,GOOD,0.12
REC-04923,2026-09-13T01:15:10Z,SITE-B,ESP32-B01,PV-B01,SITE-B-DUS-02,3,2.613,5.11,13.36,25.32,24.71,23.56,96.27,1009.47,4474.0,1.092,78.7,GOOD,DUST_BASELINE_DRIFT,DUST,v1.11,DUST,0.999,0.0,0.001,0.999,0.0,0.0,CONNECTED,WARNING,3.06,11,0.8571,v1.11,True,SUCCESS,WIFI,GOOD,0.12
REC-04924,2026-09-13T01:15:15Z,SITE-B,ESP32-B01,PV-B01,SITE-B-DUS-02,4,2.608,4.44,11.58,25.41,24.59,23.55,96.69,1009.57,4522.0,1.126,68.3,DEGRADED,DUST_BASELINE_DRIFT,DUST,v1.11,DUST,0.9992,0.0,0.0007,0.9992,0.0,0.0,CONNECTED,WARNING,2.24,11,0.8571,v1.11,True,SUCCESS,WIFI,GOOD,0.12
REC-04925,2026-09-13T01:15:20Z,SITE-B,ESP32-B01,PV-B01,SITE-B-DUS-02,5,2.626,4.95,13.0,25.33,24.52,23.55,96.51,1009.58,4202.0,1.157,76.4,GOOD,DUST_BASELINE_DRIFT,DUST,v1.11,DUST,0.9994,0.0,0.0005,0.9994,0.0,0.0,CONNECTED,WARNING,2.26,11,0.8571,v1.11,True,SUCCESS,WIFI,GOOD,0.12
REC-04926,2026-09-13T01:15:25Z,SITE-B,ESP32-B01,PV-B01,SITE-B-DUS-02,6,2.621,4.19,10.98,25.22,24.56,23.54,96.44,1009.54,4536.0,1.062,64.3,DEGRADED,DUST_BASELINE_DRIFT,DUST,v1.11,DUST,0.9987,0.0,0.0013,0.9987,0.0,0.0,CONNECTED,WARNING,3.56,11,0.8571,v1.11,True,SUCCESS,WIFI,GOOD,0.12
REC-04927,2026-09-13T01:15:30Z,SITE-B,ESP32-B01,PV-B01,SITE-B-DUS-02,7,2.602,5.05,13.14,25.3,24.55,23.53,96.53,1009.56,4377.0,1.024,77.0,GOOD,DUST_BASELINE_DRIFT,DUST,v1.11,DUST,0.9981,0.0,0.0018,0.9981,0.0,0.0,CONNECTED,WARNING,4.7,11,0.8571,v1.11,True,SUCCESS,WIFI,GOOD,0.12
REC-04928,2026-09-13T01:15:35Z,SITE-B,ESP32-B01,PV-B01,SITE-B-DUS-02,8,2.64,4.76,12.58,25.27,24.6,23.52,96.73,1009.58,4235.0,0.927,73.7,DEGRADED,DUST_BASELINE_DRIFT,DUST,v1.11,DUST,0.9956,0.0001,0.0042,0.9956,0.0001,0.0001,CONNECTED,WARNING,4.29,11,0.8571,v1.11,True,SUCCESS,WIFI,GOOD,0.12
REC-04929,2026-09-13T01:15:40Z,SITE-B,ESP32-B01,PV-B01,SITE-B-DUS-02,9,2.634,4.94,13.0,25.26,24.48,23.53,95.86,1009.52,4374.0,0.985,76.3,GOOD,DUST_BASELINE_DRIFT,DUST,v1.11,DUST,0.9973,0.0001,0.0025,0.9973,0.0,0.0,CONNECTED,WARNING,3.57,11,0.8571,v1.11,True,SUCCESS,WIFI,GOOD,0.12
REC-04930,2026-09-13T01:15:45Z,SITE-B,ESP32-B01,PV-B01,SITE-B-DUS-02,10,2.61,4.65,12.13,25.28,24.55,23.53,96.39,1009.59,4347.0,1.054,71.6,DEGRADED,DUST_BASELINE_DRIFT,DUST,v1.11,DUST,0.9986,0.0,0.0014,0.9986,0.0,0.0,CONNECTED,WARNING,3.89,11,0.8571,v1.11,True,SUCCESS,WIFI,GOOD,0.12
REC-04931,2026-09-13T01:15:50Z,SITE-B,ESP32-B01,PV-B01,SITE-B-DUS-02,11,2.641,4.5,11.89,25.33,24.68,23.54,96.7,1009.57,4600.0,0.971,70.2,DEGRADED,DUST_BASELINE_DRIFT,DUST,v1.11,DUST,0.997,0.0001,0.0028,0.997,0.0,0.0,CONNECTED,WARNING,2.73,11,0.8571,v1.11,True,SUCCESS,WIFI,GOOD,0.12
REC-04932,2026-09-13T01:15:55Z,SITE-B,ESP32-B01,PV-B01,SITE-B-DUS-02,12,2.614,4.7,12.28,25.23,24.58,23.55,96.57,1009.56,4378.0,0.946,72.4,DEGRADED,DUST_BASELINE_DRIFT,DUST,v1.11,DUST,0.9963,0.0001,0.0035,0.9963,0.0001,0.0001,CONNECTED,WARNING,4.76,11,0.8571,v1.11,True,SUCCESS,WIFI,GOOD,0.12
REC-04933,2026-09-13T01:16:00Z,SITE-B,ESP32-B01,PV-B01,SITE-B-DUS-02,13,2.627,4.85,12.74,25.26,24.48,23.55,96.16,1009.56,4193.0,1.046,75.3,GOOD,DUST_BASELINE_DRIFT,DUST,v1.11,DUST,0.9985,0.0,0.0015,0.9985,0.0,0.0,CONNECTED,WARNING,3.93,11,0.8571,v1.11,True,SUCCESS,WIFI,GOOD,0.12
REC-04934,2026-09-13T01:16:05Z,SITE-B,ESP32-B01,PV-B01,SITE-B-DUS-02,14,2.648,4.93,13.05,25.35,24.52,23.56,95.79,1009.58,4135.0,1.088,77.6,GOOD,DUST_BASELINE_DRIFT,DUST,v1.11,DUST,0.9989,0.0,0.001,0.9989,0.0,0.0,CONNECTED,WARNING,3.7,11,0.8571,v1.11,True,SUCCESS,WIFI,GOOD,0.12
REC-04935,2026-09-13T01:16:10Z,SITE-B,ESP32-B01,PV-B01,SITE-B-DUS-02,15,2.632,4.86,12.79,25.32,24.38,23.56,97.01,1009.63,4282.0,1.027,76.0,GOOD,DUST_BASELINE_DRIFT,DUST,v1.11,DUST,0.9982,0.0,0.0017,0.9982,0.0,0.0,CONNECTED,WARNING,4.22,11,0.8571,v1.11,True,SUCCESS,WIFI,GOOD,0.12
REC-04936,2026-09-13T01:16:15Z,SITE-B,ESP32-B01,PV-B01,SITE-B-DUS-02,16,2.649,4.48,11.86,25.4,24.57,23.57,96.44,1009.58,4092.0,1.095,70.4,DEGRADED,DUST_BASELINE_DRIFT,DUST,v1.11,DUST,0.999,0.0,0.001,0.999,0.0,0.0,CONNECTED,WARNING,2.32,11,0.8571,v1.11,True,SUCCESS,WIFI,GOOD,0.12
REC-04937,2026-09-13T01:16:20Z,SITE-B,ESP32-B01,PV-B01,SITE-B-DUS-02,17,2.621,5.34,13.99,25.41,24.7,23.58,96.95,1009.58,4191.0,1.079,83.0,GOOD,DUST_BASELINE_DRIFT,DUST,v1.11,DUST,0.9989,0.0,0.0011,0.9989,0.0,0.0,CONNECTED,WARNING,3.31,11,0.8571,v1.11,True,SUCCESS,WIFI,GOOD,0.12
REC-04938,2026-09-13T01:16:25Z,SITE-B,ESP32-B01,PV-B01,SITE-B-DUS-02,18,2.617,4.88,12.78,25.18,24.47,23.59,96.74,1009.57,4249.0,1.111,76.0,GOOD,DUST_BASELINE_DRIFT,DUST,v1.11,DUST,0.9992,0.0,0.0008,0.9992,0.0,0.0,CONNECTED,WARNING,3.45,11,0.8571,v1.11,True,SUCCESS,WIFI,GOOD,0.12
REC-04939,2026-09-13T01:16:30Z,SITE-B,ESP32-B01,PV-B01,SITE-B-DUS-02,19,2.621,4.58,12.01,25.3,24.44,23.58,96.26,1009.62,4228.0,1.172,71.4,DEGRADED,DUST_BASELINE_DRIFT|DUPLICATE_RECEIVED,DUST,v1.11,DUST,0.9995,0.0,0.0005,0.9995,0.0,0.0,CONNECTED,WARNING,3.63,11,0.8571,v1.11,True,SUCCESS,WIFI,GOOD,0.12
REC-04940,2026-09-13T01:16:35Z,SITE-B,ESP32-B01,PV-B01,SITE-B-DUS-02,20,2.62,4.9,12.85,25.22,24.49,23.58,95.75,1009.52,4398.0,1.198,76.4,GOOD,DUST_BASELINE_DRIFT,DUST,v1.11,DUST,0.9996,0.0,0.0004,0.9996,0.0,0.0,CONNECTED,WARNING,2.83,11,0.8571,v1.11,True,SUCCESS,WIFI,GOOD,0.12
REC-04941,2026-09-13T01:16:40Z,SITE-B,ESP32-B01,PV-B01,SITE-B-DUS-02,21,2.611,4.88,12.74,25.17,24.62,23.56,96.36,1009.51,4189.0,1.085,75.5,GOOD,DUST_BASELINE_DRIFT,DUST,v1.11,DUST,0.9989,0.0,0.001,0.9989,0.0,0.0,CONNECTED,WARNING,4.76,11,0.8571,v1.11,True,SUCCESS,WIFI,GOOD,0.12
REC-04942,2026-09-13T01:16:45Z,SITE-B,ESP32-B01,PV-B01,SITE-B-DUS-02,22,2.641,4.72,12.45,25.21,24.69,23.58,96.49,1009.56,3917.0,1.014,74.1,DEGRADED,DUST_BASELINE_DRIFT,DUST,v1.11,DUST,0.998,0.0001,0.0019,0.998,0.0,0.0,CONNECTED,WARNING,3.61,11,0.8571,v1.11,True,SUCCESS,WIFI,GOOD,0.12
REC-04943,2026-09-13T01:16:50Z,SITE-B,ESP32-B01,PV-B01,SITE-B-DUS-02,23,2.612,4.71,12.31,25.26,24.6,23.57,96.64,1009.58,4049.0,1.045,73.0,DEGRADED,DUST_BASELINE_DRIFT,DUST,v1.11,DUST,0.9985,0.0,0.0015,0.9985,0.0,0.0,CONNECTED,WARNING,2.54,11,0.8571,v1.11,True,SUCCESS,WIFI,GOOD,0.12
REC-04944,2026-09-13T01:16:55Z,SITE-B,ESP32-B01,PV-B01,SITE-B-DUS-02,24,2.626,5.1,13.4,25.26,24.46,23.57,96.17,1009.48,4319.0,1.136,79.0,GOOD,DUST_BASELINE_DRIFT,DUST,v1.11,DUST,0.9993,0.0,0.0006,0.9993,0.0,0.0,CONNECTED,WARNING,3.85,11,0.8571,v1.11,True,SUCCESS,WIFI,GOOD,0.12
REC-04945,2026-09-13T01:17:00Z,SITE-B,ESP32-B01,PV-B01,SITE-B-DUS-02,25,2.625,5.32,13.96,25.25,24.57,23.55,96.55,1009.56,4235.0,0.988,82.3,GOOD,DUST_BASELINE_DRIFT,DUST,v1.11,DUST,0.9975,0.0001,0.0024,0.9975,0.0,0.0,CONNECTED,WARNING,3.64,11,0.8571,v1.11,True,SUCCESS,WIFI,GOOD,0.12
REC-04946,2026-09-13T01:17:05Z,SITE-B,ESP32-B01,PV-B01,SITE-B-DUS-02,26,2.642,4.18,11.05,25.29,24.71,23.55,96.55,1009.55,4143.0,1.128,65.1,DEGRADED,DUST_BASELINE_DRIFT,DUST,v1.11,DUST,0.9993,0.0,0.0007,0.9993,0.0,0.0,CONNECTED,WARNING,2.37,11,0.8571,v1.11,True,SUCCESS,WIFI,GOOD,0.12
REC-04947,2026-09-13T01:17:10Z,SITE-B,ESP32-B01,PV-B01,SITE-B-DUS-02,27,2.638,5.17,13.63,25.5,24.56,23.55,96.8,1009.58,4632.0,1.031,80.1,GOOD,TEMP1_MISSING_-999|DUST_BASELINE_DRIFT,DUST,v1.11,DUST,0.9982,0.0,0.0017,0.9982,0.0,0.0,CONNECTED,WARNING,2.24,11,0.8571,v1.11,True,SUCCESS,WIFI,GOOD,0.12
REC-04948,2026-09-13T01:17:15Z,SITE-B,ESP32-B01,PV-B01,SITE-B-DUS-02,28,2.639,4.8,12.68,25.16,24.59,23.57,96.41,1009.57,4450.0,1.055,74.7,DEGRADED,DUST_BASELINE_DRIFT,DUST,v1.11,DUST,0.9986,0.0,0.0013,0.9986,0.0,0.0,CONNECTED,WARNING,2.77,11,0.8571,v1.11,True,SUCCESS,WIFI,GOOD,0.12
REC-04949,2026-09-13T01:17:20Z,SITE-B,ESP32-B01,PV-B01,SITE-B-DUS-02,29,2.635,4.85,12.77,25.38,24.59,23.58,96.63,1009.51,4310.0,0.993,75.4,GOOD,DUST_BASELINE_DRIFT,DUST,v1.11,DUST,0.9975,0.0001,0.0023,0.9975,0.0,0.0,CONNECTED,WARNING,2.28,11,0.8571,v1.11,True,SUCCESS,WIFI,GOOD,0.12
REC-04950,2026-09-13T01:17:25Z,SITE-B,ESP32-B01,PV-B01,SITE-B-DUS-02,30,2.63,5.21,13.69,25.28,24.44,23.57,96.59,1009.53,4356.0,0.962,80.8,GOOD,DUST_BASELINE_DRIFT,DUST,v1.11,DUST,0.9968,0.0001,0.003,0.9968,0.0001,0.0,CONNECTED,WARNING,4.14,11,0.8571,v1.11,True,SUCCESS,WIFI,GOOD,0.12
REC-04951,2026-09-13T01:17:30Z,SITE-B,ESP32-B01,PV-B01,SITE-B-DUS-02,31,2.628,4.02,10.57,25.25,24.64,23.55,96.76,1009.54,4308.0,1.025,62.0,DEGRADED,DUST_BASELINE_DRIFT,DUST,v1.11,DUST,0.9982,0.0,0.0017,0.9982,0.0,0.0,CONNECTED,WARNING,2.39,11,0.8571,v1.11,True,SUCCESS,WIFI,GOOD,0.12
REC-04952,2026-09-13T01:17:35Z,SITE-B,ESP32-B01,PV-B01,SITE-B-DUS-02,32,2.637,5.04,13.3,25.12,24.62,23.53,96.25,1009.58,4144.0,1.12,78.2,GOOD,DUST_BASELINE_DRIFT,DUST,v1.11,DUST,0.9992,0.0,0.0007,0.9992,0.0,0.0,CONNECTED,WARNING,2.7,11,0.8571,v1.11,True,SUCCESS,WIFI,GOOD,0.12
REC-04953,2026-09-13T01:17:40Z,SITE-B,ESP32-B01,PV-B01,SITE-B-DUS-02,33,2.641,5.2,13.74,25.34,24.4,23.52,95.58,1009.57,4508.0,0.999,80.4,GOOD,DUST_BASELINE_DRIFT,DUST,v1.11,DUST,0.9976,0.0001,0.0023,0.9976,0.0,0.0,CONNECTED,WARNING,3.07,11,0.8571,v1.11,True,SUCCESS,WIFI,GOOD,0.12
REC-04954,2026-09-13T01:17:45Z,SITE-B,ESP32-B01,PV-B01,SITE-B-DUS-02,34,2.636,4.61,12.16,25.16,24.45,23.51,96.43,1009.54,4478.0,1.138,71.2,DEGRADED,DUST_BASELINE_DRIFT,DUST,v1.11,DUST,0.9993,0.0,0.0006,0.9993,0.0,0.0,CONNECTED,WARNING,4.57,11,0.8571,v1.11,True,SUCCESS,WIFI,GOOD,0.12
REC-04955,2026-09-13T01:17:50Z,SITE-B,ESP32-B01,PV-B01,SITE-B-DUS-02,35,2.643,4.39,11.6,25.34,24.47,23.51,96.43,1009.56,4054.0,1.007,68.0,DEGRADED,DUST_BASELINE_DRIFT,DUST,v1.11,DUST,0.9978,0.0001,0.0021,0.9978,0.0,0.0,CONNECTED,WARNING,2.37,11,0.8571,v1.11,True,SUCCESS,WIFI,GOOD,0.12
REC-04956,2026-09-13T01:17:55Z,SITE-B,ESP32-B01,PV-B01,SITE-B-DUS-02,36,2.633,5.35,14.08,25.41,24.61,23.51,96.15,1009.53,4400.0,0.977,82.2,GOOD,DUST_BASELINE_DRIFT,DUST,v1.11,DUST,0.9971,0.0001,0.0027,0.9971,0.0,0.0,CONNECTED,WARNING,2.74,11,0.8571,v1.11,True,SUCCESS,WIFI,GOOD,0.12
REC-04957,2026-09-13T01:18:00Z,SITE-B,ESP32-B01,PV-B01,SITE-B-DUS-02,37,2.659,4.32,11.5,25.17,24.49,23.51,96.05,1009.62,4443.0,1.057,66.7,DEGRADED,DUST_BASELINE_DRIFT,DUST,v1.11,DUST,0.9986,0.0,0.0013,0.9986,0.0,0.0,CONNECTED,WARNING,4.05,11,0.8571,v1.11,True,SUCCESS,WIFI,GOOD,0.12
REC-04958,2026-09-13T01:18:05Z,SITE-B,ESP32-B01,PV-B01,SITE-B-DUS-02,38,2.628,5.02,13.19,25.37,24.59,23.5,96.33,1009.58,4349.0,1.082,76.4,GOOD,DUST_BASELINE_DRIFT,DUST,v1.11,DUST,0.9989,0.0,0.0011,0.9989,0.0,0.0,CONNECTED,WARNING,3.54,11,0.8571,v1.11,True,SUCCESS,WIFI,GOOD,0.12
REC-04959,2026-09-13T01:18:10Z,SITE-B,ESP32-B01,PV-B01,SITE-B-DUS-02,39,2.609,5.24,13.67,25.29,24.55,23.5,96.47,1009.58,4727.0,1.053,78.9,GOOD,DUST_BASELINE_DRIFT,DUST,v1.11,DUST,0.9985,0.0,0.0014,0.9985,0.0,0.0,CONNECTED,WARNING,3.52,11,0.8571,v1.11,True,SUCCESS,WIFI,GOOD,0.12
REC-04960,2026-09-13T01:18:15Z,SITE-B,ESP32-B01,PV-B01,SITE-B-DUS-02,40,2.618,5.03,13.17,25.12,24.57,23.49,96.53,1009.6,4699.0,1.051,76.2,GOOD,DUST_BASELINE_DRIFT,DUST,v1.11,DUST,0.9986,0.0,0.0014,0.9986,0.0,0.0,CONNECTED,WARNING,4.65,11,0.8571,v1.11,True,SUCCESS,WIFI,GOOD,0.12
REC-04961,2026-09-13T01:18:20Z,SITE-B,ESP32-B01,PV-B01,SITE-B-DUS-02,41,2.631,5.05,13.29,25.18,24.6,23.49,95.81,1009.59,4337.0,1.138,77.0,GOOD,DUST_BASELINE_DRIFT,DUST,v1.11,DUST,0.9993,0.0,0.0006,0.9993,0.0,0.0,CONNECTED,WARNING,4.31,11,0.8571,v1.11,True,SUCCESS,WIFI,GOOD,0.12
REC-04962,2026-09-13T01:18:25Z,SITE-B,ESP32-B01,PV-B01,SITE-B-DUS-02,42,2.615,4.81,12.59,25.29,24.58,23.5,95.97,1009.56,4343.0,1.047,73.3,DEGRADED,DUST_BASELINE_DRIFT,DUST,v1.11,DUST,0.9985,0.0,0.0015,0.9985,0.0,0.0,CONNECTED,WARNING,2.27,11,0.8571,v1.11,True,SUCCESS,WIFI,GOOD,0.12
REC-04963,2026-09-13T01:18:30Z,SITE-B,ESP32-B01,PV-B01,SITE-B-DUS-02,43,2.618,5.02,13.13,25.3,24.55,23.49,96.84,1009.55,4319.0,1.013,76.6,GOOD,DUST_BASELINE_DRIFT,DUST,v1.11,DUST,0.9979,0.0001,0.002,0.9979,0.0,0.0,CONNECTED,WARNING,3.16,11,0.8571,v1.11,True,SUCCESS,WIFI,GOOD,0.12
REC-04964,2026-09-13T01:18:35Z,SITE-B,ESP32-B01,PV-B01,SITE-B-DUS-02,44,2.617,4.66,12.2,25.14,24.57,23.5,96.44,1009.6,4285.0,0.974,71.0,DEGRADED,DUST_BASELINE_DRIFT,DUST,v1.11,DUST,0.9971,0.0001,0.0027,0.9971,0.0,0.0,CONNECTED,WARNING,2.14,11,0.8571,v1.11,True,SUCCESS,WIFI,GOOD,0.12
REC-04965,2026-09-13T01:18:40Z,SITE-B,ESP32-B01,PV-B01,SITE-B-DUS-02,45,2.641,4.69,12.38,25.27,24.57,23.48,96.5,1009.56,4242.0,1.118,72.0,DEGRADED,DUST_BASELINE_DRIFT,DUST,v1.11,DUST,0.9992,0.0,0.0008,0.9992,0.0,0.0,CONNECTED,WARNING,2.52,11,0.8571,v1.11,True,SUCCESS,WIFI,GOOD,0.12
REC-04966,2026-09-13T01:18:45Z,SITE-B,ESP32-B01,PV-B01,SITE-B-DUS-02,46,2.622,4.92,12.91,25.36,24.56,23.46,96.1,1009.54,4478.0,1.016,74.7,DEGRADED,DUST_BASELINE_DRIFT,DUST,v1.11,DUST,0.9979,0.0001,0.002,0.9979,0.0,0.0,CONNECTED,WARNING,4.05,11,0.8571,v1.11,True,SUCCESS,WIFI,GOOD,0.12
REC-04967,2026-09-13T01:18:50Z,SITE-B,ESP32-B01,PV-B01,SITE-B-DUS-02,47,2.642,4.46,11.77,25.37,24.54,23.46,96.5,1009.62,4723.0,1.022,67.7,DEGRADED,DUST_BASELINE_DRIFT,DUST,v1.11,DUST,0.998,0.0,0.0019,0.998,0.0,0.0,CONNECTED,WARNING,3.35,11,0.8571,v1.11,True,SUCCESS,WIFI,GOOD,0.12
REC-04968,2026-09-13T01:18:55Z,SITE-B,ESP32-B01,PV-B01,SITE-B-DUS-02,48,2.636,5.08,13.4,25.23,24.69,23.47,96.39,1009.53,4659.0,1.105,77.1,GOOD,DUST_BASELINE_DRIFT,DUST,v1.11,DUST,0.9991,0.0,0.0009,0.9991,0.0,0.0,CONNECTED,WARNING,3.06,11,0.8571,v1.11,True,SUCCESS,WIFI,GOOD,0.12
REC-04969,2026-09-13T01:19:00Z,SITE-B,ESP32-B01,PV-B01,SITE-B-DUS-02,49,2.643,4.15,10.97,25.29,24.5,23.47,96.31,1009.51,4536.0,1.165,63.2,DEGRADED,DUST_BASELINE_DRIFT,DUST,v1.11,DUST,0.9995,0.0,0.0005,0.9995,0.0,0.0,CONNECTED,WARNING,3.17,11,0.8571,v1.11,True,SUCCESS,WIFI,GOOD,0.12
REC-04970,2026-09-13T01:19:05Z,SITE-B,ESP32-B01,PV-B01,SITE-B-DUS-02,50,2.633,5.03,13.23,25.33,24.63,23.49,96.06,1009.59,4072.0,1.057,76.0,GOOD,DUST_BASELINE_DRIFT,DUST,v1.11,DUST,0.9986,0.0,0.0013,0.9986,0.0,0.0,CONNECTED,WARNING,2.11,11,0.8571,v1.11,True,SUCCESS,WIFI,GOOD,0.12
REC-04971,2026-09-13T01:19:10Z,SITE-B,ESP32-B01,PV-B01,SITE-B-DUS-02,51,2.622,5.1,13.37,25.31,24.46,23.48,96.24,1009.54,4170.0,1.033,76.5,GOOD,DUST_BASELINE_DRIFT,DUST,v1.11,DUST,0.9982,0.0,0.0017,0.9982,0.0,0.0,CONNECTED,WARNING,4.3,11,0.8571,v1.11,True,SUCCESS,WIFI,GOOD,0.12
REC-04972,2026-09-13T01:19:15Z,SITE-B,ESP32-B01,PV-B01,SITE-B-DUS-02,52,2.655,4.68,12.42,25.3,24.57,23.47,97.09,1009.57,4615.0,1.041,71.0,DEGRADED,DUST_BASELINE_DRIFT,DUST,v1.11,DUST,0.9984,0.0,0.0016,0.9984,0.0,0.0,CONNECTED,WARNING,3.09,11,0.8571,v1.11,True,SUCCESS,WIFI,GOOD,0.12
REC-04973,2026-09-13T01:19:20Z,SITE-B,ESP32-B01,PV-B01,SITE-B-DUS-02,53,2.646,4.57,12.08,25.23,24.64,23.47,96.4,1009.61,4707.0,1.014,68.8,DEGRADED,DUST_BASELINE_DRIFT,DUST,v1.11,DUST,0.998,0.0001,0.0019,0.998,0.0,0.0,CONNECTED,WARNING,3.62,11,0.8571,v1.11,True,SUCCESS,WIFI,GOOD,0.12
REC-04974,2026-09-13T01:19:25Z,SITE-B,ESP32-B01,PV-B01,SITE-B-DUS-02,54,2.63,4.86,12.77,25.2,24.46,23.48,96.74,1009.52,4554.0,1.02,72.7,DEGRADED,DUST_BASELINE_DRIFT,DUST,v1.11,DUST,0.998,0.0,0.0019,0.998,0.0,0.0,CONNECTED,WARNING,4.42,11,0.8571,v1.11,True,SUCCESS,WIFI,GOOD,0.12
REC-04975,2026-09-13T01:19:30Z,SITE-B,ESP32-B01,PV-B01,SITE-B-DUS-02,55,2.615,5.18,13.54,25.24,24.44,23.47,96.44,1009.56,4413.0,1.021,77.3,GOOD,DUST_BASELINE_DRIFT,DUST,v1.11,DUST,0.998,0.0,0.0019,0.998,0.0,0.0,CONNECTED,WARNING,3.51,11,0.8571,v1.11,True,SUCCESS,WIFI,GOOD,0.12
REC-04976,2026-09-13T01:19:35Z,SITE-B,ESP32-B01,PV-B01,SITE-B-DUS-02,56,2.632,5.04,13.26,25.15,24.46,23.46,96.41,1009.6,4646.0,1.096,76.0,GOOD,DUST_BASELINE_DRIFT,DUST,v1.11,DUST,0.999,0.0,0.0009,0.999,0.0,0.0,CONNECTED,WARNING,3.86,11,0.8571,v1.11,True,SUCCESS,WIFI,GOOD,0.12
REC-04977,2026-09-13T01:19:40Z,SITE-B,ESP32-B01,PV-B01,SITE-B-DUS-02,57,2.654,4.58,12.15,25.31,24.5,23.47,96.31,1009.58,4555.0,1.036,69.6,DEGRADED,DUST_BASELINE_DRIFT,DUST,v1.11,DUST,0.9983,0.0,0.0016,0.9983,0.0,0.0,CONNECTED,WARNING,3.23,11,0.8571,v1.11,True,SUCCESS,WIFI,GOOD,0.12
REC-04978,2026-09-13T01:19:45Z,SITE-B,ESP32-B01,PV-B01,SITE-B-DUS-02,58,2.644,4.94,13.07,25.1,24.53,23.47,96.9,1009.55,4610.0,1.123,75.0,DEGRADED,DUST_BASELINE_DRIFT,DUST,v1.11,DUST,0.9992,0.0,0.0007,0.9992,0.0,0.0,CONNECTED,WARNING,4.5,11,0.8571,v1.11,True,SUCCESS,WIFI,GOOD,0.12
REC-04979,2026-09-13T01:19:50Z,SITE-B,ESP32-B01,PV-B01,SITE-B-DUS-02,59,2.649,4.99,13.22,25.19,24.51,23.46,96.61,1009.63,4165.0,1.035,75.7,GOOD,DUST_BASELINE_DRIFT,DUST,v1.11,DUST,0.9983,0.0,0.0016,0.9983,0.0,0.0,CONNECTED,WARNING,3.71,11,0.8571,v1.11,True,SUCCESS,WIFI,GOOD,0.12
REC-04980,2026-09-13T01:19:55Z,SITE-B,ESP32-B01,PV-B01,SITE-B-DUS-02,60,2.644,4.97,13.14,25.23,24.48,23.47,96.26,1009.56,4493.0,1.02,75.3,GOOD,DUST_BASELINE_DRIFT,DUST,v1.11,DUST,0.998,0.0,0.0019,0.998,0.0,0.0,CONNECTED,WARNING,3.09,11,0.8571,v1.11,True,SUCCESS,WIFI,GOOD,0.12
REC-04981,2026-09-13T01:27:00Z,SITE-E,ESP32-E01,PV-E01,SITE-E-SHO-20,1,0.007,13.8,0.09,27.45,27.46,22.91,95.88,1010.05,8324.0,0.099,0.3,POOR,OK,SHORT_CIRCUIT,v1.11,SHORT_CIRCUIT,0.9462,0.0003,0.0534,0.0001,0.0,0.9462,ISOLATED,CRITICAL,4.57,11,0.8571,v1.11,True,SUCCESS,LORA,POOR,22.12
REC-04982,2026-09-13T01:27:05Z,SITE-E,ESP32-E01,PV-E01,SITE-E-SHO-20,2,0.01,14.24,0.14,27.38,27.42,22.9,95.93,1009.99,8194.0,0.096,0.4,POOR,OK,SHORT_CIRCUIT,v1.11,SHORT_CIRCUIT,0.9467,0.0003,0.0529,0.0001,0.0,0.9467,ISOLATED,CRITICAL,2.63,11,0.8571,v1.11,True,SUCCESS,LORA,POOR,22.12
REC-04983,2026-09-13T01:27:10Z,SITE-E,ESP32-E01,PV-E01,SITE-E-SHO-20,3,0.005,14.2,0.06,27.57,27.37,22.89,95.39,1010.0,8380.0,0.076,0.2,POOR,OK,SHORT_CIRCUIT,v1.11,SHORT_CIRCUIT,0.9456,0.0003,0.0541,0.0001,0.0,0.9456,ISOLATED,CRITICAL,3.94,11,0.8571,v1.11,True,SUCCESS,LORA,POOR,22.12
REC-04984,2026-09-13T01:27:15Z,SITE-E,ESP32-E01,PV-E01,SITE-E-SHO-20,4,0.011,13.9,0.15,27.6,27.42,22.89,95.81,1009.96,7850.0,0.097,0.4,POOR,OK,SHORT_CIRCUIT,v1.11,SHORT_CIRCUIT,0.9441,0.0003,0.0556,0.0001,0.0,0.9441,ISOLATED,CRITICAL,4.78,11,0.8571,v1.11,True,SUCCESS,LORA,POOR,22.12
REC-04985,2026-09-13T01:27:20Z,SITE-E,ESP32-E01,PV-E01,SITE-E-SHO-20,5,0.002,13.76,0.03,27.41,27.54,22.89,95.94,1009.99,8066.0,0.087,0.1,POOR,OK,SHORT_CIRCUIT,v1.11,SHORT_CIRCUIT,0.9465,0.0003,0.0532,0.0001,0.0,0.9465,ISOLATED,CRITICAL,4.39,11,0.8571,v1.11,True,SUCCESS,LORA,POOR,22.12
REC-04986,2026-09-13T01:27:25Z,SITE-E,ESP32-E01,PV-E01,SITE-E-SHO-20,6,0.003,14.27,0.05,27.48,27.48,22.9,96.18,1009.99,8077.0,0.095,0.1,POOR,OK,SHORT_CIRCUIT,v1.11,SHORT_CIRCUIT,0.9471,0.0003,0.0525,0.0001,0.0,0.9471,ISOLATED,CRITICAL,4.48,11,0.8571,v1.11,True,SUCCESS,LORA,POOR,22.12
REC-04987,2026-09-13T01:27:30Z,SITE-E,ESP32-E01,PV-E01,SITE-E-SHO-20,7,0.0,14.17,0.0,27.48,27.32,22.89,95.66,1010.02,8127.0,0.091,0.0,POOR,TEMP1_MISSING_-999,SHORT_CIRCUIT,v1.11,SHORT_CIRCUIT,0.9469,0.0003,0.0527,0.0001,0.0,0.9469,ISOLATED,CRITICAL,4.08,11,0.8571,v1.11,True,SUCCESS,LORA,POOR,22.12
REC-04988,2026-09-13T01:27:35Z,SITE-E,ESP32-E01,PV-E01,SITE-E-SHO-20,8,0.0,14.42,0.0,27.31,27.38,22.91,95.66,1009.98,8005.0,0.095,0.0,POOR,OK,SHORT_CIRCUIT,v1.11,SHORT_CIRCUIT,0.9486,0.0003,0.051,0.0001,0.0,0.9486,ISOLATED,CRITICAL,2.11,11,0.8571,v1.11,True,SUCCESS,LORA,POOR,22.12
REC-04989,2026-09-13T01:27:40Z,SITE-E,ESP32-E01,PV-E01,SITE-E-SHO-20,9,0.0,13.34,0.0,27.43,27.46,22.9,95.64,1010.01,8108.0,0.1,0.0,POOR,OK,SHORT_CIRCUIT,v1.11,SHORT_CIRCUIT,0.9461,0.0003,0.0536,0.0001,0.0,0.9461,ISOLATED,CRITICAL,2.24,11,0.8571,v1.11,True,SUCCESS,LORA,POOR,22.12
REC-04990,2026-09-13T01:27:45Z,SITE-E,ESP32-E01,PV-E01,SITE-E-SHO-20,10,0.01,13.72,0.14,27.29,27.46,22.9,95.8,1010.02,8076.0,0.102,0.4,POOR,OK,SHORT_CIRCUIT,v1.11,SHORT_CIRCUIT,0.9462,0.0003,0.0534,0.0001,0.0,0.9462,ISOLATED,CRITICAL,4.4,11,0.8571,v1.11,True,SUCCESS,LORA,POOR,22.12
REC-04991,2026-09-13T01:27:50Z,SITE-E,ESP32-E01,PV-E01,SITE-E-SHO-20,11,0.011,13.6,0.15,27.42,27.42,22.88,95.56,1010.0,8077.0,0.097,0.4,POOR,OK,SHORT_CIRCUIT,v1.11,SHORT_CIRCUIT,0.9447,0.0003,0.0549,0.0001,0.0,0.9447,ISOLATED,CRITICAL,4.56,11,0.8571,v1.11,True,SUCCESS,LORA,POOR,22.12
REC-04992,2026-09-13T01:27:55Z,SITE-E,ESP32-E01,PV-E01,SITE-E-SHO-20,12,0.0,13.9,0.0,27.61,27.52,22.89,96.3,1010.04,8167.0,0.099,0.0,POOR,OK,SHORT_CIRCUIT,v1.11,SHORT_CIRCUIT,0.9458,0.0002,0.0539,0.0001,0.0,0.9458,ISOLATED,CRITICAL,3.81,11,0.8571,v1.11,True,SUCCESS,LORA,POOR,22.12
REC-04993,2026-09-13T01:28:00Z,SITE-E,ESP32-E01,PV-E01,SITE-E-SHO-20,13,0.01,13.47,0.14,27.32,27.49,22.89,96.13,1010.0,7941.0,0.08,0.4,POOR,OK,SHORT_CIRCUIT,v1.11,SHORT_CIRCUIT,0.9452,0.0003,0.0544,0.0001,0.0,0.9452,ISOLATED,CRITICAL,3.65,11,0.8571,v1.11,True,SUCCESS,LORA,POOR,22.12
REC-04994,2026-09-13T01:28:05Z,SITE-E,ESP32-E01,PV-E01,SITE-E-SHO-20,14,0.0,13.52,0.0,27.59,27.42,22.91,96.71,1010.02,8064.0,0.097,0.0,POOR,OK,SHORT_CIRCUIT,v1.11,SHORT_CIRCUIT,0.9455,0.0003,0.0541,0.0001,0.0,0.9455,ISOLATED,CRITICAL,2.43,11,0.8571,v1.11,True,SUCCESS,LORA,POOR,22.12
REC-04995,2026-09-13T01:28:10Z,SITE-E,ESP32-E01,PV-E01,SITE-E-SHO-20,15,0.001,13.78,0.01,27.58,27.41,22.91,95.74,1009.97,8121.0,0.1,0.0,POOR,OK,SHORT_CIRCUIT,v1.11,SHORT_CIRCUIT,0.9457,0.0003,0.0539,0.0001,0.0,0.9457,ISOLATED,CRITICAL,2.42,11,0.8571,v1.11,True,SUCCESS,LORA,POOR,22.12
REC-04996,2026-09-13T01:28:15Z,SITE-E,ESP32-E01,PV-E01,SITE-E-SHO-20,16,0.003,13.17,0.04,27.44,27.45,22.93,96.16,1009.99,7838.0,0.097,0.1,POOR,OK,SHORT_CIRCUIT,v1.11,SHORT_CIRCUIT,0.9461,0.0003,0.0535,0.0001,0.0,0.9461,ISOLATED,CRITICAL,4.68,11,0.8571,v1.11,True,SUCCESS,LORA,POOR,22.12
REC-04997,2026-09-13T01:28:20Z,SITE-E,ESP32-E01,PV-E01,SITE-E-SHO-20,17,0.011,13.13,0.14,27.49,27.31,22.92,95.54,1010.04,8109.0,0.113,0.4,POOR,OK,SHORT_CIRCUIT,v1.11,SHORT_CIRCUIT,0.9431,0.0003,0.0565,0.0001,0.0,0.9431,ISOLATED,CRITICAL,2.38,11,0.8571,v1.11,True,SUCCESS,LORA,POOR,22.12
REC-04998,2026-09-13T01:28:25Z,SITE-E,ESP32-E01,PV-E01,SITE-E-SHO-20,18,0.015,13.76,0.2,27.43,27.5,22.92,96.34,1009.96,8191.0,0.095,0.6,POOR,OK,SHORT_CIRCUIT,v1.11,SHORT_CIRCUIT,0.9458,0.0003,0.0538,0.0001,0.0,0.9458,ISOLATED,CRITICAL,2.4,11,0.8571,v1.11,True,SUCCESS,LORA,POOR,22.12
REC-04999,2026-09-13T01:28:30Z,SITE-E,ESP32-E01,PV-E01,SITE-E-SHO-20,19,0.003,14.62,0.05,27.4,27.36,22.9,95.84,1010.03,8283.0,0.085,0.1,POOR,OK,SHORT_CIRCUIT,v1.11,SHORT_CIRCUIT,0.9482,0.0003,0.0515,0.0001,0.0,0.9482,ISOLATED,CRITICAL,4.46,11,0.8571,v1.11,True,SUCCESS,LORA,POOR,22.12
REC-05000,2026-09-13T01:28:35Z,SITE-E,ESP32-E01,PV-E01,SITE-E-SHO-20,20,0.005,13.81,0.07,27.46,27.57,22.92,95.87,1010.0,7942.0,0.098,0.2,POOR,OK,SHORT_CIRCUIT,v1.11,SHORT_CIRCUIT,0.9468,0.0003,0.0528,0.0001,0.0,0.9468,ISOLATED,CRITICAL,4.29,11,0.8571,v1.11,True,SUCCESS,LORA,POOR,22.12
REC-05001,2026-09-13T01:28:40Z,SITE-E,ESP32-E01,PV-E01,SITE-E-SHO-20,21,0.011,13.65,0.15,27.38,27.33,22.92,96.28,1009.95,8109.0,0.092,0.4,POOR,OK,SHORT_CIRCUIT,v1.11,SHORT_CIRCUIT,0.9461,0.0003,0.0535,0.0001,0.0,0.9461,ISOLATED,CRITICAL,2.2,11,0.8571,v1.11,True,SUCCESS,LORA,POOR,22.12
REC-05002,2026-09-13T01:28:45Z,SITE-E,ESP32-E01,PV-E01,SITE-E-SHO-20,22,0.017,13.86,0.24,27.47,27.49,22.92,96.26,1010.0,8303.0,0.081,0.7,POOR,OK,SHORT_CIRCUIT,v1.11,SHORT_CIRCUIT,0.9448,0.0003,0.0548,0.0001,0.0,0.9448,ISOLATED,CRITICAL,4.09,11,0.8571,v1.11,True,SUCCESS,LORA,POOR,22.12
REC-05003,2026-09-13T01:28:50Z,SITE-E,ESP32-E01,PV-E01,SITE-E-SHO-20,23,0.012,13.94,0.16,27.44,27.3,22.91,95.61,1010.03,7878.0,0.095,0.5,POOR,OK,SHORT_CIRCUIT,v1.11,SHORT_CIRCUIT,0.9453,0.0003,0.0543,0.0001,0.0,0.9453,ISOLATED,CRITICAL,2.15,11,0.8571,v1.11,True,SUCCESS,LORA,POOR,22.12
REC-05004,2026-09-13T01:28:55Z,SITE-E,ESP32-E01,PV-E01,SITE-E-SHO-20,24,0.0,13.69,0.0,27.33,27.39,22.92,95.87,1010.08,8111.0,0.113,0.0,POOR,OK,SHORT_CIRCUIT,v1.11,SHORT_CIRCUIT,0.9466,0.0003,0.053,0.0001,0.0,0.9466,ISOLATED,CRITICAL,4.35,11,0.8571,v1.11,True,SUCCESS,LORA,POOR,22.12
REC-05005,2026-09-13T01:29:00Z,SITE-E,ESP32-E01,PV-E01,SITE-E-SHO-20,25,0.01,13.53,0.14,27.48,27.48,22.91,96.33,1010.07,7888.0,0.094,0.4,POOR,OK,SHORT_CIRCUIT,v1.11,SHORT_CIRCUIT,0.9453,0.0003,0.0543,0.0001,0.0,0.9453,ISOLATED,CRITICAL,2.22,11,0.8571,v1.11,True,SUCCESS,LORA,POOR,22.12
REC-05006,2026-09-13T01:29:05Z,SITE-E,ESP32-E01,PV-E01,SITE-E-SHO-20,26,0.003,13.25,0.03,27.48,27.52,22.91,95.79,1009.98,8044.0,0.109,0.1,POOR,LOST_IN_TRANSIT,SHORT_CIRCUIT,v1.11,SHORT_CIRCUIT,0.945,0.0002,0.0546,0.0001,0.0,0.945,ISOLATED,CRITICAL,3.99,11,0.8571,v1.11,True,SUCCESS,LORA,POOR,22.12
REC-05007,2026-09-13T01:29:10Z,SITE-E,ESP32-E01,PV-E01,SITE-E-SHO-20,27,0.013,13.96,0.18,27.51,27.51,22.9,95.99,1010.03,7968.0,0.105,0.5,POOR,OK,SHORT_CIRCUIT,v1.11,SHORT_CIRCUIT,0.9446,0.0003,0.055,0.0001,0.0,0.9446,ISOLATED,CRITICAL,3.3,11,0.8571,v1.11,True,SUCCESS,LORA,POOR,22.12
REC-05008,2026-09-13T01:29:15Z,SITE-E,ESP32-E01,PV-E01,SITE-E-SHO-20,28,0.009,13.55,0.12,27.39,27.51,22.9,96.06,1010.0,8150.0,0.122,0.4,POOR,OK,SHORT_CIRCUIT,v1.11,SHORT_CIRCUIT,0.9443,0.0002,0.0553,0.0001,0.0,0.9443,ISOLATED,CRITICAL,3.05,11,0.8571,v1.11,True,SUCCESS,LORA,POOR,22.12
REC-05009,2026-09-13T01:29:20Z,SITE-E,ESP32-E01,PV-E01,SITE-E-SHO-20,29,0.001,13.83,0.01,27.51,27.52,22.91,96.32,1009.99,8044.0,0.103,0.0,POOR,OK,SHORT_CIRCUIT,v1.11,SHORT_CIRCUIT,0.9463,0.0002,0.0533,0.0001,0.0,0.9463,ISOLATED,CRITICAL,4.78,11,0.8571,v1.11,True,SUCCESS,LORA,POOR,22.12
REC-05010,2026-09-13T01:29:25Z,SITE-E,ESP32-E01,PV-E01,SITE-E-SHO-20,30,0.011,14.03,0.16,27.62,27.55,22.92,96.1,1010.04,7915.0,0.099,0.5,POOR,OK,SHORT_CIRCUIT,v1.11,SHORT_CIRCUIT,0.9451,0.0003,0.0545,0.0001,0.0,0.9451,ISOLATED,CRITICAL,2.3,11,0.8571,v1.11,True,SUCCESS,LORA,POOR,22.12
REC-05011,2026-09-13T01:29:30Z,SITE-E,ESP32-E01,PV-E01,SITE-E-SHO-20,31,0.008,13.6,0.11,27.45,27.43,22.92,95.83,1010.02,8323.0,0.099,0.3,POOR,OK,SHORT_CIRCUIT,v1.11,SHORT_CIRCUIT,0.9459,0.0003,0.0537,0.0001,0.0,0.9459,ISOLATED,CRITICAL,3.88,11,0.8571,v1.11,True,SUCCESS,LORA,POOR,22.12
REC-05012,2026-09-13T01:29:35Z,SITE-E,ESP32-E01,PV-E01,SITE-E-SHO-20,32,0.008,13.21,0.1,27.44,27.42,22.94,95.31,1010.02,8093.0,0.101,0.3,POOR,OK,SHORT_CIRCUIT,v1.11,SHORT_CIRCUIT,0.9456,0.0003,0.054,0.0001,0.0,0.9456,ISOLATED,CRITICAL,2.81,11,0.8571,v1.11,True,SUCCESS,LORA,POOR,22.12
REC-05013,2026-09-13T01:29:40Z,SITE-E,ESP32-E01,PV-E01,SITE-E-SHO-20,33,0.006,13.57,0.08,27.47,27.5,22.94,96.11,1009.96,8209.0,0.095,0.2,POOR,OK,SHORT_CIRCUIT,v1.11,SHORT_CIRCUIT,0.9465,0.0003,0.0531,0.0001,0.0,0.9465,ISOLATED,CRITICAL,3.34,11,0.8571,v1.11,True,SUCCESS,LORA,POOR,22.12
REC-05014,2026-09-13T01:29:45Z,SITE-E,ESP32-E01,PV-E01,SITE-E-SHO-20,34,0.003,13.6,0.04,27.24,27.52,22.93,95.95,1009.98,7903.0,0.093,0.1,POOR,LOST_IN_TRANSIT,SHORT_CIRCUIT,v1.11,SHORT_CIRCUIT,0.9479,0.0003,0.0517,0.0001,0.0,0.9479,ISOLATED,CRITICAL,4.59,11,0.8571,v1.11,True,SUCCESS,LORA,POOR,22.12
REC-05015,2026-09-13T01:29:50Z,SITE-E,ESP32-E01,PV-E01,SITE-E-SHO-20,35,0.009,13.82,0.12,27.31,27.43,22.95,96.43,1009.98,8023.0,0.103,0.4,POOR,OK,SHORT_CIRCUIT,v1.11,SHORT_CIRCUIT,0.9472,0.0003,0.0523,0.0001,0.0,0.9472,ISOLATED,CRITICAL,3.67,11,0.8571,v1.11,True,SUCCESS,LORA,POOR,22.12
REC-05016,2026-09-13T01:29:55Z,SITE-E,ESP32-E01,PV-E01,SITE-E-SHO-20,36,0.017,13.49,0.23,27.39,27.41,22.95,96.07,1010.03,8227.0,0.092,0.7,POOR,OK,SHORT_CIRCUIT,v1.11,SHORT_CIRCUIT,0.9456,0.0003,0.054,0.0001,0.0,0.9456,ISOLATED,CRITICAL,3.56,11,0.8571,v1.11,True,SUCCESS,LORA,POOR,22.12
REC-05017,2026-09-13T01:30:00Z,SITE-E,ESP32-E01,PV-E01,SITE-E-SHO-20,37,0.015,13.51,0.21,27.41,27.41,22.96,95.73,1010.03,7986.0,0.079,0.6,POOR,OK,SHORT_CIRCUIT,v1.11,SHORT_CIRCUIT,0.945,0.0003,0.0545,0.0001,0.0,0.945,ISOLATED,CRITICAL,3.86,11,0.8571,v1.11,True,SUCCESS,LORA,FAIR,14.05
REC-05018,2026-09-13T01:30:05Z,SITE-E,ESP32-E01,PV-E01,SITE-E-SHO-20,38,0.005,13.53,0.06,27.44,27.38,22.95,95.53,1010.06,8064.0,0.085,0.2,POOR,OK,SHORT_CIRCUIT,v1.11,SHORT_CIRCUIT,0.9463,0.0003,0.0533,0.0001,0.0,0.9463,ISOLATED,CRITICAL,4.35,11,0.8571,v1.11,True,SUCCESS,LORA,FAIR,14.05
REC-05019,2026-09-13T01:30:10Z,SITE-E,ESP32-E01,PV-E01,SITE-E-SHO-20,39,0.0,13.8,0.0,27.45,27.49,22.95,95.85,1009.98,8079.0,0.114,0.0,POOR,OK,SHORT_CIRCUIT,v1.11,SHORT_CIRCUIT,0.9469,0.0003,0.0527,0.0001,0.0,0.9469,ISOLATED,CRITICAL,4.29,11,0.8571,v1.11,True,SUCCESS,LORA,FAIR,14.05
REC-05020,2026-09-13T01:30:15Z,SITE-E,ESP32-E01,PV-E01,SITE-E-SHO-20,40,0.003,13.98,0.04,27.33,27.55,22.96,96.01,1010.06,7749.0,0.095,0.1,POOR,OK,SHORT_CIRCUIT,v1.11,SHORT_CIRCUIT,0.9485,0.0003,0.0511,0.0001,0.0,0.9485,ISOLATED,CRITICAL,4.09,11,0.8571,v1.11,True,SUCCESS,LORA,FAIR,14.05
REC-05021,2026-09-13T01:30:20Z,SITE-E,ESP32-E01,PV-E01,SITE-E-SHO-20,41,0.006,14.39,0.09,27.53,27.5,22.96,95.93,1010.0,8082.0,0.106,0.3,POOR,OK,SHORT_CIRCUIT,v1.11,SHORT_CIRCUIT,0.9473,0.0003,0.0523,0.0001,0.0,0.9473,ISOLATED,CRITICAL,3.96,11,0.8571,v1.11,True,SUCCESS,LORA,FAIR,14.05
REC-05022,2026-09-13T01:30:25Z,SITE-E,ESP32-E01,PV-E01,SITE-E-SHO-20,42,0.007,14.31,0.1,27.48,27.47,22.98,95.52,1010.01,8055.0,0.091,0.3,POOR,OK,SHORT_CIRCUIT,v1.11,SHORT_CIRCUIT,0.948,0.0003,0.0516,0.0001,0.0,0.948,ISOLATED,CRITICAL,2.54,11,0.8571,v1.11,True,SUCCESS,LORA,FAIR,14.05
REC-05023,2026-09-13T01:30:30Z,SITE-E,ESP32-E01,PV-E01,SITE-E-SHO-20,43,0.01,13.71,0.14,27.45,27.62,22.98,95.06,1010.01,8101.0,0.107,0.4,POOR,OK,SHORT_CIRCUIT,v1.11,SHORT_CIRCUIT,0.9471,0.0003,0.0525,0.0001,0.0,0.9471,ISOLATED,CRITICAL,3.12,11,0.8571,v1.11,True,SUCCESS,LORA,FAIR,14.05
REC-05024,2026-09-13T01:30:35Z,SITE-E,ESP32-E01,PV-E01,SITE-E-SHO-20,44,0.009,13.59,0.13,27.52,27.5,22.98,95.61,1010.02,8049.0,0.102,0.4,POOR,OK,SHORT_CIRCUIT,v1.11,SHORT_CIRCUIT,0.9465,0.0003,0.0531,0.0001,0.0,0.9465,ISOLATED,CRITICAL,3.16,11,0.8571,v1.11,True,SUCCESS,LORA,FAIR,14.05
REC-05025,2026-09-13T01:30:40Z,SITE-E,ESP32-E01,PV-E01,SITE-E-SHO-20,45,0.009,13.58,0.13,27.42,27.6,23.0,95.17,1010.03,7945.0,0.118,0.4,POOR,OK,SHORT_CIRCUIT,v1.11,SHORT_CIRCUIT,0.9468,0.0003,0.0527,0.0001,0.0,0.9468,ISOLATED,CRITICAL,4.72,11,0.8571,v1.11,True,SUCCESS,LORA,FAIR,14.05
REC-05026,2026-09-13T01:30:45Z,SITE-E,ESP32-E01,PV-E01,SITE-E-SHO-20,46,0.003,13.35,0.03,27.44,27.4,22.98,95.61,1010.04,7999.0,0.111,0.1,POOR,OK,SHORT_CIRCUIT,v1.11,SHORT_CIRCUIT,0.9465,0.0003,0.0531,0.0001,0.0,0.9465,ISOLATED,CRITICAL,4.08,11,0.8571,v1.11,True,SUCCESS,LORA,FAIR,14.05
REC-05027,2026-09-13T01:30:50Z,SITE-E,ESP32-E01,PV-E01,SITE-E-SHO-20,47,0.003,13.8,0.04,27.39,27.52,22.96,95.97,1010.0,8056.0,0.105,0.1,POOR,OK,SHORT_CIRCUIT,v1.11,SHORT_CIRCUIT,0.9478,0.0003,0.0518,0.0001,0.0,0.9478,ISOLATED,CRITICAL,4.66,11,0.8571,v1.11,True,SUCCESS,LORA,FAIR,14.05
REC-05028,2026-09-13T01:30:55Z,SITE-E,ESP32-E01,PV-E01,SITE-E-SHO-20,48,0.0,13.47,0.0,27.31,27.43,22.97,96.33,1010.01,8227.0,0.092,0.0,POOR,OK,SHORT_CIRCUIT,v1.11,SHORT_CIRCUIT,0.9481,0.0003,0.0515,0.0001,0.0,0.9481,ISOLATED,CRITICAL,2.13,11,0.8571,v1.11,True,SUCCESS,LORA,FAIR,14.05
REC-05029,2026-09-13T01:31:00Z,SITE-E,ESP32-E01,PV-E01,SITE-E-SHO-20,49,0.007,13.37,0.09,27.45,27.42,22.97,95.17,1009.98,8017.0,0.086,0.3,POOR,OK,SHORT_CIRCUIT,v1.11,SHORT_CIRCUIT,0.946,0.0003,0.0536,0.0001,0.0,0.946,ISOLATED,CRITICAL,2.12,11,0.8571,v1.11,True,SUCCESS,LORA,FAIR,14.05
REC-05030,2026-09-13T01:31:05Z,SITE-E,ESP32-E01,PV-E01,SITE-E-SHO-20,50,0.01,13.47,0.14,27.62,27.45,22.97,95.59,1010.03,8163.0,0.097,0.4,POOR,OK,SHORT_CIRCUIT,v1.11,SHORT_CIRCUIT,0.9455,0.0003,0.0541,0.0001,0.0,0.9455,ISOLATED,CRITICAL,4.54,11,0.8571,v1.11,True,SUCCESS,LORA,FAIR,14.05
REC-05031,2026-09-13T01:31:10Z,SITE-E,ESP32-E01,PV-E01,SITE-E-SHO-20,51,0.011,14.12,0.16,27.44,27.52,22.97,96.02,1010.02,8220.0,0.098,0.5,POOR,LOST_IN_TRANSIT,SHORT_CIRCUIT,v1.11,SHORT_CIRCUIT,0.9477,0.0003,0.0519,0.0001,0.0,0.9477,ISOLATED,CRITICAL,4.19,11,0.8571,v1.11,True,SUCCESS,LORA,FAIR,14.05
REC-05032,2026-09-13T01:31:15Z,SITE-E,ESP32-E01,PV-E01,SITE-E-SHO-20,52,0.0,13.84,0.0,27.37,27.48,22.98,95.76,1009.99,8114.0,0.094,0.0,POOR,OK,SHORT_CIRCUIT,v1.11,SHORT_CIRCUIT,0.9487,0.0003,0.0509,0.0001,0.0,0.9487,ISOLATED,CRITICAL,2.85,11,0.8571,v1.11,True,SUCCESS,LORA,FAIR,14.05
REC-05033,2026-09-13T01:31:20Z,SITE-E,ESP32-E01,PV-E01,SITE-E-SHO-20,53,0.008,13.43,0.11,27.54,27.35,22.97,95.95,1009.97,8324.0,0.105,0.3,POOR,OK,SHORT_CIRCUIT,v1.11,SHORT_CIRCUIT,0.9456,0.0003,0.054,0.0001,0.0,0.9456,ISOLATED,CRITICAL,2.42,11,0.8571,v1.11,True,SUCCESS,LORA,FAIR,14.05
REC-05034,2026-09-13T01:31:25Z,SITE-E,ESP32-E01,PV-E01,SITE-E-SHO-20,54,0.001,14.07,0.01,27.48,27.51,22.97,96.01,1010.01,8105.0,0.099,0.0,POOR,OK,SHORT_CIRCUIT,v1.11,SHORT_CIRCUIT,0.9485,0.0003,0.0511,0.0001,0.0,0.9485,ISOLATED,CRITICAL,2.31,11,0.8571,v1.11,True,SUCCESS,LORA,FAIR,14.05
REC-05035,2026-09-13T01:31:30Z,SITE-E,ESP32-E01,PV-E01,SITE-E-SHO-20,55,0.009,14.18,0.12,27.57,27.51,22.97,95.78,1010.05,8087.0,0.098,0.4,POOR,OK,SHORT_CIRCUIT,v1.11,SHORT_CIRCUIT,0.9471,0.0003,0.0525,0.0001,0.0,0.9471,ISOLATED,CRITICAL,3.47,11,0.8571,v1.11,True,SUCCESS,LORA,FAIR,14.05
REC-05036,2026-09-13T01:31:35Z,SITE-E,ESP32-E01,PV-E01,SITE-E-SHO-20,56,0.001,13.75,0.01,27.6,27.44,22.98,96.26,1010.06,8372.0,0.113,0.0,POOR,OK,SHORT_CIRCUIT,v1.11,SHORT_CIRCUIT,0.9465,0.0002,0.0531,0.0001,0.0,0.9465,ISOLATED,CRITICAL,3.38,11,0.8571,v1.11,True,SUCCESS,LORA,FAIR,14.05
REC-05037,2026-09-13T01:31:40Z,SITE-E,ESP32-E01,PV-E01,SITE-E-SHO-20,57,0.01,13.76,0.13,27.53,27.63,22.98,96.63,1009.97,8292.0,0.099,0.4,POOR,OK,SHORT_CIRCUIT,v1.11,SHORT_CIRCUIT,0.9469,0.0003,0.0528,0.0001,0.0,0.9469,ISOLATED,CRITICAL,4.52,11,0.8571,v1.11,True,SUCCESS,LORA,FAIR,14.05
REC-05038,2026-09-13T01:31:45Z,SITE-E,ESP32-E01,PV-E01,SITE-E-SHO-20,58,0.003,13.72,0.04,27.59,27.64,22.96,95.58,1010.04,7905.0,0.084,0.1,POOR,OK,SHORT_CIRCUIT,v1.11,SHORT_CIRCUIT,0.9461,0.0003,0.0535,0.0001,0.0,0.9461,ISOLATED,CRITICAL,3.97,11,0.8571,v1.11,True,SUCCESS,LORA,FAIR,14.05
REC-05039,2026-09-13T01:31:50Z,SITE-E,ESP32-E01,PV-E01,SITE-E-SHO-20,59,0.003,14.05,0.04,27.55,27.63,22.97,96.18,1010.03,7856.0,0.108,0.1,POOR,OK,SHORT_CIRCUIT,v1.11,SHORT_CIRCUIT,0.9474,0.0002,0.0522,0.0001,0.0,0.9474,ISOLATED,CRITICAL,2.8,11,0.8571,v1.11,True,SUCCESS,LORA,FAIR,14.05
REC-05040,2026-09-13T01:31:55Z,SITE-E,ESP32-E01,PV-E01,SITE-E-SHO-20,60,0.01,14.23,0.14,27.39,27.71,22.95,96.53,1010.05,8490.0,0.1,0.4,POOR,OK,SHORT_CIRCUIT,v1.11,SHORT_CIRCUIT,0.9481,0.0003,0.0515,0.0001,0.0,0.9481,ISOLATED,CRITICAL,4.21,11,0.8571,v1.11,True,SUCCESS,LORA,FAIR,14.05
REC-05041,2026-09-13T02:08:00Z,SITE-A,ESP32-A01,PV-A01,SITE-A-NOR-04,1,2.772,46.8,129.74,32.38,31.81,24.58,89.18,1009.38,29512.0,0.169,94.7,GOOD,OK,NORMAL,v1.11,NORMAL,0.825,0.825,0.1561,0.0096,0.0045,0.0048,CONNECTED,NONE,3.61,11,0.8571,v1.11,True,SUCCESS,WIFI,GOOD,1.03
REC-05042,2026-09-13T02:08:05Z,SITE-A,ESP32-A01,PV-A01,SITE-A-NOR-04,2,2.814,46.47,130.78,32.43,31.82,24.57,89.74,1009.35,29413.0,0.153,95.3,GOOD,OK,NORMAL,v1.11,NORMAL,0.8407,0.8407,0.1433,0.0077,0.0043,0.004,CONNECTED,NONE,3.51,11,0.8571,v1.11,True,SUCCESS,WIFI,GOOD,1.03
REC-05043,2026-09-13T02:08:10Z,SITE-A,ESP32-A01,PV-A01,SITE-A-NOR-04,3,2.8,46.36,129.83,32.45,32.03,24.56,90.04,1009.34,29539.0,0.19,94.4,GOOD,OK,NORMAL,v1.11,NORMAL,0.8041,0.8041,0.1728,0.0132,0.0049,0.005,CONNECTED,NONE,3.1,11,0.8571,v1.11,True,SUCCESS,WIFI,GOOD,1.03
REC-05044,2026-09-13T02:08:15Z,SITE-A,ESP32-A01,PV-A01,SITE-A-NOR-04,4,2.803,46.71,130.91,32.52,31.93,24.57,89.51,1009.32,29638.0,0.178,94.9,GOOD,OK,NORMAL,v1.11,NORMAL,0.8185,0.8185,0.1613,0.011,0.0047,0.0046,CONNECTED,NONE,2.73,11,0.8571,v1.11,True,SUCCESS,WIFI,GOOD,1.03
REC-05045,2026-09-13T02:08:20Z,SITE-A,ESP32-A01,PV-A01,SITE-A-NOR-04,5,2.809,46.95,131.88,32.51,32.14,24.57,89.75,1009.38,29937.0,0.17,94.8,GOOD,OK,NORMAL,v1.11,NORMAL,0.8263,0.8263,0.1548,0.0099,0.0046,0.0044,CONNECTED,NONE,3.57,11,0.8571,v1.11,True,SUCCESS,WIFI,GOOD,1.03
REC-05046,2026-09-13T02:08:25Z,SITE-A,ESP32-A01,PV-A01,SITE-A-NOR-04,6,2.809,47.2,132.6,32.61,31.96,24.58,89.59,1009.36,30050.0,0.167,95.8,GOOD,OK,NORMAL,v1.11,NORMAL,0.831,0.831,0.1509,0.0093,0.0045,0.0042,CONNECTED,NONE,4.28,11,0.8571,v1.11,True,SUCCESS,WIFI,GOOD,1.03
REC-05047,2026-09-13T02:08:30Z,SITE-A,ESP32-A01,PV-A01,SITE-A-NOR-04,7,2.792,47.64,133.02,32.52,32.02,24.6,90.25,1009.3,29886.0,0.182,96.3,GOOD,OK,NORMAL,v1.11,NORMAL,0.8304,0.8304,0.1497,0.011,0.0045,0.0045,CONNECTED,NONE,4.61,11,0.8571,v1.11,True,SUCCESS,WIFI,GOOD,1.03
REC-05048,2026-09-13T02:08:35Z,SITE-A,ESP32-A01,PV-A01,SITE-A-NOR-04,8,2.815,46.09,129.72,32.51,32.16,24.6,90.02,1009.35,29735.0,0.166,94.1,GOOD,OK,NORMAL,v1.11,NORMAL,0.8219,0.8219,0.159,0.0098,0.0048,0.0045,CONNECTED,NONE,3.79,11,0.8571,v1.11,True,SUCCESS,WIFI,GOOD,1.03
REC-05049,2026-09-13T02:08:40Z,SITE-A,ESP32-A01,PV-A01,SITE-A-NOR-04,9,2.818,47.16,132.89,32.39,31.87,24.6,90.0,1009.34,29588.0,0.182,96.6,GOOD,OK,NORMAL,v1.11,NORMAL,0.8415,0.8415,0.1395,0.0107,0.0044,0.0039,CONNECTED,NONE,4.52,11,0.8571,v1.11,True,SUCCESS,WIFI,GOOD,1.03
REC-05050,2026-09-13T02:08:45Z,SITE-A,ESP32-A01,PV-A01,SITE-A-NOR-04,10,2.783,46.5,129.41,32.62,31.79,24.59,89.99,1009.42,29497.0,0.176,94.4,GOOD,OK,NORMAL,v1.11,NORMAL,0.8091,0.8091,0.1702,0.011,0.0048,0.0049,CONNECTED,NONE,3.46,11,0.8571,v1.11,True,SUCCESS,WIFI,GOOD,1.03
REC-05051,2026-09-13T02:08:50Z,SITE-A,ESP32-A01,PV-A01,SITE-A-NOR-04,11,2.811,46.6,131.0,32.49,32.05,24.58,89.79,1009.32,29585.0,0.173,95.7,GOOD,OK,NORMAL,v1.11,NORMAL,0.8247,0.8247,0.1559,0.0103,0.0046,0.0044,CONNECTED,NONE,2.22,11,0.8571,v1.11,True,SUCCESS,WIFI,GOOD,1.03
REC-05052,2026-09-13T02:08:55Z,SITE-A,ESP32-A01,PV-A01,SITE-A-NOR-04,12,2.79,46.68,130.23,32.48,31.85,24.59,89.86,1009.33,29516.0,0.172,95.5,GOOD,OK,NORMAL,v1.11,NORMAL,0.824,0.824,0.1568,0.0101,0.0046,0.0046,CONNECTED,NONE,4.32,11,0.8571,v1.11,True,SUCCESS,WIFI,GOOD,1.03
REC-05053,2026-09-13T02:09:00Z,SITE-A,ESP32-A01,PV-A01,SITE-A-NOR-04,13,2.803,45.96,128.8,32.31,31.94,24.58,89.44,1009.4,29322.0,0.169,94.3,GOOD,OK,NORMAL,v1.11,NORMAL,0.825,0.825,0.156,0.0099,0.0046,0.0045,CONNECTED,NONE,4.49,11,0.8571,v1.11,True,SUCCESS,WIFI,GOOD,1.03
REC-05054,2026-09-13T02:09:05Z,SITE-A,ESP32-A01,PV-A01,SITE-A-NOR-04,14,2.796,46.5,129.98,32.38,31.9,24.57,89.14,1009.41,29468.0,0.181,95.2,GOOD,OK,NORMAL,v1.11,NORMAL,0.8186,0.8186,0.1607,0.0114,0.0047,0.0047,CONNECTED,NONE,2.84,11,0.8571,v1.11,True,SUCCESS,WIFI,GOOD,1.03
REC-05055,2026-09-13T02:09:10Z,SITE-A,ESP32-A01,PV-A01,SITE-A-NOR-04,15,2.8,46.53,130.28,32.58,32.01,24.57,89.85,1009.35,29200.0,0.162,95.3,GOOD,OK,NORMAL,v1.11,NORMAL,0.822,0.822,0.1599,0.0091,0.0044,0.0046,CONNECTED,NONE,4.23,11,0.8571,v1.11,True,SUCCESS,WIFI,GOOD,1.03
REC-05056,2026-09-13T02:09:15Z,SITE-A,ESP32-A01,PV-A01,SITE-A-NOR-04,16,2.784,46.87,130.5,32.51,31.91,24.57,89.9,1009.35,29582.0,0.155,95.3,GOOD,OK,NORMAL,v1.11,NORMAL,0.8293,0.8293,0.1537,0.0081,0.0043,0.0046,CONNECTED,NONE,3.76,11,0.8571,v1.11,True,SUCCESS,WIFI,GOOD,1.03
REC-05057,2026-09-13T02:09:20Z,SITE-A,ESP32-A01,PV-A01,SITE-A-NOR-04,17,2.778,46.87,130.22,32.34,31.98,24.56,90.16,1009.39,29717.0,0.177,94.9,GOOD,OK,NORMAL,v1.11,NORMAL,0.8189,0.8189,0.1608,0.0108,0.0046,0.005,CONNECTED,NONE,4.78,11,0.8571,v1.11,True,SUCCESS,WIFI,GOOD,1.03
REC-05058,2026-09-13T02:09:25Z,SITE-A,ESP32-A01,PV-A01,SITE-A-NOR-04,18,2.783,47.11,131.1,32.57,32.02,24.56,90.27,1009.3,29528.0,0.177,95.6,GOOD,OK,NORMAL,v1.11,NORMAL,0.8131,0.8131,0.1666,0.0109,0.0045,0.005,CONNECTED,NONE,2.89,11,0.8571,v1.11,True,SUCCESS,WIFI,GOOD,1.03
REC-05059,2026-09-13T02:09:30Z,SITE-A,ESP32-A01,PV-A01,SITE-A-NOR-04,19,2.798,46.76,130.82,32.48,31.94,24.58,90.27,1009.31,30030.0,0.176,94.8,GOOD,OK,NORMAL,v1.11,NORMAL,0.8206,0.8206,0.1592,0.0107,0.0048,0.0046,CONNECTED,NONE,2.2,11,0.8571,v1.11,True,SUCCESS,WIFI,GOOD,1.03
REC-05060,2026-09-13T02:09:35Z,SITE-A,ESP32-A01,PV-A01,SITE-A-NOR-04,20,2.798,46.89,131.22,32.63,31.96,24.57,89.5,1009.36,29646.0,0.175,95.1,GOOD,OK,NORMAL,v1.11,NORMAL,0.8155,0.8155,0.1645,0.0107,0.0046,0.0047,CONNECTED,NONE,4.14,11,0.8571,v1.11,True,SUCCESS,WIFI,GOOD,1.03
REC-05061,2026-09-13T02:09:40Z,SITE-A,ESP32-A01,PV-A01,SITE-A-NOR-04,21,2.782,47.09,131.01,32.44,31.92,24.55,89.69,1009.42,29646.0,0.168,95.4,GOOD,OK,NORMAL,v1.11,NORMAL,0.8241,0.8241,0.1573,0.0095,0.0044,0.0047,CONNECTED,NONE,2.35,11,0.8571,v1.11,True,SUCCESS,WIFI,GOOD,1.03
REC-05062,2026-09-13T02:09:45Z,SITE-A,ESP32-A01,PV-A01,SITE-A-NOR-04,22,2.808,46.51,130.6,32.44,31.81,24.56,89.94,1009.36,29520.0,0.179,95.4,GOOD,OK,NORMAL,v1.11,NORMAL,0.821,0.821,0.1588,0.011,0.0047,0.0044,CONNECTED,NONE,2.44,11,0.8571,v1.11,True,SUCCESS,WIFI,GOOD,1.03
REC-05063,2026-09-13T02:09:50Z,SITE-A,ESP32-A01,PV-A01,SITE-A-NOR-04,23,2.811,46.32,130.18,32.49,31.86,24.56,90.56,1009.37,29356.0,0.171,95.6,GOOD,OK,NORMAL,v1.11,NORMAL,0.8213,0.8213,0.1596,0.0101,0.0046,0.0044,CONNECTED,NONE,3.35,11,0.8571,v1.11,True,SUCCESS,WIFI,GOOD,1.03
REC-05064,2026-09-13T02:09:55Z,SITE-A,ESP32-A01,PV-A01,SITE-A-NOR-04,24,2.801,45.99,128.82,32.32,31.9,24.55,90.24,1009.4,29356.0,0.166,94.6,GOOD,OK,NORMAL,v1.11,NORMAL,0.8215,0.8215,0.1597,0.0096,0.0046,0.0046,CONNECTED,NONE,4.05,11,0.8571,v1.11,True,SUCCESS,WIFI,GOOD,1.03
REC-05065,2026-09-13T02:10:00Z,SITE-A,ESP32-A01,PV-A01,SITE-A-NOR-04,25,2.816,45.61,128.43,32.33,31.88,24.54,90.14,1009.43,29378.0,0.168,94.3,GOOD,OK,NORMAL,v1.11,NORMAL,0.8172,0.8172,0.1634,0.01,0.0048,0.0045,CONNECTED,NONE,3.05,11,0.8571,v1.11,True,SUCCESS,WIFI,GOOD,0.28
REC-05066,2026-09-13T02:10:05Z,SITE-A,ESP32-A01,PV-A01,SITE-A-NOR-04,26,2.792,46.03,128.54,32.39,31.88,24.53,89.68,1009.35,29448.0,0.191,94.6,GOOD,OK,NORMAL,v1.11,NORMAL,0.7943,0.7943,0.1818,0.0136,0.005,0.0052,CONNECTED,NONE,3.38,11,0.8571,v1.11,True,SUCCESS,WIFI,GOOD,0.28
REC-05067,2026-09-13T02:10:10Z,SITE-A,ESP32-A01,PV-A01,SITE-A-NOR-04,27,2.811,46.01,129.34,32.52,31.95,24.53,89.54,1009.37,29705.0,0.154,94.6,GOOD,OK,NORMAL,v1.11,NORMAL,0.817,0.817,0.1653,0.0085,0.0047,0.0046,CONNECTED,NONE,2.56,11,0.8571,v1.11,True,SUCCESS,WIFI,GOOD,0.28
REC-05068,2026-09-13T02:10:15Z,SITE-A,ESP32-A01,PV-A01,SITE-A-NOR-04,28,2.776,46.97,130.4,32.36,31.91,24.55,90.04,1009.42,29547.0,0.176,95.2,GOOD,OK,NORMAL,v1.11,NORMAL,0.8194,0.8194,0.1607,0.0105,0.0045,0.0049,CONNECTED,NONE,3.1,11,0.8571,v1.11,True,SUCCESS,WIFI,GOOD,0.28
REC-05069,2026-09-13T02:10:20Z,SITE-A,ESP32-A01,PV-A01,SITE-A-NOR-04,29,2.805,46.73,131.08,32.36,32.04,24.54,89.47,1009.32,29733.0,0.154,95.5,GOOD,OK,NORMAL,v1.11,NORMAL,0.8354,0.8354,0.1481,0.008,0.0043,0.0043,CONNECTED,NONE,2.61,11,0.8571,v1.11,True,SUCCESS,WIFI,GOOD,0.28
REC-05070,2026-09-13T02:10:25Z,SITE-A,ESP32-A01,PV-A01,SITE-A-NOR-04,30,2.825,46.1,130.22,32.54,32.09,24.53,89.73,1009.4,29424.0,0.17,95.1,GOOD,TEMP1_SENTINEL_-127,NORMAL,v1.11,NORMAL,0.812,0.812,0.1684,0.0104,0.0047,0.0045,CONNECTED,NONE,3.94,11,0.8571,v1.11,True,SUCCESS,WIFI,GOOD,0.28
REC-05071,2026-09-13T02:10:30Z,SITE-A,ESP32-A01,PV-A01,SITE-A-NOR-04,31,2.811,46.53,130.79,32.42,31.93,24.54,89.77,1009.34,29555.0,0.167,95.8,GOOD,TEMP1_SENTINEL_-127,NORMAL,v1.11,NORMAL,0.8258,0.8258,0.1559,0.0095,0.0045,0.0043,CONNECTED,NONE,3.68,11,0.8571,v1.11,True,SUCCESS,WIFI,GOOD,0.28
REC-05072,2026-09-13T02:10:35Z,SITE-A,ESP32-A01,PV-A01,SITE-A-NOR-04,32,2.796,46.69,130.55,32.44,32.01,24.52,90.28,1009.37,29330.0,0.15,95.7,GOOD,TEMP1_SENTINEL_-127,NORMAL,v1.11,NORMAL,0.8286,0.8286,0.1551,0.0077,0.0041,0.0045,CONNECTED,NONE,4.2,11,0.8571,v1.11,True,SUCCESS,WIFI,GOOD,0.28
REC-05073,2026-09-13T02:10:40Z,SITE-A,ESP32-A01,PV-A01,SITE-A-NOR-04,33,2.799,46.35,129.74,32.33,31.96,24.53,89.69,1009.36,29623.0,0.175,95.0,GOOD,TEMP1_SENTINEL_-127,NORMAL,v1.11,NORMAL,0.8152,0.8152,0.1646,0.0107,0.0047,0.0048,CONNECTED,NONE,2.98,11,0.8571,v1.11,True,SUCCESS,WIFI,GOOD,0.28
REC-05074,2026-09-13T02:10:45Z,SITE-A,ESP32-A01,PV-A01,SITE-A-NOR-04,34,2.796,45.93,128.42,32.39,31.97,24.51,89.07,1009.34,29627.0,0.167,94.6,GOOD,TEMP1_SENTINEL_-127,NORMAL,v1.11,NORMAL,0.8046,0.8046,0.1754,0.0101,0.0048,0.0051,CONNECTED,NONE,2.29,11,0.8571,v1.11,True,SUCCESS,WIFI,GOOD,0.28
REC-05075,2026-09-13T02:10:50Z,SITE-A,ESP32-A01,PV-A01,SITE-A-NOR-04,35,2.808,46.43,130.35,32.44,32.06,24.51,89.95,1009.34,29261.0,0.15,96.1,GOOD,TEMP1_SENTINEL_-127,NORMAL,v1.11,NORMAL,0.8265,0.8265,0.1571,0.0078,0.0042,0.0044,CONNECTED,NONE,4.04,11,0.8571,v1.11,True,SUCCESS,WIFI,GOOD,0.28
REC-05076,2026-09-13T02:10:55Z,SITE-A,ESP32-A01,PV-A01,SITE-A-NOR-04,36,2.811,45.88,128.97,32.52,31.98,24.52,89.59,1009.38,28952.0,0.179,95.0,GOOD,TEMP1_SENTINEL_-127,NORMAL,v1.11,NORMAL,0.7994,0.7994,0.1792,0.0118,0.0047,0.0049,CONNECTED,NONE,4.26,11,0.8571,v1.11,True,SUCCESS,WIFI,GOOD,0.28
REC-05077,2026-09-13T02:11:00Z,SITE-A,ESP32-A01,PV-A01,SITE-A-NOR-04,37,2.816,45.76,128.85,32.4,31.82,24.53,89.81,1009.4,29179.0,0.185,95.0,GOOD,TEMP1_SENTINEL_-127,NORMAL,v1.11,NORMAL,0.8049,0.8049,0.173,0.0125,0.0049,0.0046,CONNECTED,NONE,2.83,11,0.8571,v1.11,True,SUCCESS,WIFI,GOOD,0.28
REC-05078,2026-09-13T02:11:05Z,SITE-A,ESP32-A01,PV-A01,SITE-A-NOR-04,38,2.799,45.83,128.27,32.58,31.98,24.53,89.77,1009.37,29375.0,0.186,94.8,GOOD,TEMP1_SENTINEL_-127,NORMAL,v1.11,NORMAL,0.7846,0.7846,0.1917,0.0133,0.0051,0.0053,CONNECTED,NONE,3.64,11,0.8571,v1.11,True,SUCCESS,WIFI,GOOD,0.28
REC-05079,2026-09-13T02:11:10Z,SITE-A,ESP32-A01,PV-A01,SITE-A-NOR-04,39,2.774,45.84,127.17,32.38,32.03,24.51,89.72,1009.37,29225.0,0.175,94.2,GOOD,TEMP1_SENTINEL_-127,NORMAL,v1.11,NORMAL,0.7897,0.7897,0.1884,0.0115,0.0048,0.0057,CONNECTED,NONE,3.73,11,0.8571,v1.11,True,SUCCESS,WIFI,GOOD,0.28
REC-05080,2026-09-13T02:11:15Z,SITE-A,ESP32-A01,PV-A01,SITE-A-NOR-04,40,2.799,45.33,126.87,32.39,31.93,24.5,90.04,1009.39,29164.0,0.171,94.0,GOOD,TEMP1_SENTINEL_-127,NORMAL,v1.11,NORMAL,0.7927,0.7927,0.1862,0.011,0.0049,0.0052,CONNECTED,NONE,4.62,11,0.8571,v1.11,True,SUCCESS,WIFI,GOOD,0.28
REC-05081,2026-09-13T02:11:20Z,SITE-A,ESP32-A01,PV-A01,SITE-A-NOR-04,41,2.785,46.25,128.79,32.58,32.04,24.5,89.34,1009.34,29286.0,0.184,95.4,GOOD,TEMP1_SENTINEL_-127,NORMAL,v1.11,NORMAL,0.7816,0.7816,0.195,0.0129,0.0048,0.0056,CONNECTED,NONE,3.43,11,0.8571,v1.11,True,SUCCESS,WIFI,GOOD,0.28
REC-05082,2026-09-13T02:11:25Z,SITE-A,ESP32-A01,PV-A01,SITE-A-NOR-04,42,2.789,45.84,127.87,32.49,31.92,24.5,89.64,1009.39,29261.0,0.188,94.5,GOOD,TEMP1_SENTINEL_-127,NORMAL,v1.11,NORMAL,0.78,0.78,0.1958,0.0136,0.005,0.0056,CONNECTED,NONE,2.31,11,0.8571,v1.11,True,SUCCESS,WIFI,GOOD,0.28
REC-05083,2026-09-13T02:11:30Z,SITE-A,ESP32-A01,PV-A01,SITE-A-NOR-04,43,2.784,47.09,131.11,32.42,31.85,24.51,90.01,1009.39,29466.0,0.182,96.6,GOOD,TEMP1_SENTINEL_-127,NORMAL,v1.11,NORMAL,0.8118,0.8118,0.1674,0.0114,0.0045,0.0049,CONNECTED,NONE,3.83,11,0.8571,v1.11,True,SUCCESS,WIFI,GOOD,0.28
REC-05084,2026-09-13T02:11:35Z,SITE-A,ESP32-A01,PV-A01,SITE-A-NOR-04,44,2.802,45.56,127.66,32.45,31.98,24.51,89.62,1009.45,29395.0,0.162,94.1,GOOD,TEMP1_SENTINEL_-127,NORMAL,v1.11,NORMAL,0.8011,0.8011,0.1793,0.0097,0.0048,0.005,CONNECTED,NONE,4.12,11,0.8571,v1.11,True,SUCCESS,WIFI,GOOD,0.28
REC-05085,2026-09-13T02:11:40Z,SITE-A,ESP32-A01,PV-A01,SITE-A-NOR-04,45,2.784,45.78,127.42,32.54,31.8,24.52,89.32,1009.36,29445.0,0.173,94.1,GOOD,TEMP1_SENTINEL_-127,NORMAL,v1.11,NORMAL,0.7892,0.7892,0.1892,0.0112,0.005,0.0054,CONNECTED,NONE,4.01,11,0.8571,v1.11,True,SUCCESS,WIFI,GOOD,0.28
REC-05086,2026-09-13T02:11:45Z,SITE-A,ESP32-A01,PV-A01,SITE-A-NOR-04,46,2.791,46.38,129.43,32.58,31.94,24.52,90.0,1009.36,29310.0,0.175,95.5,GOOD,TEMP1_SENTINEL_-127,NORMAL,v1.11,NORMAL,0.7986,0.7986,0.1805,0.0111,0.0047,0.0051,CONNECTED,NONE,2.2,11,0.8571,v1.11,True,SUCCESS,WIFI,GOOD,0.28
REC-05087,2026-09-13T02:11:50Z,SITE-A,ESP32-A01,PV-A01,SITE-A-NOR-04,47,2.767,46.84,129.61,32.41,32.08,24.5,90.14,1009.39,29445.0,0.153,95.4,GOOD,TEMP1_SENTINEL_-127,NORMAL,v1.11,NORMAL,0.8146,0.8146,0.1678,0.0082,0.0042,0.0053,CONNECTED,NONE,4.36,11,0.8571,v1.11,True,SUCCESS,WIFI,GOOD,0.28
REC-05088,2026-09-13T02:11:55Z,SITE-A,ESP32-A01,PV-A01,SITE-A-NOR-04,48,2.813,45.84,128.96,32.47,31.82,24.49,89.79,1009.39,29225.0,0.176,95.1,GOOD,TEMP1_SENTINEL_-127,NORMAL,v1.11,NORMAL,0.7999,0.7999,0.1792,0.0113,0.0048,0.0048,CONNECTED,NONE,2.75,11,0.8571,v1.11,True,SUCCESS,WIFI,GOOD,0.28
REC-05089,2026-09-13T02:12:00Z,SITE-A,ESP32-A01,PV-A01,SITE-A-NOR-04,49,2.798,46.22,129.3,32.49,31.88,24.5,89.21,1009.35,29251.0,0.194,95.1,GOOD,TEMP1_SENTINEL_-127,NORMAL,v1.11,NORMAL,0.7876,0.7876,0.1881,0.0142,0.0049,0.0052,CONNECTED,NONE,4.62,11,0.8571,v1.11,True,SUCCESS,WIFI,GOOD,0.28
REC-05090,2026-09-13T02:12:05Z,SITE-A,ESP32-A01,PV-A01,SITE-A-NOR-04,50,2.774,46.01,127.63,32.41,31.9,24.49,90.01,1009.36,29684.0,0.177,93.6,GOOD,OK,NORMAL,v1.11,NORMAL,0.7856,0.7856,0.192,0.0117,0.005,0.0057,CONNECTED,NONE,4.35,11,0.8571,v1.11,True,SUCCESS,WIFI,GOOD,0.28
REC-05091,2026-09-13T02:12:10Z,SITE-A,ESP32-A01,PV-A01,SITE-A-NOR-04,51,2.775,46.55,129.16,32.51,32.01,24.5,89.3,1009.39,29574.0,0.186,94.3,GOOD,OK,NORMAL,v1.11,NORMAL,0.7849,0.7849,0.1916,0.013,0.0048,0.0057,CONNECTED,NONE,4.55,11,0.8571,v1.11,True,SUCCESS,WIFI,GOOD,0.28
REC-05092,2026-09-13T02:12:15Z,SITE-A,ESP32-A01,PV-A01,SITE-A-NOR-04,52,2.797,46.37,129.7,32.55,32.02,24.51,89.89,1009.35,29819.0,0.173,94.2,GOOD,OK,NORMAL,v1.11,NORMAL,0.7985,0.7985,0.1805,0.0109,0.0049,0.0051,CONNECTED,NONE,3.01,11,0.8571,v1.11,True,SUCCESS,WIFI,GOOD,0.28
REC-05093,2026-09-13T02:12:20Z,SITE-A,ESP32-A01,PV-A01,SITE-A-NOR-04,53,2.785,46.17,128.57,32.62,32.14,24.51,89.53,1009.36,29641.0,0.17,93.6,GOOD,OK,NORMAL,v1.11,NORMAL,0.7864,0.7864,0.1922,0.0109,0.0048,0.0056,CONNECTED,NONE,3.69,11,0.8571,v1.11,True,SUCCESS,WIFI,GOOD,0.28
REC-05094,2026-09-13T02:12:25Z,SITE-A,ESP32-A01,PV-A01,SITE-A-NOR-04,54,2.801,46.58,130.47,32.62,32.1,24.48,89.45,1009.37,29535.0,0.175,95.0,GOOD,OK,NORMAL,v1.11,NORMAL,0.7932,0.7932,0.1857,0.0113,0.0046,0.0052,CONNECTED,NONE,3.4,11,0.8571,v1.11,True,SUCCESS,WIFI,GOOD,0.28
REC-05095,2026-09-13T02:12:30Z,SITE-A,ESP32-A01,PV-A01,SITE-A-NOR-04,55,2.791,45.98,128.32,32.53,32.09,24.47,89.67,1009.4,29626.0,0.163,93.5,GOOD,OK,NORMAL,v1.11,NORMAL,0.7885,0.7885,0.1912,0.01,0.0048,0.0055,CONNECTED,NONE,3.25,11,0.8571,v1.11,True,SUCCESS,WIFI,GOOD,0.28
REC-05096,2026-09-13T02:12:35Z,SITE-A,ESP32-A01,PV-A01,SITE-A-NOR-04,56,2.807,45.93,128.91,32.54,32.07,24.49,89.75,1009.35,29831.0,0.161,93.9,GOOD,OK,NORMAL,v1.11,NORMAL,0.7984,0.7984,0.182,0.0096,0.0049,0.0051,CONNECTED,NONE,3.33,11,0.8571,v1.11,True,SUCCESS,WIFI,GOOD,0.28
REC-05097,2026-09-13T02:12:40Z,SITE-A,ESP32-A01,PV-A01,SITE-A-NOR-04,57,2.791,46.47,129.7,32.61,32.09,24.48,89.61,1009.31,29642.0,0.184,94.7,GOOD,OK,NORMAL,v1.11,NORMAL,0.7804,0.7804,0.1963,0.0129,0.0049,0.0056,CONNECTED,NONE,2.97,11,0.8571,v1.11,True,SUCCESS,WIFI,GOOD,0.28
REC-05098,2026-09-13T02:12:45Z,SITE-A,ESP32-A01,PV-A01,SITE-A-NOR-04,58,2.807,45.94,128.97,32.49,31.97,24.46,89.98,1009.31,29170.0,0.185,94.6,GOOD,OK,NORMAL,v1.11,NORMAL,0.7838,0.7838,0.1931,0.013,0.0048,0.0052,CONNECTED,NONE,3.51,11,0.8571,v1.11,True,SUCCESS,WIFI,GOOD,0.28
REC-05099,2026-09-13T02:12:50Z,SITE-A,ESP32-A01,PV-A01,SITE-A-NOR-04,59,2.781,46.69,129.85,32.6,32.12,24.47,89.67,1009.33,29403.0,0.161,95.2,GOOD,OK,NORMAL,v1.11,NORMAL,0.7959,0.7959,0.1848,0.0095,0.0044,0.0054,CONNECTED,NONE,2.13,11,0.8571,v1.11,True,SUCCESS,WIFI,GOOD,0.28
REC-05100,2026-09-13T02:12:55Z,SITE-A,ESP32-A01,PV-A01,SITE-A-NOR-04,60,2.807,46.01,129.15,32.53,31.95,24.47,90.09,1009.33,29635.0,0.181,94.9,GOOD,OK,NORMAL,v1.11,NORMAL,0.7856,0.7856,0.1918,0.0124,0.005,0.0052,CONNECTED,NONE,3.73,11,0.8571,v1.11,True,SUCCESS,WIFI,GOOD,0.28
REC-05101,2026-09-13T06:47:00Z,SITE-C,ESP32-C01,PV-C01,SITE-C-SHO-08,1,0.115,87.1,9.98,40.91,39.68,27.97,84.9,1009.96,51586.0,0.105,4.5,POOR,OK,SHORT_CIRCUIT,v1.12,SHORT_CIRCUIT,0.9875,0.0001,0.0121,0.0,0.0003,0.9875,ISOLATED,CRITICAL,2.68,12,0.8833,v1.12,True,SUCCESS,LORA,GOOD,0.46
REC-05102,2026-09-13T06:47:05Z,SITE-C,ESP32-C01,PV-C01,SITE-C-SHO-08,2,0.103,86.48,8.87,40.86,39.84,27.96,85.09,1010.0,51792.0,0.103,4.0,POOR,OK,SHORT_CIRCUIT,v1.12,SHORT_CIRCUIT,0.9877,0.0001,0.012,0.0,0.0003,0.9877,ISOLATED,CRITICAL,4.18,12,0.8833,v1.12,True,SUCCESS,LORA,GOOD,0.46
REC-05103,2026-09-13T06:47:10Z,SITE-C,ESP32-C01,PV-C01,SITE-C-SHO-08,3,0.101,86.7,8.79,40.94,39.78,27.96,84.57,1009.99,51610.0,0.086,4.0,POOR,OK,SHORT_CIRCUIT,v1.12,SHORT_CIRCUIT,0.9875,0.0001,0.0121,0.0,0.0002,0.9875,ISOLATED,CRITICAL,2.98,12,0.8833,v1.12,True,SUCCESS,LORA,GOOD,0.46
REC-05104,2026-09-13T06:47:15Z,SITE-C,ESP32-C01,PV-C01,SITE-C-SHO-08,4,0.104,86.7,8.99,40.88,39.77,27.96,84.68,1010.01,51842.0,0.094,4.1,POOR,OK,SHORT_CIRCUIT,v1.12,SHORT_CIRCUIT,0.9876,0.0001,0.012,0.0,0.0003,0.9876,ISOLATED,CRITICAL,3.78,12,0.8833,v1.12,True,SUCCESS,LORA,GOOD,0.46
REC-05105,2026-09-13T06:47:20Z,SITE-C,ESP32-C01,PV-C01,SITE-C-SHO-08,5,0.115,86.27,9.94,40.79,39.65,27.95,84.01,1009.97,51573.0,0.092,4.5,POOR,OK,SHORT_CIRCUIT,v1.12,SHORT_CIRCUIT,0.9872,0.0001,0.0124,0.0,0.0003,0.9872,ISOLATED,CRITICAL,3.12,12,0.8833,v1.12,True,SUCCESS,LORA,GOOD,0.46
REC-05106,2026-09-13T06:47:25Z,SITE-C,ESP32-C01,PV-C01,SITE-C-SHO-08,6,0.1,86.77,8.71,40.62,39.72,27.95,84.56,1009.94,51681.0,0.086,4.0,POOR,OK,SHORT_CIRCUIT,v1.12,SHORT_CIRCUIT,0.9883,0.0001,0.0114,0.0,0.0003,0.9883,ISOLATED,CRITICAL,4.78,12,0.8833,v1.12,True,SUCCESS,LORA,GOOD,0.46
REC-05107,2026-09-13T06:47:30Z,SITE-C,ESP32-C01,PV-C01,SITE-C-SHO-08,7,0.117,86.79,10.13,40.86,39.56,27.96,84.08,1010.01,51518.0,0.078,4.6,POOR,OK,SHORT_CIRCUIT,v1.12,SHORT_CIRCUIT,0.9872,0.0001,0.0125,0.0,0.0003,0.9872,ISOLATED,CRITICAL,2.29,12,0.8833,v1.12,True,SUCCESS,LORA,GOOD,0.46
REC-05108,2026-09-13T06:47:35Z,SITE-C,ESP32-C01,PV-C01,SITE-C-SHO-08,8,0.114,85.98,9.81,40.72,39.71,27.96,83.98,1010.03,51464.0,0.096,4.5,POOR,OK,SHORT_CIRCUIT,v1.12,SHORT_CIRCUIT,0.9873,0.0001,0.0124,0.0,0.0003,0.9873,ISOLATED,CRITICAL,3.94,12,0.8833,v1.12,True,SUCCESS,LORA,GOOD,0.46
REC-05109,2026-09-13T06:47:40Z,SITE-C,ESP32-C01,PV-C01,SITE-C-SHO-08,9,0.116,85.93,9.97,40.75,39.7,27.97,84.12,1009.97,51298.0,0.075,4.6,POOR,OK,SHORT_CIRCUIT,v1.12,SHORT_CIRCUIT,0.9869,0.0001,0.0127,0.0,0.0003,0.9869,ISOLATED,CRITICAL,3.03,12,0.8833,v1.12,True,SUCCESS,LORA,GOOD,0.46
REC-05110,2026-09-13T06:47:45Z,SITE-C,ESP32-C01,PV-C01,SITE-C-SHO-08,10,0.112,86.5,9.66,40.8,39.62,27.97,84.45,1010.0,51979.0,0.084,4.4,POOR,OK,SHORT_CIRCUIT,v1.12,SHORT_CIRCUIT,0.9874,0.0001,0.0122,0.0,0.0003,0.9874,ISOLATED,CRITICAL,4.59,12,0.8833,v1.12,True,SUCCESS,LORA,GOOD,0.46
REC-05111,2026-09-13T06:47:50Z,SITE-C,ESP32-C01,PV-C01,SITE-C-SHO-08,11,0.118,86.54,10.24,40.86,39.82,27.99,84.49,1009.98,51507.0,0.107,4.7,POOR,OK,SHORT_CIRCUIT,v1.12,SHORT_CIRCUIT,0.9871,0.0001,0.0125,0.0,0.0003,0.9871,ISOLATED,CRITICAL,3.38,12,0.8833,v1.12,True,SUCCESS,LORA,GOOD,0.46
REC-05112,2026-09-13T06:47:55Z,SITE-C,ESP32-C01,PV-C01,SITE-C-SHO-08,12,0.103,86.77,8.92,40.77,39.84,27.99,84.48,1010.05,51167.0,0.094,4.1,POOR,OK,SHORT_CIRCUIT,v1.12,SHORT_CIRCUIT,0.9878,0.0001,0.0118,0.0,0.0003,0.9878,ISOLATED,CRITICAL,4.26,12,0.8833,v1.12,True,SUCCESS,LORA,GOOD,0.46
REC-05113,2026-09-13T06:48:00Z,SITE-C,ESP32-C01,PV-C01,SITE-C-SHO-08,13,0.117,86.36,10.11,40.76,39.7,27.98,84.15,1009.97,51797.0,0.094,4.6,POOR,TEMP1_SENTINEL_-127,SHORT_CIRCUIT,v1.12,SHORT_CIRCUIT,0.9873,0.0001,0.0124,0.0,0.0003,0.9873,ISOLATED,CRITICAL,2.54,12,0.8833,v1.12,True,SUCCESS,LORA,GOOD,0.46
REC-05114,2026-09-13T06:48:05Z,SITE-C,ESP32-C01,PV-C01,SITE-C-SHO-08,14,0.125,86.18,10.79,40.82,39.82,28.0,84.53,1009.99,51492.0,0.087,4.9,POOR,TEMP1_SENTINEL_-127,SHORT_CIRCUIT,v1.12,SHORT_CIRCUIT,0.9866,0.0001,0.013,0.0,0.0003,0.9866,ISOLATED,CRITICAL,2.28,12,0.8833,v1.12,True,SUCCESS,LORA,GOOD,0.46
REC-05115,2026-09-13T06:48:10Z,SITE-C,ESP32-C01,PV-C01,SITE-C-SHO-08,15,0.108,86.26,9.35,40.84,39.54,27.99,84.29,1009.93,51523.0,0.074,4.3,POOR,TEMP1_SENTINEL_-127,SHORT_CIRCUIT,v1.12,SHORT_CIRCUIT,0.9873,0.0001,0.0124,0.0,0.0002,0.9873,ISOLATED,CRITICAL,2.61,12,0.8833,v1.12,True,SUCCESS,LORA,GOOD,0.46
REC-05116,2026-09-13T06:48:15Z,SITE-C,ESP32-C01,PV-C01,SITE-C-SHO-08,16,0.109,86.24,9.42,40.76,39.65,27.99,84.54,1010.04,51426.0,0.094,4.3,POOR,TEMP1_SENTINEL_-127,SHORT_CIRCUIT,v1.12,SHORT_CIRCUIT,0.9875,0.0001,0.0121,0.0,0.0003,0.9875,ISOLATED,CRITICAL,3.67,12,0.8833,v1.12,True,SUCCESS,LORA,GOOD,0.46
REC-05117,2026-09-13T06:48:20Z,SITE-C,ESP32-C01,PV-C01,SITE-C-SHO-08,17,0.105,86.36,9.09,40.8,39.5,28.01,84.43,1009.97,51527.0,0.095,4.1,POOR,TEMP1_SENTINEL_-127,SHORT_CIRCUIT,v1.12,SHORT_CIRCUIT,0.9877,0.0001,0.0119,0.0,0.0003,0.9877,ISOLATED,CRITICAL,2.13,12,0.8833,v1.12,True,SUCCESS,LORA,GOOD,0.46
REC-05118,2026-09-13T06:48:25Z,SITE-C,ESP32-C01,PV-C01,SITE-C-SHO-08,18,0.111,86.91,9.61,40.76,39.83,28.02,83.96,1010.03,51708.0,0.098,4.4,POOR,TEMP1_SENTINEL_-127,SHORT_CIRCUIT,v1.12,SHORT_CIRCUIT,0.9877,0.0001,0.0119,0.0,0.0003,0.9877,ISOLATED,CRITICAL,3.12,12,0.8833,v1.12,True,SUCCESS,LORA,GOOD,0.46
REC-05119,2026-09-13T06:48:30Z,SITE-C,ESP32-C01,PV-C01,SITE-C-SHO-08,19,0.111,86.92,9.65,40.87,39.61,28.01,84.3,1009.97,51753.0,0.086,4.4,POOR,TEMP1_SENTINEL_-127,SHORT_CIRCUIT,v1.12,SHORT_CIRCUIT,0.9875,0.0001,0.0121,0.0,0.0003,0.9875,ISOLATED,CRITICAL,2.63,12,0.8833,v1.12,True,SUCCESS,LORA,GOOD,0.46
REC-05120,2026-09-13T06:48:35Z,SITE-C,ESP32-C01,PV-C01,SITE-C-SHO-08,20,0.098,86.66,8.51,40.85,39.55,28.01,84.66,1009.99,51593.0,0.086,3.9,POOR,TEMP1_SENTINEL_-127,SHORT_CIRCUIT,v1.12,SHORT_CIRCUIT,0.9879,0.0001,0.0117,0.0,0.0003,0.9879,ISOLATED,CRITICAL,2.86,12,0.8833,v1.12,True,SUCCESS,LORA,GOOD,0.46
REC-05121,2026-09-13T06:48:40Z,SITE-C,ESP32-C01,PV-C01,SITE-C-SHO-08,21,0.113,86.66,9.81,40.79,39.72,28.02,84.75,1009.97,51690.0,0.096,4.5,POOR,TEMP1_SENTINEL_-127,SHORT_CIRCUIT,v1.12,SHORT_CIRCUIT,0.9875,0.0001,0.0121,0.0,0.0003,0.9875,ISOLATED,CRITICAL,2.65,12,0.8833,v1.12,True,SUCCESS,LORA,GOOD,0.46
REC-05122,2026-09-13T06:48:45Z,SITE-C,ESP32-C01,PV-C01,SITE-C-SHO-08,22,0.116,87.11,10.14,40.81,39.87,28.03,84.13,1009.96,52015.0,0.077,4.6,POOR,TEMP1_SENTINEL_-127,SHORT_CIRCUIT,v1.12,SHORT_CIRCUIT,0.9873,0.0001,0.0123,0.0,0.0003,0.9873,ISOLATED,CRITICAL,3.61,12,0.8833,v1.12,True,SUCCESS,LORA,GOOD,0.46
REC-05123,2026-09-13T06:48:50Z,SITE-C,ESP32-C01,PV-C01,SITE-C-SHO-08,23,0.106,87.14,9.27,40.89,39.75,28.02,84.27,1009.98,52297.0,0.098,4.2,POOR,TEMP1_SENTINEL_-127,SHORT_CIRCUIT,v1.12,SHORT_CIRCUIT,0.9878,0.0001,0.0118,0.0,0.0003,0.9878,ISOLATED,CRITICAL,2.33,12,0.8833,v1.12,True,SUCCESS,LORA,GOOD,0.46
REC-05124,2026-09-13T06:48:55Z,SITE-C,ESP32-C01,PV-C01,SITE-C-SHO-08,24,0.109,87.06,9.5,40.93,39.82,28.01,84.37,1009.99,52464.0,0.088,4.3,POOR,TEMP1_SENTINEL_-127,SHORT_CIRCUIT,v1.12,SHORT_CIRCUIT,0.9875,0.0001,0.0122,0.0,0.0003,0.9875,ISOLATED,CRITICAL,2.46,12,0.8833,v1.12,True,SUCCESS,LORA,GOOD,0.46
REC-05125,2026-09-13T06:49:00Z,SITE-C,ESP32-C01,PV-C01,SITE-C-SHO-08,25,0.116,87.18,10.08,40.9,39.95,28.0,84.85,1009.98,52085.0,0.093,4.5,POOR,TEMP1_SENTINEL_-127,SHORT_CIRCUIT,v1.12,SHORT_CIRCUIT,0.9873,0.0001,0.0123,0.0,0.0003,0.9873,ISOLATED,CRITICAL,3.04,12,0.8833,v1.12,True,SUCCESS,LORA,GOOD,0.46
REC-05126,2026-09-13T06:49:05Z,SITE-C,ESP32-C01,PV-C01,SITE-C-SHO-08,26,0.107,88.13,9.43,40.85,39.76,28.0,84.64,1009.94,52439.0,0.113,4.2,POOR,TEMP1_SENTINEL_-127,SHORT_CIRCUIT,v1.12,SHORT_CIRCUIT,0.9883,0.0001,0.0113,0.0,0.0003,0.9883,ISOLATED,CRITICAL,2.21,12,0.8833,v1.12,True,SUCCESS,LORA,GOOD,0.46
REC-05127,2026-09-13T06:49:10Z,SITE-C,ESP32-C01,PV-C01,SITE-C-SHO-08,27,0.116,88.54,10.24,40.99,39.79,28.01,84.12,1010.0,52474.0,0.087,4.6,POOR,TEMP1_SENTINEL_-127,SHORT_CIRCUIT,v1.12,SHORT_CIRCUIT,0.9878,0.0001,0.0118,0.0,0.0003,0.9878,ISOLATED,CRITICAL,3.44,12,0.8833,v1.12,True,SUCCESS,LORA,GOOD,0.46
REC-05128,2026-09-13T06:49:15Z,SITE-C,ESP32-C01,PV-C01,SITE-C-SHO-08,28,0.113,87.65,9.95,41.01,39.98,28.0,84.65,1009.93,52437.0,0.091,4.5,POOR,TEMP1_SENTINEL_-127,SHORT_CIRCUIT,v1.12,SHORT_CIRCUIT,0.9874,0.0001,0.0122,0.0,0.0003,0.9874,ISOLATED,CRITICAL,3.26,12,0.8833,v1.12,True,SUCCESS,LORA,GOOD,0.46
REC-05129,2026-09-13T06:49:20Z,SITE-C,ESP32-C01,PV-C01,SITE-C-SHO-08,29,0.124,88.22,10.91,41.02,39.91,28.0,84.88,1009.98,52139.0,0.09,4.9,POOR,TEMP1_SENTINEL_-127,SHORT_CIRCUIT,v1.12,SHORT_CIRCUIT,0.9872,0.0001,0.0124,0.0,0.0003,0.9872,ISOLATED,CRITICAL,3.16,12,0.8833,v1.12,True,SUCCESS,LORA,GOOD,0.46
REC-05130,2026-09-13T06:49:25Z,SITE-C,ESP32-C01,PV-C01,SITE-C-SHO-08,30,0.111,87.55,9.75,40.98,40.0,28.02,84.56,1009.94,52538.0,0.07,4.4,POOR,OK,SHORT_CIRCUIT,v1.12,SHORT_CIRCUIT,0.9873,0.0001,0.0124,0.0,0.0002,0.9873,ISOLATED,CRITICAL,3.93,12,0.8833,v1.12,True,SUCCESS,LORA,GOOD,0.46
REC-05131,2026-09-13T06:49:30Z,SITE-C,ESP32-C01,PV-C01,SITE-C-SHO-08,31,0.109,88.59,9.69,41.1,39.79,28.02,84.27,1010.02,52604.0,0.096,4.3,POOR,OK,SHORT_CIRCUIT,v1.12,SHORT_CIRCUIT,0.9879,0.0001,0.0117,0.0,0.0003,0.9879,ISOLATED,CRITICAL,3.04,12,0.8833,v1.12,True,SUCCESS,LORA,GOOD,0.46
REC-05132,2026-09-13T06:49:35Z,SITE-C,ESP32-C01,PV-C01,SITE-C-SHO-08,32,0.114,88.4,10.05,41.04,39.8,28.04,84.75,1010.03,53029.0,0.067,4.5,POOR,OK,SHORT_CIRCUIT,v1.12,SHORT_CIRCUIT,0.9876,0.0001,0.0121,0.0,0.0002,0.9876,ISOLATED,CRITICAL,4.01,12,0.8833,v1.12,True,SUCCESS,LORA,GOOD,0.46
REC-05133,2026-09-13T06:49:40Z,SITE-C,ESP32-C01,PV-C01,SITE-C-SHO-08,33,0.113,89.5,10.16,41.22,39.89,28.04,84.56,1010.01,53188.0,0.098,4.5,POOR,OK,SHORT_CIRCUIT,v1.12,SHORT_CIRCUIT,0.988,0.0001,0.0117,0.0,0.0003,0.988,ISOLATED,CRITICAL,3.87,12,0.8833,v1.12,True,SUCCESS,LORA,GOOD,0.46
REC-05134,2026-09-13T06:49:45Z,SITE-C,ESP32-C01,PV-C01,SITE-C-SHO-08,34,0.121,88.87,10.79,41.17,40.11,28.05,84.43,1009.98,53293.0,0.083,4.8,POOR,OK,SHORT_CIRCUIT,v1.12,SHORT_CIRCUIT,0.9873,0.0001,0.0124,0.0,0.0003,0.9873,ISOLATED,CRITICAL,2.95,12,0.8833,v1.12,True,SUCCESS,LORA,GOOD,0.46
REC-05135,2026-09-13T06:49:50Z,SITE-C,ESP32-C01,PV-C01,SITE-C-SHO-08,35,0.121,88.78,10.75,41.06,40.15,28.06,84.77,1009.97,53258.0,0.083,4.8,POOR,OK,SHORT_CIRCUIT,v1.12,SHORT_CIRCUIT,0.9874,0.0001,0.0122,0.0,0.0003,0.9874,ISOLATED,CRITICAL,2.16,12,0.8833,v1.12,True,SUCCESS,LORA,GOOD,0.46
REC-05136,2026-09-13T06:49:55Z,SITE-C,ESP32-C01,PV-C01,SITE-C-SHO-08,36,0.109,88.91,9.72,41.21,40.13,28.07,84.5,1009.98,53186.0,0.09,4.3,POOR,OK,SHORT_CIRCUIT,v1.12,SHORT_CIRCUIT,0.9877,0.0001,0.0119,0.0,0.0003,0.9877,ISOLATED,CRITICAL,4.23,12,0.8833,v1.12,True,SUCCESS,LORA,GOOD,0.46
REC-05137,2026-09-13T06:50:00Z,SITE-C,ESP32-C01,PV-C01,SITE-C-SHO-08,37,0.112,88.85,9.93,41.07,40.05,28.07,84.52,1009.99,53003.0,0.077,4.4,POOR,OK,SHORT_CIRCUIT,v1.12,SHORT_CIRCUIT,0.9878,0.0001,0.0119,0.0,0.0003,0.9878,ISOLATED,CRITICAL,4.76,12,0.8833,v1.12,True,SUCCESS,LORA,GOOD,0.59
REC-05138,2026-09-13T06:50:05Z,SITE-C,ESP32-C01,PV-C01,SITE-C-SHO-08,38,0.109,88.86,9.71,41.06,40.1,28.06,84.76,1010.0,53162.0,0.089,4.3,POOR,OK,SHORT_CIRCUIT,v1.12,SHORT_CIRCUIT,0.988,0.0001,0.0117,0.0,0.0003,0.988,ISOLATED,CRITICAL,4.33,12,0.8833,v1.12,True,SUCCESS,LORA,GOOD,0.59
REC-05139,2026-09-13T06:50:10Z,SITE-C,ESP32-C01,PV-C01,SITE-C-SHO-08,39,0.109,89.15,9.69,41.22,39.99,28.07,84.35,1010.0,52908.0,0.079,4.3,POOR,OK,SHORT_CIRCUIT,v1.12,SHORT_CIRCUIT,0.9878,0.0001,0.0119,0.0,0.0003,0.9878,ISOLATED,CRITICAL,4.28,12,0.8833,v1.12,True,SUCCESS,LORA,GOOD,0.59
REC-05140,2026-09-13T06:50:15Z,SITE-C,ESP32-C01,PV-C01,SITE-C-SHO-08,40,0.097,88.64,8.56,41.02,39.86,28.07,84.15,1009.93,52938.0,0.077,3.8,POOR,OK,SHORT_CIRCUIT,v1.12,SHORT_CIRCUIT,0.9884,0.0001,0.0113,0.0,0.0003,0.9884,ISOLATED,CRITICAL,3.94,12,0.8833,v1.12,True,SUCCESS,LORA,GOOD,0.59
REC-05141,2026-09-13T06:50:20Z,SITE-C,ESP32-C01,PV-C01,SITE-C-SHO-08,41,0.121,88.96,10.79,40.97,39.88,28.07,84.6,1010.01,52888.0,0.088,4.8,POOR,OK,SHORT_CIRCUIT,v1.12,SHORT_CIRCUIT,0.9878,0.0001,0.0118,0.0,0.0003,0.9878,ISOLATED,CRITICAL,4.42,12,0.8833,v1.12,True,SUCCESS,LORA,GOOD,0.59
REC-05142,2026-09-13T06:50:25Z,SITE-C,ESP32-C01,PV-C01,SITE-C-SHO-08,42,0.11,89.5,9.81,41.11,39.91,28.07,84.97,1010.0,53000.0,0.102,4.4,POOR,OK,SHORT_CIRCUIT,v1.12,SHORT_CIRCUIT,0.9883,0.0001,0.0113,0.0,0.0003,0.9883,ISOLATED,CRITICAL,4.32,12,0.8833,v1.12,True,SUCCESS,LORA,GOOD,0.59
REC-05143,2026-09-13T06:50:30Z,SITE-C,ESP32-C01,PV-C01,SITE-C-SHO-08,43,0.111,88.99,9.85,41.15,39.87,28.07,83.82,1009.97,53010.0,0.097,4.4,POOR,OK,SHORT_CIRCUIT,v1.12,SHORT_CIRCUIT,0.9879,0.0001,0.0117,0.0,0.0003,0.9879,ISOLATED,CRITICAL,4.3,12,0.8833,v1.12,True,SUCCESS,LORA,GOOD,0.59
REC-05144,2026-09-13T06:50:35Z,SITE-C,ESP32-C01,PV-C01,SITE-C-SHO-08,44,0.127,88.45,11.21,41.21,39.93,28.06,84.72,1009.96,53249.0,0.085,5.0,POOR,OK,SHORT_CIRCUIT,v1.12,SHORT_CIRCUIT,0.9868,0.0001,0.0128,0.0,0.0003,0.9868,ISOLATED,CRITICAL,2.87,12,0.8833,v1.12,True,SUCCESS,LORA,GOOD,0.59
REC-05145,2026-09-13T06:50:40Z,SITE-C,ESP32-C01,PV-C01,SITE-C-SHO-08,45,0.11,89.12,9.8,41.18,39.99,28.06,84.51,1009.99,53311.0,0.088,4.3,POOR,OK,SHORT_CIRCUIT,v1.12,SHORT_CIRCUIT,0.9879,0.0001,0.0118,0.0,0.0003,0.9879,ISOLATED,CRITICAL,2.62,12,0.8833,v1.12,True,SUCCESS,LORA,GOOD,0.59
REC-05146,2026-09-13T06:50:45Z,SITE-C,ESP32-C01,PV-C01,SITE-C-SHO-08,46,0.112,88.41,9.93,40.99,40.12,28.07,84.34,1010.0,53364.0,0.085,4.4,POOR,OK,SHORT_CIRCUIT,v1.12,SHORT_CIRCUIT,0.9878,0.0001,0.0119,0.0,0.0003,0.9878,ISOLATED,CRITICAL,4.31,12,0.8833,v1.12,True,SUCCESS,LORA,GOOD,0.59
REC-05147,2026-09-13T06:50:50Z,SITE-C,ESP32-C01,PV-C01,SITE-C-SHO-08,47,0.114,89.02,10.18,41.08,40.08,28.08,84.31,1009.96,53057.0,0.078,4.5,POOR,OK,SHORT_CIRCUIT,v1.12,SHORT_CIRCUIT,0.9877,0.0001,0.0119,0.0,0.0003,0.9877,ISOLATED,CRITICAL,2.82,12,0.8833,v1.12,True,SUCCESS,LORA,GOOD,0.59
REC-05148,2026-09-13T06:50:55Z,SITE-C,ESP32-C01,PV-C01,SITE-C-SHO-08,48,0.115,88.33,10.13,41.07,40.19,28.08,84.77,1009.99,53065.0,0.08,4.5,POOR,OK,SHORT_CIRCUIT,v1.12,SHORT_CIRCUIT,0.9874,0.0001,0.0123,0.0,0.0003,0.9874,ISOLATED,CRITICAL,4.77,12,0.8833,v1.12,True,SUCCESS,LORA,GOOD,0.59
REC-05149,2026-09-13T06:51:00Z,SITE-C,ESP32-C01,PV-C01,SITE-C-SHO-08,49,0.11,89.16,9.81,41.02,39.97,28.08,84.7,1010.0,53238.0,0.093,4.4,POOR,OK,SHORT_CIRCUIT,v1.12,SHORT_CIRCUIT,0.9882,0.0001,0.0114,0.0,0.0003,0.9882,ISOLATED,CRITICAL,3.48,12,0.8833,v1.12,True,SUCCESS,LORA,GOOD,0.59
REC-05150,2026-09-13T06:51:05Z,SITE-C,ESP32-C01,PV-C01,SITE-C-SHO-08,50,0.12,89.58,10.71,41.24,40.18,28.07,84.19,1010.02,53604.0,0.083,4.7,POOR,OK,SHORT_CIRCUIT,v1.12,SHORT_CIRCUIT,0.9875,0.0001,0.0121,0.0,0.0003,0.9875,ISOLATED,CRITICAL,4.54,12,0.8833,v1.12,True,SUCCESS,LORA,GOOD,0.59
REC-05151,2026-09-13T06:51:10Z,SITE-C,ESP32-C01,PV-C01,SITE-C-SHO-08,51,0.115,90.29,10.41,41.35,40.31,28.07,84.59,1009.99,53840.0,0.089,4.6,POOR,OK,SHORT_CIRCUIT,v1.12,SHORT_CIRCUIT,0.9878,0.0001,0.0119,0.0,0.0003,0.9878,ISOLATED,CRITICAL,3.3,12,0.8833,v1.12,True,SUCCESS,LORA,GOOD,0.59
REC-05152,2026-09-13T06:51:15Z,SITE-C,ESP32-C01,PV-C01,SITE-C-SHO-08,52,0.116,90.82,10.54,41.49,40.27,28.09,84.91,1009.93,54619.0,0.08,4.6,POOR,OK,SHORT_CIRCUIT,v1.12,SHORT_CIRCUIT,0.9877,0.0001,0.0119,0.0,0.0003,0.9877,ISOLATED,CRITICAL,2.85,12,0.8833,v1.12,True,SUCCESS,LORA,GOOD,0.59
REC-05153,2026-09-13T06:51:20Z,SITE-C,ESP32-C01,PV-C01,SITE-C-SHO-08,53,0.112,90.96,10.17,41.41,40.23,28.09,84.71,1010.0,54194.0,0.098,4.4,POOR,OK,SHORT_CIRCUIT,v1.12,SHORT_CIRCUIT,0.9882,0.0001,0.0114,0.0,0.0003,0.9882,ISOLATED,CRITICAL,4.61,12,0.8833,v1.12,True,SUCCESS,LORA,GOOD,0.59
REC-05154,2026-09-13T06:51:25Z,SITE-C,ESP32-C01,PV-C01,SITE-C-SHO-08,54,0.115,91.06,10.47,41.36,40.41,28.09,84.0,1009.94,54204.0,0.096,4.5,POOR,OK,SHORT_CIRCUIT,v1.12,SHORT_CIRCUIT,0.9881,0.0001,0.0115,0.0,0.0003,0.9881,ISOLATED,CRITICAL,2.9,12,0.8833,v1.12,True,SUCCESS,LORA,GOOD,0.59
REC-05155,2026-09-13T06:51:30Z,SITE-C,ESP32-C01,PV-C01,SITE-C-SHO-08,55,0.121,91.62,11.09,41.51,40.29,28.1,84.69,1009.96,54457.0,0.106,4.8,POOR,OK,SHORT_CIRCUIT,v1.12,SHORT_CIRCUIT,0.9879,0.0001,0.0117,0.0,0.0003,0.9879,ISOLATED,CRITICAL,3.97,12,0.8833,v1.12,True,SUCCESS,LORA,GOOD,0.59
REC-05156,2026-09-13T06:51:35Z,SITE-C,ESP32-C01,PV-C01,SITE-C-SHO-08,56,0.121,91.18,11.04,41.4,40.43,28.11,84.13,1009.95,54694.0,0.104,4.8,POOR,OK,SHORT_CIRCUIT,v1.12,SHORT_CIRCUIT,0.988,0.0001,0.0116,0.0,0.0003,0.988,ISOLATED,CRITICAL,4.14,12,0.8833,v1.12,True,SUCCESS,LORA,GOOD,0.59
REC-05157,2026-09-13T06:51:40Z,SITE-C,ESP32-C01,PV-C01,SITE-C-SHO-08,57,0.114,91.07,10.37,41.39,40.16,28.09,84.57,1010.0,54621.0,0.081,4.5,POOR,OK,SHORT_CIRCUIT,v1.12,SHORT_CIRCUIT,0.9882,0.0001,0.0115,0.0,0.0003,0.9882,ISOLATED,CRITICAL,4.65,12,0.8833,v1.12,True,SUCCESS,LORA,GOOD,0.59
REC-05158,2026-09-13T06:51:45Z,SITE-C,ESP32-C01,PV-C01,SITE-C-SHO-08,58,0.112,90.97,10.22,41.35,40.43,28.09,84.28,1009.96,54768.0,0.081,4.4,POOR,OK,SHORT_CIRCUIT,v1.12,SHORT_CIRCUIT,0.9881,0.0001,0.0115,0.0,0.0003,0.9881,ISOLATED,CRITICAL,2.98,12,0.8833,v1.12,True,SUCCESS,LORA,GOOD,0.59
REC-05159,2026-09-13T06:51:50Z,SITE-C,ESP32-C01,PV-C01,SITE-C-SHO-08,59,0.121,90.96,10.97,41.38,40.4,28.1,84.62,1010.02,54649.0,0.094,4.7,POOR,OK,SHORT_CIRCUIT,v1.12,SHORT_CIRCUIT,0.9879,0.0001,0.0118,0.0,0.0003,0.9879,ISOLATED,CRITICAL,3.56,12,0.8833,v1.12,True,SUCCESS,LORA,GOOD,0.59
REC-05160,2026-09-13T06:51:55Z,SITE-C,ESP32-C01,PV-C01,SITE-C-SHO-08,60,0.117,91.04,10.68,41.31,40.17,28.1,84.3,1009.96,54237.0,0.081,4.6,POOR,OK,SHORT_CIRCUIT,v1.12,SHORT_CIRCUIT,0.9881,0.0001,0.0115,0.0,0.0003,0.9881,ISOLATED,CRITICAL,2.13,12,0.8833,v1.12,True,SUCCESS,LORA,GOOD,0.59
REC-05161,2026-09-13T08:26:00Z,SITE-C,ESP32-C01,PV-C01,SITE-C-OPE-10,1,3.314,0.16,0.54,40.63,40.3,28.69,84.38,1009.03,61447.0,0.14,0.2,POOR,OK,OPEN_CIRCUIT,v1.12,OPEN_CIRCUIT,0.9921,0.0,0.0075,0.0001,0.9921,0.0002,ISOLATED,CRITICAL,2.41,12,0.8833,v1.12,True,SUCCESS,LORA,GOOD,0.82
REC-05162,2026-09-13T08:26:05Z,SITE-C,ESP32-C01,PV-C01,SITE-C-OPE-10,2,3.316,0.0,0.0,40.61,40.04,28.68,84.68,1009.08,61168.0,0.174,0.0,POOR,OK,OPEN_CIRCUIT,v1.12,OPEN_CIRCUIT,0.9942,0.0,0.0054,0.0001,0.9942,0.0002,ISOLATED,CRITICAL,4.47,12,0.8833,v1.12,True,SUCCESS,LORA,GOOD,0.82
REC-05163,2026-09-13T08:26:10Z,SITE-C,ESP32-C01,PV-C01,SITE-C-OPE-10,3,3.313,0.0,0.0,40.57,40.26,28.66,84.85,1009.07,60977.0,0.125,0.0,POOR,OK,OPEN_CIRCUIT,v1.12,OPEN_CIRCUIT,0.9913,0.0,0.0083,0.0001,0.9913,0.0002,ISOLATED,CRITICAL,4.58,12,0.8833,v1.12,True,SUCCESS,LORA,GOOD,0.82
REC-05164,2026-09-13T08:26:15Z,SITE-C,ESP32-C01,PV-C01,SITE-C-OPE-10,4,3.31,0.0,0.0,40.46,40.23,28.64,85.01,1009.1,60436.0,0.148,0.0,POOR,OK,OPEN_CIRCUIT,v1.12,OPEN_CIRCUIT,0.9925,0.0,0.0071,0.0001,0.9925,0.0002,ISOLATED,CRITICAL,2.63,12,0.8833,v1.12,True,SUCCESS,LORA,GOOD,0.82
REC-05165,2026-09-13T08:26:20Z,SITE-C,ESP32-C01,PV-C01,SITE-C-OPE-10,5,3.311,0.0,0.0,40.53,40.29,28.65,84.8,1009.07,60671.0,0.154,0.0,POOR,OK,OPEN_CIRCUIT,v1.12,OPEN_CIRCUIT,0.9929,0.0,0.0068,0.0001,0.9929,0.0002,ISOLATED,CRITICAL,3.61,12,0.8833,v1.12,True,SUCCESS,LORA,GOOD,0.82
REC-05166,2026-09-13T08:26:25Z,SITE-C,ESP32-C01,PV-C01,SITE-C-OPE-10,6,3.3,0.0,0.0,40.56,40.15,28.65,84.77,1009.08,60696.0,0.149,0.0,POOR,DUPLICATE_RECEIVED,OPEN_CIRCUIT,v1.12,OPEN_CIRCUIT,0.9926,0.0,0.007,0.0001,0.9926,0.0002,ISOLATED,CRITICAL,2.98,12,0.8833,v1.12,True,SUCCESS,LORA,GOOD,0.82
REC-05167,2026-09-13T08:26:30Z,SITE-C,ESP32-C01,PV-C01,SITE-C-OPE-10,7,3.32,0.17,0.57,40.5,40.22,28.64,84.54,1009.06,60801.0,0.155,0.2,POOR,OK,OPEN_CIRCUIT,v1.12,OPEN_CIRCUIT,0.993,0.0,0.0067,0.0001,0.993,0.0002,ISOLATED,CRITICAL,4.43,12,0.8833,v1.12,True,SUCCESS,LORA,GOOD,0.82
REC-05168,2026-09-13T08:26:35Z,SITE-C,ESP32-C01,PV-C01,SITE-C-OPE-10,8,3.311,0.33,1.08,40.48,40.17,28.63,84.66,1009.04,60696.0,0.15,0.4,POOR,OK,OPEN_CIRCUIT,v1.12,OPEN_CIRCUIT,0.9924,0.0,0.0072,0.0001,0.9924,0.0002,ISOLATED,CRITICAL,3.32,12,0.8833,v1.12,True,SUCCESS,LORA,GOOD,0.82
REC-05169,2026-09-13T08:26:40Z,SITE-C,ESP32-C01,PV-C01,SITE-C-OPE-10,9,3.307,0.9,2.97,40.47,40.1,28.64,84.15,1009.09,60824.0,0.165,1.2,POOR,OK,OPEN_CIRCUIT,v1.12,OPEN_CIRCUIT,0.9926,0.0001,0.007,0.0001,0.9926,0.0002,ISOLATED,CRITICAL,4.49,12,0.8833,v1.12,True,SUCCESS,LORA,GOOD,0.82
REC-05170,2026-09-13T08:26:45Z,SITE-C,ESP32-C01,PV-C01,SITE-C-OPE-10,10,3.31,0.0,0.0,40.36,40.1,28.63,84.77,1009.05,60904.0,0.147,0.0,POOR,OK,OPEN_CIRCUIT,v1.12,OPEN_CIRCUIT,0.9927,0.0,0.0069,0.0001,0.9927,0.0002,ISOLATED,CRITICAL,3.83,12,0.8833,v1.12,True,SUCCESS,LORA,GOOD,0.82
REC-05171,2026-09-13T08:26:50Z,SITE-C,ESP32-C01,PV-C01,SITE-C-OPE-10,11,3.321,0.0,0.0,40.51,40.16,28.63,84.73,1009.08,60526.0,0.151,0.0,POOR,OK,OPEN_CIRCUIT,v1.12,OPEN_CIRCUIT,0.993,0.0,0.0067,0.0001,0.993,0.0002,ISOLATED,CRITICAL,2.62,12,0.8833,v1.12,True,SUCCESS,LORA,GOOD,0.82
REC-05172,2026-09-13T08:26:55Z,SITE-C,ESP32-C01,PV-C01,SITE-C-OPE-10,12,3.312,0.0,0.0,40.41,40.15,28.65,85.17,1009.11,60820.0,0.17,0.0,POOR,OK,OPEN_CIRCUIT,v1.12,OPEN_CIRCUIT,0.9937,0.0,0.0059,0.0001,0.9937,0.0002,ISOLATED,CRITICAL,3.81,12,0.8833,v1.12,True,SUCCESS,LORA,GOOD,0.82
REC-05173,2026-09-13T08:27:00Z,SITE-C,ESP32-C01,PV-C01,SITE-C-OPE-10,13,3.313,0.54,1.78,40.48,40.19,28.65,84.59,1009.07,60789.0,0.162,0.7,POOR,OK,OPEN_CIRCUIT,v1.12,OPEN_CIRCUIT,0.9928,0.0,0.0068,0.0001,0.9928,0.0002,ISOLATED,CRITICAL,3.88,12,0.8833,v1.12,True,SUCCESS,LORA,GOOD,0.82
REC-05174,2026-09-13T08:27:05Z,SITE-C,ESP32-C01,PV-C01,SITE-C-OPE-10,14,3.322,0.04,0.12,40.44,40.14,28.65,84.96,1009.09,60835.0,0.15,0.0,POOR,OK,OPEN_CIRCUIT,v1.12,OPEN_CIRCUIT,0.993,0.0,0.0067,0.0001,0.993,0.0002,ISOLATED,CRITICAL,4.34,12,0.8833,v1.12,True,SUCCESS,LORA,GOOD,0.82
REC-05175,2026-09-13T08:27:10Z,SITE-C,ESP32-C01,PV-C01,SITE-C-OPE-10,15,3.316,0.31,1.04,40.49,40.23,28.65,84.46,1009.07,61093.0,0.157,0.4,POOR,OK,OPEN_CIRCUIT,v1.12,OPEN_CIRCUIT,0.9929,0.0,0.0067,0.0001,0.9929,0.0002,ISOLATED,CRITICAL,2.28,12,0.8833,v1.12,True,SUCCESS,LORA,GOOD,0.82
REC-05176,2026-09-13T08:27:15Z,SITE-C,ESP32-C01,PV-C01,SITE-C-OPE-10,16,3.311,0.0,0.0,40.52,40.15,28.67,85.11,1009.06,61040.0,0.171,0.0,POOR,OK,OPEN_CIRCUIT,v1.12,OPEN_CIRCUIT,0.9939,0.0,0.0058,0.0001,0.9939,0.0002,ISOLATED,CRITICAL,4.73,12,0.8833,v1.12,True,SUCCESS,LORA,GOOD,0.82
REC-05177,2026-09-13T08:27:20Z,SITE-C,ESP32-C01,PV-C01,SITE-C-OPE-10,17,3.303,0.05,0.17,40.62,40.37,28.69,85.03,1009.02,61185.0,0.138,0.1,POOR,OK,OPEN_CIRCUIT,v1.12,OPEN_CIRCUIT,0.9917,0.0,0.0079,0.0001,0.9917,0.0002,ISOLATED,CRITICAL,4.54,12,0.8833,v1.12,True,SUCCESS,LORA,GOOD,0.82
REC-05178,2026-09-13T08:27:25Z,SITE-C,ESP32-C01,PV-C01,SITE-C-OPE-10,18,3.315,0.0,0.0,40.58,40.07,28.68,84.94,1009.07,61246.0,0.141,0.0,POOR,OK,OPEN_CIRCUIT,v1.12,OPEN_CIRCUIT,0.9927,0.0,0.007,0.0001,0.9927,0.0002,ISOLATED,CRITICAL,4.4,12,0.8833,v1.12,True,SUCCESS,LORA,GOOD,0.82
REC-05179,2026-09-13T08:27:30Z,SITE-C,ESP32-C01,PV-C01,SITE-C-OPE-10,19,3.309,0.0,0.0,40.57,40.22,28.68,84.62,1009.07,61138.0,0.146,0.0,POOR,OK,OPEN_CIRCUIT,v1.12,OPEN_CIRCUIT,0.9926,0.0,0.007,0.0001,0.9926,0.0002,ISOLATED,CRITICAL,2.7,12,0.8833,v1.12,True,SUCCESS,LORA,GOOD,0.82
REC-05180,2026-09-13T08:27:35Z,SITE-C,ESP32-C01,PV-C01,SITE-C-OPE-10,20,3.315,0.01,0.04,40.63,40.18,28.69,84.53,1009.04,60955.0,0.154,0.0,POOR,OK,OPEN_CIRCUIT,v1.12,OPEN_CIRCUIT,0.9931,0.0,0.0065,0.0001,0.9931,0.0002,ISOLATED,CRITICAL,2.46,12,0.8833,v1.12,True,SUCCESS,LORA,GOOD,0.82
REC-05181,2026-09-13T08:27:40Z,SITE-C,ESP32-C01,PV-C01,SITE-C-OPE-10,21,3.312,0.37,1.23,40.83,40.24,28.7,84.49,1009.01,61037.0,0.162,0.5,POOR,LOST_IN_TRANSIT,OPEN_CIRCUIT,v1.12,OPEN_CIRCUIT,0.993,0.0,0.0066,0.0001,0.993,0.0002,ISOLATED,CRITICAL,3.69,12,0.8833,v1.12,True,SUCCESS,LORA,GOOD,0.82
REC-05182,2026-09-13T08:27:45Z,SITE-C,ESP32-C01,PV-C01,SITE-C-OPE-10,22,3.314,0.2,0.66,40.7,40.25,28.69,84.31,1009.02,61577.0,0.144,0.3,POOR,OK,OPEN_CIRCUIT,v1.12,OPEN_CIRCUIT,0.9925,0.0,0.0072,0.0001,0.9925,0.0002,ISOLATED,CRITICAL,3.19,12,0.8833,v1.12,True,SUCCESS,LORA,GOOD,0.82
REC-05183,2026-09-13T08:27:50Z,SITE-C,ESP32-C01,PV-C01,SITE-C-OPE-10,23,3.316,0.73,2.41,40.75,40.22,28.68,84.74,1009.12,61406.0,0.143,0.9,POOR,OK,OPEN_CIRCUIT,v1.12,OPEN_CIRCUIT,0.9918,0.0,0.0079,0.0001,0.9918,0.0002,ISOLATED,CRITICAL,3.91,12,0.8833,v1.12,True,SUCCESS,LORA,GOOD,0.82
REC-05184,2026-09-13T08:27:55Z,SITE-C,ESP32-C01,PV-C01,SITE-C-OPE-10,24,3.303,0.22,0.72,40.66,40.32,28.67,84.53,1009.07,61362.0,0.139,0.3,POOR,OK,OPEN_CIRCUIT,v1.12,OPEN_CIRCUIT,0.9918,0.0,0.0079,0.0001,0.9918,0.0002,ISOLATED,CRITICAL,4.21,12,0.8833,v1.12,True,SUCCESS,LORA,GOOD,0.82
REC-05185,2026-09-13T08:28:00Z,SITE-C,ESP32-C01,PV-C01,SITE-C-OPE-10,25,3.312,0.14,0.47,40.67,40.26,28.67,84.71,1009.03,61216.0,0.143,0.2,POOR,OK,OPEN_CIRCUIT,v1.12,OPEN_CIRCUIT,0.9923,0.0,0.0073,0.0001,0.9923,0.0002,ISOLATED,CRITICAL,2.19,12,0.8833,v1.12,True,SUCCESS,LORA,GOOD,0.82
REC-05186,2026-09-13T08:28:05Z,SITE-C,ESP32-C01,PV-C01,SITE-C-OPE-10,26,3.312,0.17,0.56,40.46,40.28,28.66,84.65,1009.05,61299.0,0.145,0.2,POOR,OK,OPEN_CIRCUIT,v1.12,OPEN_CIRCUIT,0.9924,0.0,0.0072,0.0001,0.9924,0.0002,ISOLATED,CRITICAL,3.37,12,0.8833,v1.12,True,SUCCESS,LORA,GOOD,0.82
REC-05187,2026-09-13T08:28:10Z,SITE-C,ESP32-C01,PV-C01,SITE-C-OPE-10,27,3.313,0.06,0.21,40.33,40.08,28.65,84.28,1009.07,60983.0,0.13,0.1,POOR,OK,OPEN_CIRCUIT,v1.12,OPEN_CIRCUIT,0.9918,0.0,0.0078,0.0001,0.9918,0.0002,ISOLATED,CRITICAL,3.23,12,0.8833,v1.12,True,SUCCESS,LORA,GOOD,0.82
REC-05188,2026-09-13T08:28:15Z,SITE-C,ESP32-C01,PV-C01,SITE-C-OPE-10,28,3.315,0.23,0.75,40.37,40.34,28.64,84.92,1009.08,60955.0,0.146,0.3,POOR,OK,OPEN_CIRCUIT,v1.12,OPEN_CIRCUIT,0.9922,0.0,0.0074,0.0001,0.9922,0.0002,ISOLATED,CRITICAL,2.89,12,0.8833,v1.12,True,SUCCESS,LORA,GOOD,0.82
REC-05189,2026-09-13T08:28:20Z,SITE-C,ESP32-C01,PV-C01,SITE-C-OPE-10,29,3.313,0.11,0.37,40.51,40.21,28.66,84.63,1009.06,60898.0,0.142,0.1,POOR,OK,OPEN_CIRCUIT,v1.12,OPEN_CIRCUIT,0.9923,0.0,0.0073,0.0001,0.9923,0.0002,ISOLATED,CRITICAL,3.85,12,0.8833,v1.12,True,SUCCESS,LORA,GOOD,0.82
REC-05190,2026-09-13T08:28:25Z,SITE-C,ESP32-C01,PV-C01,SITE-C-OPE-10,30,3.308,0.57,1.88,40.7,40.0,28.65,84.86,1009.13,61081.0,0.15,0.7,POOR,OK,OPEN_CIRCUIT,v1.12,OPEN_CIRCUIT,0.9925,0.0,0.0071,0.0001,0.9925,0.0002,ISOLATED,CRITICAL,3.33,12,0.8833,v1.12,True,SUCCESS,LORA,GOOD,0.82
REC-05191,2026-09-13T08:28:30Z,SITE-C,ESP32-C01,PV-C01,SITE-C-OPE-10,31,3.306,0.0,0.0,40.64,40.3,28.65,84.25,1009.13,61375.0,0.169,0.0,POOR,OK,OPEN_CIRCUIT,v1.12,OPEN_CIRCUIT,0.9937,0.0,0.0059,0.0001,0.9937,0.0002,ISOLATED,CRITICAL,2.96,12,0.8833,v1.12,True,SUCCESS,LORA,GOOD,0.82
REC-05192,2026-09-13T08:28:35Z,SITE-C,ESP32-C01,PV-C01,SITE-C-OPE-10,32,3.304,0.0,0.0,40.59,40.25,28.64,84.37,1009.08,61274.0,0.136,0.0,POOR,OK,OPEN_CIRCUIT,v1.12,OPEN_CIRCUIT,0.9921,0.0,0.0076,0.0001,0.9921,0.0002,ISOLATED,CRITICAL,4.79,12,0.8833,v1.12,True,SUCCESS,LORA,GOOD,0.82
REC-05193,2026-09-13T08:28:40Z,SITE-C,ESP32-C01,PV-C01,SITE-C-OPE-10,33,3.312,0.0,0.0,40.67,40.19,28.66,84.48,1009.06,61211.0,0.162,0.0,POOR,OK,OPEN_CIRCUIT,v1.12,OPEN_CIRCUIT,0.9936,0.0,0.0061,0.0001,0.9936,0.0002,ISOLATED,CRITICAL,4.21,12,0.8833,v1.12,True,SUCCESS,LORA,GOOD,0.82
REC-05194,2026-09-13T08:28:45Z,SITE-C,ESP32-C01,PV-C01,SITE-C-OPE-10,34,3.314,0.35,1.17,40.6,40.34,28.64,84.67,1009.08,61033.0,0.169,0.5,POOR,OK,OPEN_CIRCUIT,v1.12,OPEN_CIRCUIT,0.9933,0.0,0.0063,0.0001,0.9933,0.0002,ISOLATED,CRITICAL,4.63,12,0.8833,v1.12,True,SUCCESS,LORA,GOOD,0.82
REC-05195,2026-09-13T08:28:50Z,SITE-C,ESP32-C01,PV-C01,SITE-C-OPE-10,35,3.31,0.0,0.0,40.46,40.3,28.64,84.57,1009.03,61210.0,0.162,0.0,POOR,OK,OPEN_CIRCUIT,v1.12,OPEN_CIRCUIT,0.9933,0.0,0.0063,0.0001,0.9933,0.0002,ISOLATED,CRITICAL,3.9,12,0.8833,v1.12,True,SUCCESS,LORA,GOOD,0.82
REC-05196,2026-09-13T08:28:55Z,SITE-C,ESP32-C01,PV-C01,SITE-C-OPE-10,36,3.316,0.12,0.39,40.58,40.23,28.63,85.01,1009.1,61075.0,0.155,0.2,POOR,OK,OPEN_CIRCUIT,v1.12,OPEN_CIRCUIT,0.9931,0.0,0.0066,0.0001,0.9931,0.0002,ISOLATED,CRITICAL,3.72,12,0.8833,v1.12,True,SUCCESS,LORA,GOOD,0.82
REC-05197,2026-09-13T08:29:00Z,SITE-C,ESP32-C01,PV-C01,SITE-C-OPE-10,37,3.311,0.0,0.0,40.6,40.2,28.63,84.91,1009.08,60718.0,0.165,0.0,POOR,OK,OPEN_CIRCUIT,v1.12,OPEN_CIRCUIT,0.9935,0.0,0.0061,0.0001,0.9935,0.0002,ISOLATED,CRITICAL,2.37,12,0.8833,v1.12,True,SUCCESS,LORA,GOOD,0.82
REC-05198,2026-09-13T08:29:05Z,SITE-C,ESP32-C01,PV-C01,SITE-C-OPE-10,38,3.311,0.0,0.0,40.67,40.21,28.64,84.38,1009.03,60911.0,0.158,0.0,POOR,OK,OPEN_CIRCUIT,v1.12,OPEN_CIRCUIT,0.9933,0.0,0.0064,0.0001,0.9933,0.0002,ISOLATED,CRITICAL,2.23,12,0.8833,v1.12,True,SUCCESS,LORA,GOOD,0.82
REC-05199,2026-09-13T08:29:10Z,SITE-C,ESP32-C01,PV-C01,SITE-C-OPE-10,39,3.305,0.0,0.0,40.46,40.0,28.65,85.48,1009.05,60890.0,0.163,0.0,POOR,OK,OPEN_CIRCUIT,v1.12,OPEN_CIRCUIT,0.9935,0.0,0.0061,0.0001,0.9935,0.0002,ISOLATED,CRITICAL,3.86,12,0.8833,v1.12,True,SUCCESS,LORA,GOOD,0.82
REC-05200,2026-09-13T08:29:15Z,SITE-C,ESP32-C01,PV-C01,SITE-C-OPE-10,40,3.31,0.24,0.81,40.62,40.16,28.65,84.57,1009.09,60910.0,0.153,0.3,POOR,OK,OPEN_CIRCUIT,v1.12,OPEN_CIRCUIT,0.9928,0.0,0.0068,0.0001,0.9928,0.0002,ISOLATED,CRITICAL,2.73,12,0.8833,v1.12,True,SUCCESS,LORA,GOOD,0.82
REC-05201,2026-09-13T08:29:20Z,SITE-C,ESP32-C01,PV-C01,SITE-C-OPE-10,41,3.317,0.02,0.08,40.44,40.23,28.65,84.99,1009.02,60419.0,0.141,0.0,POOR,OK,OPEN_CIRCUIT,v1.12,OPEN_CIRCUIT,0.9922,0.0,0.0074,0.0001,0.9922,0.0002,ISOLATED,CRITICAL,2.19,12,0.8833,v1.12,True,SUCCESS,LORA,GOOD,0.82
REC-05202,2026-09-13T08:29:25Z,SITE-C,ESP32-C01,PV-C01,SITE-C-OPE-10,42,3.319,0.0,0.0,40.72,40.28,28.65,84.51,1009.04,61096.0,0.164,0.0,POOR,OK,OPEN_CIRCUIT,v1.12,OPEN_CIRCUIT,0.9937,0.0,0.006,0.0001,0.9937,0.0002,ISOLATED,CRITICAL,2.23,12,0.8833,v1.12,True,SUCCESS,LORA,GOOD,0.82
REC-05203,2026-09-13T08:29:30Z,SITE-C,ESP32-C01,PV-C01,SITE-C-OPE-10,43,3.311,0.19,0.62,40.44,40.07,28.64,84.79,1009.06,61045.0,0.178,0.2,POOR,OK,OPEN_CIRCUIT,v1.12,OPEN_CIRCUIT,0.994,0.0,0.0056,0.0001,0.994,0.0002,ISOLATED,CRITICAL,3.93,12,0.8833,v1.12,True,SUCCESS,LORA,GOOD,0.82
REC-05204,2026-09-13T08:29:35Z,SITE-C,ESP32-C01,PV-C01,SITE-C-OPE-10,44,3.316,0.0,0.0,40.59,40.22,28.66,84.88,1009.1,60988.0,0.149,0.0,POOR,OK,OPEN_CIRCUIT,v1.12,OPEN_CIRCUIT,0.9929,0.0,0.0068,0.0001,0.9929,0.0002,ISOLATED,CRITICAL,2.18,12,0.8833,v1.12,True,SUCCESS,LORA,GOOD,0.82
REC-05205,2026-09-13T08:29:40Z,SITE-C,ESP32-C01,PV-C01,SITE-C-OPE-10,45,3.319,0.0,0.0,40.54,40.09,28.66,84.15,1009.12,61387.0,0.152,0.0,POOR,OK,OPEN_CIRCUIT,v1.12,OPEN_CIRCUIT,0.9933,0.0,0.0064,0.0001,0.9933,0.0002,ISOLATED,CRITICAL,2.97,12,0.8833,v1.12,True,SUCCESS,LORA,GOOD,0.82
REC-05206,2026-09-13T08:29:45Z,SITE-C,ESP32-C01,PV-C01,SITE-C-OPE-10,46,3.307,0.0,0.0,40.63,40.19,28.67,85.12,1009.08,60603.0,0.153,0.0,POOR,OK,OPEN_CIRCUIT,v1.12,OPEN_CIRCUIT,0.9929,0.0,0.0068,0.0001,0.9929,0.0002,ISOLATED,CRITICAL,4.4,12,0.8833,v1.12,True,SUCCESS,LORA,GOOD,0.82
REC-05207,2026-09-13T08:29:50Z,SITE-C,ESP32-C01,PV-C01,SITE-C-OPE-10,47,3.314,0.0,0.0,40.64,40.13,28.68,84.37,1008.98,61030.0,0.137,0.0,POOR,OK,OPEN_CIRCUIT,v1.12,OPEN_CIRCUIT,0.9923,0.0,0.0074,0.0001,0.9923,0.0002,ISOLATED,CRITICAL,2.15,12,0.8833,v1.12,True,SUCCESS,LORA,GOOD,0.82
REC-05208,2026-09-13T08:29:55Z,SITE-C,ESP32-C01,PV-C01,SITE-C-OPE-10,48,3.313,0.0,0.0,40.49,40.16,28.69,84.5,1009.04,61293.0,0.144,0.0,POOR,OK,OPEN_CIRCUIT,v1.12,OPEN_CIRCUIT,0.9927,0.0,0.007,0.0001,0.9927,0.0002,ISOLATED,CRITICAL,4.24,12,0.8833,v1.12,True,SUCCESS,LORA,GOOD,0.82
REC-05209,2026-09-13T08:30:00Z,SITE-C,ESP32-C01,PV-C01,SITE-C-OPE-10,49,3.317,0.4,1.32,40.58,40.29,28.66,84.42,1009.17,61394.0,0.155,0.5,POOR,OK,OPEN_CIRCUIT,v1.12,OPEN_CIRCUIT,0.9928,0.0,0.0068,0.0001,0.9928,0.0002,ISOLATED,CRITICAL,3.87,12,0.8833,v1.12,True,SUCCESS,LORA,GOOD,0.3
REC-05210,2026-09-13T08:30:05Z,SITE-C,ESP32-C01,PV-C01,SITE-C-OPE-10,50,3.308,0.04,0.13,40.8,40.24,28.67,84.43,1009.07,61571.0,0.151,0.0,POOR,OK,OPEN_CIRCUIT,v1.12,OPEN_CIRCUIT,0.993,0.0,0.0067,0.0001,0.993,0.0002,ISOLATED,CRITICAL,2.93,12,0.8833,v1.12,True,SUCCESS,LORA,GOOD,0.3
REC-05211,2026-09-13T08:30:10Z,SITE-C,ESP32-C01,PV-C01,SITE-C-OPE-10,51,3.314,0.37,1.21,40.64,40.23,28.67,84.44,1008.99,61342.0,0.152,0.5,POOR,OK,OPEN_CIRCUIT,v1.12,OPEN_CIRCUIT,0.9927,0.0,0.0069,0.0001,0.9927,0.0002,ISOLATED,CRITICAL,3.11,12,0.8833,v1.12,True,SUCCESS,LORA,GOOD,0.3
REC-05212,2026-09-13T08:30:15Z,SITE-C,ESP32-C01,PV-C01,SITE-C-OPE-10,52,3.311,0.16,0.54,40.77,40.39,28.68,84.24,1009.14,61732.0,0.152,0.2,POOR,OK,OPEN_CIRCUIT,v1.12,OPEN_CIRCUIT,0.9928,0.0,0.0069,0.0001,0.9928,0.0002,ISOLATED,CRITICAL,4.27,12,0.8833,v1.12,True,SUCCESS,LORA,GOOD,0.3
REC-05213,2026-09-13T08:30:20Z,SITE-C,ESP32-C01,PV-C01,SITE-C-OPE-10,53,3.314,0.0,0.0,40.64,40.27,28.7,84.83,1009.03,62006.0,0.151,0.0,POOR,OK,OPEN_CIRCUIT,v1.12,OPEN_CIRCUIT,0.9932,0.0,0.0065,0.0001,0.9932,0.0002,ISOLATED,CRITICAL,4.22,12,0.8833,v1.12,True,SUCCESS,LORA,GOOD,0.3
REC-05214,2026-09-13T08:30:25Z,SITE-C,ESP32-C01,PV-C01,SITE-C-OPE-10,54,3.318,0.0,0.0,40.61,40.27,28.69,84.63,1009.09,61049.0,0.144,0.0,POOR,OK,OPEN_CIRCUIT,v1.12,OPEN_CIRCUIT,0.9926,0.0,0.0071,0.0001,0.9926,0.0002,ISOLATED,CRITICAL,3.33,12,0.8833,v1.12,True,SUCCESS,LORA,GOOD,0.3
REC-05215,2026-09-13T08:30:30Z,SITE-C,ESP32-C01,PV-C01,SITE-C-OPE-10,55,3.319,0.0,0.0,40.6,40.19,28.68,84.56,1009.04,61501.0,0.156,0.0,POOR,OK,OPEN_CIRCUIT,v1.12,OPEN_CIRCUIT,0.9934,0.0,0.0062,0.0001,0.9934,0.0002,ISOLATED,CRITICAL,4.07,12,0.8833,v1.12,True,SUCCESS,LORA,GOOD,0.3
REC-05216,2026-09-13T08:30:35Z,SITE-C,ESP32-C01,PV-C01,SITE-C-OPE-10,56,3.317,0.06,0.19,40.73,40.2,28.69,84.9,1009.14,61270.0,0.155,0.1,POOR,OK,OPEN_CIRCUIT,v1.12,OPEN_CIRCUIT,0.9933,0.0,0.0064,0.0001,0.9933,0.0002,ISOLATED,CRITICAL,2.74,12,0.8833,v1.12,True,SUCCESS,LORA,GOOD,0.3
REC-05217,2026-09-13T08:30:40Z,SITE-C,ESP32-C01,PV-C01,SITE-C-OPE-10,57,3.306,0.41,1.34,40.69,40.39,28.69,85.13,1009.03,61305.0,0.143,0.5,POOR,OK,OPEN_CIRCUIT,v1.12,OPEN_CIRCUIT,0.9917,0.0,0.008,0.0001,0.9917,0.0002,ISOLATED,CRITICAL,2.94,12,0.8833,v1.12,True,SUCCESS,LORA,GOOD,0.3
REC-05218,2026-09-13T08:30:45Z,SITE-C,ESP32-C01,PV-C01,SITE-C-OPE-10,58,3.309,0.0,0.0,40.76,40.29,28.69,84.13,1009.05,61459.0,0.156,0.0,POOR,OK,OPEN_CIRCUIT,v1.12,OPEN_CIRCUIT,0.9932,0.0,0.0065,0.0001,0.9932,0.0002,ISOLATED,CRITICAL,2.56,12,0.8833,v1.12,True,SUCCESS,LORA,GOOD,0.3
REC-05219,2026-09-13T08:30:50Z,SITE-C,ESP32-C01,PV-C01,SITE-C-OPE-10,59,3.316,0.19,0.63,40.58,40.28,28.68,85.09,1009.1,61940.0,0.146,0.2,POOR,OK,OPEN_CIRCUIT,v1.12,OPEN_CIRCUIT,0.9927,0.0,0.0069,0.0001,0.9927,0.0002,ISOLATED,CRITICAL,4.56,12,0.8833,v1.12,True,SUCCESS,LORA,GOOD,0.3
REC-05220,2026-09-13T08:30:55Z,SITE-C,ESP32-C01,PV-C01,SITE-C-OPE-10,60,3.314,0.47,1.57,40.68,40.37,28.69,84.59,1009.05,61459.0,0.159,0.6,POOR,OK,OPEN_CIRCUIT,v1.12,OPEN_CIRCUIT,0.9928,0.0,0.0068,0.0001,0.9928,0.0002,ISOLATED,CRITICAL,2.17,12,0.8833,v1.12,True,SUCCESS,LORA,GOOD,0.3
REC-05221,2026-09-13T08:41:00Z,SITE-F,ESP32-F01,PV-F01,SITE-F-OPE-04,1,3.285,0.64,2.09,44.27,44.11,30.7,77.56,1009.37,65838.0,0.118,0.7,POOR,OK,OPEN_CIRCUIT,v1.12,OPEN_CIRCUIT,0.9615,0.0,0.038,0.0001,0.9615,0.0003,ISOLATED,CRITICAL,2.63,12,0.8833,v1.12,True,SUCCESS,WIFI,POOR,20.44
REC-05222,2026-09-13T08:41:05Z,SITE-F,ESP32-F01,PV-F01,SITE-F-OPE-04,2,3.291,0.45,1.47,44.39,44.08,30.72,77.17,1009.29,66052.0,0.108,0.5,POOR,OK,OPEN_CIRCUIT,v1.12,OPEN_CIRCUIT,0.9605,0.0,0.0391,0.0001,0.9605,0.0003,ISOLATED,CRITICAL,2.44,12,0.8833,v1.12,True,SUCCESS,WIFI,POOR,20.44
REC-05223,2026-09-13T08:41:10Z,SITE-F,ESP32-F01,PV-F01,SITE-F-OPE-04,3,3.288,0.26,0.84,44.3,44.08,30.71,76.64,1009.33,65959.0,0.12,0.3,POOR,OK,OPEN_CIRCUIT,v1.12,OPEN_CIRCUIT,0.9648,0.0,0.0348,0.0001,0.9648,0.0003,ISOLATED,CRITICAL,3.99,12,0.8833,v1.12,True,SUCCESS,WIFI,POOR,20.44
REC-05224,2026-09-13T08:41:15Z,SITE-F,ESP32-F01,PV-F01,SITE-F-OPE-04,4,3.29,0.41,1.36,44.4,44.3,30.71,77.26,1009.28,66051.0,0.102,0.5,POOR,OK,OPEN_CIRCUIT,v1.12,OPEN_CIRCUIT,0.9572,0.0,0.0424,0.0001,0.9572,0.0003,ISOLATED,CRITICAL,3.32,12,0.8833,v1.12,True,SUCCESS,WIFI,POOR,20.44
REC-05225,2026-09-13T08:41:20Z,SITE-F,ESP32-F01,PV-F01,SITE-F-OPE-04,5,3.291,0.0,0.0,44.42,44.2,30.73,77.38,1009.28,66373.0,0.109,0.0,POOR,OK,OPEN_CIRCUIT,v1.12,OPEN_CIRCUIT,0.963,0.0,0.0366,0.0001,0.963,0.0003,ISOLATED,CRITICAL,3.14,12,0.8833,v1.12,True,SUCCESS,WIFI,POOR,20.44
REC-05226,2026-09-13T08:41:25Z,SITE-F,ESP32-F01,PV-F01,SITE-F-OPE-04,6,3.288,0.0,0.0,44.58,44.22,30.72,77.36,1009.35,66423.0,0.112,0.0,POOR,OK,OPEN_CIRCUIT,v1.12,OPEN_CIRCUIT,0.9637,0.0,0.0359,0.0001,0.9637,0.0002,ISOLATED,CRITICAL,4.58,12,0.8833,v1.12,True,SUCCESS,WIFI,POOR,20.44
REC-05227,2026-09-13T08:41:30Z,SITE-F,ESP32-F01,PV-F01,SITE-F-OPE-04,7,3.286,0.14,0.46,44.45,44.13,30.73,77.08,1009.3,66133.0,0.127,0.2,POOR,OK,OPEN_CIRCUIT,v1.12,OPEN_CIRCUIT,0.9669,0.0,0.0327,0.0001,0.9669,0.0003,ISOLATED,CRITICAL,4.37,12,0.8833,v1.12,True,SUCCESS,WIFI,POOR,20.44
REC-05228,2026-09-13T08:41:35Z,SITE-F,ESP32-F01,PV-F01,SITE-F-OPE-04,8,3.282,0.0,0.0,44.28,44.08,30.72,76.94,1009.31,66165.0,0.118,0.0,POOR,OK,OPEN_CIRCUIT,v1.12,OPEN_CIRCUIT,0.9654,0.0,0.0342,0.0001,0.9654,0.0003,ISOLATED,CRITICAL,4.79,12,0.8833,v1.12,True,SUCCESS,WIFI,POOR,20.44
REC-05229,2026-09-13T08:41:40Z,SITE-F,ESP32-F01,PV-F01,SITE-F-OPE-04,9,3.284,0.0,0.0,44.25,44.17,30.72,77.57,1009.32,66373.0,0.112,0.0,POOR,OK,OPEN_CIRCUIT,v1.12,OPEN_CIRCUIT,0.9636,0.0,0.036,0.0001,0.9636,0.0003,ISOLATED,CRITICAL,2.23,12,0.8833,v1.12,True,SUCCESS,WIFI,POOR,20.44
REC-05230,2026-09-13T08:41:45Z,SITE-F,ESP32-F01,PV-F01,SITE-F-OPE-04,10,3.285,0.36,1.17,44.46,44.03,30.74,77.41,1009.27,65879.0,0.116,0.4,POOR,OK,OPEN_CIRCUIT,v1.12,OPEN_CIRCUIT,0.9626,0.0,0.037,0.0001,0.9626,0.0003,ISOLATED,CRITICAL,4.63,12,0.8833,v1.12,True,SUCCESS,WIFI,POOR,20.44
REC-05231,2026-09-13T08:41:50Z,SITE-F,ESP32-F01,PV-F01,SITE-F-OPE-04,11,3.291,0.4,1.3,44.26,44.05,30.75,77.1,1009.29,65958.0,0.121,0.5,POOR,OK,OPEN_CIRCUIT,v1.12,OPEN_CIRCUIT,0.9642,0.0,0.0354,0.0001,0.9642,0.0003,ISOLATED,CRITICAL,3.19,12,0.8833,v1.12,True,SUCCESS,WIFI,POOR,20.44
REC-05232,2026-09-13T08:41:55Z,SITE-F,ESP32-F01,PV-F01,SITE-F-OPE-04,12,3.286,0.0,0.0,44.16,44.06,30.75,76.85,1009.28,65872.0,0.114,0.0,POOR,OK,OPEN_CIRCUIT,v1.12,OPEN_CIRCUIT,0.9638,0.0,0.0358,0.0001,0.9638,0.0003,ISOLATED,CRITICAL,3.71,12,0.8833,v1.12,True,SUCCESS,WIFI,POOR,20.44
REC-05233,2026-09-13T08:42:00Z,SITE-F,ESP32-F01,PV-F01,SITE-F-OPE-04,13,3.286,0.13,0.44,44.22,44.05,30.74,77.37,1009.31,66067.0,0.1,0.2,POOR,OK,OPEN_CIRCUIT,v1.12,OPEN_CIRCUIT,0.9594,0.0,0.0402,0.0001,0.9594,0.0003,ISOLATED,CRITICAL,4.73,12,0.8833,v1.12,True,SUCCESS,WIFI,POOR,20.44
REC-05234,2026-09-13T08:42:05Z,SITE-F,ESP32-F01,PV-F01,SITE-F-OPE-04,14,3.281,0.0,0.0,44.29,44.08,30.73,77.03,1009.31,65431.0,0.116,0.0,POOR,OK,OPEN_CIRCUIT,v1.12,OPEN_CIRCUIT,0.9634,0.0,0.0362,0.0001,0.9634,0.0003,ISOLATED,CRITICAL,3.9,12,0.8833,v1.12,True,SUCCESS,WIFI,POOR,20.44
REC-05235,2026-09-13T08:42:10Z,SITE-F,ESP32-F01,PV-F01,SITE-F-OPE-04,15,3.292,0.01,0.03,44.26,43.88,30.73,77.41,1009.28,65434.0,0.11,0.0,POOR,OK,OPEN_CIRCUIT,v1.12,OPEN_CIRCUIT,0.9639,0.0,0.0357,0.0001,0.9639,0.0003,ISOLATED,CRITICAL,2.39,12,0.8833,v1.12,True,SUCCESS,WIFI,POOR,20.44
REC-05236,2026-09-13T08:42:15Z,SITE-F,ESP32-F01,PV-F01,SITE-F-OPE-04,16,3.282,0.05,0.16,44.28,43.96,30.71,77.35,1009.36,65353.0,0.106,0.1,POOR,OK,OPEN_CIRCUIT,v1.12,OPEN_CIRCUIT,0.9612,0.0,0.0384,0.0001,0.9612,0.0003,ISOLATED,CRITICAL,3.46,12,0.8833,v1.12,True,SUCCESS,WIFI,POOR,20.44
REC-05237,2026-09-13T08:42:20Z,SITE-F,ESP32-F01,PV-F01,SITE-F-OPE-04,17,3.284,0.4,1.31,44.22,44.13,30.69,77.92,1009.3,65634.0,0.102,0.5,POOR,OK,OPEN_CIRCUIT,v1.12,OPEN_CIRCUIT,0.9575,0.0,0.0421,0.0001,0.9575,0.0003,ISOLATED,CRITICAL,2.29,12,0.8833,v1.12,True,SUCCESS,WIFI,POOR,20.44
REC-05238,2026-09-13T08:42:25Z,SITE-F,ESP32-F01,PV-F01,SITE-F-OPE-04,18,3.292,0.0,0.0,44.13,44.02,30.68,77.28,1009.3,65790.0,0.116,0.0,POOR,OK,OPEN_CIRCUIT,v1.12,OPEN_CIRCUIT,0.966,0.0,0.0336,0.0001,0.966,0.0003,ISOLATED,CRITICAL,3.73,12,0.8833,v1.12,True,SUCCESS,WIFI,POOR,20.44
REC-05239,2026-09-13T08:42:30Z,SITE-F,ESP32-F01,PV-F01,SITE-F-OPE-04,19,3.29,0.12,0.4,44.05,43.91,30.68,77.9,1009.34,65508.0,0.115,0.1,POOR,OK,OPEN_CIRCUIT,v1.12,OPEN_CIRCUIT,0.9651,0.0,0.0345,0.0001,0.9651,0.0003,ISOLATED,CRITICAL,2.3,12,0.8833,v1.12,True,SUCCESS,WIFI,POOR,20.44
REC-05240,2026-09-13T08:42:35Z,SITE-F,ESP32-F01,PV-F01,SITE-F-OPE-04,20,3.282,0.07,0.24,44.17,44.03,30.69,77.32,1009.27,65534.0,0.1,0.1,POOR,OK,OPEN_CIRCUIT,v1.12,OPEN_CIRCUIT,0.9593,0.0,0.0403,0.0001,0.9593,0.0003,ISOLATED,CRITICAL,3.73,12,0.8833,v1.12,True,SUCCESS,WIFI,POOR,20.44
REC-05241,2026-09-13T08:42:40Z,SITE-F,ESP32-F01,PV-F01,SITE-F-OPE-04,21,3.281,0.0,0.0,44.21,43.93,30.69,77.1,1009.28,65737.0,0.099,0.0,POOR,OK,OPEN_CIRCUIT,v1.12,OPEN_CIRCUIT,0.9605,0.0,0.0391,0.0001,0.9605,0.0003,ISOLATED,CRITICAL,4.4,12,0.8833,v1.12,True,SUCCESS,WIFI,POOR,20.44
REC-05242,2026-09-13T08:42:45Z,SITE-F,ESP32-F01,PV-F01,SITE-F-OPE-04,22,3.285,0.07,0.23,44.13,44.07,30.69,76.98,1009.31,65628.0,0.129,0.1,POOR,OK,OPEN_CIRCUIT,v1.12,OPEN_CIRCUIT,0.9677,0.0,0.0318,0.0001,0.9677,0.0003,ISOLATED,CRITICAL,3.54,12,0.8833,v1.12,True,SUCCESS,WIFI,POOR,20.44
REC-05243,2026-09-13T08:42:50Z,SITE-F,ESP32-F01,PV-F01,SITE-F-OPE-04,23,3.283,0.16,0.51,44.32,44.03,30.68,77.04,1009.26,65715.0,0.119,0.2,POOR,OK,OPEN_CIRCUIT,v1.12,OPEN_CIRCUIT,0.965,0.0,0.0346,0.0001,0.965,0.0003,ISOLATED,CRITICAL,3.51,12,0.8833,v1.12,True,SUCCESS,WIFI,POOR,20.44
REC-05244,2026-09-13T08:42:55Z,SITE-F,ESP32-F01,PV-F01,SITE-F-OPE-04,24,3.279,0.17,0.55,44.15,43.89,30.67,77.43,1009.29,65736.0,0.111,0.2,POOR,OK,OPEN_CIRCUIT,v1.12,OPEN_CIRCUIT,0.9634,0.0,0.0362,0.0001,0.9634,0.0003,ISOLATED,CRITICAL,2.4,12,0.8833,v1.12,True,SUCCESS,WIFI,POOR,20.44
REC-05245,2026-09-13T08:43:00Z,SITE-F,ESP32-F01,PV-F01,SITE-F-OPE-04,25,3.283,0.28,0.91,44.04,43.92,30.64,77.34,1009.36,65450.0,0.116,0.3,POOR,OK,OPEN_CIRCUIT,v1.12,OPEN_CIRCUIT,0.9643,0.0,0.0353,0.0001,0.9643,0.0003,ISOLATED,CRITICAL,4.29,12,0.8833,v1.12,True,SUCCESS,WIFI,POOR,20.44
REC-05246,2026-09-13T08:43:05Z,SITE-F,ESP32-F01,PV-F01,SITE-F-OPE-04,26,3.273,0.43,1.4,44.13,43.89,30.66,76.75,1009.35,65258.0,0.105,0.5,POOR,OK,OPEN_CIRCUIT,v1.12,OPEN_CIRCUIT,0.9588,0.0,0.0408,0.0001,0.9588,0.0003,ISOLATED,CRITICAL,3.4,12,0.8833,v1.12,True,SUCCESS,WIFI,POOR,20.44
REC-05247,2026-09-13T08:43:10Z,SITE-F,ESP32-F01,PV-F01,SITE-F-OPE-04,27,3.291,0.68,2.22,44.25,43.95,30.66,77.61,1009.33,65799.0,0.108,0.8,POOR,OK,OPEN_CIRCUIT,v1.12,OPEN_CIRCUIT,0.9604,0.0,0.0391,0.0001,0.9604,0.0003,ISOLATED,CRITICAL,3.1,12,0.8833,v1.12,True,SUCCESS,WIFI,POOR,20.44
REC-05248,2026-09-13T08:43:15Z,SITE-F,ESP32-F01,PV-F01,SITE-F-OPE-04,28,3.291,0.0,0.0,44.32,43.95,30.67,77.74,1009.34,65636.0,0.11,0.0,POOR,OK,OPEN_CIRCUIT,v1.12,OPEN_CIRCUIT,0.9646,0.0,0.035,0.0001,0.9646,0.0003,ISOLATED,CRITICAL,2.18,12,0.8833,v1.12,True,SUCCESS,WIFI,POOR,20.44
REC-05249,2026-09-13T08:43:20Z,SITE-F,ESP32-F01,PV-F01,SITE-F-OPE-04,29,3.294,0.31,1.01,44.06,43.97,30.67,76.75,1009.31,65502.0,0.12,0.4,POOR,OK,OPEN_CIRCUIT,v1.12,OPEN_CIRCUIT,0.9655,0.0,0.0341,0.0001,0.9655,0.0003,ISOLATED,CRITICAL,3.31,12,0.8833,v1.12,True,SUCCESS,WIFI,POOR,20.44
REC-05250,2026-09-13T08:43:25Z,SITE-F,ESP32-F01,PV-F01,SITE-F-OPE-04,30,3.288,0.3,0.98,44.28,43.93,30.7,77.6,1009.29,65716.0,0.096,0.3,POOR,OK,OPEN_CIRCUIT,v1.12,OPEN_CIRCUIT,0.9581,0.0,0.0415,0.0001,0.9581,0.0003,ISOLATED,CRITICAL,4.4,12,0.8833,v1.12,True,SUCCESS,WIFI,POOR,20.44
REC-05251,2026-09-13T08:43:30Z,SITE-F,ESP32-F01,PV-F01,SITE-F-OPE-04,31,3.284,0.0,0.0,44.28,43.93,30.7,77.8,1009.35,65827.0,0.1,0.0,POOR,OK,OPEN_CIRCUIT,v1.12,OPEN_CIRCUIT,0.9611,0.0,0.0385,0.0001,0.9611,0.0003,ISOLATED,CRITICAL,4.02,12,0.8833,v1.12,True,SUCCESS,WIFI,POOR,20.44
REC-05252,2026-09-13T08:43:35Z,SITE-F,ESP32-F01,PV-F01,SITE-F-OPE-04,32,3.291,0.0,0.0,44.18,43.93,30.69,76.76,1009.27,65661.0,0.098,0.0,POOR,OK,OPEN_CIRCUIT,v1.12,OPEN_CIRCUIT,0.9609,0.0,0.0387,0.0001,0.9609,0.0003,ISOLATED,CRITICAL,3.78,12,0.8833,v1.12,True,SUCCESS,WIFI,POOR,20.44
REC-05253,2026-09-13T08:43:40Z,SITE-F,ESP32-F01,PV-F01,SITE-F-OPE-04,33,3.282,0.27,0.89,44.31,43.96,30.71,77.16,1009.33,65932.0,0.119,0.3,POOR,OK,OPEN_CIRCUIT,v1.12,OPEN_CIRCUIT,0.9647,0.0,0.0349,0.0001,0.9647,0.0003,ISOLATED,CRITICAL,2.55,12,0.8833,v1.12,True,SUCCESS,WIFI,POOR,20.44
REC-05254,2026-09-13T08:43:45Z,SITE-F,ESP32-F01,PV-F01,SITE-F-OPE-04,34,3.279,0.21,0.67,44.37,44.0,30.7,77.05,1009.28,65817.0,0.109,0.2,POOR,OK,OPEN_CIRCUIT,v1.12,OPEN_CIRCUIT,0.9616,0.0,0.038,0.0001,0.9616,0.0003,ISOLATED,CRITICAL,3.44,12,0.8833,v1.12,True,SUCCESS,WIFI,POOR,20.44
REC-05255,2026-09-13T08:43:50Z,SITE-F,ESP32-F01,PV-F01,SITE-F-OPE-04,35,3.285,0.0,0.0,44.07,43.91,30.7,77.59,1009.29,65600.0,0.101,0.0,POOR,OK,OPEN_CIRCUIT,v1.12,OPEN_CIRCUIT,0.9612,0.0,0.0384,0.0001,0.9612,0.0003,ISOLATED,CRITICAL,2.1,12,0.8833,v1.12,True,SUCCESS,WIFI,POOR,20.44
REC-05256,2026-09-13T08:43:55Z,SITE-F,ESP32-F01,PV-F01,SITE-F-OPE-04,36,3.288,0.0,0.0,44.14,43.99,30.7,77.18,1009.32,65524.0,0.108,0.0,POOR,OK,OPEN_CIRCUIT,v1.12,OPEN_CIRCUIT,0.9629,0.0,0.0367,0.0001,0.9629,0.0003,ISOLATED,CRITICAL,2.17,12,0.8833,v1.12,True,SUCCESS,WIFI,POOR,20.44
REC-05257,2026-09-13T08:44:00Z,SITE-F,ESP32-F01,PV-F01,SITE-F-OPE-04,37,3.282,0.16,0.52,44.12,43.82,30.7,77.16,1009.36,65385.0,0.104,0.2,POOR,OK,OPEN_CIRCUIT,v1.12,OPEN_CIRCUIT,0.9611,0.0,0.0385,0.0001,0.9611,0.0003,ISOLATED,CRITICAL,2.42,12,0.8833,v1.12,True,SUCCESS,WIFI,POOR,20.44
REC-05258,2026-09-13T08:44:05Z,SITE-F,ESP32-F01,PV-F01,SITE-F-OPE-04,38,3.281,0.0,0.0,44.26,43.8,30.69,77.43,1009.34,65534.0,0.096,0.0,POOR,OK,OPEN_CIRCUIT,v1.12,OPEN_CIRCUIT,0.9601,0.0,0.0395,0.0001,0.9601,0.0003,ISOLATED,CRITICAL,2.68,12,0.8833,v1.12,True,SUCCESS,WIFI,POOR,20.44
REC-05259,2026-09-13T08:44:10Z,SITE-F,ESP32-F01,PV-F01,SITE-F-OPE-04,39,3.284,0.19,0.61,44.31,44.08,30.72,77.77,1009.31,65160.0,0.123,0.2,POOR,OK,OPEN_CIRCUIT,v1.12,OPEN_CIRCUIT,0.9642,0.0,0.0353,0.0001,0.9642,0.0003,ISOLATED,CRITICAL,4.1,12,0.8833,v1.12,True,SUCCESS,WIFI,POOR,20.44
REC-05260,2026-09-13T08:44:15Z,SITE-F,ESP32-F01,PV-F01,SITE-F-OPE-04,40,3.288,0.08,0.28,44.11,43.77,30.71,77.28,1009.3,65202.0,0.109,0.1,POOR,OK,OPEN_CIRCUIT,v1.12,OPEN_CIRCUIT,0.9634,0.0,0.0361,0.0001,0.9634,0.0003,ISOLATED,CRITICAL,3.66,12,0.8833,v1.12,True,SUCCESS,WIFI,POOR,20.44
REC-05261,2026-09-13T08:44:20Z,SITE-F,ESP32-F01,PV-F01,SITE-F-OPE-04,41,3.286,0.02,0.08,44.01,43.85,30.7,77.16,1009.32,65167.0,0.123,0.0,POOR,OK,OPEN_CIRCUIT,v1.12,OPEN_CIRCUIT,0.967,0.0,0.0326,0.0001,0.967,0.0003,ISOLATED,CRITICAL,2.54,12,0.8833,v1.12,True,SUCCESS,WIFI,POOR,20.44
REC-05262,2026-09-13T08:44:25Z,SITE-F,ESP32-F01,PV-F01,SITE-F-OPE-04,42,3.3,0.0,0.0,44.04,43.78,30.7,77.21,1009.34,64868.0,0.096,0.0,POOR,OK,OPEN_CIRCUIT,v1.12,OPEN_CIRCUIT,0.9606,0.0,0.039,0.0001,0.9606,0.0003,ISOLATED,CRITICAL,3.12,12,0.8833,v1.12,True,SUCCESS,WIFI,POOR,20.44
REC-05263,2026-09-13T08:44:30Z,SITE-F,ESP32-F01,PV-F01,SITE-F-OPE-04,43,3.286,0.0,0.0,43.92,43.61,30.69,77.5,1009.25,64423.0,0.115,0.0,POOR,OK,OPEN_CIRCUIT,v1.12,OPEN_CIRCUIT,0.9654,0.0,0.0341,0.0001,0.9654,0.0003,ISOLATED,CRITICAL,2.75,12,0.8833,v1.12,True,SUCCESS,WIFI,POOR,20.44
REC-05264,2026-09-13T08:44:35Z,SITE-F,ESP32-F01,PV-F01,SITE-F-OPE-04,44,3.29,0.0,0.0,43.8,43.69,30.69,76.9,1009.3,64702.0,0.096,0.0,POOR,OK,OPEN_CIRCUIT,v1.12,OPEN_CIRCUIT,0.9602,0.0,0.0394,0.0001,0.9602,0.0003,ISOLATED,CRITICAL,2.42,12,0.8833,v1.12,True,SUCCESS,WIFI,POOR,20.44
REC-05265,2026-09-13T08:44:40Z,SITE-F,ESP32-F01,PV-F01,SITE-F-OPE-04,45,3.279,0.15,0.5,44.05,43.72,30.68,77.3,1009.27,64885.0,0.134,0.2,POOR,OK,OPEN_CIRCUIT,v1.12,OPEN_CIRCUIT,0.9692,0.0,0.0304,0.0001,0.9692,0.0003,ISOLATED,CRITICAL,2.16,12,0.8833,v1.12,True,SUCCESS,WIFI,POOR,20.44
REC-05266,2026-09-13T08:44:45Z,SITE-F,ESP32-F01,PV-F01,SITE-F-OPE-04,46,3.289,0.0,0.0,44.1,43.78,30.69,77.02,1009.29,64666.0,0.093,0.0,POOR,OK,OPEN_CIRCUIT,v1.12,OPEN_CIRCUIT,0.9584,0.0,0.0412,0.0001,0.9584,0.0003,ISOLATED,CRITICAL,4.72,12,0.8833,v1.12,True,SUCCESS,WIFI,POOR,20.44
REC-05267,2026-09-13T08:44:50Z,SITE-F,ESP32-F01,PV-F01,SITE-F-OPE-04,47,3.284,0.07,0.24,44.09,43.67,30.68,76.94,1009.26,64929.0,0.128,0.1,POOR,OK,OPEN_CIRCUIT,v1.12,OPEN_CIRCUIT,0.9688,0.0,0.0308,0.0001,0.9688,0.0003,ISOLATED,CRITICAL,2.54,12,0.8833,v1.12,True,SUCCESS,WIFI,POOR,20.44
REC-05268,2026-09-13T08:44:55Z,SITE-F,ESP32-F01,PV-F01,SITE-F-OPE-04,48,3.286,0.0,0.0,43.95,43.76,30.67,76.72,1009.25,64911.0,0.11,0.0,POOR,OK,OPEN_CIRCUIT,v1.12,OPEN_CIRCUIT,0.9642,0.0,0.0354,0.0001,0.9642,0.0003,ISOLATED,CRITICAL,2.34,12,0.8833,v1.12,True,SUCCESS,WIFI,POOR,20.44
REC-05269,2026-09-13T08:45:00Z,SITE-F,ESP32-F01,PV-F01,SITE-F-OPE-04,49,3.295,0.06,0.21,44.14,43.81,30.67,77.15,1009.26,64978.0,0.108,0.1,POOR,OK,OPEN_CIRCUIT,v1.12,OPEN_CIRCUIT,0.9638,0.0,0.0358,0.0001,0.9638,0.0003,ISOLATED,CRITICAL,3.53,12,0.8833,v1.12,True,SUCCESS,WIFI,POOR,20.44
REC-05270,2026-09-13T08:45:05Z,SITE-F,ESP32-F01,PV-F01,SITE-F-OPE-04,50,3.284,0.09,0.29,44.18,43.88,30.67,77.62,1009.28,65069.0,0.116,0.1,POOR,OK,OPEN_CIRCUIT,v1.12,OPEN_CIRCUIT,0.9647,0.0,0.0349,0.0001,0.9647,0.0003,ISOLATED,CRITICAL,3.62,12,0.8833,v1.12,True,SUCCESS,WIFI,POOR,20.44
REC-05271,2026-09-13T08:45:10Z,SITE-F,ESP32-F01,PV-F01,SITE-F-OPE-04,51,3.28,0.0,0.0,44.22,43.72,30.67,76.7,1009.32,64352.0,0.101,0.0,POOR,OK,OPEN_CIRCUIT,v1.12,OPEN_CIRCUIT,0.9602,0.0,0.0393,0.0001,0.9602,0.0003,ISOLATED,CRITICAL,2.71,12,0.8833,v1.12,True,SUCCESS,WIFI,POOR,20.44
REC-05272,2026-09-13T08:45:15Z,SITE-F,ESP32-F01,PV-F01,SITE-F-OPE-04,52,3.28,0.13,0.44,44.09,43.7,30.67,77.46,1009.28,64626.0,0.118,0.2,POOR,OK,OPEN_CIRCUIT,v1.12,OPEN_CIRCUIT,0.9651,0.0,0.0345,0.0001,0.9651,0.0003,ISOLATED,CRITICAL,4.03,12,0.8833,v1.12,True,SUCCESS,WIFI,POOR,20.44
REC-05273,2026-09-13T08:45:20Z,SITE-F,ESP32-F01,PV-F01,SITE-F-OPE-04,53,3.287,0.0,0.0,44.15,43.76,30.67,77.11,1009.27,64952.0,0.119,0.0,POOR,OK,OPEN_CIRCUIT,v1.12,OPEN_CIRCUIT,0.9668,0.0,0.0328,0.0001,0.9668,0.0003,ISOLATED,CRITICAL,2.4,12,0.8833,v1.12,True,SUCCESS,WIFI,POOR,20.44
REC-05274,2026-09-13T08:45:25Z,SITE-F,ESP32-F01,PV-F01,SITE-F-OPE-04,54,3.287,0.0,0.0,44.02,43.86,30.68,76.98,1009.31,65077.0,0.11,0.0,POOR,TEMP1_MISSING_-999,OPEN_CIRCUIT,v1.12,OPEN_CIRCUIT,0.9637,0.0,0.0359,0.0001,0.9637,0.0003,ISOLATED,CRITICAL,4.76,12,0.8833,v1.12,True,SUCCESS,WIFI,POOR,20.44
REC-05275,2026-09-13T08:45:30Z,SITE-F,ESP32-F01,PV-F01,SITE-F-OPE-04,55,3.286,0.29,0.94,43.97,43.64,30.67,77.4,1009.31,65046.0,0.113,0.3,POOR,OK,OPEN_CIRCUIT,v1.12,OPEN_CIRCUIT,0.9644,0.0,0.0352,0.0001,0.9644,0.0003,ISOLATED,CRITICAL,2.52,12,0.8833,v1.12,True,SUCCESS,WIFI,POOR,20.44
REC-05276,2026-09-13T08:45:35Z,SITE-F,ESP32-F01,PV-F01,SITE-F-OPE-04,56,3.28,0.0,0.0,44.09,43.83,30.67,77.69,1009.35,64312.0,0.129,0.0,POOR,OK,OPEN_CIRCUIT,v1.12,OPEN_CIRCUIT,0.9674,0.0,0.0322,0.0001,0.9674,0.0003,ISOLATED,CRITICAL,4.78,12,0.8833,v1.12,True,SUCCESS,WIFI,POOR,20.44
REC-05277,2026-09-13T08:45:40Z,SITE-F,ESP32-F01,PV-F01,SITE-F-OPE-04,57,3.297,0.46,1.52,43.86,43.75,30.66,77.75,1009.33,64871.0,0.117,0.5,POOR,OK,OPEN_CIRCUIT,v1.12,OPEN_CIRCUIT,0.9646,0.0,0.0349,0.0001,0.9646,0.0003,ISOLATED,CRITICAL,3.99,12,0.8833,v1.12,True,SUCCESS,WIFI,POOR,20.44
REC-05278,2026-09-13T08:45:45Z,SITE-F,ESP32-F01,PV-F01,SITE-F-OPE-04,58,3.294,0.0,0.0,44.0,43.75,30.66,77.39,1009.27,64421.0,0.102,0.0,POOR,OK,OPEN_CIRCUIT,v1.12,OPEN_CIRCUIT,0.9619,0.0,0.0377,0.0001,0.9619,0.0003,ISOLATED,CRITICAL,2.93,12,0.8833,v1.12,True,SUCCESS,WIFI,POOR,20.44
REC-05279,2026-09-13T08:45:50Z,SITE-F,ESP32-F01,PV-F01,SITE-F-OPE-04,59,3.287,0.0,0.0,44.02,43.65,30.67,77.28,1009.28,64370.0,0.118,0.0,POOR,OK,OPEN_CIRCUIT,v1.12,OPEN_CIRCUIT,0.9662,0.0,0.0333,0.0001,0.9662,0.0003,ISOLATED,CRITICAL,4.12,12,0.8833,v1.12,True,SUCCESS,WIFI,POOR,20.44
REC-05280,2026-09-13T08:45:55Z,SITE-F,ESP32-F01,PV-F01,SITE-F-OPE-04,60,3.279,0.56,1.83,43.94,43.56,30.64,77.42,1009.32,64166.0,0.105,0.7,POOR,OK,OPEN_CIRCUIT,v1.12,OPEN_CIRCUIT,0.9592,0.0001,0.0403,0.0001,0.9592,0.0003,ISOLATED,CRITICAL,2.74,12,0.8833,v1.12,True,SUCCESS,WIFI,POOR,20.44
REC-05281,2026-09-13T08:52:00Z,SITE-C,ESP32-C01,PV-C01,SITE-C-SHO-04,1,0.08,99.16,7.93,41.68,39.92,28.88,83.87,1008.87,57124.0,0.11,3.2,POOR,OK,SHORT_CIRCUIT,v1.12,SHORT_CIRCUIT,0.9885,0.0002,0.0108,0.0,0.0006,0.9885,ISOLATED,CRITICAL,4.73,12,0.8833,v1.12,True,SUCCESS,LORA,GOOD,2.62
REC-05282,2026-09-13T08:52:05Z,SITE-C,ESP32-C01,PV-C01,SITE-C-SHO-04,2,0.08,98.86,7.93,41.65,40.0,28.87,84.64,1008.85,57594.0,0.092,3.2,POOR,OK,SHORT_CIRCUIT,v1.12,SHORT_CIRCUIT,0.9885,0.0002,0.0108,0.0,0.0005,0.9885,ISOLATED,CRITICAL,4.14,12,0.8833,v1.12,True,SUCCESS,LORA,GOOD,2.62
REC-05283,2026-09-13T08:52:10Z,SITE-C,ESP32-C01,PV-C01,SITE-C-SHO-04,3,0.079,99.33,7.85,41.83,40.01,28.87,84.17,1008.9,57979.0,0.087,3.1,POOR,OK,SHORT_CIRCUIT,v1.12,SHORT_CIRCUIT,0.9884,0.0002,0.0109,0.0,0.0005,0.9884,ISOLATED,CRITICAL,2.32,12,0.8833,v1.12,True,SUCCESS,LORA,GOOD,2.62
REC-05284,2026-09-13T08:52:15Z,SITE-C,ESP32-C01,PV-C01,SITE-C-SHO-04,4,0.08,99.7,7.99,41.76,40.05,28.88,84.07,1008.83,58204.0,0.108,3.2,POOR,OK,SHORT_CIRCUIT,v1.12,SHORT_CIRCUIT,0.9882,0.0002,0.0111,0.0,0.0005,0.9882,ISOLATED,CRITICAL,4.35,12,0.8833,v1.12,True,SUCCESS,LORA,GOOD,2.62
REC-05285,2026-09-13T08:52:20Z,SITE-C,ESP32-C01,PV-C01,SITE-C-SHO-04,5,0.075,99.22,7.48,41.81,40.06,28.86,84.44,1008.85,57872.0,0.106,3.0,POOR,OK,SHORT_CIRCUIT,v1.12,SHORT_CIRCUIT,0.9885,0.0002,0.0108,0.0,0.0005,0.9885,ISOLATED,CRITICAL,4.76,12,0.8833,v1.12,True,SUCCESS,LORA,GOOD,2.62
REC-05286,2026-09-13T08:52:25Z,SITE-C,ESP32-C01,PV-C01,SITE-C-SHO-04,6,0.084,99.78,8.39,41.67,39.95,28.84,84.88,1008.85,57571.0,0.09,3.3,POOR,OK,SHORT_CIRCUIT,v1.12,SHORT_CIRCUIT,0.9888,0.0002,0.0105,0.0,0.0005,0.9888,ISOLATED,CRITICAL,3.62,12,0.8833,v1.12,True,SUCCESS,LORA,GOOD,2.62
REC-05287,2026-09-13T08:52:30Z,SITE-C,ESP32-C01,PV-C01,SITE-C-SHO-04,7,0.081,99.35,8.0,41.81,40.13,28.84,84.17,1008.87,57471.0,0.107,3.2,POOR,OK,SHORT_CIRCUIT,v1.12,SHORT_CIRCUIT,0.9885,0.0002,0.0108,0.0,0.0005,0.9885,ISOLATED,CRITICAL,3.99,12,0.8833,v1.12,True,SUCCESS,LORA,GOOD,2.62
REC-05288,2026-09-13T08:52:35Z,SITE-C,ESP32-C01,PV-C01,SITE-C-SHO-04,8,0.077,99.93,7.71,41.66,39.88,28.85,83.96,1008.91,57649.0,0.089,3.1,POOR,OK,SHORT_CIRCUIT,v1.12,SHORT_CIRCUIT,0.9891,0.0002,0.0103,0.0,0.0005,0.9891,ISOLATED,CRITICAL,4.58,12,0.8833,v1.12,True,SUCCESS,LORA,GOOD,2.62
REC-05289,2026-09-13T08:52:40Z,SITE-C,ESP32-C01,PV-C01,SITE-C-SHO-04,9,0.083,99.32,8.21,41.69,40.06,28.82,84.18,1008.83,57103.0,0.093,3.3,POOR,OK,SHORT_CIRCUIT,v1.12,SHORT_CIRCUIT,0.9889,0.0002,0.0105,0.0,0.0005,0.9889,ISOLATED,CRITICAL,3.55,12,0.8833,v1.12,True,SUCCESS,LORA,GOOD,2.62
REC-05290,2026-09-13T08:52:45Z,SITE-C,ESP32-C01,PV-C01,SITE-C-SHO-04,10,0.074,99.22,7.35,41.63,39.79,28.81,83.74,1008.88,57205.0,0.089,3.0,POOR,OK,SHORT_CIRCUIT,v1.12,SHORT_CIRCUIT,0.9896,0.0002,0.0098,0.0,0.0005,0.9896,ISOLATED,CRITICAL,4.08,12,0.8833,v1.12,True,SUCCESS,LORA,GOOD,2.62
REC-05291,2026-09-13T08:52:50Z,SITE-C,ESP32-C01,PV-C01,SITE-C-SHO-04,11,0.077,98.68,7.65,41.55,39.88,28.82,84.45,1008.88,57194.0,0.095,3.1,POOR,OK,SHORT_CIRCUIT,v1.12,SHORT_CIRCUIT,0.9893,0.0002,0.01,0.0,0.0005,0.9893,ISOLATED,CRITICAL,3.51,12,0.8833,v1.12,True,SUCCESS,LORA,GOOD,2.62
REC-05292,2026-09-13T08:52:55Z,SITE-C,ESP32-C01,PV-C01,SITE-C-SHO-04,12,0.082,99.21,8.09,41.76,39.94,28.81,84.47,1008.84,57167.0,0.106,3.2,POOR,OK,SHORT_CIRCUIT,v1.12,SHORT_CIRCUIT,0.9889,0.0002,0.0104,0.0,0.0005,0.9889,ISOLATED,CRITICAL,3.33,12,0.8833,v1.12,True,SUCCESS,LORA,GOOD,2.62
REC-05293,2026-09-13T08:53:00Z,SITE-C,ESP32-C01,PV-C01,SITE-C-SHO-04,13,0.071,98.54,6.98,41.76,39.83,28.79,84.17,1008.86,57027.0,0.103,2.8,POOR,OK,SHORT_CIRCUIT,v1.12,SHORT_CIRCUIT,0.9896,0.0002,0.0098,0.0,0.0005,0.9896,ISOLATED,CRITICAL,3.69,12,0.8833,v1.12,True,SUCCESS,LORA,GOOD,2.62
REC-05294,2026-09-13T08:53:05Z,SITE-C,ESP32-C01,PV-C01,SITE-C-SHO-04,14,0.088,99.05,8.74,41.66,39.83,28.78,83.96,1008.84,57070.0,0.092,3.5,POOR,OK,SHORT_CIRCUIT,v1.12,SHORT_CIRCUIT,0.9892,0.0002,0.0101,0.0,0.0005,0.9892,ISOLATED,CRITICAL,2.54,12,0.8833,v1.12,True,SUCCESS,LORA,GOOD,2.62
REC-05295,2026-09-13T08:53:10Z,SITE-C,ESP32-C01,PV-C01,SITE-C-SHO-04,15,0.074,99.84,7.42,41.64,39.92,28.79,85.02,1008.87,57573.0,0.102,3.0,POOR,OK,SHORT_CIRCUIT,v1.12,SHORT_CIRCUIT,0.9896,0.0002,0.0098,0.0,0.0005,0.9896,ISOLATED,CRITICAL,4.04,12,0.8833,v1.12,True,SUCCESS,LORA,GOOD,2.62
REC-05296,2026-09-13T08:53:15Z,SITE-C,ESP32-C01,PV-C01,SITE-C-SHO-04,16,0.074,98.7,7.35,41.58,39.92,28.79,83.93,1008.87,57368.0,0.104,3.0,POOR,OK,SHORT_CIRCUIT,v1.12,SHORT_CIRCUIT,0.9895,0.0002,0.0098,0.0,0.0005,0.9895,ISOLATED,CRITICAL,3.91,12,0.8833,v1.12,True,SUCCESS,LORA,GOOD,2.62
REC-05297,2026-09-13T08:53:20Z,SITE-C,ESP32-C01,PV-C01,SITE-C-SHO-04,17,0.077,98.83,7.61,41.59,39.88,28.8,84.07,1008.92,57115.0,0.11,3.1,POOR,OK,SHORT_CIRCUIT,v1.12,SHORT_CIRCUIT,0.9893,0.0002,0.0099,0.0,0.0005,0.9893,ISOLATED,CRITICAL,3.91,12,0.8833,v1.12,True,SUCCESS,LORA,GOOD,2.62
REC-05298,2026-09-13T08:53:25Z,SITE-C,ESP32-C01,PV-C01,SITE-C-SHO-04,18,0.081,98.88,7.97,41.63,40.02,28.82,84.31,1008.85,57051.0,0.104,3.2,POOR,OK,SHORT_CIRCUIT,v1.12,SHORT_CIRCUIT,0.9889,0.0002,0.0104,0.0,0.0005,0.9889,ISOLATED,CRITICAL,3.0,12,0.8833,v1.12,True,SUCCESS,LORA,GOOD,2.62
REC-05299,2026-09-13T08:53:30Z,SITE-C,ESP32-C01,PV-C01,SITE-C-SHO-04,19,0.08,98.18,7.9,41.53,39.85,28.82,84.56,1008.86,56929.0,0.107,3.2,POOR,OK,SHORT_CIRCUIT,v1.12,SHORT_CIRCUIT,0.9891,0.0002,0.0102,0.0,0.0005,0.9891,ISOLATED,CRITICAL,4.72,12,0.8833,v1.12,True,SUCCESS,LORA,GOOD,2.62
REC-05300,2026-09-13T08:53:35Z,SITE-C,ESP32-C01,PV-C01,SITE-C-SHO-04,20,0.084,98.49,8.28,41.52,39.8,28.81,84.25,1008.86,56940.0,0.101,3.3,POOR,OK,SHORT_CIRCUIT,v1.12,SHORT_CIRCUIT,0.9892,0.0002,0.0101,0.0,0.0005,0.9892,ISOLATED,CRITICAL,4.05,12,0.8833,v1.12,True,SUCCESS,LORA,GOOD,2.62
REC-05301,2026-09-13T08:53:40Z,SITE-C,ESP32-C01,PV-C01,SITE-C-SHO-04,21,0.076,98.87,7.54,41.68,39.62,28.82,84.31,1008.91,57124.0,0.092,3.0,POOR,OK,SHORT_CIRCUIT,v1.12,SHORT_CIRCUIT,0.9895,0.0002,0.0098,0.0,0.0005,0.9895,ISOLATED,CRITICAL,3.07,12,0.8833,v1.12,True,SUCCESS,LORA,GOOD,2.62
REC-05302,2026-09-13T08:53:45Z,SITE-C,ESP32-C01,PV-C01,SITE-C-SHO-04,22,0.078,97.78,7.61,41.52,39.65,28.82,84.48,1008.86,56515.0,0.102,3.1,POOR,OK,SHORT_CIRCUIT,v1.12,SHORT_CIRCUIT,0.9894,0.0002,0.0098,0.0,0.0005,0.9894,ISOLATED,CRITICAL,2.27,12,0.8833,v1.12,True,SUCCESS,LORA,GOOD,2.62
REC-05303,2026-09-13T08:53:50Z,SITE-C,ESP32-C01,PV-C01,SITE-C-SHO-04,23,0.069,98.05,6.73,41.7,39.77,28.84,85.26,1008.84,56828.0,0.112,2.7,POOR,OK,SHORT_CIRCUIT,v1.12,SHORT_CIRCUIT,0.9893,0.0002,0.01,0.0,0.0005,0.9893,ISOLATED,CRITICAL,2.57,12,0.8833,v1.12,True,SUCCESS,LORA,GOOD,2.62
REC-05304,2026-09-13T08:53:55Z,SITE-C,ESP32-C01,PV-C01,SITE-C-SHO-04,24,0.071,98.19,6.97,41.55,39.65,28.87,84.13,1008.85,57034.0,0.113,2.8,POOR,OK,SHORT_CIRCUIT,v1.12,SHORT_CIRCUIT,0.9892,0.0002,0.0101,0.0,0.0006,0.9892,ISOLATED,CRITICAL,3.4,12,0.8833,v1.12,True,SUCCESS,LORA,GOOD,2.62
REC-05305,2026-09-13T08:54:00Z,SITE-C,ESP32-C01,PV-C01,SITE-C-SHO-04,25,0.076,98.05,7.45,41.52,39.78,28.87,84.15,1008.85,56697.0,0.074,3.0,POOR,OK,SHORT_CIRCUIT,v1.12,SHORT_CIRCUIT,0.9891,0.0002,0.0103,0.0,0.0005,0.9891,ISOLATED,CRITICAL,3.49,12,0.8833,v1.12,True,SUCCESS,LORA,GOOD,2.62
REC-05306,2026-09-13T08:54:05Z,SITE-C,ESP32-C01,PV-C01,SITE-C-SHO-04,26,0.078,97.62,7.59,41.45,39.73,28.86,84.27,1008.85,56474.0,0.106,3.1,POOR,OK,SHORT_CIRCUIT,v1.12,SHORT_CIRCUIT,0.9891,0.0002,0.0102,0.0,0.0006,0.9891,ISOLATED,CRITICAL,2.77,12,0.8833,v1.12,True,SUCCESS,LORA,GOOD,2.62
REC-05307,2026-09-13T08:54:10Z,SITE-C,ESP32-C01,PV-C01,SITE-C-SHO-04,27,0.076,97.89,7.41,41.43,39.68,28.86,84.5,1008.84,56416.0,0.095,3.0,POOR,OK,SHORT_CIRCUIT,v1.12,SHORT_CIRCUIT,0.9893,0.0002,0.01,0.0,0.0005,0.9893,ISOLATED,CRITICAL,3.55,12,0.8833,v1.12,True,SUCCESS,LORA,GOOD,2.62
REC-05308,2026-09-13T08:54:15Z,SITE-C,ESP32-C01,PV-C01,SITE-C-SHO-04,28,0.078,97.13,7.61,41.41,39.64,28.85,85.06,1008.87,56414.0,0.104,3.1,POOR,OK,SHORT_CIRCUIT,v1.12,SHORT_CIRCUIT,0.9892,0.0002,0.01,0.0,0.0006,0.9892,ISOLATED,CRITICAL,2.23,12,0.8833,v1.12,True,SUCCESS,LORA,GOOD,2.62
REC-05309,2026-09-13T08:54:20Z,SITE-C,ESP32-C01,PV-C01,SITE-C-SHO-04,29,0.075,98.16,7.4,41.44,39.82,28.86,84.27,1008.83,56463.0,0.086,3.0,POOR,OK,SHORT_CIRCUIT,v1.12,SHORT_CIRCUIT,0.9893,0.0002,0.01,0.0,0.0005,0.9893,ISOLATED,CRITICAL,2.98,12,0.8833,v1.12,True,SUCCESS,LORA,GOOD,2.62
REC-05310,2026-09-13T08:54:25Z,SITE-C,ESP32-C01,PV-C01,SITE-C-SHO-04,30,0.074,97.31,7.21,41.27,39.6,28.88,84.47,1008.89,55879.0,0.096,3.0,POOR,OK,SHORT_CIRCUIT,v1.12,SHORT_CIRCUIT,0.9894,0.0002,0.0098,0.0,0.0005,0.9894,ISOLATED,CRITICAL,2.55,12,0.8833,v1.12,True,SUCCESS,LORA,GOOD,2.62
REC-05311,2026-09-13T08:54:30Z,SITE-C,ESP32-C01,PV-C01,SITE-C-SHO-04,31,0.087,96.55,8.4,41.22,39.53,28.88,83.65,1008.87,56164.0,0.084,3.5,POOR,OK,SHORT_CIRCUIT,v1.12,SHORT_CIRCUIT,0.989,0.0002,0.0103,0.0,0.0005,0.989,ISOLATED,CRITICAL,2.92,12,0.8833,v1.12,True,SUCCESS,LORA,GOOD,2.62
REC-05312,2026-09-13T08:54:35Z,SITE-C,ESP32-C01,PV-C01,SITE-C-SHO-04,32,0.074,97.12,7.19,41.41,39.51,28.88,84.32,1008.92,56063.0,0.096,2.9,POOR,TEMP1_MISSING_-999,SHORT_CIRCUIT,v1.12,SHORT_CIRCUIT,0.9893,0.0002,0.0099,0.0,0.0005,0.9893,ISOLATED,CRITICAL,3.38,12,0.8833,v1.12,True,SUCCESS,LORA,GOOD,2.62
REC-05313,2026-09-13T08:54:40Z,SITE-C,ESP32-C01,PV-C01,SITE-C-SHO-04,33,0.081,97.52,7.87,41.42,39.62,28.88,84.3,1008.88,56169.0,0.106,3.2,POOR,OK,SHORT_CIRCUIT,v1.12,SHORT_CIRCUIT,0.9889,0.0002,0.0103,0.0,0.0006,0.9889,ISOLATED,CRITICAL,2.98,12,0.8833,v1.12,True,SUCCESS,LORA,GOOD,2.62
REC-05314,2026-09-13T08:54:45Z,SITE-C,ESP32-C01,PV-C01,SITE-C-SHO-04,34,0.069,97.75,6.78,41.31,39.64,28.87,84.61,1008.88,56635.0,0.104,2.8,POOR,OK,SHORT_CIRCUIT,v1.12,SHORT_CIRCUIT,0.9895,0.0002,0.0097,0.0,0.0006,0.9895,ISOLATED,CRITICAL,3.32,12,0.8833,v1.12,True,SUCCESS,LORA,GOOD,2.62
REC-05315,2026-09-13T08:54:50Z,SITE-C,ESP32-C01,PV-C01,SITE-C-SHO-04,35,0.077,98.04,7.53,41.53,39.87,28.86,84.14,1008.93,56695.0,0.121,3.0,POOR,OK,SHORT_CIRCUIT,v1.12,SHORT_CIRCUIT,0.9888,0.0002,0.0104,0.0,0.0006,0.9888,ISOLATED,CRITICAL,4.27,12,0.8833,v1.12,True,SUCCESS,LORA,GOOD,2.62
REC-05316,2026-09-13T08:54:55Z,SITE-C,ESP32-C01,PV-C01,SITE-C-SHO-04,36,0.072,98.29,7.12,41.49,39.71,28.85,83.93,1008.88,56296.0,0.095,2.9,POOR,OK,SHORT_CIRCUIT,v1.12,SHORT_CIRCUIT,0.9895,0.0002,0.0098,0.0,0.0005,0.9895,ISOLATED,CRITICAL,3.74,12,0.8833,v1.12,True,SUCCESS,LORA,GOOD,2.62
REC-05317,2026-09-13T08:55:00Z,SITE-C,ESP32-C01,PV-C01,SITE-C-SHO-04,37,0.086,97.23,8.33,41.44,39.78,28.88,84.37,1008.86,56261.0,0.091,3.4,POOR,OK,SHORT_CIRCUIT,v1.12,SHORT_CIRCUIT,0.9886,0.0002,0.0106,0.0,0.0005,0.9886,ISOLATED,CRITICAL,2.7,12,0.8833,v1.12,True,SUCCESS,LORA,GOOD,2.62
REC-05318,2026-09-13T08:55:05Z,SITE-C,ESP32-C01,PV-C01,SITE-C-SHO-04,38,0.073,97.4,7.11,41.32,39.71,28.89,83.83,1008.84,56700.0,0.114,2.9,POOR,OK,SHORT_CIRCUIT,v1.12,SHORT_CIRCUIT,0.989,0.0002,0.0102,0.0,0.0006,0.989,ISOLATED,CRITICAL,4.46,12,0.8833,v1.12,True,SUCCESS,LORA,GOOD,2.62
REC-05319,2026-09-13T08:55:10Z,SITE-C,ESP32-C01,PV-C01,SITE-C-SHO-04,39,0.076,97.42,7.36,41.32,39.76,28.88,84.06,1008.91,56169.0,0.083,3.0,POOR,OK,SHORT_CIRCUIT,v1.12,SHORT_CIRCUIT,0.9893,0.0002,0.0101,0.0,0.0005,0.9893,ISOLATED,CRITICAL,4.08,12,0.8833,v1.12,True,SUCCESS,LORA,GOOD,2.62
REC-05320,2026-09-13T08:55:15Z,SITE-C,ESP32-C01,PV-C01,SITE-C-SHO-04,40,0.071,97.04,6.91,41.35,39.51,28.88,84.32,1008.84,56167.0,0.102,2.8,POOR,OK,SHORT_CIRCUIT,v1.12,SHORT_CIRCUIT,0.9894,0.0002,0.0098,0.0,0.0006,0.9894,ISOLATED,CRITICAL,2.83,12,0.8833,v1.12,True,SUCCESS,LORA,GOOD,2.62
REC-05321,2026-09-13T08:55:20Z,SITE-C,ESP32-C01,PV-C01,SITE-C-SHO-04,41,0.071,97.72,6.95,41.54,39.65,28.91,83.58,1008.84,56028.0,0.105,2.8,POOR,OK,SHORT_CIRCUIT,v1.12,SHORT_CIRCUIT,0.989,0.0002,0.0103,0.0,0.0006,0.989,ISOLATED,CRITICAL,2.14,12,0.8833,v1.12,True,SUCCESS,LORA,GOOD,2.62
REC-05322,2026-09-13T08:55:25Z,SITE-C,ESP32-C01,PV-C01,SITE-C-SHO-04,42,0.075,97.29,7.32,41.37,39.58,28.91,84.22,1008.84,56163.0,0.077,3.0,POOR,OK,SHORT_CIRCUIT,v1.12,SHORT_CIRCUIT,0.9891,0.0002,0.0102,0.0,0.0005,0.9891,ISOLATED,CRITICAL,3.21,12,0.8833,v1.12,True,SUCCESS,LORA,GOOD,2.62
REC-05323,2026-09-13T08:55:30Z,SITE-C,ESP32-C01,PV-C01,SITE-C-SHO-04,43,0.077,97.28,7.52,41.43,39.58,28.9,84.77,1008.85,56137.0,0.089,3.1,POOR,OK,SHORT_CIRCUIT,v1.12,SHORT_CIRCUIT,0.989,0.0002,0.0102,0.0,0.0005,0.989,ISOLATED,CRITICAL,2.49,12,0.8833,v1.12,True,SUCCESS,LORA,GOOD,2.62
REC-05324,2026-09-13T08:55:35Z,SITE-C,ESP32-C01,PV-C01,SITE-C-SHO-04,44,0.081,97.48,7.89,41.35,39.65,28.9,83.82,1008.87,56365.0,0.086,3.2,POOR,OK,SHORT_CIRCUIT,v1.12,SHORT_CIRCUIT,0.9889,0.0002,0.0104,0.0,0.0005,0.9889,ISOLATED,CRITICAL,4.25,12,0.8833,v1.12,True,SUCCESS,LORA,GOOD,2.62
REC-05325,2026-09-13T08:55:40Z,SITE-C,ESP32-C01,PV-C01,SITE-C-SHO-04,45,0.073,97.37,7.09,41.56,39.59,28.91,84.09,1008.86,56069.0,0.108,2.9,POOR,OK,SHORT_CIRCUIT,v1.12,SHORT_CIRCUIT,0.9889,0.0002,0.0103,0.0,0.0006,0.9889,ISOLATED,CRITICAL,3.42,12,0.8833,v1.12,True,SUCCESS,LORA,GOOD,2.62
REC-05326,2026-09-13T08:55:45Z,SITE-C,ESP32-C01,PV-C01,SITE-C-SHO-04,46,0.073,97.96,7.14,41.47,39.59,28.92,84.48,1008.89,56343.0,0.094,2.9,POOR,SPIKE_VOLTAGE,SHORT_CIRCUIT,v1.12,SHORT_CIRCUIT,0.989,0.0002,0.0102,0.0,0.0005,0.989,ISOLATED,CRITICAL,3.93,12,0.8833,v1.12,True,SUCCESS,LORA,GOOD,2.62
REC-05327,2026-09-13T08:55:50Z,SITE-C,ESP32-C01,PV-C01,SITE-C-SHO-04,47,0.082,97.45,8.0,41.35,39.76,28.93,84.54,1008.84,56422.0,0.097,3.3,POOR,OK,SHORT_CIRCUIT,v1.12,SHORT_CIRCUIT,0.9884,0.0002,0.0108,0.0,0.0006,0.9884,ISOLATED,CRITICAL,4.01,12,0.8833,v1.12,True,SUCCESS,LORA,GOOD,2.62
REC-05328,2026-09-13T08:55:55Z,SITE-C,ESP32-C01,PV-C01,SITE-C-SHO-04,48,0.084,97.68,8.17,41.39,39.56,28.93,84.32,1008.84,56463.0,0.084,3.3,POOR,OK,SHORT_CIRCUIT,v1.12,SHORT_CIRCUIT,0.9886,0.0002,0.0106,0.0,0.0005,0.9886,ISOLATED,CRITICAL,2.79,12,0.8833,v1.12,True,SUCCESS,LORA,GOOD,2.62
REC-05329,2026-09-13T08:56:00Z,SITE-C,ESP32-C01,PV-C01,SITE-C-SHO-04,49,0.075,97.37,7.34,41.4,39.85,28.91,84.24,1008.87,56308.0,0.092,3.0,POOR,OK,SHORT_CIRCUIT,v1.12,SHORT_CIRCUIT,0.9888,0.0002,0.0105,0.0,0.0005,0.9888,ISOLATED,CRITICAL,2.23,12,0.8833,v1.12,True,SUCCESS,LORA,GOOD,2.62
REC-05330,2026-09-13T08:56:05Z,SITE-C,ESP32-C01,PV-C01,SITE-C-SHO-04,50,0.078,97.23,7.59,41.47,39.64,28.91,84.8,1008.84,56136.0,0.092,3.1,POOR,OK,SHORT_CIRCUIT,v1.12,SHORT_CIRCUIT,0.9888,0.0002,0.0105,0.0,0.0005,0.9888,ISOLATED,CRITICAL,4.61,12,0.8833,v1.12,True,SUCCESS,LORA,GOOD,2.62
REC-05331,2026-09-13T08:56:10Z,SITE-C,ESP32-C01,PV-C01,SITE-C-SHO-04,51,0.083,96.5,8.05,41.32,39.66,28.91,84.36,1008.83,55885.0,0.098,3.3,POOR,OK,SHORT_CIRCUIT,v1.12,SHORT_CIRCUIT,0.9886,0.0002,0.0106,0.0,0.0006,0.9886,ISOLATED,CRITICAL,3.41,12,0.8833,v1.12,True,SUCCESS,LORA,GOOD,2.62
REC-05332,2026-09-13T08:56:15Z,SITE-C,ESP32-C01,PV-C01,SITE-C-SHO-04,52,0.088,96.74,8.55,41.33,39.66,28.91,83.98,1008.82,56007.0,0.097,3.5,POOR,OK,SHORT_CIRCUIT,v1.12,SHORT_CIRCUIT,0.9884,0.0002,0.0108,0.0,0.0006,0.9884,ISOLATED,CRITICAL,3.65,12,0.8833,v1.12,True,SUCCESS,LORA,GOOD,2.62
REC-05333,2026-09-13T08:56:20Z,SITE-C,ESP32-C01,PV-C01,SITE-C-SHO-04,53,0.077,97.06,7.5,41.53,39.53,28.9,84.34,1008.87,55950.0,0.115,3.1,POOR,OK,SHORT_CIRCUIT,v1.12,SHORT_CIRCUIT,0.9888,0.0002,0.0104,0.0,0.0006,0.9888,ISOLATED,CRITICAL,4.47,12,0.8833,v1.12,True,SUCCESS,LORA,GOOD,2.62
REC-05334,2026-09-13T08:56:25Z,SITE-C,ESP32-C01,PV-C01,SITE-C-SHO-04,54,0.079,97.07,7.64,41.3,39.62,28.92,84.26,1008.87,55971.0,0.107,3.1,POOR,OK,SHORT_CIRCUIT,v1.12,SHORT_CIRCUIT,0.9887,0.0002,0.0104,0.0,0.0006,0.9887,ISOLATED,CRITICAL,3.64,12,0.8833,v1.12,True,SUCCESS,LORA,GOOD,2.62
REC-05335,2026-09-13T08:56:30Z,SITE-C,ESP32-C01,PV-C01,SITE-C-SHO-04,55,0.076,96.67,7.33,41.38,39.62,28.91,84.17,1008.87,55818.0,0.082,3.0,POOR,OK,SHORT_CIRCUIT,v1.12,SHORT_CIRCUIT,0.989,0.0002,0.0103,0.0,0.0005,0.989,ISOLATED,CRITICAL,3.52,12,0.8833,v1.12,True,SUCCESS,LORA,GOOD,2.62
REC-05336,2026-09-13T08:56:35Z,SITE-C,ESP32-C01,PV-C01,SITE-C-SHO-04,56,0.068,97.25,6.59,41.37,39.68,28.9,83.8,1008.91,55703.0,0.11,2.7,POOR,OK,SHORT_CIRCUIT,v1.12,SHORT_CIRCUIT,0.9893,0.0002,0.0099,0.0,0.0006,0.9893,ISOLATED,CRITICAL,4.57,12,0.8833,v1.12,True,SUCCESS,LORA,GOOD,2.62
REC-05337,2026-09-13T08:56:40Z,SITE-C,ESP32-C01,PV-C01,SITE-C-SHO-04,57,0.077,97.0,7.47,41.4,39.74,28.9,84.3,1008.88,55882.0,0.109,3.1,POOR,OK,SHORT_CIRCUIT,v1.12,SHORT_CIRCUIT,0.9888,0.0002,0.0104,0.0,0.0006,0.9888,ISOLATED,CRITICAL,4.33,12,0.8833,v1.12,True,SUCCESS,LORA,GOOD,2.62
REC-05338,2026-09-13T08:56:45Z,SITE-C,ESP32-C01,PV-C01,SITE-C-SHO-04,58,0.082,96.5,7.92,41.43,39.69,28.91,84.47,1008.87,55907.0,0.101,3.2,POOR,OK,SHORT_CIRCUIT,v1.12,SHORT_CIRCUIT,0.9885,0.0002,0.0107,0.0,0.0006,0.9885,ISOLATED,CRITICAL,2.19,12,0.8833,v1.12,True,SUCCESS,LORA,GOOD,2.62
REC-05339,2026-09-13T08:56:50Z,SITE-C,ESP32-C01,PV-C01,SITE-C-SHO-04,59,0.071,96.23,6.83,41.13,39.48,28.92,84.53,1008.91,55507.0,0.11,2.8,POOR,OK,SHORT_CIRCUIT,v1.12,SHORT_CIRCUIT,0.9893,0.0002,0.0099,0.0,0.0006,0.9893,ISOLATED,CRITICAL,4.02,12,0.8833,v1.12,True,SUCCESS,LORA,GOOD,2.62
REC-05340,2026-09-13T08:56:55Z,SITE-C,ESP32-C01,PV-C01,SITE-C-SHO-04,60,0.065,95.92,6.25,41.25,39.47,28.92,84.3,1008.9,55245.0,0.112,2.6,POOR,OK,SHORT_CIRCUIT,v1.12,SHORT_CIRCUIT,0.9894,0.0002,0.0098,0.0,0.0006,0.9894,ISOLATED,CRITICAL,4.66,12,0.8833,v1.12,True,SUCCESS,LORA,GOOD,2.62
REC-05341,2026-09-13T09:15:00Z,SITE-A,ESP32-A01,PV-A01,SITE-A-PAR-14,1,2.276,21.19,48.22,34.01,31.79,27.89,85.73,1008.36,23306.0,0.125,51.8,DEGRADED,OK,PARTIAL_SHADING,v1.12,NORMAL,0.6576,0.6576,0.2128,0.0128,0.077,0.0398,CONNECTED,NONE,3.95,12,0.8833,v1.12,True,SUCCESS,WIFI,GOOD,0.3
REC-05342,2026-09-13T09:15:05Z,SITE-A,ESP32-A01,PV-A01,SITE-A-PAR-14,2,2.288,21.09,48.24,33.98,31.72,27.89,85.85,1008.37,22818.0,0.104,52.0,DEGRADED,OK,PARTIAL_SHADING,v1.12,NORMAL,0.677,0.677,0.2057,0.0101,0.0708,0.0363,CONNECTED,NONE,4.67,12,0.8833,v1.12,True,SUCCESS,WIFI,GOOD,0.3
REC-05343,2026-09-13T09:15:10Z,SITE-A,ESP32-A01,PV-A01,SITE-A-PAR-14,3,2.303,20.59,47.42,33.94,31.8,27.88,85.88,1008.37,23185.0,0.137,51.1,DEGRADED,OK,PARTIAL_SHADING,v1.12,NORMAL,0.6513,0.6513,0.2107,0.0146,0.0859,0.0374,CONNECTED,NONE,4.31,12,0.8833,v1.12,True,SUCCESS,WIFI,GOOD,0.3
REC-05344,2026-09-13T09:15:15Z,SITE-A,ESP32-A01,PV-A01,SITE-A-PAR-14,4,2.279,20.67,47.09,33.95,31.78,27.87,85.6,1008.41,23046.0,0.13,50.8,DEGRADED,OK,PARTIAL_SHADING,v1.12,NORMAL,0.6463,0.6463,0.2182,0.0137,0.081,0.0407,CONNECTED,NONE,3.01,12,0.8833,v1.12,True,SUCCESS,WIFI,GOOD,0.3
REC-05345,2026-09-13T09:15:20Z,SITE-A,ESP32-A01,PV-A01,SITE-A-PAR-14,5,2.295,20.73,47.57,34.08,31.74,27.86,85.46,1008.41,22934.0,0.126,51.6,DEGRADED,OK,PARTIAL_SHADING,v1.12,NORMAL,0.6478,0.6478,0.2199,0.0132,0.0808,0.0383,CONNECTED,NONE,2.52,12,0.8833,v1.12,True,SUCCESS,WIFI,GOOD,0.3
REC-05346,2026-09-13T09:15:25Z,SITE-A,ESP32-A01,PV-A01,SITE-A-PAR-14,6,2.307,21.13,48.74,34.02,31.83,27.85,85.91,1008.35,22995.0,0.106,52.7,DEGRADED,OK,PARTIAL_SHADING,v1.12,NORMAL,0.6677,0.6677,0.2139,0.0105,0.0724,0.0354,CONNECTED,NONE,3.68,12,0.8833,v1.12,True,SUCCESS,WIFI,GOOD,0.3
REC-05347,2026-09-13T09:15:30Z,SITE-A,ESP32-A01,PV-A01,SITE-A-PAR-14,7,2.283,21.0,47.93,33.98,31.95,27.86,84.84,1008.32,23282.0,0.123,51.7,DEGRADED,OK,PARTIAL_SHADING,v1.12,NORMAL,0.6444,0.6444,0.2242,0.0128,0.0777,0.0409,CONNECTED,NONE,4.19,12,0.8833,v1.12,True,SUCCESS,WIFI,GOOD,0.3
REC-05348,2026-09-13T09:15:35Z,SITE-A,ESP32-A01,PV-A01,SITE-A-PAR-14,8,2.305,20.81,47.96,33.94,31.84,27.85,85.87,1008.35,23020.0,0.117,51.8,DEGRADED,OK,PARTIAL_SHADING,v1.12,NORMAL,0.6595,0.6595,0.2147,0.0119,0.0772,0.0367,CONNECTED,NONE,3.09,12,0.8833,v1.12,True,SUCCESS,WIFI,GOOD,0.3
REC-05349,2026-09-13T09:15:40Z,SITE-A,ESP32-A01,PV-A01,SITE-A-PAR-14,9,2.29,21.36,48.91,33.97,31.94,27.85,85.62,1008.34,22936.0,0.114,52.7,DEGRADED,OK,PARTIAL_SHADING,v1.12,NORMAL,0.6653,0.6653,0.2154,0.0115,0.0697,0.0381,CONNECTED,NONE,2.82,12,0.8833,v1.12,True,SUCCESS,WIFI,GOOD,0.3
REC-05350,2026-09-13T09:15:45Z,SITE-A,ESP32-A01,PV-A01,SITE-A-PAR-14,10,2.296,20.25,46.49,33.99,31.94,27.86,86.13,1008.39,22852.0,0.125,50.3,DEGRADED,OK,PARTIAL_SHADING,v1.12,NORMAL,0.6316,0.6316,0.2305,0.0133,0.0842,0.0405,CONNECTED,NONE,2.75,12,0.8833,v1.12,True,SUCCESS,WIFI,GOOD,0.3
REC-05351,2026-09-13T09:15:50Z,SITE-A,ESP32-A01,PV-A01,SITE-A-PAR-14,11,2.278,20.48,46.64,34.08,31.76,27.87,86.21,1008.4,23068.0,0.121,50.5,DEGRADED,OK,PARTIAL_SHADING,v1.12,NORMAL,0.6328,0.6328,0.2299,0.0126,0.0829,0.0417,CONNECTED,NONE,3.15,12,0.8833,v1.12,True,SUCCESS,WIFI,GOOD,0.3
REC-05352,2026-09-13T09:15:55Z,SITE-A,ESP32-A01,PV-A01,SITE-A-PAR-14,12,2.297,20.1,46.17,33.95,31.84,27.87,86.22,1008.34,23004.0,0.121,50.0,DEGRADED,OK,PARTIAL_SHADING,v1.12,NORMAL,0.6357,0.6357,0.2258,0.0126,0.0864,0.0396,CONNECTED,NONE,2.93,12,0.8833,v1.12,True,SUCCESS,WIFI,GOOD,0.3
REC-05353,2026-09-13T09:16:00Z,SITE-A,ESP32-A01,PV-A01,SITE-A-PAR-14,13,2.291,21.2,48.58,34.09,31.78,27.88,85.8,1008.35,22713.0,0.133,52.6,DEGRADED,OK,PARTIAL_SHADING,v1.12,NORMAL,0.6635,0.6635,0.2094,0.014,0.0755,0.0376,CONNECTED,NONE,3.4,12,0.8833,v1.12,True,SUCCESS,WIFI,GOOD,0.3
REC-05354,2026-09-13T09:16:05Z,SITE-A,ESP32-A01,PV-A01,SITE-A-PAR-14,14,2.278,20.84,47.48,34.01,31.68,27.89,85.56,1008.33,23026.0,0.129,51.4,DEGRADED,OK,PARTIAL_SHADING,v1.12,NORMAL,0.6559,0.6559,0.2115,0.0134,0.0799,0.0394,CONNECTED,NONE,3.26,12,0.8833,v1.12,True,SUCCESS,WIFI,GOOD,0.3
REC-05355,2026-09-13T09:16:10Z,SITE-A,ESP32-A01,PV-A01,SITE-A-PAR-14,15,2.278,21.15,48.19,34.01,31.83,27.9,85.66,1008.37,22781.0,0.121,52.2,DEGRADED,OK,PARTIAL_SHADING,v1.12,NORMAL,0.6659,0.6659,0.2099,0.0122,0.0731,0.0389,CONNECTED,NONE,4.73,12,0.8833,v1.12,True,SUCCESS,WIFI,GOOD,0.3
REC-05356,2026-09-13T09:16:15Z,SITE-A,ESP32-A01,PV-A01,SITE-A-PAR-14,16,2.292,20.79,47.67,34.06,31.7,27.9,85.99,1008.37,22982.0,0.12,51.7,DEGRADED,OK,PARTIAL_SHADING,v1.12,NORMAL,0.6602,0.6602,0.2108,0.0121,0.0797,0.0372,CONNECTED,NONE,2.14,12,0.8833,v1.12,True,SUCCESS,WIFI,GOOD,0.3
REC-05357,2026-09-13T09:16:20Z,SITE-A,ESP32-A01,PV-A01,SITE-A-PAR-14,17,2.3,21.11,48.56,34.05,31.83,27.89,85.41,1008.39,22788.0,0.121,52.7,DEGRADED,OK,PARTIAL_SHADING,v1.12,NORMAL,0.6688,0.6688,0.2081,0.0122,0.0748,0.0361,CONNECTED,NONE,2.8,12,0.8833,v1.12,True,SUCCESS,WIFI,GOOD,0.3
REC-05358,2026-09-13T09:16:25Z,SITE-A,ESP32-A01,PV-A01,SITE-A-PAR-14,18,2.299,20.86,47.97,33.89,31.69,27.88,86.32,1008.38,22961.0,0.124,51.8,DEGRADED,OK,PARTIAL_SHADING,v1.12,NORMAL,0.6739,0.6739,0.2005,0.0125,0.0775,0.0356,CONNECTED,NONE,4.41,12,0.8833,v1.12,True,SUCCESS,WIFI,GOOD,0.3
REC-05359,2026-09-13T09:16:30Z,SITE-A,ESP32-A01,PV-A01,SITE-A-PAR-14,19,2.304,20.98,48.33,33.92,31.83,27.9,85.8,1008.39,22882.0,0.132,52.3,DEGRADED,OK,PARTIAL_SHADING,v1.12,NORMAL,0.6733,0.6733,0.1994,0.0136,0.0781,0.0355,CONNECTED,NONE,4.24,12,0.8833,v1.12,True,SUCCESS,WIFI,GOOD,0.3
REC-05360,2026-09-13T09:16:35Z,SITE-A,ESP32-A01,PV-A01,SITE-A-PAR-14,20,2.297,21.07,48.42,34.01,31.71,27.9,86.05,1008.32,23347.0,0.116,52.0,DEGRADED,OK,PARTIAL_SHADING,v1.12,NORMAL,0.6699,0.6699,0.2048,0.0115,0.0781,0.0358,CONNECTED,NONE,2.95,12,0.8833,v1.12,True,SUCCESS,WIFI,GOOD,0.3
REC-05361,2026-09-13T09:16:40Z,SITE-A,ESP32-A01,PV-A01,SITE-A-PAR-14,21,2.291,21.09,48.32,34.04,31.87,27.91,85.37,1008.35,23135.0,0.141,52.0,DEGRADED,OK,PARTIAL_SHADING,v1.12,NORMAL,0.6566,0.6566,0.2084,0.0151,0.0816,0.0384,CONNECTED,NONE,2.76,12,0.8833,v1.12,True,SUCCESS,WIFI,GOOD,0.3
REC-05362,2026-09-13T09:16:45Z,SITE-A,ESP32-A01,PV-A01,SITE-A-PAR-14,22,2.31,21.47,49.58,34.12,31.79,27.91,85.62,1008.4,23281.0,0.132,53.3,DEGRADED,OK,PARTIAL_SHADING,v1.12,NORMAL,0.674,0.674,0.1999,0.0135,0.0784,0.0342,CONNECTED,NONE,2.39,12,0.8833,v1.12,True,SUCCESS,WIFI,GOOD,0.3
REC-05363,2026-09-13T09:16:50Z,SITE-A,ESP32-A01,PV-A01,SITE-A-PAR-14,23,2.302,20.51,47.22,34.01,31.77,27.92,85.33,1008.35,23565.0,0.099,50.7,DEGRADED,OK,PARTIAL_SHADING,v1.12,NORMAL,0.6559,0.6559,0.2149,0.0097,0.0833,0.0362,CONNECTED,NONE,2.4,12,0.8833,v1.12,True,SUCCESS,WIFI,GOOD,0.3
REC-05364,2026-09-13T09:16:55Z,SITE-A,ESP32-A01,PV-A01,SITE-A-PAR-14,24,2.286,20.99,47.98,34.15,31.91,27.92,86.21,1008.32,23118.0,0.127,51.6,DEGRADED,OK,PARTIAL_SHADING,v1.12,NORMAL,0.647,0.647,0.2194,0.0132,0.0808,0.0396,CONNECTED,NONE,3.3,12,0.8833,v1.12,True,SUCCESS,WIFI,GOOD,0.3
REC-05365,2026-09-13T09:17:00Z,SITE-A,ESP32-A01,PV-A01,SITE-A-PAR-14,25,2.296,21.15,48.55,33.96,31.8,27.91,85.85,1008.39,23432.0,0.136,51.9,DEGRADED,OK,PARTIAL_SHADING,v1.12,NORMAL,0.6665,0.6665,0.2011,0.0142,0.0815,0.0367,CONNECTED,NONE,3.43,12,0.8833,v1.12,True,SUCCESS,WIFI,GOOD,0.3
REC-05366,2026-09-13T09:17:05Z,SITE-A,ESP32-A01,PV-A01,SITE-A-PAR-14,26,2.29,21.14,48.41,33.99,31.85,27.91,86.07,1008.35,23139.0,0.13,51.7,DEGRADED,OK,PARTIAL_SHADING,v1.12,NORMAL,0.6653,0.6653,0.2056,0.0134,0.0781,0.0376,CONNECTED,NONE,3.96,12,0.8833,v1.12,True,SUCCESS,WIFI,GOOD,0.3
REC-05367,2026-09-13T09:17:10Z,SITE-A,ESP32-A01,PV-A01,SITE-A-PAR-14,27,2.31,20.97,48.44,34.01,31.82,27.92,85.92,1008.4,23418.0,0.122,51.8,DEGRADED,OK,PARTIAL_SHADING,v1.12,NORMAL,0.6676,0.6676,0.2033,0.0122,0.082,0.0348,CONNECTED,NONE,3.45,12,0.8833,v1.12,True,SUCCESS,WIFI,GOOD,0.3
REC-05368,2026-09-13T09:17:15Z,SITE-A,ESP32-A01,PV-A01,SITE-A-PAR-14,28,2.294,21.04,48.27,33.99,31.9,27.91,86.04,1008.37,23204.0,0.125,51.4,DEGRADED,OK,PARTIAL_SHADING,v1.12,NORMAL,0.6618,0.6618,0.209,0.0127,0.0789,0.0376,CONNECTED,NONE,3.79,12,0.8833,v1.12,True,SUCCESS,WIFI,GOOD,0.3
REC-05369,2026-09-13T09:17:20Z,SITE-A,ESP32-A01,PV-A01,SITE-A-PAR-14,29,2.294,21.59,49.54,34.13,31.93,27.91,85.8,1008.36,23252.0,0.128,52.9,DEGRADED,OK,PARTIAL_SHADING,v1.12,NORMAL,0.6658,0.6658,0.2088,0.0131,0.0752,0.0371,CONNECTED,NONE,3.01,12,0.8833,v1.12,True,SUCCESS,WIFI,GOOD,0.3
REC-05370,2026-09-13T09:17:25Z,SITE-A,ESP32-A01,PV-A01,SITE-A-PAR-14,30,2.303,21.05,48.49,33.82,31.91,27.93,85.84,1008.41,23296.0,0.134,51.9,DEGRADED,OK,PARTIAL_SHADING,v1.12,NORMAL,0.6775,0.6775,0.1933,0.0137,0.0801,0.0354,CONNECTED,NONE,3.15,12,0.8833,v1.12,True,SUCCESS,WIFI,GOOD,0.3
REC-05371,2026-09-13T09:17:30Z,SITE-A,ESP32-A01,PV-A01,SITE-A-PAR-14,31,2.307,21.86,50.43,34.0,31.81,27.94,85.87,1008.33,23359.0,0.112,53.8,DEGRADED,OK,PARTIAL_SHADING,v1.12,NORMAL,0.7014,0.7014,0.1867,0.0105,0.0694,0.032,CONNECTED,NONE,4.15,12,0.8833,v1.12,True,SUCCESS,WIFI,GOOD,0.3
REC-05372,2026-09-13T09:17:35Z,SITE-A,ESP32-A01,PV-A01,SITE-A-PAR-14,32,2.291,21.35,48.92,34.15,31.96,27.94,86.02,1008.41,23119.0,0.12,52.1,DEGRADED,OK,PARTIAL_SHADING,v1.12,NORMAL,0.6633,0.6633,0.2121,0.012,0.0752,0.0374,CONNECTED,NONE,4.65,12,0.8833,v1.12,True,SUCCESS,WIFI,GOOD,0.3
REC-05373,2026-09-13T09:17:40Z,SITE-A,ESP32-A01,PV-A01,SITE-A-PAR-14,33,2.302,21.11,48.58,34.04,31.8,27.93,86.03,1008.35,23202.0,0.142,51.7,DEGRADED,OK,PARTIAL_SHADING,v1.12,NORMAL,0.6669,0.6669,0.199,0.015,0.0832,0.0358,CONNECTED,NONE,2.64,12,0.8833,v1.12,True,SUCCESS,WIFI,GOOD,0.3
REC-05374,2026-09-13T09:17:45Z,SITE-A,ESP32-A01,PV-A01,SITE-A-PAR-14,34,2.304,21.34,49.17,34.14,31.8,27.91,86.74,1008.37,23415.0,0.126,52.3,DEGRADED,OK,PARTIAL_SHADING,v1.12,NORMAL,0.6654,0.6654,0.2067,0.0128,0.0796,0.0355,CONNECTED,NONE,2.55,12,0.8833,v1.12,True,SUCCESS,WIFI,GOOD,0.3
REC-05375,2026-09-13T09:17:50Z,SITE-A,ESP32-A01,PV-A01,SITE-A-PAR-14,35,2.288,21.22,48.54,34.23,31.85,27.91,86.4,1008.38,23251.0,0.141,51.7,DEGRADED,OK,PARTIAL_SHADING,v1.12,NORMAL,0.6442,0.6442,0.2179,0.0153,0.0831,0.0394,CONNECTED,NONE,4.02,12,0.8833,v1.12,True,SUCCESS,WIFI,GOOD,0.3
REC-05376,2026-09-13T09:17:55Z,SITE-A,ESP32-A01,PV-A01,SITE-A-PAR-14,36,2.293,21.65,49.64,34.05,31.93,27.92,85.37,1008.36,23174.0,0.156,52.7,DEGRADED,OK,PARTIAL_SHADING,v1.12,NORMAL,0.6681,0.6681,0.1983,0.0175,0.0788,0.0373,CONNECTED,NONE,2.95,12,0.8833,v1.12,True,SUCCESS,WIFI,GOOD,0.3
REC-05377,2026-09-13T09:18:00Z,SITE-A,ESP32-A01,PV-A01,SITE-A-PAR-14,37,2.298,20.9,48.03,34.12,31.74,27.93,85.86,1008.35,23390.0,0.121,50.9,DEGRADED,OK,PARTIAL_SHADING,v1.12,NORMAL,0.6587,0.6587,0.2093,0.0122,0.0835,0.0365,CONNECTED,NONE,4.63,12,0.8833,v1.12,True,SUCCESS,WIFI,GOOD,0.3
REC-05378,2026-09-13T09:18:05Z,SITE-A,ESP32-A01,PV-A01,SITE-A-PAR-14,38,2.283,20.67,47.19,34.22,31.9,27.91,85.78,1008.36,23323.0,0.114,50.2,DEGRADED,OK,PARTIAL_SHADING,v1.12,NORMAL,0.6288,0.6288,0.2351,0.0117,0.0833,0.0412,CONNECTED,NONE,3.55,12,0.8833,v1.12,True,SUCCESS,WIFI,GOOD,0.3
REC-05379,2026-09-13T09:18:10Z,SITE-A,ESP32-A01,PV-A01,SITE-A-PAR-14,39,2.319,21.23,49.23,34.04,31.81,27.9,86.28,1008.34,23303.0,0.123,52.5,DEGRADED,OK,PARTIAL_SHADING,v1.12,NORMAL,0.6754,0.6754,0.2003,0.0123,0.0787,0.0333,CONNECTED,NONE,2.12,12,0.8833,v1.12,True,SUCCESS,WIFI,GOOD,0.3
REC-05380,2026-09-13T09:18:15Z,SITE-A,ESP32-A01,PV-A01,SITE-A-PAR-14,40,2.3,21.49,49.44,34.01,31.79,27.9,85.81,1008.43,23460.0,0.137,52.5,DEGRADED,OK,PARTIAL_SHADING,v1.12,NORMAL,0.6732,0.6732,0.1985,0.0142,0.0785,0.0356,CONNECTED,NONE,4.65,12,0.8833,v1.12,True,SUCCESS,WIFI,GOOD,0.3
REC-05381,2026-09-13T09:18:20Z,SITE-A,ESP32-A01,PV-A01,SITE-A-PAR-14,41,2.291,21.28,48.74,34.08,31.9,27.93,86.04,1008.36,23401.0,0.138,51.9,DEGRADED,OK,PARTIAL_SHADING,v1.12,NORMAL,0.6585,0.6585,0.2072,0.0145,0.0817,0.038,CONNECTED,NONE,3.32,12,0.8833,v1.12,True,SUCCESS,WIFI,GOOD,0.3
REC-05382,2026-09-13T09:18:25Z,SITE-A,ESP32-A01,PV-A01,SITE-A-PAR-14,42,2.309,21.4,49.41,34.1,31.75,27.94,85.2,1008.4,23235.0,0.149,52.5,DEGRADED,OK,PARTIAL_SHADING,v1.12,NORMAL,0.6758,0.6758,0.1914,0.016,0.0827,0.034,CONNECTED,NONE,4.13,12,0.8833,v1.12,True,SUCCESS,WIFI,GOOD,0.3
REC-05383,2026-09-13T09:18:30Z,SITE-A,ESP32-A01,PV-A01,SITE-A-PAR-14,43,2.282,21.47,49.0,34.01,32.0,27.94,85.45,1008.4,23382.0,0.126,51.9,DEGRADED,OK,PARTIAL_SHADING,v1.12,NORMAL,0.6666,0.6666,0.2063,0.0127,0.0756,0.0386,CONNECTED,NONE,2.65,12,0.8833,v1.12,True,SUCCESS,WIFI,GOOD,0.3
REC-05384,2026-09-13T09:18:35Z,SITE-A,ESP32-A01,PV-A01,SITE-A-PAR-14,44,2.278,20.91,47.63,33.97,31.8,27.93,86.53,1008.38,23620.0,0.131,50.3,DEGRADED,OK,PARTIAL_SHADING,v1.12,NORMAL,0.6531,0.6531,0.2091,0.0135,0.0844,0.0398,CONNECTED,NONE,2.86,12,0.8833,v1.12,True,SUCCESS,WIFI,GOOD,0.3
REC-05385,2026-09-13T09:18:40Z,SITE-A,ESP32-A01,PV-A01,SITE-A-PAR-14,45,2.314,21.35,49.39,34.11,31.79,27.91,85.92,1008.37,23347.0,0.119,52.3,DEGRADED,SPIKE_IRRADIANCE,PARTIAL_SHADING,v1.12,NORMAL,0.675,0.675,0.2019,0.0118,0.0777,0.0336,CONNECTED,NONE,4.5,12,0.8833,v1.12,True,SUCCESS,WIFI,GOOD,0.3
REC-05386,2026-09-13T09:18:45Z,SITE-A,ESP32-A01,PV-A01,SITE-A-PAR-14,46,2.294,21.61,49.56,33.95,31.9,27.91,85.6,1008.38,23299.0,0.101,52.7,DEGRADED,OK,PARTIAL_SHADING,v1.12,NORMAL,0.6864,0.6864,0.201,0.0096,0.068,0.0351,CONNECTED,NONE,4.17,12,0.8833,v1.12,True,SUCCESS,WIFI,GOOD,0.3
REC-05387,2026-09-13T09:18:50Z,SITE-A,ESP32-A01,PV-A01,SITE-A-PAR-14,47,2.291,21.39,49.02,34.09,31.81,27.91,85.97,1008.39,23262.0,0.126,51.8,DEGRADED,OK,PARTIAL_SHADING,v1.12,NORMAL,0.6673,0.6673,0.2063,0.0128,0.0766,0.037,CONNECTED,NONE,2.42,12,0.8833,v1.12,True,SUCCESS,WIFI,GOOD,0.3
REC-05388,2026-09-13T09:18:55Z,SITE-A,ESP32-A01,PV-A01,SITE-A-PAR-14,48,2.278,20.9,47.62,34.01,31.89,27.9,85.58,1008.37,23411.0,0.114,50.5,DEGRADED,OK,PARTIAL_SHADING,v1.12,NORMAL,0.6477,0.6477,0.2213,0.0115,0.0789,0.0406,CONNECTED,NONE,2.69,12,0.8833,v1.12,True,SUCCESS,WIFI,GOOD,0.3
REC-05389,2026-09-13T09:19:00Z,SITE-A,ESP32-A01,PV-A01,SITE-A-PAR-14,49,2.283,21.15,48.3,34.12,31.62,27.9,85.81,1008.32,23429.0,0.132,51.3,DEGRADED,OK,PARTIAL_SHADING,v1.12,NORMAL,0.6573,0.6573,0.2089,0.0137,0.0819,0.0381,CONNECTED,NONE,3.98,12,0.8833,v1.12,True,SUCCESS,WIFI,GOOD,0.3
REC-05390,2026-09-13T09:19:05Z,SITE-A,ESP32-A01,PV-A01,SITE-A-PAR-14,50,2.271,21.45,48.71,33.91,31.75,27.89,85.46,1008.32,23107.0,0.107,51.7,DEGRADED,OK,PARTIAL_SHADING,v1.12,NORMAL,0.68,0.68,0.2033,0.0104,0.0682,0.0381,CONNECTED,NONE,4.24,12,0.8833,v1.12,True,SUCCESS,WIFI,GOOD,0.3
REC-05391,2026-09-13T09:19:10Z,SITE-A,ESP32-A01,PV-A01,SITE-A-PAR-14,51,2.293,21.79,49.97,33.91,31.82,27.88,85.66,1008.42,23227.0,0.119,53.0,DEGRADED,OK,PARTIAL_SHADING,v1.12,NORMAL,0.6897,0.6897,0.1952,0.0117,0.0684,0.0351,CONNECTED,NONE,3.87,12,0.8833,v1.12,True,SUCCESS,WIFI,GOOD,0.3
REC-05392,2026-09-13T09:19:15Z,SITE-A,ESP32-A01,PV-A01,SITE-A-PAR-14,52,2.302,20.69,47.64,34.06,31.88,27.9,85.78,1008.29,23214.0,0.129,50.5,DEGRADED,OK,PARTIAL_SHADING,v1.12,NORMAL,0.6467,0.6467,0.217,0.0135,0.0849,0.0379,CONNECTED,NONE,3.34,12,0.8833,v1.12,True,SUCCESS,WIFI,GOOD,0.3
REC-05393,2026-09-13T09:19:20Z,SITE-A,ESP32-A01,PV-A01,SITE-A-PAR-14,53,2.285,21.32,48.7,33.88,31.83,27.89,86.24,1008.38,23444.0,0.13,51.8,DEGRADED,OK,PARTIAL_SHADING,v1.12,NORMAL,0.6697,0.6697,0.2025,0.0133,0.0766,0.0379,CONNECTED,NONE,2.84,12,0.8833,v1.12,True,SUCCESS,WIFI,GOOD,0.3
REC-05394,2026-09-13T09:19:25Z,SITE-A,ESP32-A01,PV-A01,SITE-A-PAR-14,54,2.298,20.89,48.02,33.97,31.82,27.88,86.04,1008.36,23025.0,0.126,51.1,DEGRADED,OK,PARTIAL_SHADING,v1.12,NORMAL,0.6611,0.6611,0.21,0.013,0.0788,0.0371,CONNECTED,NONE,4.51,12,0.8833,v1.12,True,SUCCESS,WIFI,GOOD,0.3
REC-05395,2026-09-13T09:19:30Z,SITE-A,ESP32-A01,PV-A01,SITE-A-PAR-14,55,2.324,21.35,49.62,34.08,31.85,27.88,86.09,1008.37,23347.0,0.145,52.7,DEGRADED,SPIKE_CURRENT,PARTIAL_SHADING,v1.12,NORMAL,0.6663,0.6663,0.2017,0.0157,0.0825,0.0338,CONNECTED,NONE,3.96,12,0.8833,v1.12,True,SUCCESS,WIFI,GOOD,0.3
REC-05396,2026-09-13T09:19:35Z,SITE-A,ESP32-A01,PV-A01,SITE-A-PAR-14,56,2.307,21.42,49.41,33.83,31.82,27.89,85.89,1008.34,23513.0,0.142,52.4,DEGRADED,OK,PARTIAL_SHADING,v1.12,NORMAL,0.6814,0.6814,0.1905,0.0149,0.0787,0.0345,CONNECTED,NONE,2.68,12,0.8833,v1.12,True,SUCCESS,WIFI,GOOD,0.3
REC-05397,2026-09-13T09:19:40Z,SITE-A,ESP32-A01,PV-A01,SITE-A-PAR-14,57,2.31,21.14,48.84,34.01,31.62,27.88,86.15,1008.38,23394.0,0.119,51.9,DEGRADED,OK,PARTIAL_SHADING,v1.12,NORMAL,0.6762,0.6762,0.1997,0.0118,0.0786,0.0337,CONNECTED,NONE,4.8,12,0.8833,v1.12,True,SUCCESS,WIFI,GOOD,0.3
REC-05398,2026-09-13T09:19:45Z,SITE-A,ESP32-A01,PV-A01,SITE-A-PAR-14,58,2.293,21.36,48.98,34.08,31.91,27.89,85.64,1008.38,23229.0,0.142,52.2,DEGRADED,OK,PARTIAL_SHADING,v1.12,NORMAL,0.6557,0.6557,0.2111,0.0154,0.0794,0.0384,CONNECTED,NONE,2.86,12,0.8833,v1.12,True,SUCCESS,WIFI,GOOD,0.3
REC-05399,2026-09-13T09:19:50Z,SITE-A,ESP32-A01,PV-A01,SITE-A-PAR-14,59,2.306,21.52,49.62,33.98,31.72,27.89,85.68,1008.45,23362.0,0.144,52.8,DEGRADED,OK,PARTIAL_SHADING,v1.12,NORMAL,0.6794,0.6794,0.1924,0.0152,0.0787,0.0343,CONNECTED,NONE,4.17,12,0.8833,v1.12,True,SUCCESS,WIFI,GOOD,0.3
REC-05400,2026-09-13T09:19:55Z,SITE-A,ESP32-A01,PV-A01,SITE-A-PAR-14,60,2.296,21.05,48.33,33.88,31.79,27.88,86.02,1008.37,23375.0,0.125,51.7,DEGRADED,OK,PARTIAL_SHADING,v1.12,NORMAL,0.6683,0.6683,0.2039,0.0127,0.0784,0.0367,CONNECTED,NONE,2.42,12,0.8833,v1.12,True,SUCCESS,WIFI,GOOD,0.3
REC-05401,2026-09-13T10:32:00Z,SITE-A,ESP32-A01,PV-A01,SITE-A-PAR-08,1,2.567,19.38,49.73,32.14,34.45,27.74,84.93,1008.17,20594.0,0.114,59.6,DEGRADED,OK,PARTIAL_SHADING,v1.12,NORMAL,0.6527,0.6527,0.2146,0.0138,0.091,0.0279,CONNECTED,NONE,2.61,12,0.8833,v1.12,True,SUCCESS,WIFI,GOOD,0.3
REC-05402,2026-09-13T10:32:05Z,SITE-A,ESP32-A01,PV-A01,SITE-A-PAR-08,2,2.535,20.49,51.95,32.1,34.47,27.75,84.36,1008.26,20530.0,0.103,62.1,DEGRADED,TEMP2_MISSING_-999,PARTIAL_SHADING,v1.12,NORMAL,0.7,0.7,0.1934,0.0117,0.0691,0.0258,CONNECTED,NONE,2.74,12,0.8833,v1.12,True,SUCCESS,WIFI,GOOD,0.3
REC-05403,2026-09-13T10:32:10Z,SITE-A,ESP32-A01,PV-A01,SITE-A-PAR-08,3,2.551,19.85,50.62,32.21,34.5,27.75,84.15,1008.2,21004.0,0.089,60.1,DEGRADED,OK,PARTIAL_SHADING,v1.12,NORMAL,0.6729,0.6729,0.2112,0.0104,0.0795,0.026,CONNECTED,NONE,3.84,12,0.8833,v1.12,True,SUCCESS,WIFI,GOOD,0.3
REC-05404,2026-09-13T10:32:15Z,SITE-A,ESP32-A01,PV-A01,SITE-A-PAR-08,4,2.548,20.2,51.48,32.22,34.5,27.77,84.26,1008.24,20910.0,0.111,60.9,DEGRADED,OK,PARTIAL_SHADING,v1.12,NORMAL,0.6744,0.6744,0.205,0.0129,0.0806,0.0271,CONNECTED,NONE,3.99,12,0.8833,v1.12,True,SUCCESS,WIFI,GOOD,0.3
REC-05405,2026-09-13T10:32:20Z,SITE-A,ESP32-A01,PV-A01,SITE-A-PAR-08,5,2.557,19.62,50.16,32.43,34.46,27.76,84.72,1008.24,20759.0,0.106,59.1,DEGRADED,OK,PARTIAL_SHADING,v1.12,NORMAL,0.6494,0.6494,0.2228,0.0126,0.0877,0.0274,CONNECTED,NONE,3.53,12,0.8833,v1.12,True,SUCCESS,WIFI,GOOD,0.3
REC-05406,2026-09-13T10:32:25Z,SITE-A,ESP32-A01,PV-A01,SITE-A-PAR-08,6,2.562,20.53,52.6,32.32,34.41,27.75,83.81,1008.21,21007.0,0.12,61.9,DEGRADED,OK,PARTIAL_SHADING,v1.12,NORMAL,0.6774,0.6774,0.2021,0.014,0.0805,0.026,CONNECTED,NONE,4.17,12,0.8833,v1.12,True,SUCCESS,WIFI,GOOD,0.3
REC-05407,2026-09-13T10:32:30Z,SITE-A,ESP32-A01,PV-A01,SITE-A-PAR-08,7,2.568,20.14,51.73,32.27,34.54,27.74,84.48,1008.2,20827.0,0.106,61.0,DEGRADED,OK,PARTIAL_SHADING,v1.12,NORMAL,0.6705,0.6705,0.2105,0.0124,0.0808,0.0259,CONNECTED,NONE,4.52,12,0.8833,v1.12,True,SUCCESS,WIFI,GOOD,0.3
REC-05408,2026-09-13T10:32:35Z,SITE-A,ESP32-A01,PV-A01,SITE-A-PAR-08,8,2.527,20.05,50.67,32.29,34.43,27.74,85.14,1008.21,20909.0,0.106,59.8,DEGRADED,OK,PARTIAL_SHADING,v1.12,NORMAL,0.6677,0.6677,0.2134,0.0126,0.0785,0.0278,CONNECTED,NONE,3.18,12,0.8833,v1.12,True,SUCCESS,WIFI,GOOD,0.3
REC-05409,2026-09-13T10:32:40Z,SITE-A,ESP32-A01,PV-A01,SITE-A-PAR-08,9,2.551,20.04,51.12,32.39,34.42,27.73,85.01,1008.23,21001.0,0.11,60.2,DEGRADED,OK,PARTIAL_SHADING,v1.12,NORMAL,0.6592,0.6592,0.2176,0.0131,0.0831,0.027,CONNECTED,NONE,3.67,12,0.8833,v1.12,True,SUCCESS,WIFI,GOOD,0.3
REC-05410,2026-09-13T10:32:45Z,SITE-A,ESP32-A01,PV-A01,SITE-A-PAR-08,10,2.566,20.29,52.06,32.15,34.48,27.74,84.57,1008.18,20787.0,0.1,61.5,DEGRADED,OK,PARTIAL_SHADING,v1.12,NORMAL,0.6894,0.6894,0.199,0.0114,0.0755,0.0248,CONNECTED,NONE,2.44,12,0.8833,v1.12,True,SUCCESS,WIFI,GOOD,0.3
REC-05411,2026-09-13T10:32:50Z,SITE-A,ESP32-A01,PV-A01,SITE-A-PAR-08,11,2.558,19.14,48.97,32.19,34.53,27.74,84.79,1008.17,20802.0,0.1,58.0,DEGRADED,OK,PARTIAL_SHADING,v1.12,NORMAL,0.6422,0.6422,0.2259,0.0121,0.0915,0.0282,CONNECTED,NONE,4.72,12,0.8833,v1.12,True,SUCCESS,WIFI,GOOD,0.3
REC-05412,2026-09-13T10:32:55Z,SITE-A,ESP32-A01,PV-A01,SITE-A-PAR-08,12,2.558,19.73,50.46,32.05,34.65,27.74,84.79,1008.25,20674.0,0.105,60.1,DEGRADED,OK,PARTIAL_SHADING,v1.12,NORMAL,0.6636,0.6636,0.213,0.0126,0.0831,0.0277,CONNECTED,NONE,2.77,12,0.8833,v1.12,True,SUCCESS,WIFI,GOOD,0.3
REC-05413,2026-09-13T10:33:00Z,SITE-A,ESP32-A01,PV-A01,SITE-A-PAR-08,13,2.544,19.94,50.73,32.24,34.56,27.74,84.36,1008.19,20693.0,0.097,60.3,DEGRADED,OK,PARTIAL_SHADING,v1.12,NORMAL,0.6698,0.6698,0.2144,0.0115,0.0775,0.0269,CONNECTED,NONE,2.27,12,0.8833,v1.12,True,SUCCESS,WIFI,GOOD,0.3
REC-05414,2026-09-13T10:33:05Z,SITE-A,ESP32-A01,PV-A01,SITE-A-PAR-08,14,2.559,19.95,51.05,32.26,34.6,27.71,84.68,1008.22,20655.0,0.104,60.7,DEGRADED,OK,PARTIAL_SHADING,v1.12,NORMAL,0.661,0.661,0.2197,0.0126,0.0799,0.0268,CONNECTED,NONE,3.75,12,0.8833,v1.12,True,SUCCESS,WIFI,GOOD,0.3
REC-05415,2026-09-13T10:33:10Z,SITE-A,ESP32-A01,PV-A01,SITE-A-PAR-08,15,2.552,20.69,52.79,32.08,34.51,27.7,84.94,1008.2,20693.0,0.125,62.9,DEGRADED,OK,PARTIAL_SHADING,v1.12,NORMAL,0.6859,0.6859,0.1977,0.0154,0.0744,0.0267,CONNECTED,NONE,3.96,12,0.8833,v1.12,True,SUCCESS,WIFI,GOOD,0.3
REC-05416,2026-09-13T10:33:15Z,SITE-A,ESP32-A01,PV-A01,SITE-A-PAR-08,16,2.546,19.89,50.62,32.29,34.5,27.7,84.02,1008.21,20682.0,0.116,60.2,DEGRADED,OK,PARTIAL_SHADING,v1.12,NORMAL,0.6523,0.6523,0.2223,0.0144,0.0827,0.0283,CONNECTED,NONE,2.97,12,0.8833,v1.12,True,SUCCESS,WIFI,GOOD,0.3
REC-05417,2026-09-13T10:33:20Z,SITE-A,ESP32-A01,PV-A01,SITE-A-PAR-08,17,2.547,20.22,51.49,32.12,34.67,27.69,84.57,1008.25,20839.0,0.109,61.4,DEGRADED,OK,PARTIAL_SHADING,v1.12,NORMAL,0.6652,0.6652,0.2167,0.0134,0.0771,0.0276,CONNECTED,NONE,3.64,12,0.8833,v1.12,True,SUCCESS,WIFI,GOOD,0.3
REC-05418,2026-09-13T10:33:25Z,SITE-A,ESP32-A01,PV-A01,SITE-A-PAR-08,18,2.561,20.43,52.31,32.15,34.37,27.68,84.51,1008.21,20739.0,0.122,62.5,DEGRADED,OK,PARTIAL_SHADING,v1.12,NORMAL,0.6806,0.6806,0.2016,0.0148,0.0771,0.026,CONNECTED,NONE,3.11,12,0.8833,v1.12,True,SUCCESS,WIFI,GOOD,0.3
REC-05419,2026-09-13T10:33:30Z,SITE-A,ESP32-A01,PV-A01,SITE-A-PAR-08,19,2.554,20.12,51.39,32.21,34.46,27.7,84.43,1008.2,20936.0,0.098,61.3,DEGRADED,OK,PARTIAL_SHADING,v1.12,NORMAL,0.6754,0.6754,0.2109,0.0116,0.0765,0.0256,CONNECTED,NONE,2.31,12,0.8833,v1.12,True,SUCCESS,WIFI,GOOD,0.3
REC-05420,2026-09-13T10:33:35Z,SITE-A,ESP32-A01,PV-A01,SITE-A-PAR-08,20,2.53,19.83,50.16,32.34,34.48,27.7,84.4,1008.2,21098.0,0.131,59.6,DEGRADED,OK,PARTIAL_SHADING,v1.12,NORMAL,0.6301,0.6301,0.2292,0.0181,0.0915,0.0311,CONNECTED,NONE,2.42,12,0.8833,v1.12,True,SUCCESS,WIFI,GOOD,0.3
REC-05421,2026-09-13T10:33:40Z,SITE-A,ESP32-A01,PV-A01,SITE-A-PAR-08,21,2.532,19.59,49.62,32.15,34.58,27.68,84.47,1008.19,20867.0,0.101,59.1,DEGRADED,OK,PARTIAL_SHADING,v1.12,NORMAL,0.6485,0.6485,0.2287,0.0127,0.0813,0.0288,CONNECTED,NONE,2.25,12,0.8833,v1.12,True,SUCCESS,WIFI,GOOD,0.3
REC-05422,2026-09-13T10:33:45Z,SITE-A,ESP32-A01,PV-A01,SITE-A-PAR-08,22,2.548,20.18,51.43,32.25,34.44,27.68,84.49,1008.19,20847.0,0.126,61.2,DEGRADED,OK,PARTIAL_SHADING,v1.12,NORMAL,0.6573,0.6573,0.2156,0.0163,0.0826,0.0282,CONNECTED,NONE,2.67,12,0.8833,v1.12,True,SUCCESS,WIFI,GOOD,0.3
REC-05423,2026-09-13T10:33:50Z,SITE-A,ESP32-A01,PV-A01,SITE-A-PAR-08,23,2.565,20.35,52.2,32.28,34.57,27.69,84.74,1008.2,20842.0,0.126,62.3,DEGRADED,OK,PARTIAL_SHADING,v1.12,NORMAL,0.6571,0.6571,0.216,0.0163,0.0831,0.0275,CONNECTED,NONE,3.61,12,0.8833,v1.12,True,SUCCESS,WIFI,GOOD,0.3
REC-05424,2026-09-13T10:33:55Z,SITE-A,ESP32-A01,PV-A01,SITE-A-PAR-08,24,2.563,20.02,51.32,32.26,34.55,27.71,84.54,1008.26,20789.0,0.088,61.3,DEGRADED,OK,PARTIAL_SHADING,v1.12,NORMAL,0.6746,0.6746,0.2144,0.0104,0.0756,0.025,CONNECTED,NONE,2.34,12,0.8833,v1.12,True,SUCCESS,WIFI,GOOD,0.3
REC-05425,2026-09-13T10:34:00Z,SITE-A,ESP32-A01,PV-A01,SITE-A-PAR-08,25,2.544,20.31,51.67,32.26,34.57,27.71,84.35,1008.23,20736.0,0.121,61.7,DEGRADED,OK,PARTIAL_SHADING,v1.12,NORMAL,0.6621,0.6621,0.2152,0.0152,0.0793,0.0282,CONNECTED,NONE,4.19,12,0.8833,v1.12,True,SUCCESS,WIFI,GOOD,0.3
REC-05426,2026-09-13T10:34:05Z,SITE-A,ESP32-A01,PV-A01,SITE-A-PAR-08,26,2.545,20.71,52.7,32.28,34.57,27.7,84.15,1008.2,20758.0,0.103,62.8,DEGRADED,OK,PARTIAL_SHADING,v1.12,NORMAL,0.6853,0.6853,0.2077,0.0121,0.0693,0.0256,CONNECTED,NONE,4.48,12,0.8833,v1.12,True,SUCCESS,WIFI,GOOD,0.3
REC-05427,2026-09-13T10:34:10Z,SITE-A,ESP32-A01,PV-A01,SITE-A-PAR-08,27,2.558,20.19,51.64,32.18,34.63,27.7,84.26,1008.24,20629.0,0.1,61.5,DEGRADED,OK,PARTIAL_SHADING,v1.12,NORMAL,0.6741,0.6741,0.2133,0.012,0.0747,0.026,CONNECTED,NONE,3.77,12,0.8833,v1.12,True,SUCCESS,WIFI,GOOD,0.3
REC-05428,2026-09-13T10:34:15Z,SITE-A,ESP32-A01,PV-A01,SITE-A-PAR-08,28,2.55,19.64,50.07,32.34,34.49,27.71,84.48,1008.16,20925.0,0.111,59.6,DEGRADED,OK,PARTIAL_SHADING,v1.12,NORMAL,0.6416,0.6416,0.2285,0.0137,0.0878,0.0284,CONNECTED,NONE,3.23,12,0.8833,v1.12,True,SUCCESS,WIFI,GOOD,0.3
REC-05429,2026-09-13T10:34:20Z,SITE-A,ESP32-A01,PV-A01,SITE-A-PAR-08,29,2.556,19.89,50.85,32.17,34.52,27.71,84.19,1008.25,20728.0,0.096,60.7,DEGRADED,OK,PARTIAL_SHADING,v1.12,NORMAL,0.6719,0.6719,0.213,0.0114,0.0777,0.026,CONNECTED,NONE,4.21,12,0.8833,v1.12,True,SUCCESS,WIFI,GOOD,0.3
REC-05430,2026-09-13T10:34:25Z,SITE-A,ESP32-A01,PV-A01,SITE-A-PAR-08,30,2.575,20.28,52.22,32.17,34.42,27.7,84.68,1008.25,20974.0,0.111,62.2,DEGRADED,OK,PARTIAL_SHADING,v1.12,NORMAL,0.6781,0.6781,0.2041,0.0129,0.0798,0.0251,CONNECTED,NONE,3.93,12,0.8833,v1.12,True,SUCCESS,WIFI,GOOD,0.3
REC-05431,2026-09-13T10:34:30Z,SITE-A,ESP32-A01,PV-A01,SITE-A-PAR-08,31,2.528,19.93,50.37,32.31,34.42,27.7,84.53,1008.28,20928.0,0.097,59.9,DEGRADED,OK,PARTIAL_SHADING,v1.12,NORMAL,0.6641,0.6641,0.2202,0.0117,0.0767,0.0272,CONNECTED,NONE,2.88,12,0.8833,v1.12,True,SUCCESS,WIFI,GOOD,0.3
REC-05432,2026-09-13T10:34:35Z,SITE-A,ESP32-A01,PV-A01,SITE-A-PAR-08,32,2.54,20.45,51.93,32.16,34.65,27.69,84.74,1008.24,20740.0,0.108,61.7,DEGRADED,OK,PARTIAL_SHADING,v1.12,NORMAL,0.6739,0.6739,0.2131,0.0132,0.0727,0.0272,CONNECTED,NONE,3.21,12,0.8833,v1.12,True,SUCCESS,WIFI,GOOD,0.3
REC-05433,2026-09-13T10:34:40Z,SITE-A,ESP32-A01,PV-A01,SITE-A-PAR-08,33,2.552,19.93,50.88,32.26,34.46,27.68,84.21,1008.22,20976.0,0.119,60.6,DEGRADED,OK,PARTIAL_SHADING,v1.12,NORMAL,0.6495,0.6495,0.222,0.0151,0.0853,0.0281,CONNECTED,NONE,3.71,12,0.8833,v1.12,True,SUCCESS,WIFI,GOOD,0.3
REC-05434,2026-09-13T10:34:45Z,SITE-A,ESP32-A01,PV-A01,SITE-A-PAR-08,34,2.553,20.1,51.32,32.18,34.58,27.69,84.15,1008.25,20462.0,0.11,60.9,DEGRADED,OK,PARTIAL_SHADING,v1.12,NORMAL,0.6685,0.6685,0.2148,0.0134,0.0763,0.027,CONNECTED,NONE,4.29,12,0.8833,v1.12,True,SUCCESS,WIFI,GOOD,0.3
REC-05435,2026-09-13T10:34:50Z,SITE-A,ESP32-A01,PV-A01,SITE-A-PAR-08,35,2.531,19.86,50.27,32.42,34.56,27.7,84.74,1008.19,21053.0,0.102,59.9,DEGRADED,OK,PARTIAL_SHADING,v1.12,NORMAL,0.6428,0.6428,0.2343,0.0127,0.0816,0.0285,CONNECTED,NONE,4.19,12,0.8833,v1.12,True,SUCCESS,WIFI,GOOD,0.3
REC-05436,2026-09-13T10:34:55Z,SITE-A,ESP32-A01,PV-A01,SITE-A-PAR-08,36,2.547,19.94,50.79,32.41,34.62,27.7,84.44,1008.2,20536.0,0.111,60.6,DEGRADED,OK,PARTIAL_SHADING,v1.12,NORMAL,0.6467,0.6467,0.2307,0.0138,0.0806,0.0282,CONNECTED,NONE,2.88,12,0.8833,v1.12,True,SUCCESS,WIFI,GOOD,0.3
REC-05437,2026-09-13T10:35:00Z,SITE-A,ESP32-A01,PV-A01,SITE-A-PAR-08,37,2.542,20.0,50.85,32.23,34.4,27.7,84.34,1008.21,20794.0,0.092,60.7,DEGRADED,OK,PARTIAL_SHADING,v1.12,NORMAL,0.6784,0.6784,0.2111,0.0109,0.074,0.0256,CONNECTED,NONE,4.08,12,0.8833,v1.12,True,SUCCESS,WIFI,GOOD,0.3
REC-05438,2026-09-13T10:35:05Z,SITE-A,ESP32-A01,PV-A01,SITE-A-PAR-08,38,2.561,19.3,49.45,32.27,34.59,27.7,84.61,1008.25,20706.0,0.098,59.3,DEGRADED,OK,PARTIAL_SHADING,v1.12,NORMAL,0.6394,0.6394,0.2333,0.0121,0.0874,0.0277,CONNECTED,NONE,4.15,12,0.8833,v1.12,True,SUCCESS,WIFI,GOOD,0.3
REC-05439,2026-09-13T10:35:10Z,SITE-A,ESP32-A01,PV-A01,SITE-A-PAR-08,39,2.556,19.65,50.22,32.24,34.52,27.73,84.6,1008.18,20792.0,0.102,60.3,DEGRADED,OK,PARTIAL_SHADING,v1.12,NORMAL,0.6565,0.6565,0.2196,0.0122,0.0844,0.0272,CONNECTED,NONE,4.39,12,0.8833,v1.12,True,SUCCESS,WIFI,GOOD,0.3
REC-05440,2026-09-13T10:35:15Z,SITE-A,ESP32-A01,PV-A01,SITE-A-PAR-08,40,2.554,19.46,49.7,32.21,34.48,27.74,84.02,1008.18,20588.0,0.114,59.6,DEGRADED,SPIKE_CURRENT,PARTIAL_SHADING,v1.12,NORMAL,0.6497,0.6497,0.2191,0.0139,0.0888,0.0285,CONNECTED,NONE,2.72,12,0.8833,v1.12,True,SUCCESS,WIFI,GOOD,0.3
REC-05441,2026-09-13T10:35:20Z,SITE-A,ESP32-A01,PV-A01,SITE-A-PAR-08,41,2.573,19.52,50.24,32.24,34.51,27.74,84.82,1008.22,20202.0,0.11,60.6,DEGRADED,OK,PARTIAL_SHADING,v1.12,NORMAL,0.659,0.659,0.2157,0.0131,0.0854,0.0269,CONNECTED,NONE,4.65,12,0.8833,v1.12,True,SUCCESS,WIFI,GOOD,0.3
REC-05442,2026-09-13T10:35:25Z,SITE-A,ESP32-A01,PV-A01,SITE-A-PAR-08,42,2.57,19.4,49.87,32.24,34.62,27.74,84.28,1008.23,20451.0,0.111,60.2,DEGRADED,OK,PARTIAL_SHADING,v1.12,NORMAL,0.6435,0.6435,0.2247,0.0136,0.0901,0.0282,CONNECTED,NONE,3.6,12,0.8833,v1.12,True,SUCCESS,WIFI,GOOD,0.3
REC-05443,2026-09-13T10:35:30Z,SITE-A,ESP32-A01,PV-A01,SITE-A-PAR-08,43,2.544,19.87,50.57,32.09,34.56,27.74,84.91,1008.19,20358.0,0.106,61.4,DEGRADED,OK,PARTIAL_SHADING,v1.12,NORMAL,0.6749,0.6749,0.2078,0.0126,0.0772,0.0275,CONNECTED,NONE,4.26,12,0.8833,v1.12,True,SUCCESS,WIFI,GOOD,0.3
REC-05444,2026-09-13T10:35:35Z,SITE-A,ESP32-A01,PV-A01,SITE-A-PAR-08,44,2.562,19.95,51.1,32.26,34.52,27.75,84.0,1008.23,20210.0,0.098,61.7,DEGRADED,OK,PARTIAL_SHADING,v1.12,NORMAL,0.6804,0.6804,0.2072,0.0113,0.0756,0.0255,CONNECTED,NONE,4.06,12,0.8833,v1.12,True,SUCCESS,WIFI,GOOD,0.3
REC-05445,2026-09-13T10:35:40Z,SITE-A,ESP32-A01,PV-A01,SITE-A-PAR-08,45,2.565,19.84,50.89,32.22,34.43,27.76,84.5,1008.25,20538.0,0.121,61.4,DEGRADED,OK,PARTIAL_SHADING,v1.12,NORMAL,0.6647,0.6647,0.2065,0.0146,0.0868,0.0274,CONNECTED,NONE,3.83,12,0.8833,v1.12,True,SUCCESS,WIFI,GOOD,0.3
REC-05446,2026-09-13T10:35:45Z,SITE-A,ESP32-A01,PV-A01,SITE-A-PAR-08,46,2.537,19.37,49.16,32.27,34.45,27.75,84.34,1008.25,20377.0,0.099,59.3,DEGRADED,OK,PARTIAL_SHADING,v1.12,NORMAL,0.658,0.658,0.2198,0.0119,0.0822,0.0281,CONNECTED,NONE,4.33,12,0.8833,v1.12,True,SUCCESS,WIFI,GOOD,0.3
REC-05447,2026-09-13T10:35:50Z,SITE-A,ESP32-A01,PV-A01,SITE-A-PAR-08,47,2.559,19.69,50.39,32.24,34.6,27.76,83.81,1008.22,20651.0,0.11,60.7,DEGRADED,OK,PARTIAL_SHADING,v1.12,NORMAL,0.654,0.654,0.2182,0.0132,0.0867,0.028,CONNECTED,NONE,3.59,12,0.8833,v1.12,True,SUCCESS,WIFI,GOOD,0.3
REC-05448,2026-09-13T10:35:55Z,SITE-A,ESP32-A01,PV-A01,SITE-A-PAR-08,48,2.544,19.35,49.24,32.24,34.46,27.77,84.6,1008.21,20554.0,0.105,59.2,DEGRADED,OK,PARTIAL_SHADING,v1.12,NORMAL,0.6541,0.6541,0.2178,0.0125,0.0871,0.0284,CONNECTED,NONE,4.11,12,0.8833,v1.12,True,SUCCESS,WIFI,GOOD,0.3
REC-05449,2026-09-13T10:36:00Z,SITE-A,ESP32-A01,PV-A01,SITE-A-PAR-08,49,2.559,19.76,50.57,32.35,34.56,27.75,83.82,1008.26,20946.0,0.112,60.6,DEGRADED,OK,PARTIAL_SHADING,v1.12,NORMAL,0.6456,0.6456,0.2236,0.0136,0.0891,0.0281,CONNECTED,NONE,2.2,12,0.8833,v1.12,True,SUCCESS,WIFI,GOOD,0.3
REC-05450,2026-09-13T10:36:05Z,SITE-A,ESP32-A01,PV-A01,SITE-A-PAR-08,50,2.571,19.88,51.1,32.29,34.75,27.73,84.31,1008.21,20516.0,0.1,61.5,DEGRADED,OK,PARTIAL_SHADING,v1.12,NORMAL,0.6562,0.6562,0.2238,0.0121,0.0812,0.0267,CONNECTED,NONE,3.91,12,0.8833,v1.12,True,SUCCESS,WIFI,GOOD,0.3
REC-05451,2026-09-13T10:36:10Z,SITE-A,ESP32-A01,PV-A01,SITE-A-PAR-08,51,2.553,20.11,51.35,32.4,34.61,27.74,84.73,1008.24,20700.0,0.117,61.6,DEGRADED,OK,PARTIAL_SHADING,v1.12,NORMAL,0.6522,0.6522,0.2221,0.0144,0.0832,0.0281,CONNECTED,NONE,4.38,12,0.8833,v1.12,True,SUCCESS,WIFI,GOOD,0.3
REC-05452,2026-09-13T10:36:15Z,SITE-A,ESP32-A01,PV-A01,SITE-A-PAR-08,52,2.531,20.07,50.8,32.34,34.65,27.72,84.24,1008.27,20681.0,0.12,60.7,DEGRADED,OK,PARTIAL_SHADING,v1.12,NORMAL,0.6462,0.6462,0.2268,0.0154,0.0817,0.0299,CONNECTED,NONE,4.21,12,0.8833,v1.12,True,SUCCESS,WIFI,GOOD,0.3
REC-05453,2026-09-13T10:36:20Z,SITE-A,ESP32-A01,PV-A01,SITE-A-PAR-08,53,2.551,20.26,51.69,32.27,34.5,27.7,84.13,1008.24,20465.0,0.116,61.8,DEGRADED,OK,PARTIAL_SHADING,v1.12,NORMAL,0.6707,0.6707,0.2122,0.014,0.0761,0.0269,CONNECTED,NONE,3.15,12,0.8833,v1.12,True,SUCCESS,WIFI,GOOD,0.3
REC-05454,2026-09-13T10:36:25Z,SITE-A,ESP32-A01,PV-A01,SITE-A-PAR-08,54,2.556,19.92,50.92,32.35,34.49,27.7,84.64,1008.18,20671.0,0.108,60.9,DEGRADED,OK,PARTIAL_SHADING,v1.12,NORMAL,0.6571,0.6571,0.222,0.0131,0.081,0.0269,CONNECTED,NONE,4.32,12,0.8833,v1.12,True,SUCCESS,WIFI,GOOD,0.3
REC-05455,2026-09-13T10:36:30Z,SITE-A,ESP32-A01,PV-A01,SITE-A-PAR-08,55,2.542,19.63,49.9,32.13,34.64,27.7,84.33,1008.17,20622.0,0.102,60.2,DEGRADED,OK,PARTIAL_SHADING,v1.12,NORMAL,0.6537,0.6537,0.2244,0.0127,0.0808,0.0284,CONNECTED,NONE,4.26,12,0.8833,v1.12,True,SUCCESS,WIFI,GOOD,0.3
REC-05456,2026-09-13T10:36:35Z,SITE-A,ESP32-A01,PV-A01,SITE-A-PAR-08,56,2.525,19.93,50.31,32.43,34.54,27.71,84.28,1008.2,20522.0,0.134,61.0,DEGRADED,OK,PARTIAL_SHADING,v1.12,NORMAL,0.6335,0.6335,0.2299,0.0188,0.0864,0.0314,CONNECTED,NONE,3.92,12,0.8833,v1.12,True,SUCCESS,WIFI,GOOD,0.3
REC-05457,2026-09-13T10:36:40Z,SITE-A,ESP32-A01,PV-A01,SITE-A-PAR-08,57,2.537,19.94,50.58,32.29,34.66,27.72,84.78,1008.23,20420.0,0.096,61.2,DEGRADED,OK,PARTIAL_SHADING,v1.12,NORMAL,0.6637,0.6637,0.2225,0.0117,0.0746,0.0275,CONNECTED,NONE,4.58,12,0.8833,v1.12,True,SUCCESS,WIFI,GOOD,0.3
REC-05458,2026-09-13T10:36:45Z,SITE-A,ESP32-A01,PV-A01,SITE-A-PAR-08,58,2.554,19.54,49.91,32.46,34.59,27.72,84.05,1008.22,20320.0,0.115,60.2,DEGRADED,OK,PARTIAL_SHADING,v1.12,NORMAL,0.6344,0.6344,0.2352,0.0145,0.087,0.0289,CONNECTED,NONE,3.95,12,0.8833,v1.12,True,SUCCESS,WIFI,GOOD,0.3
REC-05459,2026-09-13T10:36:50Z,SITE-A,ESP32-A01,PV-A01,SITE-A-PAR-08,59,2.53,19.92,50.4,32.22,34.86,27.72,84.26,1008.28,20680.0,0.109,60.6,DEGRADED,OK,PARTIAL_SHADING,v1.12,NORMAL,0.6426,0.6426,0.2327,0.0139,0.0805,0.0303,CONNECTED,NONE,3.82,12,0.8833,v1.12,True,SUCCESS,WIFI,GOOD,0.3
REC-05460,2026-09-13T10:36:55Z,SITE-A,ESP32-A01,PV-A01,SITE-A-PAR-08,60,2.54,19.68,50.0,32.19,34.53,27.71,84.66,1008.22,20642.0,0.105,60.1,DEGRADED,OK,PARTIAL_SHADING,v1.12,NORMAL,0.6571,0.6571,0.2208,0.0128,0.0811,0.0282,CONNECTED,NONE,4.34,12,0.8833,v1.12,True,SUCCESS,WIFI,GOOD,0.3
REC-05461,2026-09-13T10:41:00Z,SITE-E,ESP32-E01,PV-E01,SITE-E-OPE-12,1,3.208,0.38,1.21,28.97,28.06,25.73,100.0,1008.86,12864.0,0.047,2.4,POOR,OK,OPEN_CIRCUIT,v1.12,OPEN_CIRCUIT,0.4851,0.2734,0.2256,0.0083,0.4851,0.0076,CONNECTED,WARNING,2.72,12,0.8833,v1.12,True,SUCCESS,LORA,POOR,72.85
REC-05462,2026-09-13T10:41:05Z,SITE-E,ESP32-E01,PV-E01,SITE-E-OPE-12,2,3.205,0.0,0.0,29.1,28.0,25.73,100.0,1008.83,12929.0,0.034,0.0,POOR,OK,OPEN_CIRCUIT,v1.12,OPEN_CIRCUIT,0.488,0.2635,0.2341,0.0069,0.488,0.0074,CONNECTED,WARNING,3.78,12,0.8833,v1.12,True,SUCCESS,LORA,POOR,72.85
REC-05463,2026-09-13T10:41:10Z,SITE-E,ESP32-E01,PV-E01,SITE-E-OPE-12,3,3.2,0.0,0.0,28.86,28.05,25.73,100.0,1008.79,12876.0,0.033,0.0,POOR,LOST_IN_TRANSIT,OPEN_CIRCUIT,v1.12,OPEN_CIRCUIT,0.4819,0.2743,0.2292,0.007,0.4819,0.0076,CONNECTED,WARNING,2.36,12,0.8833,v1.12,True,SUCCESS,LORA,POOR,72.85
REC-05464,2026-09-13T10:41:15Z,SITE-E,ESP32-E01,PV-E01,SITE-E-OPE-12,4,3.205,0.0,0.0,29.08,28.15,25.76,99.8,1008.92,12714.0,0.046,0.0,POOR,OK,OPEN_CIRCUIT,v1.12,OPEN_CIRCUIT,0.5012,0.2542,0.2289,0.0081,0.5012,0.0077,CONNECTED,WARNING,4.05,12,0.8833,v1.12,True,SUCCESS,LORA,POOR,72.85
REC-05465,2026-09-13T10:41:20Z,SITE-E,ESP32-E01,PV-E01,SITE-E-OPE-12,5,3.205,0.63,2.02,28.88,28.01,25.76,100.0,1008.84,12957.0,0.059,3.9,POOR,OK,OPEN_CIRCUIT,v1.12,OPEN_CIRCUIT,0.4907,0.28,0.2121,0.0094,0.4907,0.0077,CONNECTED,WARNING,4.79,12,0.8833,v1.12,True,SUCCESS,LORA,POOR,72.85
REC-05466,2026-09-13T10:41:25Z,SITE-E,ESP32-E01,PV-E01,SITE-E-OPE-12,6,3.197,1.21,3.87,29.16,28.27,25.76,100.0,1008.84,12915.0,0.051,7.5,POOR,LOST_IN_TRANSIT,OPEN_CIRCUIT,v1.12,OPEN_CIRCUIT,0.4515,0.2956,0.2361,0.009,0.4515,0.0079,CONNECTED,WARNING,2.25,12,0.8833,v1.12,True,SUCCESS,LORA,POOR,72.85
REC-05467,2026-09-13T10:41:30Z,SITE-E,ESP32-E01,PV-E01,SITE-E-OPE-12,7,3.215,0.6,1.93,29.07,28.07,25.76,99.84,1008.88,12793.0,0.053,3.8,POOR,TEMP1_SENTINEL_-127,OPEN_CIRCUIT,v1.12,OPEN_CIRCUIT,0.4881,0.2744,0.2212,0.0087,0.4881,0.0075,CONNECTED,WARNING,2.3,12,0.8833,v1.12,True,SUCCESS,LORA,POOR,72.85
REC-05468,2026-09-13T10:41:35Z,SITE-E,ESP32-E01,PV-E01,SITE-E-OPE-12,8,3.206,0.0,0.0,28.88,28.04,25.76,99.74,1008.83,13195.0,0.038,0.0,POOR,TEMP1_SENTINEL_-127,OPEN_CIRCUIT,v1.12,OPEN_CIRCUIT,0.5037,0.2621,0.2196,0.0071,0.5037,0.0075,CONNECTED,WARNING,2.37,12,0.8833,v1.12,True,SUCCESS,LORA,POOR,72.85
REC-05469,2026-09-13T10:41:40Z,SITE-E,ESP32-E01,PV-E01,SITE-E-OPE-12,9,3.202,0.0,0.0,28.99,27.94,25.75,100.0,1008.88,12757.0,0.045,0.0,POOR,TEMP1_SENTINEL_-127,OPEN_CIRCUIT,v1.12,OPEN_CIRCUIT,0.4965,0.266,0.2221,0.0079,0.4965,0.0076,CONNECTED,WARNING,3.98,12,0.8833,v1.12,True,SUCCESS,LORA,POOR,72.85
REC-05470,2026-09-13T10:41:45Z,SITE-E,ESP32-E01,PV-E01,SITE-E-OPE-12,10,3.208,0.0,0.0,29.06,28.03,25.76,100.0,1008.83,13013.0,0.04,0.0,POOR,OK,OPEN_CIRCUIT,v1.12,OPEN_CIRCUIT,0.5031,0.2572,0.225,0.0073,0.5031,0.0074,CONNECTED,WARNING,2.55,12,0.8833,v1.12,True,SUCCESS,LORA,POOR,72.85
REC-05471,2026-09-13T10:41:50Z,SITE-E,ESP32-E01,PV-E01,SITE-E-OPE-12,11,3.2,0.3,0.97,28.87,28.04,25.77,100.0,1008.89,13147.0,0.034,1.9,POOR,OK,OPEN_CIRCUIT,v1.12,OPEN_CIRCUIT,0.481,0.2826,0.222,0.0069,0.481,0.0075,CONNECTED,WARNING,2.43,12,0.8833,v1.12,True,SUCCESS,LORA,POOR,72.85
REC-05472,2026-09-13T10:41:55Z,SITE-E,ESP32-E01,PV-E01,SITE-E-OPE-12,12,3.202,0.78,2.5,29.01,28.1,25.78,100.0,1008.85,12936.0,0.043,4.9,POOR,OK,OPEN_CIRCUIT,v1.12,OPEN_CIRCUIT,0.4666,0.2937,0.2243,0.0078,0.4666,0.0076,CONNECTED,WARNING,3.53,12,0.8833,v1.12,True,SUCCESS,LORA,POOR,72.85
REC-05473,2026-09-13T10:42:00Z,SITE-E,ESP32-E01,PV-E01,SITE-E-OPE-12,13,3.214,0.53,1.7,29.06,28.0,25.79,100.0,1008.82,12818.0,0.032,3.3,POOR,LOST_IN_TRANSIT,OPEN_CIRCUIT,v1.12,OPEN_CIRCUIT,0.4704,0.2923,0.2236,0.0066,0.4704,0.0072,CONNECTED,WARNING,3.92,12,0.8833,v1.12,True,SUCCESS,LORA,POOR,72.85
REC-05474,2026-09-13T10:42:05Z,SITE-E,ESP32-E01,PV-E01,SITE-E-OPE-12,14,3.204,0.1,0.32,28.84,28.07,25.79,99.65,1008.91,12827.0,0.034,0.6,POOR,OK,OPEN_CIRCUIT,v1.12,OPEN_CIRCUIT,0.4872,0.2792,0.2192,0.0068,0.4872,0.0075,CONNECTED,WARNING,4.19,12,0.8833,v1.12,True,SUCCESS,LORA,POOR,72.85
REC-05475,2026-09-13T10:42:10Z,SITE-E,ESP32-E01,PV-E01,SITE-E-OPE-12,15,3.207,0.0,0.0,29.05,28.02,25.79,100.0,1008.86,12676.0,0.037,0.0,POOR,OK,OPEN_CIRCUIT,v1.12,OPEN_CIRCUIT,0.494,0.2681,0.2234,0.007,0.494,0.0075,CONNECTED,WARNING,2.51,12,0.8833,v1.12,True,SUCCESS,LORA,POOR,72.85
REC-05476,2026-09-13T10:42:15Z,SITE-E,ESP32-E01,PV-E01,SITE-E-OPE-12,16,3.207,0.14,0.46,28.99,28.11,25.81,100.0,1008.82,12890.0,0.038,0.9,POOR,OK,OPEN_CIRCUIT,v1.12,OPEN_CIRCUIT,0.497,0.2686,0.2198,0.0071,0.497,0.0075,CONNECTED,WARNING,4.31,12,0.8833,v1.12,True,SUCCESS,LORA,POOR,72.85
REC-05477,2026-09-13T10:42:20Z,SITE-E,ESP32-E01,PV-E01,SITE-E-OPE-12,17,3.205,0.07,0.22,29.08,28.11,25.8,100.0,1008.8,12841.0,0.041,0.4,POOR,OK,OPEN_CIRCUIT,v1.12,OPEN_CIRCUIT,0.5006,0.2609,0.2236,0.0074,0.5006,0.0076,CONNECTED,WARNING,3.78,12,0.8833,v1.12,True,SUCCESS,LORA,POOR,72.85
REC-05478,2026-09-13T10:42:25Z,SITE-E,ESP32-E01,PV-E01,SITE-E-OPE-12,18,3.203,0.3,0.95,28.98,28.05,25.79,100.0,1008.86,12790.0,0.02,1.9,POOR,OK,OPEN_CIRCUIT,v1.12,OPEN_CIRCUIT,0.4603,0.2965,0.2301,0.0058,0.4603,0.0073,CONNECTED,WARNING,4.4,12,0.8833,v1.12,True,SUCCESS,LORA,POOR,72.85
REC-05479,2026-09-13T10:42:30Z,SITE-E,ESP32-E01,PV-E01,SITE-E-OPE-12,19,3.218,0.0,0.0,28.9,28.07,25.81,99.98,1008.88,13030.0,0.032,0.0,POOR,OK,OPEN_CIRCUIT,v1.12,OPEN_CIRCUIT,0.5062,0.2658,0.2143,0.0064,0.5062,0.0072,CONNECTED,WARNING,4.66,12,0.8833,v1.12,True,SUCCESS,LORA,POOR,72.85
REC-05480,2026-09-13T10:42:35Z,SITE-E,ESP32-E01,PV-E01,SITE-E-OPE-12,20,3.203,0.33,1.05,28.9,28.11,25.8,99.85,1008.85,12831.0,0.057,2.0,POOR,OK,OPEN_CIRCUIT,v1.12,OPEN_CIRCUIT,0.5045,0.2671,0.2114,0.0091,0.5045,0.0078,CONNECTED,WARNING,4.01,12,0.8833,v1.12,True,SUCCESS,LORA,POOR,72.85
REC-05481,2026-09-13T10:42:40Z,SITE-E,ESP32-E01,PV-E01,SITE-E-OPE-12,21,3.202,0.27,0.85,28.95,28.04,25.79,100.0,1008.85,12596.0,0.041,1.7,POOR,LOST_IN_TRANSIT,OPEN_CIRCUIT,v1.12,OPEN_CIRCUIT,0.4805,0.2835,0.2209,0.0075,0.4805,0.0076,CONNECTED,WARNING,3.38,12,0.8833,v1.12,True,SUCCESS,LORA,POOR,72.85
REC-05482,2026-09-13T10:42:45Z,SITE-E,ESP32-E01,PV-E01,SITE-E-OPE-12,22,3.209,0.08,0.24,28.96,28.02,25.79,100.0,1008.89,13058.0,0.047,0.5,POOR,OK,OPEN_CIRCUIT,v1.12,OPEN_CIRCUIT,0.5129,0.2584,0.2134,0.0078,0.5129,0.0075,CONNECTED,WARNING,3.96,12,0.8833,v1.12,True,SUCCESS,LORA,POOR,72.85
REC-05483,2026-09-13T10:42:50Z,SITE-E,ESP32-E01,PV-E01,SITE-E-OPE-12,23,3.2,0.03,0.11,29.05,28.02,25.8,100.0,1008.86,12640.0,0.045,0.2,POOR,SPIKE_IRRADIANCE,OPEN_CIRCUIT,v1.12,OPEN_CIRCUIT,0.4981,0.2661,0.2204,0.0077,0.4981,0.0077,CONNECTED,WARNING,3.06,12,0.8833,v1.12,True,SUCCESS,LORA,POOR,72.85
REC-05484,2026-09-13T10:42:55Z,SITE-E,ESP32-E01,PV-E01,SITE-E-OPE-12,24,3.212,0.23,0.73,28.93,28.11,25.8,99.79,1008.82,12885.0,0.04,1.4,POOR,OK,OPEN_CIRCUIT,v1.12,OPEN_CIRCUIT,0.4964,0.2717,0.2172,0.0073,0.4964,0.0075,CONNECTED,WARNING,2.74,12,0.8833,v1.12,True,SUCCESS,LORA,POOR,72.85
REC-05485,2026-09-13T10:43:00Z,SITE-E,ESP32-E01,PV-E01,SITE-E-OPE-12,25,3.205,0.09,0.28,28.82,27.98,25.81,100.0,1008.82,12861.0,0.032,0.6,POOR,OK,OPEN_CIRCUIT,v1.12,OPEN_CIRCUIT,0.4887,0.284,0.2134,0.0065,0.4887,0.0074,CONNECTED,WARNING,3.07,12,0.8833,v1.12,True,SUCCESS,LORA,POOR,72.85
REC-05486,2026-09-13T10:43:05Z,SITE-E,ESP32-E01,PV-E01,SITE-E-OPE-12,26,3.207,0.0,0.0,28.92,28.05,25.81,100.0,1008.86,12793.0,0.036,0.0,POOR,OK,OPEN_CIRCUIT,v1.12,OPEN_CIRCUIT,0.4981,0.2708,0.2168,0.0068,0.4981,0.0075,CONNECTED,WARNING,3.52,12,0.8833,v1.12,True,SUCCESS,LORA,POOR,72.85
REC-05487,2026-09-13T10:43:10Z,SITE-E,ESP32-E01,PV-E01,SITE-E-OPE-12,27,3.208,0.36,1.17,28.83,27.92,25.81,99.97,1008.86,12944.0,0.061,2.3,POOR,OK,OPEN_CIRCUIT,v1.12,OPEN_CIRCUIT,0.5127,0.2715,0.199,0.0092,0.5127,0.0076,CONNECTED,WARNING,4.24,12,0.8833,v1.12,True,SUCCESS,LORA,POOR,72.85
REC-05488,2026-09-13T10:43:15Z,SITE-E,ESP32-E01,PV-E01,SITE-E-OPE-12,28,3.204,0.57,1.82,28.97,28.09,25.8,100.0,1008.87,12739.0,0.036,3.6,POOR,OK,OPEN_CIRCUIT,v1.12,OPEN_CIRCUIT,0.4668,0.2957,0.2229,0.007,0.4668,0.0075,CONNECTED,WARNING,3.0,12,0.8833,v1.12,True,SUCCESS,LORA,POOR,72.85
REC-05489,2026-09-13T10:43:20Z,SITE-E,ESP32-E01,PV-E01,SITE-E-OPE-12,29,3.21,0.18,0.58,28.99,28.01,25.8,99.96,1008.85,12613.0,0.058,1.2,POOR,OK,OPEN_CIRCUIT,v1.12,OPEN_CIRCUIT,0.5109,0.2624,0.2101,0.009,0.5109,0.0076,CONNECTED,WARNING,2.48,12,0.8833,v1.12,True,SUCCESS,LORA,POOR,72.85
REC-05490,2026-09-13T10:43:25Z,SITE-E,ESP32-E01,PV-E01,SITE-E-OPE-12,30,3.208,0.08,0.24,29.03,27.97,25.81,99.61,1008.86,12394.0,0.037,0.5,POOR,LOST_IN_TRANSIT,OPEN_CIRCUIT,v1.12,OPEN_CIRCUIT,0.4856,0.2804,0.2196,0.0069,0.4856,0.0074,CONNECTED,WARNING,3.34,12,0.8833,v1.12,True,SUCCESS,LORA,POOR,72.85
REC-05491,2026-09-13T10:43:30Z,SITE-E,ESP32-E01,PV-E01,SITE-E-OPE-12,31,3.208,0.23,0.73,28.95,28.0,25.81,100.0,1008.85,12445.0,0.038,1.4,POOR,OK,OPEN_CIRCUIT,v1.12,OPEN_CIRCUIT,0.4805,0.2876,0.2173,0.0071,0.4805,0.0075,CONNECTED,WARNING,2.24,12,0.8833,v1.12,True,SUCCESS,LORA,POOR,72.85
REC-05492,2026-09-13T10:43:35Z,SITE-E,ESP32-E01,PV-E01,SITE-E-OPE-12,32,3.197,0.35,1.1,28.93,28.0,25.81,99.56,1008.87,13117.0,0.042,2.2,POOR,LOST_IN_TRANSIT,OPEN_CIRCUIT,v1.12,OPEN_CIRCUIT,0.491,0.2795,0.2145,0.0074,0.491,0.0076,CONNECTED,WARNING,2.17,12,0.8833,v1.12,True,SUCCESS,LORA,POOR,72.85
REC-05493,2026-09-13T10:43:40Z,SITE-E,ESP32-E01,PV-E01,SITE-E-OPE-12,33,3.203,0.39,1.26,28.96,28.03,25.79,100.0,1008.86,12814.0,0.039,2.5,POOR,OK,OPEN_CIRCUIT,v1.12,OPEN_CIRCUIT,0.4784,0.2861,0.2207,0.0073,0.4784,0.0075,CONNECTED,WARNING,2.31,12,0.8833,v1.12,True,SUCCESS,LORA,POOR,72.85
REC-05494,2026-09-13T10:43:45Z,SITE-E,ESP32-E01,PV-E01,SITE-E-OPE-12,34,3.204,0.15,0.48,29.0,28.05,25.8,99.52,1008.83,12911.0,0.032,1.0,POOR,OK,OPEN_CIRCUIT,v1.12,OPEN_CIRCUIT,0.4867,0.2761,0.2232,0.0066,0.4867,0.0074,CONNECTED,WARNING,2.24,12,0.8833,v1.12,True,SUCCESS,LORA,POOR,72.85
REC-05495,2026-09-13T10:43:50Z,SITE-E,ESP32-E01,PV-E01,SITE-E-OPE-12,35,3.214,0.2,0.65,28.96,28.02,25.8,99.35,1008.83,13159.0,0.041,1.3,POOR,LOST_IN_TRANSIT,OPEN_CIRCUIT,v1.12,OPEN_CIRCUIT,0.5068,0.2656,0.2132,0.0072,0.5068,0.0073,CONNECTED,WARNING,3.96,12,0.8833,v1.12,True,SUCCESS,LORA,POOR,72.85
REC-05496,2026-09-13T10:43:55Z,SITE-E,ESP32-E01,PV-E01,SITE-E-OPE-12,36,3.198,0.69,2.2,29.15,27.92,25.79,100.0,1008.85,12745.0,0.026,4.3,POOR,OK,OPEN_CIRCUIT,v1.12,OPEN_CIRCUIT,0.4444,0.311,0.2311,0.0061,0.4444,0.0073,CONNECTED,WARNING,2.38,12,0.8833,v1.12,True,SUCCESS,LORA,POOR,72.85
REC-05497,2026-09-13T10:44:00Z,SITE-E,ESP32-E01,PV-E01,SITE-E-OPE-12,37,3.202,0.44,1.42,28.99,28.19,25.77,99.67,1008.84,12790.0,0.045,2.8,POOR,OK,OPEN_CIRCUIT,v1.12,OPEN_CIRCUIT,0.4806,0.2763,0.2273,0.0081,0.4806,0.0078,CONNECTED,WARNING,2.75,12,0.8833,v1.12,True,SUCCESS,LORA,POOR,72.85
REC-05498,2026-09-13T10:44:05Z,SITE-E,ESP32-E01,PV-E01,SITE-E-OPE-12,38,3.211,0.0,0.0,29.03,28.08,25.78,100.0,1008.88,12542.0,0.043,0.0,POOR,OK,OPEN_CIRCUIT,v1.12,OPEN_CIRCUIT,0.4988,0.2632,0.2229,0.0076,0.4988,0.0075,CONNECTED,WARNING,2.54,12,0.8833,v1.12,True,SUCCESS,LORA,POOR,72.85
REC-05499,2026-09-13T10:44:10Z,SITE-E,ESP32-E01,PV-E01,SITE-E-OPE-12,39,3.2,0.34,1.09,28.97,28.08,25.79,100.0,1008.85,12687.0,0.048,2.1,POOR,OK,OPEN_CIRCUIT,v1.12,OPEN_CIRCUIT,0.4868,0.2773,0.2199,0.0082,0.4868,0.0078,CONNECTED,WARNING,3.38,12,0.8833,v1.12,True,SUCCESS,LORA,POOR,72.85
REC-05500,2026-09-13T10:44:15Z,SITE-E,ESP32-E01,PV-E01,SITE-E-OPE-12,40,3.201,0.0,0.0,28.99,28.07,25.79,100.0,1008.8,12701.0,0.036,0.0,POOR,OK,OPEN_CIRCUIT,v1.12,OPEN_CIRCUIT,0.4901,0.2706,0.2247,0.007,0.4901,0.0076,CONNECTED,WARNING,3.71,12,0.8833,v1.12,True,SUCCESS,LORA,POOR,72.85
REC-05501,2026-09-13T10:44:20Z,SITE-E,ESP32-E01,PV-E01,SITE-E-OPE-12,41,3.213,0.03,0.09,28.94,28.14,25.8,99.81,1008.8,12711.0,0.048,0.2,POOR,OK,OPEN_CIRCUIT,v1.12,OPEN_CIRCUIT,0.5115,0.2579,0.215,0.008,0.5115,0.0076,CONNECTED,WARNING,3.13,12,0.8833,v1.12,True,SUCCESS,LORA,POOR,72.85
REC-05502,2026-09-13T10:44:25Z,SITE-E,ESP32-E01,PV-E01,SITE-E-OPE-12,42,3.207,0.29,0.92,28.97,28.09,25.8,99.96,1008.83,12970.0,0.045,1.8,POOR,OK,OPEN_CIRCUIT,v1.12,OPEN_CIRCUIT,0.4988,0.2692,0.2167,0.0077,0.4988,0.0076,CONNECTED,WARNING,4.78,12,0.8833,v1.12,True,SUCCESS,LORA,POOR,72.85
REC-05503,2026-09-13T10:44:30Z,SITE-E,ESP32-E01,PV-E01,SITE-E-OPE-12,43,3.21,0.46,1.49,29.2,28.05,25.8,99.8,1008.86,12985.0,0.042,2.9,POOR,OK,OPEN_CIRCUIT,v1.12,OPEN_CIRCUIT,0.4899,0.2711,0.2243,0.0074,0.4899,0.0074,CONNECTED,WARNING,2.26,12,0.8833,v1.12,True,SUCCESS,LORA,POOR,72.85
REC-05504,2026-09-13T10:44:35Z,SITE-E,ESP32-E01,PV-E01,SITE-E-OPE-12,44,3.209,0.0,0.0,29.09,28.05,25.8,100.0,1008.82,12971.0,0.061,0.0,POOR,OK,OPEN_CIRCUIT,v1.12,OPEN_CIRCUIT,0.5324,0.24,0.2107,0.0092,0.5324,0.0076,CONNECTED,WARNING,2.84,12,0.8833,v1.12,True,SUCCESS,LORA,POOR,72.85
REC-05505,2026-09-13T10:44:40Z,SITE-E,ESP32-E01,PV-E01,SITE-E-OPE-12,45,3.206,0.1,0.31,29.03,28.18,25.79,99.86,1008.86,12627.0,0.046,0.6,POOR,OK,OPEN_CIRCUIT,v1.12,OPEN_CIRCUIT,0.4989,0.2613,0.2241,0.008,0.4989,0.0077,CONNECTED,WARNING,4.13,12,0.8833,v1.12,True,SUCCESS,LORA,POOR,72.85
REC-05506,2026-09-13T10:44:45Z,SITE-E,ESP32-E01,PV-E01,SITE-E-OPE-12,46,3.206,0.24,0.76,29.02,28.11,25.77,99.93,1008.82,12840.0,0.036,1.5,POOR,LOST_IN_TRANSIT,OPEN_CIRCUIT,v1.12,OPEN_CIRCUIT,0.4831,0.274,0.2283,0.0071,0.4831,0.0075,CONNECTED,WARNING,3.54,12,0.8833,v1.12,True,SUCCESS,LORA,POOR,72.85
REC-05507,2026-09-13T10:44:50Z,SITE-E,ESP32-E01,PV-E01,SITE-E-OPE-12,47,3.21,0.0,0.01,29.17,28.09,25.79,100.0,1008.84,12887.0,0.056,0.0,POOR,OK,OPEN_CIRCUIT,v1.12,OPEN_CIRCUIT,0.5241,0.241,0.2185,0.0087,0.5241,0.0076,CONNECTED,WARNING,3.33,12,0.8833,v1.12,True,SUCCESS,LORA,POOR,72.85
REC-05508,2026-09-13T10:44:55Z,SITE-E,ESP32-E01,PV-E01,SITE-E-OPE-12,48,3.202,0.0,0.0,28.99,28.05,25.79,99.81,1008.85,13171.0,0.046,0.0,POOR,LOST_IN_TRANSIT,OPEN_CIRCUIT,v1.12,OPEN_CIRCUIT,0.5146,0.2534,0.2167,0.0077,0.5146,0.0076,CONNECTED,WARNING,4.77,12,0.8833,v1.12,True,SUCCESS,LORA,POOR,72.85
REC-05509,2026-09-13T10:45:00Z,SITE-E,ESP32-E01,PV-E01,SITE-E-OPE-12,49,3.215,0.16,0.52,28.92,28.06,25.79,99.46,1008.81,12901.0,0.059,1.0,POOR,LOST_IN_TRANSIT,OPEN_CIRCUIT,v1.12,OPEN_CIRCUIT,0.5221,0.2539,0.2073,0.0091,0.5221,0.0076,CONNECTED,WARNING,3.24,12,0.8833,v1.12,True,SUCCESS,LORA,POOR,72.85
REC-05510,2026-09-13T10:45:05Z,SITE-E,ESP32-E01,PV-E01,SITE-E-OPE-12,50,3.204,0.0,0.0,29.11,28.18,25.78,99.68,1008.85,12936.0,0.022,0.0,POOR,OK,OPEN_CIRCUIT,v1.12,OPEN_CIRCUIT,0.4814,0.267,0.2382,0.0059,0.4814,0.0074,CONNECTED,WARNING,3.39,12,0.8833,v1.12,True,SUCCESS,LORA,POOR,72.85
REC-05511,2026-09-13T10:45:10Z,SITE-E,ESP32-E01,PV-E01,SITE-E-OPE-12,51,3.212,0.42,1.36,29.0,28.03,25.79,100.0,1008.89,13125.0,0.038,2.6,POOR,OK,OPEN_CIRCUIT,v1.12,OPEN_CIRCUIT,0.4895,0.2774,0.2187,0.007,0.4895,0.0073,CONNECTED,WARNING,2.73,12,0.8833,v1.12,True,SUCCESS,LORA,POOR,72.85
REC-05512,2026-09-13T10:45:15Z,SITE-E,ESP32-E01,PV-E01,SITE-E-OPE-12,52,3.21,0.47,1.52,28.96,28.14,25.8,100.0,1008.83,12986.0,0.038,2.9,POOR,OK,OPEN_CIRCUIT,v1.12,OPEN_CIRCUIT,0.4842,0.2808,0.2204,0.0071,0.4842,0.0075,CONNECTED,WARNING,2.94,12,0.8833,v1.12,True,SUCCESS,LORA,POOR,72.85
REC-05513,2026-09-13T10:45:20Z,SITE-E,ESP32-E01,PV-E01,SITE-E-OPE-12,53,3.204,0.0,0.0,28.96,28.13,25.79,100.0,1008.84,13003.0,0.022,0.0,POOR,OK,OPEN_CIRCUIT,v1.12,OPEN_CIRCUIT,0.4836,0.2737,0.2294,0.0059,0.4836,0.0074,CONNECTED,WARNING,3.15,12,0.8833,v1.12,True,SUCCESS,LORA,POOR,72.85
REC-05514,2026-09-13T10:45:25Z,SITE-E,ESP32-E01,PV-E01,SITE-E-OPE-12,54,3.209,0.0,0.0,29.07,28.08,25.78,100.0,1008.85,13017.0,0.043,0.0,POOR,OK,OPEN_CIRCUIT,v1.12,OPEN_CIRCUIT,0.5103,0.2526,0.2221,0.0075,0.5103,0.0075,CONNECTED,WARNING,3.19,12,0.8833,v1.12,True,SUCCESS,LORA,POOR,72.85
REC-05515,2026-09-13T10:45:30Z,SITE-E,ESP32-E01,PV-E01,SITE-E-OPE-12,55,3.207,0.02,0.06,29.04,28.06,25.79,100.0,1008.84,12874.0,0.037,0.1,POOR,LOST_IN_TRANSIT,OPEN_CIRCUIT,v1.12,OPEN_CIRCUIT,0.4986,0.2638,0.2232,0.007,0.4986,0.0075,CONNECTED,WARNING,3.34,12,0.8833,v1.12,True,SUCCESS,LORA,POOR,72.85
REC-05516,2026-09-13T10:45:35Z,SITE-E,ESP32-E01,PV-E01,SITE-E-OPE-12,56,3.198,0.0,0.0,28.93,27.92,25.78,99.38,1008.84,12768.0,0.021,0.0,POOR,OK,OPEN_CIRCUIT,v1.12,OPEN_CIRCUIT,0.4697,0.2906,0.2266,0.0058,0.4697,0.0073,CONNECTED,WARNING,2.64,12,0.8833,v1.12,True,SUCCESS,LORA,POOR,72.85
REC-05517,2026-09-13T10:45:40Z,SITE-E,ESP32-E01,PV-E01,SITE-E-OPE-12,57,3.206,0.24,0.76,29.06,28.1,25.79,99.96,1008.84,12859.0,0.033,1.5,POOR,OK,OPEN_CIRCUIT,v1.12,OPEN_CIRCUIT,0.4828,0.2753,0.2277,0.0067,0.4828,0.0074,CONNECTED,WARNING,4.12,12,0.8833,v1.12,True,SUCCESS,LORA,POOR,72.85
REC-05518,2026-09-13T10:45:45Z,SITE-E,ESP32-E01,PV-E01,SITE-E-OPE-12,58,3.2,0.04,0.13,28.95,27.91,25.81,100.0,1008.79,12751.0,0.055,0.2,POOR,OK,OPEN_CIRCUIT,v1.12,OPEN_CIRCUIT,0.5123,0.264,0.2074,0.0085,0.5123,0.0077,CONNECTED,WARNING,2.36,12,0.8833,v1.12,True,SUCCESS,LORA,POOR,72.85
REC-05519,2026-09-13T10:45:50Z,SITE-E,ESP32-E01,PV-E01,SITE-E-OPE-12,59,3.208,0.0,0.0,28.86,28.03,25.81,99.99,1008.85,12571.0,0.05,0.0,POOR,OK,OPEN_CIRCUIT,v1.12,OPEN_CIRCUIT,0.5087,0.2666,0.2089,0.0082,0.5087,0.0077,CONNECTED,WARNING,2.78,12,0.8833,v1.12,True,SUCCESS,LORA,POOR,72.85
REC-05520,2026-09-13T10:45:55Z,SITE-E,ESP32-E01,PV-E01,SITE-E-OPE-12,60,3.205,0.7,2.24,28.9,28.04,25.8,100.0,1008.81,12916.0,0.034,4.4,POOR,OK,OPEN_CIRCUIT,v1.12,OPEN_CIRCUIT,0.4625,0.3046,0.2187,0.0068,0.4625,0.0074,CONNECTED,WARNING,2.16,12,0.8833,v1.12,True,SUCCESS,LORA,POOR,72.85
REC-05521,2026-09-13T11:20:00Z,SITE-E,ESP32-E01,PV-E01,SITE-E-SHO-12,1,0.009,11.79,0.11,29.76,28.83,25.09,99.99,1008.84,7106.0,0.053,0.4,POOR,OK,SHORT_CIRCUIT,v1.13,SHORT_CIRCUIT,0.964,0.0003,0.0357,0.0,0.0001,0.964,ISOLATED,CRITICAL,3.05,13,0.9929,v1.13,True,SUCCESS,LORA,POOR,24.52
REC-05522,2026-09-13T11:20:05Z,SITE-E,ESP32-E01,PV-E01,SITE-E-SHO-12,2,0.015,11.49,0.17,29.43,28.9,25.08,100.0,1008.89,7123.0,0.05,0.6,POOR,OK,SHORT_CIRCUIT,v1.13,SHORT_CIRCUIT,0.9642,0.0003,0.0355,0.0,0.0001,0.9642,ISOLATED,CRITICAL,3.36,13,0.9929,v1.13,True,SUCCESS,LORA,POOR,24.52
REC-05523,2026-09-13T11:20:10Z,SITE-E,ESP32-E01,PV-E01,SITE-E-SHO-12,3,0.018,12.15,0.22,29.44,28.69,25.08,99.85,1008.83,7077.0,0.066,0.8,POOR,OK,SHORT_CIRCUIT,v1.13,SHORT_CIRCUIT,0.9655,0.0003,0.0341,0.0,0.0001,0.9655,ISOLATED,CRITICAL,4.52,13,0.9929,v1.13,True,SUCCESS,LORA,POOR,24.52
REC-05524,2026-09-13T11:20:15Z,SITE-E,ESP32-E01,PV-E01,SITE-E-SHO-12,4,0.011,11.75,0.13,29.5,28.84,25.09,100.0,1008.87,7173.0,0.058,0.5,POOR,OK,SHORT_CIRCUIT,v1.13,SHORT_CIRCUIT,0.965,0.0003,0.0346,0.0,0.0001,0.965,ISOLATED,CRITICAL,4.09,13,0.9929,v1.13,True,SUCCESS,LORA,POOR,24.52
REC-05525,2026-09-13T11:20:20Z,SITE-E,ESP32-E01,PV-E01,SITE-E-SHO-12,5,0.015,11.74,0.17,29.5,28.76,25.1,100.0,1008.87,7165.0,0.052,0.6,POOR,OK,SHORT_CIRCUIT,v1.13,SHORT_CIRCUIT,0.9645,0.0003,0.0351,0.0,0.0001,0.9645,ISOLATED,CRITICAL,2.63,13,0.9929,v1.13,True,SUCCESS,LORA,POOR,24.52
REC-05526,2026-09-13T11:20:25Z,SITE-E,ESP32-E01,PV-E01,SITE-E-SHO-12,6,0.01,12.07,0.12,29.58,28.86,25.1,100.0,1008.89,7350.0,0.068,0.4,POOR,OK,SHORT_CIRCUIT,v1.13,SHORT_CIRCUIT,0.9658,0.0003,0.0338,0.0,0.0001,0.9658,ISOLATED,CRITICAL,3.36,13,0.9929,v1.13,True,SUCCESS,LORA,POOR,24.52
REC-05527,2026-09-13T11:20:30Z,SITE-E,ESP32-E01,PV-E01,SITE-E-SHO-12,7,0.008,11.88,0.09,29.54,28.82,25.09,100.0,1008.88,7025.0,0.068,0.3,POOR,OK,SHORT_CIRCUIT,v1.13,SHORT_CIRCUIT,0.9657,0.0003,0.0339,0.0,0.0001,0.9657,ISOLATED,CRITICAL,3.55,13,0.9929,v1.13,True,SUCCESS,LORA,POOR,24.52
REC-05528,2026-09-13T11:20:35Z,SITE-E,ESP32-E01,PV-E01,SITE-E-SHO-12,8,0.015,11.56,0.17,29.64,28.74,25.08,100.0,1008.9,7023.0,0.05,0.6,POOR,OK,SHORT_CIRCUIT,v1.13,SHORT_CIRCUIT,0.9634,0.0003,0.0362,0.0,0.0001,0.9634,ISOLATED,CRITICAL,4.54,13,0.9929,v1.13,True,SUCCESS,LORA,POOR,24.52
REC-05529,2026-09-13T11:20:40Z,SITE-E,ESP32-E01,PV-E01,SITE-E-SHO-12,9,0.017,11.73,0.2,29.59,28.75,25.07,100.0,1008.87,7090.0,0.063,0.7,POOR,OK,SHORT_CIRCUIT,v1.13,SHORT_CIRCUIT,0.9642,0.0003,0.0354,0.0,0.0001,0.9642,ISOLATED,CRITICAL,2.56,13,0.9929,v1.13,True,SUCCESS,LORA,POOR,24.52
REC-05530,2026-09-13T11:20:45Z,SITE-E,ESP32-E01,PV-E01,SITE-E-SHO-12,10,0.016,11.87,0.2,29.51,28.78,25.07,99.78,1008.88,7051.0,0.065,0.7,POOR,OK,SHORT_CIRCUIT,v1.13,SHORT_CIRCUIT,0.9649,0.0003,0.0348,0.0,0.0001,0.9649,ISOLATED,CRITICAL,4.39,13,0.9929,v1.13,True,SUCCESS,LORA,POOR,24.52
REC-05531,2026-09-13T11:20:50Z,SITE-E,ESP32-E01,PV-E01,SITE-E-SHO-12,11,0.006,11.74,0.07,29.55,28.82,25.07,99.83,1008.91,7228.0,0.076,0.2,POOR,OK,SHORT_CIRCUIT,v1.13,SHORT_CIRCUIT,0.9659,0.0003,0.0338,0.0,0.0001,0.9659,ISOLATED,CRITICAL,4.28,13,0.9929,v1.13,True,SUCCESS,LORA,POOR,24.52
REC-05532,2026-09-13T11:20:55Z,SITE-E,ESP32-E01,PV-E01,SITE-E-SHO-12,12,0.019,11.28,0.22,29.55,28.83,25.08,100.0,1008.82,6913.0,0.057,0.8,POOR,OK,SHORT_CIRCUIT,v1.13,SHORT_CIRCUIT,0.9633,0.0003,0.0363,0.0,0.0001,0.9633,ISOLATED,CRITICAL,4.55,13,0.9929,v1.13,True,SUCCESS,LORA,POOR,24.52
REC-05533,2026-09-13T11:21:00Z,SITE-E,ESP32-E01,PV-E01,SITE-E-SHO-12,13,0.016,12.08,0.19,29.67,29.03,25.08,99.47,1008.9,7249.0,0.059,0.7,POOR,LOST_IN_TRANSIT,SHORT_CIRCUIT,v1.13,SHORT_CIRCUIT,0.9644,0.0002,0.0352,0.0,0.0001,0.9644,ISOLATED,CRITICAL,4.17,13,0.9929,v1.13,True,SUCCESS,LORA,POOR,24.52
REC-05534,2026-09-13T11:21:05Z,SITE-E,ESP32-E01,PV-E01,SITE-E-SHO-12,14,0.018,11.68,0.21,29.65,28.84,25.08,100.0,1008.83,7002.0,0.066,0.8,POOR,OK,SHORT_CIRCUIT,v1.13,SHORT_CIRCUIT,0.964,0.0003,0.0356,0.0,0.0001,0.964,ISOLATED,CRITICAL,3.47,13,0.9929,v1.13,True,SUCCESS,LORA,POOR,24.52
REC-05535,2026-09-13T11:21:10Z,SITE-E,ESP32-E01,PV-E01,SITE-E-SHO-12,15,0.008,11.53,0.09,29.65,28.7,25.07,99.82,1008.89,7231.0,0.072,0.3,POOR,OK,SHORT_CIRCUIT,v1.13,SHORT_CIRCUIT,0.9649,0.0003,0.0348,0.0,0.0001,0.9649,ISOLATED,CRITICAL,2.42,13,0.9929,v1.13,True,SUCCESS,LORA,POOR,24.52
REC-05536,2026-09-13T11:21:15Z,SITE-E,ESP32-E01,PV-E01,SITE-E-SHO-12,16,0.017,11.84,0.2,29.52,28.89,25.06,99.84,1008.91,7429.0,0.063,0.7,POOR,TEMP2_MISSING_-999,SHORT_CIRCUIT,v1.13,SHORT_CIRCUIT,0.9646,0.0003,0.035,0.0,0.0001,0.9646,ISOLATED,CRITICAL,3.51,13,0.9929,v1.13,True,SUCCESS,LORA,POOR,24.52
REC-05537,2026-09-13T11:21:20Z,SITE-E,ESP32-E01,PV-E01,SITE-E-SHO-12,17,0.016,11.48,0.18,29.58,28.82,25.06,100.0,1008.9,7191.0,0.061,0.6,POOR,OK,SHORT_CIRCUIT,v1.13,SHORT_CIRCUIT,0.9638,0.0003,0.0358,0.0,0.0001,0.9638,ISOLATED,CRITICAL,2.9,13,0.9929,v1.13,True,SUCCESS,LORA,POOR,24.52
REC-05538,2026-09-13T11:21:25Z,SITE-E,ESP32-E01,PV-E01,SITE-E-SHO-12,18,0.006,11.21,0.07,29.48,28.77,25.06,100.0,1008.87,7160.0,0.053,0.3,POOR,OK,SHORT_CIRCUIT,v1.13,SHORT_CIRCUIT,0.9643,0.0003,0.0354,0.0,0.0001,0.9643,ISOLATED,CRITICAL,4.0,13,0.9929,v1.13,True,SUCCESS,LORA,POOR,24.52
REC-05539,2026-09-13T11:21:30Z,SITE-E,ESP32-E01,PV-E01,SITE-E-SHO-12,19,0.015,11.73,0.18,29.62,28.69,25.07,99.87,1008.9,7268.0,0.056,0.6,POOR,OK,SHORT_CIRCUIT,v1.13,SHORT_CIRCUIT,0.964,0.0003,0.0357,0.0,0.0001,0.964,ISOLATED,CRITICAL,3.37,13,0.9929,v1.13,True,SUCCESS,LORA,POOR,24.52
REC-05540,2026-09-13T11:21:35Z,SITE-E,ESP32-E01,PV-E01,SITE-E-SHO-12,20,0.008,11.94,0.09,29.67,28.76,25.08,99.73,1008.86,7065.0,0.058,0.3,POOR,OK,SHORT_CIRCUIT,v1.13,SHORT_CIRCUIT,0.9648,0.0003,0.0349,0.0,0.0001,0.9648,ISOLATED,CRITICAL,2.43,13,0.9929,v1.13,True,SUCCESS,LORA,POOR,24.52
REC-05541,2026-09-13T11:21:40Z,SITE-E,ESP32-E01,PV-E01,SITE-E-SHO-12,21,0.013,11.67,0.15,29.39,28.87,25.09,99.55,1008.93,7152.0,0.066,0.5,POOR,OK,SHORT_CIRCUIT,v1.13,SHORT_CIRCUIT,0.9655,0.0003,0.0341,0.0,0.0001,0.9655,ISOLATED,CRITICAL,4.35,13,0.9929,v1.13,True,SUCCESS,LORA,POOR,24.52
REC-05542,2026-09-13T11:21:45Z,SITE-E,ESP32-E01,PV-E01,SITE-E-SHO-12,22,0.024,11.66,0.28,29.56,28.82,25.11,99.35,1008.91,7001.0,0.063,1.0,POOR,OK,SHORT_CIRCUIT,v1.13,SHORT_CIRCUIT,0.964,0.0003,0.0356,0.0,0.0001,0.964,ISOLATED,CRITICAL,4.62,13,0.9929,v1.13,True,SUCCESS,LORA,POOR,24.52
REC-05543,2026-09-13T11:21:50Z,SITE-E,ESP32-E01,PV-E01,SITE-E-SHO-12,23,0.014,11.67,0.17,29.56,28.89,25.13,100.0,1008.86,7010.0,0.052,0.6,POOR,OK,SHORT_CIRCUIT,v1.13,SHORT_CIRCUIT,0.9645,0.0003,0.0351,0.0,0.0001,0.9645,ISOLATED,CRITICAL,3.08,13,0.9929,v1.13,True,SUCCESS,LORA,POOR,24.52
REC-05544,2026-09-13T11:21:55Z,SITE-E,ESP32-E01,PV-E01,SITE-E-SHO-12,24,0.012,11.66,0.14,29.63,28.88,25.12,99.94,1008.93,7122.0,0.067,0.5,POOR,OK,SHORT_CIRCUIT,v1.13,SHORT_CIRCUIT,0.965,0.0003,0.0346,0.0,0.0001,0.965,ISOLATED,CRITICAL,3.5,13,0.9929,v1.13,True,SUCCESS,LORA,POOR,24.52
REC-05545,2026-09-13T11:22:00Z,SITE-E,ESP32-E01,PV-E01,SITE-E-SHO-12,25,0.005,11.77,0.06,29.51,28.79,25.15,99.73,1008.9,7111.0,0.057,0.2,POOR,LOST_IN_TRANSIT,SHORT_CIRCUIT,v1.13,SHORT_CIRCUIT,0.9659,0.0003,0.0337,0.0,0.0001,0.9659,ISOLATED,CRITICAL,3.33,13,0.9929,v1.13,True,SUCCESS,LORA,POOR,24.52
REC-05546,2026-09-13T11:22:05Z,SITE-E,ESP32-E01,PV-E01,SITE-E-SHO-12,26,0.014,11.96,0.17,29.5,28.52,25.18,100.0,1008.86,7158.0,0.057,0.6,POOR,OK,SHORT_CIRCUIT,v1.13,SHORT_CIRCUIT,0.9658,0.0003,0.0338,0.0,0.0001,0.9658,ISOLATED,CRITICAL,4.05,13,0.9929,v1.13,True,SUCCESS,LORA,POOR,24.52
REC-05547,2026-09-13T11:22:10Z,SITE-E,ESP32-E01,PV-E01,SITE-E-SHO-12,27,0.012,11.91,0.14,29.56,28.7,25.16,99.77,1008.93,7099.0,0.067,0.5,POOR,OK,SHORT_CIRCUIT,v1.13,SHORT_CIRCUIT,0.9659,0.0003,0.0337,0.0,0.0001,0.9659,ISOLATED,CRITICAL,4.11,13,0.9929,v1.13,True,SUCCESS,LORA,POOR,24.52
REC-05548,2026-09-13T11:22:15Z,SITE-E,ESP32-E01,PV-E01,SITE-E-SHO-12,28,0.003,12.29,0.03,29.59,28.64,25.16,99.77,1008.94,7030.0,0.068,0.1,POOR,OK,SHORT_CIRCUIT,v1.13,SHORT_CIRCUIT,0.967,0.0003,0.0326,0.0,0.0001,0.967,ISOLATED,CRITICAL,2.45,13,0.9929,v1.13,True,SUCCESS,LORA,POOR,24.52
REC-05549,2026-09-13T11:22:20Z,SITE-E,ESP32-E01,PV-E01,SITE-E-SHO-12,29,0.007,12.23,0.09,29.56,28.87,25.16,100.0,1008.88,7226.0,0.062,0.3,POOR,OK,SHORT_CIRCUIT,v1.13,SHORT_CIRCUIT,0.9665,0.0003,0.0331,0.0,0.0001,0.9665,ISOLATED,CRITICAL,3.37,13,0.9929,v1.13,True,SUCCESS,LORA,POOR,24.52
REC-05550,2026-09-13T11:22:25Z,SITE-E,ESP32-E01,PV-E01,SITE-E-SHO-12,30,0.017,11.44,0.2,29.61,28.8,25.16,100.0,1008.9,6989.0,0.078,0.7,POOR,OK,SHORT_CIRCUIT,v1.13,SHORT_CIRCUIT,0.9652,0.0003,0.0344,0.0001,0.0001,0.9652,ISOLATED,CRITICAL,4.76,13,0.9929,v1.13,True,SUCCESS,LORA,POOR,24.52
REC-05551,2026-09-13T11:22:30Z,SITE-E,ESP32-E01,PV-E01,SITE-E-SHO-12,31,0.019,11.6,0.22,29.6,28.74,25.15,100.0,1008.89,7102.0,0.04,0.8,POOR,OK,SHORT_CIRCUIT,v1.13,SHORT_CIRCUIT,0.9634,0.0003,0.0362,0.0,0.0001,0.9634,ISOLATED,CRITICAL,3.59,13,0.9929,v1.13,True,SUCCESS,LORA,POOR,24.52
REC-05552,2026-09-13T11:22:35Z,SITE-E,ESP32-E01,PV-E01,SITE-E-SHO-12,32,0.013,11.81,0.15,29.5,28.71,25.14,99.83,1008.91,7192.0,0.069,0.5,POOR,OK,SHORT_CIRCUIT,v1.13,SHORT_CIRCUIT,0.9659,0.0003,0.0337,0.0,0.0001,0.9659,ISOLATED,CRITICAL,2.45,13,0.9929,v1.13,True,SUCCESS,LORA,POOR,24.52
REC-05553,2026-09-13T11:22:40Z,SITE-E,ESP32-E01,PV-E01,SITE-E-SHO-12,33,0.018,11.05,0.2,29.55,28.85,25.14,100.0,1008.91,7125.0,0.049,0.7,POOR,OK,SHORT_CIRCUIT,v1.13,SHORT_CIRCUIT,0.9633,0.0003,0.0363,0.0,0.0001,0.9633,ISOLATED,CRITICAL,2.31,13,0.9929,v1.13,True,SUCCESS,LORA,POOR,24.52
REC-05554,2026-09-13T11:22:45Z,SITE-E,ESP32-E01,PV-E01,SITE-E-SHO-12,34,0.013,11.7,0.15,29.6,28.7,25.14,100.0,1008.92,7022.0,0.059,0.5,POOR,OK,SHORT_CIRCUIT,v1.13,SHORT_CIRCUIT,0.9649,0.0003,0.0347,0.0,0.0001,0.9649,ISOLATED,CRITICAL,2.81,13,0.9929,v1.13,True,SUCCESS,LORA,POOR,24.52
REC-05555,2026-09-13T11:22:50Z,SITE-E,ESP32-E01,PV-E01,SITE-E-SHO-12,35,0.009,11.33,0.1,29.5,28.67,25.14,100.0,1008.83,6746.0,0.059,0.4,POOR,OK,SHORT_CIRCUIT,v1.13,SHORT_CIRCUIT,0.965,0.0003,0.0346,0.0,0.0001,0.965,ISOLATED,CRITICAL,2.49,13,0.9929,v1.13,True,SUCCESS,LORA,POOR,24.52
REC-05556,2026-09-13T11:22:55Z,SITE-E,ESP32-E01,PV-E01,SITE-E-SHO-12,36,0.024,11.54,0.27,29.49,28.65,25.16,100.0,1008.87,6948.0,0.059,1.0,POOR,OK,SHORT_CIRCUIT,v1.13,SHORT_CIRCUIT,0.9643,0.0003,0.0352,0.0,0.0001,0.9643,ISOLATED,CRITICAL,3.95,13,0.9929,v1.13,True,SUCCESS,LORA,POOR,24.52
REC-05557,2026-09-13T11:23:00Z,SITE-E,ESP32-E01,PV-E01,SITE-E-SHO-12,37,0.005,11.52,0.06,29.43,28.77,25.15,99.7,1008.92,7293.0,0.05,0.2,POOR,OK,SHORT_CIRCUIT,v1.13,SHORT_CIRCUIT,0.9656,0.0003,0.034,0.0,0.0001,0.9656,ISOLATED,CRITICAL,3.07,13,0.9929,v1.13,True,SUCCESS,LORA,POOR,24.52
REC-05558,2026-09-13T11:23:05Z,SITE-E,ESP32-E01,PV-E01,SITE-E-SHO-12,38,0.015,10.98,0.16,29.64,28.7,25.17,99.92,1008.87,6929.0,0.046,0.6,POOR,OK,SHORT_CIRCUIT,v1.13,SHORT_CIRCUIT,0.9632,0.0003,0.0364,0.0,0.0001,0.9632,ISOLATED,CRITICAL,4.15,13,0.9929,v1.13,True,SUCCESS,LORA,POOR,24.52
REC-05559,2026-09-13T11:23:10Z,SITE-E,ESP32-E01,PV-E01,SITE-E-SHO-12,39,0.009,12.19,0.11,29.74,28.86,25.19,100.0,1008.9,6942.0,0.04,0.4,POOR,DUPLICATE_RECEIVED,SHORT_CIRCUIT,v1.13,SHORT_CIRCUIT,0.9649,0.0003,0.0348,0.0,0.0001,0.9649,ISOLATED,CRITICAL,4.14,13,0.9929,v1.13,True,SUCCESS,LORA,POOR,24.52
REC-05560,2026-09-13T11:23:15Z,SITE-E,ESP32-E01,PV-E01,SITE-E-SHO-12,40,0.011,11.27,0.13,29.5,28.77,25.17,99.83,1008.86,6944.0,0.057,0.5,POOR,SPIKE_CURRENT,SHORT_CIRCUIT,v1.13,SHORT_CIRCUIT,0.965,0.0003,0.0346,0.0,0.0001,0.965,ISOLATED,CRITICAL,4.34,13,0.9929,v1.13,True,SUCCESS,LORA,POOR,24.52
REC-05561,2026-09-13T11:23:20Z,SITE-E,ESP32-E01,PV-E01,SITE-E-SHO-12,41,0.02,11.84,0.24,29.59,28.64,25.16,100.0,1008.91,6973.0,0.06,0.9,POOR,OK,SHORT_CIRCUIT,v1.13,SHORT_CIRCUIT,0.9647,0.0003,0.0349,0.0,0.0001,0.9647,ISOLATED,CRITICAL,3.69,13,0.9929,v1.13,True,SUCCESS,LORA,POOR,24.52
REC-05562,2026-09-13T11:23:25Z,SITE-E,ESP32-E01,PV-E01,SITE-E-SHO-12,42,0.013,10.99,0.14,29.64,28.74,25.16,100.0,1008.89,6851.0,0.065,0.5,POOR,OK,SHORT_CIRCUIT,v1.13,SHORT_CIRCUIT,0.9642,0.0003,0.0354,0.0,0.0001,0.9642,ISOLATED,CRITICAL,2.72,13,0.9929,v1.13,True,SUCCESS,LORA,POOR,24.52
REC-05563,2026-09-13T11:23:30Z,SITE-E,ESP32-E01,PV-E01,SITE-E-SHO-12,43,0.011,11.36,0.12,29.45,28.68,25.15,100.0,1008.91,7113.0,0.071,0.4,POOR,OK,SHORT_CIRCUIT,v1.13,SHORT_CIRCUIT,0.9658,0.0003,0.0338,0.0,0.0001,0.9658,ISOLATED,CRITICAL,3.36,13,0.9929,v1.13,True,SUCCESS,LORA,POOR,24.52
REC-05564,2026-09-13T11:23:35Z,SITE-E,ESP32-E01,PV-E01,SITE-E-SHO-12,44,0.01,11.84,0.12,29.58,28.76,25.15,100.0,1008.9,7085.0,0.067,0.4,POOR,OK,SHORT_CIRCUIT,v1.13,SHORT_CIRCUIT,0.9658,0.0003,0.0338,0.0,0.0001,0.9658,ISOLATED,CRITICAL,4.2,13,0.9929,v1.13,True,SUCCESS,LORA,POOR,24.52
REC-05565,2026-09-13T11:23:40Z,SITE-E,ESP32-E01,PV-E01,SITE-E-SHO-12,45,0.015,11.55,0.18,29.65,28.84,25.16,99.94,1008.85,6780.0,0.069,0.6,POOR,OK,SHORT_CIRCUIT,v1.13,SHORT_CIRCUIT,0.9649,0.0003,0.0347,0.0,0.0001,0.9649,ISOLATED,CRITICAL,2.66,13,0.9929,v1.13,True,SUCCESS,LORA,POOR,24.52
REC-05566,2026-09-13T11:23:45Z,SITE-E,ESP32-E01,PV-E01,SITE-E-SHO-12,46,0.008,11.79,0.09,29.52,28.74,25.16,99.91,1008.95,6615.0,0.049,0.3,POOR,OK,SHORT_CIRCUIT,v1.13,SHORT_CIRCUIT,0.9653,0.0003,0.0343,0.0,0.0001,0.9653,ISOLATED,CRITICAL,2.69,13,0.9929,v1.13,True,SUCCESS,LORA,POOR,24.52
REC-05567,2026-09-13T11:23:50Z,SITE-E,ESP32-E01,PV-E01,SITE-E-SHO-12,47,0.013,11.83,0.16,29.55,28.71,25.17,100.0,1008.85,6973.0,0.07,0.6,POOR,OK,SHORT_CIRCUIT,v1.13,SHORT_CIRCUIT,0.966,0.0003,0.0336,0.0,0.0001,0.966,ISOLATED,CRITICAL,4.6,13,0.9929,v1.13,True,SUCCESS,LORA,POOR,24.52
REC-05568,2026-09-13T11:23:55Z,SITE-E,ESP32-E01,PV-E01,SITE-E-SHO-12,48,0.012,11.41,0.14,29.67,28.81,25.17,99.75,1008.96,6880.0,0.063,0.5,POOR,OK,SHORT_CIRCUIT,v1.13,SHORT_CIRCUIT,0.9647,0.0003,0.0349,0.0,0.0001,0.9647,ISOLATED,CRITICAL,4.45,13,0.9929,v1.13,True,SUCCESS,LORA,POOR,24.52
REC-05569,2026-09-13T11:24:00Z,SITE-E,ESP32-E01,PV-E01,SITE-E-SHO-12,49,0.009,11.99,0.1,29.53,28.74,25.17,100.0,1008.83,7085.0,0.046,0.4,POOR,OK,SHORT_CIRCUIT,v1.13,SHORT_CIRCUIT,0.9655,0.0003,0.0341,0.0,0.0001,0.9655,ISOLATED,CRITICAL,3.55,13,0.9929,v1.13,True,SUCCESS,LORA,POOR,24.52
REC-05570,2026-09-13T11:24:05Z,SITE-E,ESP32-E01,PV-E01,SITE-E-SHO-12,50,0.006,11.89,0.07,29.54,28.84,25.19,99.85,1008.89,7040.0,0.07,0.2,POOR,OK,SHORT_CIRCUIT,v1.13,SHORT_CIRCUIT,0.9668,0.0003,0.0328,0.0,0.0001,0.9668,ISOLATED,CRITICAL,3.98,13,0.9929,v1.13,True,SUCCESS,LORA,POOR,24.52
REC-05571,2026-09-13T11:24:10Z,SITE-E,ESP32-E01,PV-E01,SITE-E-SHO-12,51,0.013,11.28,0.15,29.57,28.82,25.17,99.75,1008.85,7164.0,0.05,0.5,POOR,OK,SHORT_CIRCUIT,v1.13,SHORT_CIRCUIT,0.9643,0.0003,0.0353,0.0,0.0001,0.9643,ISOLATED,CRITICAL,3.82,13,0.9929,v1.13,True,SUCCESS,LORA,POOR,24.52
REC-05572,2026-09-13T11:24:15Z,SITE-E,ESP32-E01,PV-E01,SITE-E-SHO-12,52,0.011,11.77,0.13,29.75,28.73,25.17,100.0,1008.94,7184.0,0.049,0.5,POOR,OK,SHORT_CIRCUIT,v1.13,SHORT_CIRCUIT,0.9644,0.0003,0.0352,0.0,0.0001,0.9644,ISOLATED,CRITICAL,4.79,13,0.9929,v1.13,True,SUCCESS,LORA,POOR,24.52
REC-05573,2026-09-13T11:24:20Z,SITE-E,ESP32-E01,PV-E01,SITE-E-SHO-12,53,0.014,11.92,0.17,29.65,28.69,25.17,100.0,1008.86,6954.0,0.075,0.6,POOR,OK,SHORT_CIRCUIT,v1.13,SHORT_CIRCUIT,0.9658,0.0003,0.0337,0.0001,0.0001,0.9658,ISOLATED,CRITICAL,2.91,13,0.9929,v1.13,True,SUCCESS,LORA,POOR,24.52
REC-05574,2026-09-13T11:24:25Z,SITE-E,ESP32-E01,PV-E01,SITE-E-SHO-12,54,0.002,11.72,0.02,29.62,28.76,25.17,99.8,1008.86,7063.0,0.061,0.1,POOR,OK,SHORT_CIRCUIT,v1.13,SHORT_CIRCUIT,0.966,0.0003,0.0336,0.0,0.0001,0.966,ISOLATED,CRITICAL,3.5,13,0.9929,v1.13,True,SUCCESS,LORA,POOR,24.52
REC-05575,2026-09-13T11:24:30Z,SITE-E,ESP32-E01,PV-E01,SITE-E-SHO-12,55,0.011,11.79,0.12,29.62,28.82,25.17,99.95,1008.89,7049.0,0.049,0.4,POOR,OK,SHORT_CIRCUIT,v1.13,SHORT_CIRCUIT,0.9649,0.0003,0.0347,0.0,0.0001,0.9649,ISOLATED,CRITICAL,3.86,13,0.9929,v1.13,True,SUCCESS,LORA,POOR,24.52
REC-05576,2026-09-13T11:24:35Z,SITE-E,ESP32-E01,PV-E01,SITE-E-SHO-12,56,0.017,11.95,0.2,29.49,28.93,25.19,99.96,1008.93,7290.0,0.054,0.7,POOR,OK,SHORT_CIRCUIT,v1.13,SHORT_CIRCUIT,0.9656,0.0003,0.034,0.0,0.0001,0.9656,ISOLATED,CRITICAL,4.73,13,0.9929,v1.13,True,SUCCESS,LORA,POOR,24.52
REC-05577,2026-09-13T11:24:40Z,SITE-E,ESP32-E01,PV-E01,SITE-E-SHO-12,57,0.005,11.36,0.05,29.62,28.7,25.18,100.0,1008.93,7151.0,0.07,0.2,POOR,OK,SHORT_CIRCUIT,v1.13,SHORT_CIRCUIT,0.9658,0.0003,0.0338,0.0,0.0001,0.9658,ISOLATED,CRITICAL,4.17,13,0.9929,v1.13,True,SUCCESS,LORA,POOR,24.52
REC-05578,2026-09-13T11:24:45Z,SITE-E,ESP32-E01,PV-E01,SITE-E-SHO-12,58,0.022,11.79,0.26,29.55,28.71,25.2,99.85,1008.88,7369.0,0.047,0.9,POOR,OK,SHORT_CIRCUIT,v1.13,SHORT_CIRCUIT,0.9645,0.0003,0.0351,0.0,0.0001,0.9645,ISOLATED,CRITICAL,3.94,13,0.9929,v1.13,True,SUCCESS,LORA,POOR,24.52
REC-05579,2026-09-13T11:24:50Z,SITE-E,ESP32-E01,PV-E01,SITE-E-SHO-12,59,0.015,11.75,0.17,29.56,28.86,25.19,100.0,1008.88,7382.0,0.058,0.6,POOR,OK,SHORT_CIRCUIT,v1.13,SHORT_CIRCUIT,0.9654,0.0003,0.0342,0.0,0.0001,0.9654,ISOLATED,CRITICAL,3.82,13,0.9929,v1.13,True,SUCCESS,LORA,POOR,24.52
REC-05580,2026-09-13T11:24:55Z,SITE-E,ESP32-E01,PV-E01,SITE-E-SHO-12,60,0.012,12.09,0.15,29.55,28.79,25.19,99.67,1008.91,7164.0,0.058,0.5,POOR,OK,SHORT_CIRCUIT,v1.13,SHORT_CIRCUIT,0.966,0.0003,0.0335,0.0,0.0001,0.966,ISOLATED,CRITICAL,2.38,13,0.9929,v1.13,True,SUCCESS,LORA,POOR,24.52
REC-05581,2026-09-14T01:36:00Z,SITE-E,ESP32-E01,PV-E01,SITE-E-SHO-06,1,0.009,8.12,0.07,26.0,26.91,23.42,95.31,1009.64,5151.0,0.107,0.4,POOR,OK,SHORT_CIRCUIT,v1.15,SHORT_CIRCUIT,0.9681,0.0001,0.0317,0.0,0.0,0.9681,ISOLATED,CRITICAL,4.28,15,1.0,v1.15,True,SUCCESS,LORA,FAIR,12.66
REC-05582,2026-09-14T01:36:05Z,SITE-E,ESP32-E01,PV-E01,SITE-E-SHO-06,2,0.013,7.98,0.1,25.97,26.79,23.42,95.02,1009.68,5018.0,0.114,0.5,POOR,OK,SHORT_CIRCUIT,v1.15,SHORT_CIRCUIT,0.9681,0.0001,0.0317,0.0,0.0,0.9681,ISOLATED,CRITICAL,3.23,15,1.0,v1.15,True,SUCCESS,LORA,FAIR,12.66
REC-05583,2026-09-14T01:36:10Z,SITE-E,ESP32-E01,PV-E01,SITE-E-SHO-06,3,0.004,8.07,0.03,25.72,26.76,23.42,95.76,1009.62,5144.0,0.122,0.2,POOR,OK,SHORT_CIRCUIT,v1.15,SHORT_CIRCUIT,0.9701,0.0001,0.0297,0.0,0.0,0.9701,ISOLATED,CRITICAL,3.19,15,1.0,v1.15,True,SUCCESS,LORA,FAIR,12.66
REC-05584,2026-09-14T01:36:15Z,SITE-E,ESP32-E01,PV-E01,SITE-E-SHO-06,4,0.004,8.37,0.04,25.89,26.82,23.4,95.17,1009.63,4809.0,0.117,0.2,POOR,OK,SHORT_CIRCUIT,v1.15,SHORT_CIRCUIT,0.9695,0.0001,0.0304,0.0,0.0,0.9695,ISOLATED,CRITICAL,4.62,15,1.0,v1.15,True,SUCCESS,LORA,FAIR,12.66
REC-05585,2026-09-14T01:36:20Z,SITE-E,ESP32-E01,PV-E01,SITE-E-SHO-06,5,0.004,8.04,0.03,25.98,26.91,23.4,95.37,1009.64,5126.0,0.105,0.2,POOR,OK,SHORT_CIRCUIT,v1.15,SHORT_CIRCUIT,0.9682,0.0001,0.0316,0.0,0.0,0.9682,ISOLATED,CRITICAL,3.82,15,1.0,v1.15,True,SUCCESS,LORA,FAIR,12.66
REC-05586,2026-09-14T01:36:25Z,SITE-E,ESP32-E01,PV-E01,SITE-E-SHO-06,6,0.0,8.28,0.0,25.82,26.68,23.42,95.51,1009.64,4962.0,0.107,0.0,POOR,OK,SHORT_CIRCUIT,v1.15,SHORT_CIRCUIT,0.9696,0.0001,0.0302,0.0,0.0,0.9696,ISOLATED,CRITICAL,2.3,15,1.0,v1.15,True,SUCCESS,LORA,FAIR,12.66
REC-05587,2026-09-14T01:36:30Z,SITE-E,ESP32-E01,PV-E01,SITE-E-SHO-06,7,0.001,7.68,0.01,26.04,26.69,23.41,95.18,1009.68,5054.0,0.099,0.0,POOR,OK,SHORT_CIRCUIT,v1.15,SHORT_CIRCUIT,0.9675,0.0001,0.0323,0.0,0.0,0.9675,ISOLATED,CRITICAL,3.54,15,1.0,v1.15,True,SUCCESS,LORA,FAIR,12.66
REC-05588,2026-09-14T01:36:35Z,SITE-E,ESP32-E01,PV-E01,SITE-E-SHO-06,8,0.008,8.18,0.06,25.93,26.91,23.42,95.04,1009.64,4678.0,0.127,0.3,POOR,OK,SHORT_CIRCUIT,v1.15,SHORT_CIRCUIT,0.9694,0.0001,0.0304,0.0,0.0,0.9694,ISOLATED,CRITICAL,3.64,15,1.0,v1.15,True,SUCCESS,LORA,FAIR,12.66
REC-05589,2026-09-14T01:36:40Z,SITE-E,ESP32-E01,PV-E01,SITE-E-SHO-06,9,0.005,7.57,0.04,25.97,26.76,23.41,95.46,1009.71,5227.0,0.112,0.2,POOR,OK,SHORT_CIRCUIT,v1.15,SHORT_CIRCUIT,0.968,0.0001,0.0319,0.0,0.0,0.968,ISOLATED,CRITICAL,2.36,15,1.0,v1.15,True,SUCCESS,LORA,FAIR,12.66
REC-05590,2026-09-14T01:36:45Z,SITE-E,ESP32-E01,PV-E01,SITE-E-SHO-06,10,0.012,8.42,0.1,25.98,26.92,23.42,94.82,1009.63,5059.0,0.095,0.5,POOR,OK,SHORT_CIRCUIT,v1.15,SHORT_CIRCUIT,0.9678,0.0001,0.0321,0.0,0.0,0.9678,ISOLATED,CRITICAL,3.28,15,1.0,v1.15,True,SUCCESS,LORA,FAIR,12.66
REC-05591,2026-09-14T01:36:50Z,SITE-E,ESP32-E01,PV-E01,SITE-E-SHO-06,11,0.008,8.0,0.06,25.79,26.76,23.43,95.8,1009.67,5254.0,0.101,0.3,POOR,OK,SHORT_CIRCUIT,v1.15,SHORT_CIRCUIT,0.9686,0.0001,0.0312,0.0,0.0,0.9686,ISOLATED,CRITICAL,4.15,15,1.0,v1.15,True,SUCCESS,LORA,FAIR,12.66
REC-05592,2026-09-14T01:36:55Z,SITE-E,ESP32-E01,PV-E01,SITE-E-SHO-06,12,0.002,7.65,0.01,25.97,26.77,23.42,95.36,1009.66,5150.0,0.107,0.1,POOR,OK,SHORT_CIRCUIT,v1.15,SHORT_CIRCUIT,0.9681,0.0001,0.0317,0.0,0.0,0.9681,ISOLATED,CRITICAL,3.06,15,1.0,v1.15,True,SUCCESS,LORA,FAIR,12.66
REC-05593,2026-09-14T01:37:00Z,SITE-E,ESP32-E01,PV-E01,SITE-E-SHO-06,13,0.007,8.01,0.06,25.93,26.89,23.42,94.96,1009.66,4692.0,0.122,0.3,POOR,OK,SHORT_CIRCUIT,v1.15,SHORT_CIRCUIT,0.969,0.0001,0.0308,0.0,0.0,0.969,ISOLATED,CRITICAL,3.44,15,1.0,v1.15,True,SUCCESS,LORA,FAIR,12.66
REC-05594,2026-09-14T01:37:05Z,SITE-E,ESP32-E01,PV-E01,SITE-E-SHO-06,14,0.003,8.25,0.02,25.84,26.85,23.43,95.32,1009.59,5234.0,0.107,0.1,POOR,OK,SHORT_CIRCUIT,v1.15,SHORT_CIRCUIT,0.9694,0.0001,0.0304,0.0,0.0,0.9694,ISOLATED,CRITICAL,4.42,15,1.0,v1.15,True,SUCCESS,LORA,FAIR,12.66
REC-05595,2026-09-14T01:37:10Z,SITE-E,ESP32-E01,PV-E01,SITE-E-SHO-06,15,0.0,7.76,0.0,26.02,26.71,23.43,95.57,1009.63,5053.0,0.115,0.0,POOR,SPIKE_CURRENT,SHORT_CIRCUIT,v1.15,SHORT_CIRCUIT,0.9687,0.0001,0.0311,0.0,0.0,0.9687,ISOLATED,CRITICAL,4.13,15,1.0,v1.15,True,SUCCESS,LORA,FAIR,12.66
REC-05596,2026-09-14T01:37:15Z,SITE-E,ESP32-E01,PV-E01,SITE-E-SHO-06,16,0.009,7.88,0.07,25.73,26.85,23.42,95.15,1009.65,5125.0,0.102,0.4,POOR,OK,SHORT_CIRCUIT,v1.15,SHORT_CIRCUIT,0.9685,0.0001,0.0313,0.0,0.0,0.9685,ISOLATED,CRITICAL,2.3,15,1.0,v1.15,True,SUCCESS,LORA,FAIR,12.66
REC-05597,2026-09-14T01:37:20Z,SITE-E,ESP32-E01,PV-E01,SITE-E-SHO-06,17,0.006,8.02,0.05,25.83,26.74,23.4,94.82,1009.6,5108.0,0.115,0.3,POOR,OK,SHORT_CIRCUIT,v1.15,SHORT_CIRCUIT,0.969,0.0001,0.0308,0.0,0.0,0.969,ISOLATED,CRITICAL,4.63,15,1.0,v1.15,True,SUCCESS,LORA,FAIR,12.66
REC-05598,2026-09-14T01:37:25Z,SITE-E,ESP32-E01,PV-E01,SITE-E-SHO-06,18,0.019,8.37,0.16,26.01,26.84,23.41,95.36,1009.57,5000.0,0.122,0.8,POOR,OK,SHORT_CIRCUIT,v1.15,SHORT_CIRCUIT,0.9683,0.0001,0.0315,0.0,0.0,0.9683,ISOLATED,CRITICAL,2.19,15,1.0,v1.15,True,SUCCESS,LORA,FAIR,12.66
REC-05599,2026-09-14T01:37:30Z,SITE-E,ESP32-E01,PV-E01,SITE-E-SHO-06,19,0.001,7.56,0.01,25.98,26.81,23.4,95.63,1009.62,4984.0,0.117,0.0,POOR,OK,SHORT_CIRCUIT,v1.15,SHORT_CIRCUIT,0.9683,0.0001,0.0315,0.0,0.0,0.9683,ISOLATED,CRITICAL,4.02,15,1.0,v1.15,True,SUCCESS,LORA,FAIR,12.66
REC-05600,2026-09-14T01:37:35Z,SITE-E,ESP32-E01,PV-E01,SITE-E-SHO-06,20,0.008,8.28,0.06,25.86,26.81,23.4,95.47,1009.67,5135.0,0.084,0.3,POOR,OK,SHORT_CIRCUIT,v1.15,SHORT_CIRCUIT,0.9676,0.0001,0.0322,0.0,0.0,0.9676,ISOLATED,CRITICAL,3.85,15,1.0,v1.15,True,SUCCESS,LORA,FAIR,12.66
REC-05601,2026-09-14T01:37:40Z,SITE-E,ESP32-E01,PV-E01,SITE-E-SHO-06,21,0.0,8.06,0.0,25.83,26.75,23.4,95.52,1009.67,4904.0,0.107,0.0,POOR,DUPLICATE_RECEIVED,SHORT_CIRCUIT,v1.15,SHORT_CIRCUIT,0.9691,0.0001,0.0307,0.0,0.0,0.9691,ISOLATED,CRITICAL,2.97,15,1.0,v1.15,True,SUCCESS,LORA,FAIR,12.66
REC-05602,2026-09-14T01:37:45Z,SITE-E,ESP32-E01,PV-E01,SITE-E-SHO-06,22,0.0,8.45,0.0,25.88,26.67,23.39,95.69,1009.62,5028.0,0.098,0.0,POOR,OK,SHORT_CIRCUIT,v1.15,SHORT_CIRCUIT,0.969,0.0001,0.0309,0.0,0.0,0.969,ISOLATED,CRITICAL,3.08,15,1.0,v1.15,True,SUCCESS,LORA,FAIR,12.66
REC-05603,2026-09-14T01:37:50Z,SITE-E,ESP32-E01,PV-E01,SITE-E-SHO-06,23,0.016,8.22,0.13,25.92,26.75,23.38,95.87,1009.65,5214.0,0.116,0.7,POOR,OK,SHORT_CIRCUIT,v1.15,SHORT_CIRCUIT,0.9682,0.0001,0.0317,0.0,0.0,0.9682,ISOLATED,CRITICAL,2.53,15,1.0,v1.15,True,SUCCESS,LORA,FAIR,12.66
REC-05604,2026-09-14T01:37:55Z,SITE-E,ESP32-E01,PV-E01,SITE-E-SHO-06,24,0.0,8.53,0.0,25.84,26.84,23.4,94.59,1009.67,4834.0,0.11,0.0,POOR,OK,SHORT_CIRCUIT,v1.15,SHORT_CIRCUIT,0.9698,0.0001,0.03,0.0,0.0,0.9698,ISOLATED,CRITICAL,4.62,15,1.0,v1.15,True,SUCCESS,LORA,FAIR,12.66
REC-05605,2026-09-14T01:38:00Z,SITE-E,ESP32-E01,PV-E01,SITE-E-SHO-06,25,0.004,8.26,0.03,25.86,26.81,23.39,95.0,1009.7,4995.0,0.126,0.2,POOR,OK,SHORT_CIRCUIT,v1.15,SHORT_CIRCUIT,0.9698,0.0001,0.03,0.0,0.0,0.9698,ISOLATED,CRITICAL,2.32,15,1.0,v1.15,True,SUCCESS,LORA,FAIR,12.66
REC-05606,2026-09-14T01:38:05Z,SITE-E,ESP32-E01,PV-E01,SITE-E-SHO-06,26,0.013,7.78,0.1,25.88,26.71,23.4,95.45,1009.7,5203.0,0.106,0.5,POOR,OK,SHORT_CIRCUIT,v1.15,SHORT_CIRCUIT,0.9676,0.0001,0.0322,0.0,0.0,0.9676,ISOLATED,CRITICAL,2.18,15,1.0,v1.15,True,SUCCESS,LORA,FAIR,12.66
REC-05607,2026-09-14T01:38:10Z,SITE-E,ESP32-E01,PV-E01,SITE-E-SHO-06,27,0.0,8.25,0.0,25.83,26.85,23.43,95.48,1009.69,4896.0,0.11,0.0,POOR,OK,SHORT_CIRCUIT,v1.15,SHORT_CIRCUIT,0.9697,0.0001,0.0301,0.0,0.0,0.9697,ISOLATED,CRITICAL,3.03,15,1.0,v1.15,True,SUCCESS,LORA,FAIR,12.66
REC-05608,2026-09-14T01:38:15Z,SITE-E,ESP32-E01,PV-E01,SITE-E-SHO-06,28,0.001,8.28,0.01,25.83,26.8,23.43,94.94,1009.64,4741.0,0.108,0.1,POOR,OK,SHORT_CIRCUIT,v1.15,SHORT_CIRCUIT,0.9696,0.0001,0.0302,0.0,0.0,0.9696,ISOLATED,CRITICAL,2.84,15,1.0,v1.15,True,SUCCESS,LORA,FAIR,12.66
REC-05609,2026-09-14T01:38:20Z,SITE-E,ESP32-E01,PV-E01,SITE-E-SHO-06,29,0.008,7.92,0.07,25.76,26.81,23.42,95.17,1009.66,4726.0,0.116,0.3,POOR,OK,SHORT_CIRCUIT,v1.15,SHORT_CIRCUIT,0.9692,0.0001,0.0307,0.0,0.0,0.9692,ISOLATED,CRITICAL,3.34,15,1.0,v1.15,True,SUCCESS,LORA,FAIR,12.66
REC-05610,2026-09-14T01:38:25Z,SITE-E,ESP32-E01,PV-E01,SITE-E-SHO-06,30,0.0,7.98,0.0,25.84,26.67,23.43,95.92,1009.66,4960.0,0.099,0.0,POOR,OK,SHORT_CIRCUIT,v1.15,SHORT_CIRCUIT,0.9689,0.0001,0.031,0.0,0.0,0.9689,ISOLATED,CRITICAL,4.38,15,1.0,v1.15,True,SUCCESS,LORA,FAIR,12.66
REC-05611,2026-09-14T01:38:30Z,SITE-E,ESP32-E01,PV-E01,SITE-E-SHO-06,31,0.006,7.45,0.04,25.85,26.91,23.42,95.29,1009.65,5305.0,0.099,0.2,POOR,OK,SHORT_CIRCUIT,v1.15,SHORT_CIRCUIT,0.9676,0.0001,0.0322,0.0,0.0,0.9676,ISOLATED,CRITICAL,3.13,15,1.0,v1.15,True,SUCCESS,LORA,FAIR,12.66
REC-05612,2026-09-14T01:38:35Z,SITE-E,ESP32-E01,PV-E01,SITE-E-SHO-06,32,0.0,8.34,0.0,25.78,26.8,23.42,95.46,1009.62,4901.0,0.103,0.0,POOR,OK,SHORT_CIRCUIT,v1.15,SHORT_CIRCUIT,0.9696,0.0001,0.0302,0.0,0.0,0.9696,ISOLATED,CRITICAL,4.43,15,1.0,v1.15,True,SUCCESS,LORA,FAIR,12.66
REC-05613,2026-09-14T01:38:40Z,SITE-E,ESP32-E01,PV-E01,SITE-E-SHO-06,33,0.011,8.1,0.09,25.86,26.87,23.43,95.94,1009.7,4987.0,0.115,0.4,POOR,OK,SHORT_CIRCUIT,v1.15,SHORT_CIRCUIT,0.9689,0.0001,0.0309,0.0,0.0,0.9689,ISOLATED,CRITICAL,2.42,15,1.0,v1.15,True,SUCCESS,LORA,FAIR,12.66
REC-05614,2026-09-14T01:38:45Z,SITE-E,ESP32-E01,PV-E01,SITE-E-SHO-06,34,0.01,8.02,0.08,25.95,26.71,23.44,95.43,1009.67,5074.0,0.119,0.4,POOR,OK,SHORT_CIRCUIT,v1.15,SHORT_CIRCUIT,0.9688,0.0001,0.031,0.0,0.0,0.9688,ISOLATED,CRITICAL,3.75,15,1.0,v1.15,True,SUCCESS,LORA,FAIR,12.66
REC-05615,2026-09-14T01:38:50Z,SITE-E,ESP32-E01,PV-E01,SITE-E-SHO-06,35,0.002,7.93,0.01,25.86,26.62,23.42,95.64,1009.69,5258.0,0.108,0.1,POOR,OK,SHORT_CIRCUIT,v1.15,SHORT_CIRCUIT,0.969,0.0001,0.0309,0.0,0.0,0.969,ISOLATED,CRITICAL,2.11,15,1.0,v1.15,True,SUCCESS,LORA,FAIR,12.66
REC-05616,2026-09-14T01:38:55Z,SITE-E,ESP32-E01,PV-E01,SITE-E-SHO-06,36,0.0,8.1,0.0,25.89,26.69,23.43,95.57,1009.68,5232.0,0.115,0.0,POOR,OK,SHORT_CIRCUIT,v1.15,SHORT_CIRCUIT,0.9696,0.0001,0.0302,0.0,0.0,0.9696,ISOLATED,CRITICAL,4.39,15,1.0,v1.15,True,SUCCESS,LORA,FAIR,12.66
REC-05617,2026-09-14T01:39:00Z,SITE-E,ESP32-E01,PV-E01,SITE-E-SHO-06,37,0.007,8.41,0.05,25.93,26.85,23.44,95.3,1009.65,5099.0,0.114,0.3,POOR,OK,SHORT_CIRCUIT,v1.15,SHORT_CIRCUIT,0.9694,0.0001,0.0304,0.0,0.0,0.9694,ISOLATED,CRITICAL,4.21,15,1.0,v1.15,True,SUCCESS,LORA,FAIR,12.66
REC-05618,2026-09-14T01:39:05Z,SITE-E,ESP32-E01,PV-E01,SITE-E-SHO-06,38,0.009,8.32,0.08,25.86,26.68,23.43,95.28,1009.62,5199.0,0.108,0.4,POOR,OK,SHORT_CIRCUIT,v1.15,SHORT_CIRCUIT,0.969,0.0001,0.0308,0.0,0.0,0.969,ISOLATED,CRITICAL,3.05,15,1.0,v1.15,True,SUCCESS,LORA,FAIR,12.66
REC-05619,2026-09-14T01:39:10Z,SITE-E,ESP32-E01,PV-E01,SITE-E-SHO-06,39,0.007,8.17,0.05,25.94,26.9,23.44,95.75,1009.68,5272.0,0.108,0.3,POOR,OK,SHORT_CIRCUIT,v1.15,SHORT_CIRCUIT,0.9688,0.0001,0.0311,0.0,0.0,0.9688,ISOLATED,CRITICAL,3.1,15,1.0,v1.15,True,SUCCESS,LORA,FAIR,12.66
REC-05620,2026-09-14T01:39:15Z,SITE-E,ESP32-E01,PV-E01,SITE-E-SHO-06,40,0.006,7.9,0.05,25.7,26.73,23.43,95.4,1009.68,4863.0,0.117,0.2,POOR,OK,SHORT_CIRCUIT,v1.15,SHORT_CIRCUIT,0.9696,0.0001,0.0302,0.0,0.0,0.9696,ISOLATED,CRITICAL,3.79,15,1.0,v1.15,True,SUCCESS,LORA,FAIR,12.66
REC-05621,2026-09-14T01:39:20Z,SITE-E,ESP32-E01,PV-E01,SITE-E-SHO-06,41,0.005,8.15,0.04,25.83,26.82,23.42,95.1,1009.67,5047.0,0.128,0.2,POOR,OK,SHORT_CIRCUIT,v1.15,SHORT_CIRCUIT,0.97,0.0001,0.0298,0.0,0.0,0.97,ISOLATED,CRITICAL,2.94,15,1.0,v1.15,True,SUCCESS,LORA,FAIR,12.66
REC-05622,2026-09-14T01:39:25Z,SITE-E,ESP32-E01,PV-E01,SITE-E-SHO-06,42,0.002,8.02,0.02,25.8,26.82,23.43,95.72,1009.72,4938.0,0.119,0.1,POOR,OK,SHORT_CIRCUIT,v1.15,SHORT_CIRCUIT,0.9698,0.0001,0.03,0.0,0.0,0.9698,ISOLATED,CRITICAL,3.79,15,1.0,v1.15,True,SUCCESS,LORA,FAIR,12.66
REC-05623,2026-09-14T01:39:30Z,SITE-E,ESP32-E01,PV-E01,SITE-E-SHO-06,43,0.0,8.2,0.0,26.0,26.77,23.43,94.54,1009.64,5006.0,0.121,0.0,POOR,OK,SHORT_CIRCUIT,v1.15,SHORT_CIRCUIT,0.9696,0.0001,0.0302,0.0,0.0,0.9696,ISOLATED,CRITICAL,2.46,15,1.0,v1.15,True,SUCCESS,LORA,FAIR,12.66
REC-05624,2026-09-14T01:39:35Z,SITE-E,ESP32-E01,PV-E01,SITE-E-SHO-06,44,0.004,8.41,0.03,25.93,26.76,23.44,95.87,1009.65,5185.0,0.129,0.2,POOR,OK,SHORT_CIRCUIT,v1.15,SHORT_CIRCUIT,0.9703,0.0001,0.0295,0.0001,0.0,0.9703,ISOLATED,CRITICAL,4.3,15,1.0,v1.15,True,SUCCESS,LORA,FAIR,12.66
REC-05625,2026-09-14T01:39:40Z,SITE-E,ESP32-E01,PV-E01,SITE-E-SHO-06,45,0.003,8.07,0.02,25.8,26.72,23.44,95.34,1009.67,4914.0,0.102,0.1,POOR,OK,SHORT_CIRCUIT,v1.15,SHORT_CIRCUIT,0.9691,0.0001,0.0307,0.0,0.0,0.9691,ISOLATED,CRITICAL,3.78,15,1.0,v1.15,True,SUCCESS,LORA,FAIR,12.66
REC-05626,2026-09-14T01:39:45Z,SITE-E,ESP32-E01,PV-E01,SITE-E-SHO-06,46,0.007,8.73,0.06,25.81,26.96,23.44,95.4,1009.65,5440.0,0.116,0.3,POOR,OK,SHORT_CIRCUIT,v1.15,SHORT_CIRCUIT,0.9703,0.0001,0.0295,0.0,0.0,0.9703,ISOLATED,CRITICAL,3.03,15,1.0,v1.15,True,SUCCESS,LORA,FAIR,12.66
REC-05627,2026-09-14T01:39:50Z,SITE-E,ESP32-E01,PV-E01,SITE-E-SHO-06,47,0.0,8.08,0.0,25.8,26.86,23.44,95.42,1009.65,5203.0,0.124,0.0,POOR,OK,SHORT_CIRCUIT,v1.15,SHORT_CIRCUIT,0.9704,0.0001,0.0294,0.0,0.0,0.9704,ISOLATED,CRITICAL,2.53,15,1.0,v1.15,True,SUCCESS,LORA,FAIR,12.66
REC-05628,2026-09-14T01:39:55Z,SITE-E,ESP32-E01,PV-E01,SITE-E-SHO-06,48,0.002,7.72,0.01,25.95,26.7,23.45,95.8,1009.69,5010.0,0.118,0.1,POOR,OK,SHORT_CIRCUIT,v1.15,SHORT_CIRCUIT,0.9691,0.0001,0.0308,0.0,0.0,0.9691,ISOLATED,CRITICAL,2.83,15,1.0,v1.15,True,SUCCESS,LORA,FAIR,12.66
REC-05629,2026-09-14T01:40:00Z,SITE-E,ESP32-E01,PV-E01,SITE-E-SHO-06,49,0.004,8.13,0.03,25.92,26.7,23.45,95.45,1009.64,5052.0,0.103,0.2,POOR,OK,SHORT_CIRCUIT,v1.15,SHORT_CIRCUIT,0.9688,0.0001,0.031,0.0,0.0,0.9688,ISOLATED,CRITICAL,2.66,15,1.0,v1.15,True,SUCCESS,LORA,POOR,18.68
REC-05630,2026-09-14T01:40:05Z,SITE-E,ESP32-E01,PV-E01,SITE-E-SHO-06,50,0.0,7.99,0.0,25.86,26.85,23.46,95.39,1009.64,4864.0,0.101,0.0,POOR,OK,SHORT_CIRCUIT,v1.15,SHORT_CIRCUIT,0.9691,0.0001,0.0307,0.0,0.0,0.9691,ISOLATED,CRITICAL,4.47,15,1.0,v1.15,True,SUCCESS,LORA,POOR,18.68
REC-05631,2026-09-14T01:40:10Z,SITE-E,ESP32-E01,PV-E01,SITE-E-SHO-06,51,0.0,9.17,0.0,25.83,26.81,23.46,95.11,1009.68,4822.0,0.125,0.0,POOR,TEMP1_SENTINEL_-127,SHORT_CIRCUIT,v1.15,SHORT_CIRCUIT,0.9718,0.0001,0.0281,0.0,0.0,0.9718,ISOLATED,CRITICAL,2.42,15,1.0,v1.15,True,SUCCESS,LORA,POOR,18.68
REC-05632,2026-09-14T01:40:15Z,SITE-E,ESP32-E01,PV-E01,SITE-E-SHO-06,52,0.007,7.99,0.06,25.88,26.65,23.44,95.19,1009.62,4970.0,0.113,0.3,POOR,TEMP1_SENTINEL_-127,SHORT_CIRCUIT,v1.15,SHORT_CIRCUIT,0.969,0.0001,0.0308,0.0,0.0,0.969,ISOLATED,CRITICAL,2.5,15,1.0,v1.15,True,SUCCESS,LORA,POOR,18.68
REC-05633,2026-09-14T01:40:20Z,SITE-E,ESP32-E01,PV-E01,SITE-E-SHO-06,53,0.0,7.65,0.0,26.09,26.99,23.45,95.59,1009.66,5216.0,0.112,0.0,POOR,TEMP1_SENTINEL_-127,SHORT_CIRCUIT,v1.15,SHORT_CIRCUIT,0.9683,0.0001,0.0315,0.0,0.0,0.9683,ISOLATED,CRITICAL,3.59,15,1.0,v1.15,True,SUCCESS,LORA,POOR,18.68
REC-05634,2026-09-14T01:40:25Z,SITE-E,ESP32-E01,PV-E01,SITE-E-SHO-06,54,0.005,8.13,0.04,25.84,26.56,23.42,95.47,1009.66,4820.0,0.109,0.2,POOR,TEMP1_SENTINEL_-127,SHORT_CIRCUIT,v1.15,SHORT_CIRCUIT,0.9691,0.0001,0.0307,0.0,0.0,0.9691,ISOLATED,CRITICAL,4.06,15,1.0,v1.15,True,SUCCESS,LORA,POOR,18.68
REC-05635,2026-09-14T01:40:30Z,SITE-E,ESP32-E01,PV-E01,SITE-E-SHO-06,55,0.006,8.03,0.05,25.96,26.74,23.41,95.91,1009.68,5195.0,0.124,0.3,POOR,TEMP1_SENTINEL_-127,SHORT_CIRCUIT,v1.15,SHORT_CIRCUIT,0.9691,0.0001,0.0307,0.0,0.0,0.9691,ISOLATED,CRITICAL,4.22,15,1.0,v1.15,True,SUCCESS,LORA,POOR,18.68
REC-05636,2026-09-14T01:40:35Z,SITE-E,ESP32-E01,PV-E01,SITE-E-SHO-06,56,0.011,7.75,0.08,25.84,26.77,23.4,95.16,1009.68,4995.0,0.119,0.4,POOR,TEMP1_SENTINEL_-127,SHORT_CIRCUIT,v1.15,SHORT_CIRCUIT,0.9685,0.0001,0.0314,0.0,0.0,0.9685,ISOLATED,CRITICAL,4.54,15,1.0,v1.15,True,SUCCESS,LORA,POOR,18.68
REC-05637,2026-09-14T01:40:40Z,SITE-E,ESP32-E01,PV-E01,SITE-E-SHO-06,57,0.015,8.18,0.12,25.95,26.72,23.41,95.05,1009.66,5040.0,0.107,0.6,POOR,TEMP1_SENTINEL_-127,SHORT_CIRCUIT,v1.15,SHORT_CIRCUIT,0.9679,0.0001,0.032,0.0,0.0,0.9679,ISOLATED,CRITICAL,3.66,15,1.0,v1.15,True,SUCCESS,LORA,POOR,18.68
REC-05638,2026-09-14T01:40:45Z,SITE-E,ESP32-E01,PV-E01,SITE-E-SHO-06,58,0.01,8.23,0.08,25.91,26.84,23.41,95.49,1009.66,5010.0,0.118,0.4,POOR,TEMP1_SENTINEL_-127|LOST_IN_TRANSIT,SHORT_CIRCUIT,v1.15,SHORT_CIRCUIT,0.9689,0.0001,0.0309,0.0,0.0,0.9689,ISOLATED,CRITICAL,2.33,15,1.0,v1.15,True,SUCCESS,LORA,POOR,18.68
REC-05639,2026-09-14T01:40:50Z,SITE-E,ESP32-E01,PV-E01,SITE-E-SHO-06,59,0.0,8.09,0.0,25.87,26.82,23.43,95.37,1009.66,5114.0,0.111,0.0,POOR,TEMP1_SENTINEL_-127,SHORT_CIRCUIT,v1.15,SHORT_CIRCUIT,0.9695,0.0001,0.0304,0.0,0.0,0.9695,ISOLATED,CRITICAL,2.67,15,1.0,v1.15,True,SUCCESS,LORA,POOR,18.68
REC-05640,2026-09-14T01:40:55Z,SITE-E,ESP32-E01,PV-E01,SITE-E-SHO-06,60,0.002,7.98,0.02,25.91,26.77,23.41,95.04,1009.65,5158.0,0.118,0.1,POOR,TEMP1_SENTINEL_-127,SHORT_CIRCUIT,v1.15,SHORT_CIRCUIT,0.9692,0.0001,0.0306,0.0,0.0,0.9692,ISOLATED,CRITICAL,2.45,15,1.0,v1.15,True,SUCCESS,LORA,POOR,18.68
REC-05641,2026-09-14T03:15:00Z,SITE-E,ESP32-E01,PV-E01,SITE-E-OPE-14,1,3.245,0.0,0.0,31.56,31.09,25.59,88.9,1010.36,21212.0,0.1,0.0,POOR,OK,OPEN_CIRCUIT,v1.15,OPEN_CIRCUIT,0.7085,0.0217,0.2582,0.0081,0.7085,0.0034,CONNECTED,WARNING,4.39,15,1.0,v1.15,True,SUCCESS,LORA,FAIR,9.12
REC-05642,2026-09-14T03:15:05Z,SITE-E,ESP32-E01,PV-E01,SITE-E-OPE-14,2,3.243,0.0,0.0,31.4,31.27,25.58,89.34,1010.36,21249.0,0.105,0.0,POOR,OK,OPEN_CIRCUIT,v1.15,OPEN_CIRCUIT,0.7105,0.0211,0.256,0.0089,0.7105,0.0035,CONNECTED,WARNING,2.6,15,1.0,v1.15,True,SUCCESS,LORA,FAIR,9.12
REC-05643,2026-09-14T03:15:10Z,SITE-E,ESP32-E01,PV-E01,SITE-E-OPE-14,3,3.249,0.0,0.0,31.56,31.29,25.58,89.93,1010.42,21322.0,0.094,0.0,POOR,OK,OPEN_CIRCUIT,v1.15,OPEN_CIRCUIT,0.7006,0.0209,0.2675,0.0077,0.7006,0.0033,CONNECTED,WARNING,3.53,15,1.0,v1.15,True,SUCCESS,LORA,FAIR,9.12
REC-05644,2026-09-14T03:15:15Z,SITE-E,ESP32-E01,PV-E01,SITE-E-OPE-14,4,3.241,0.0,0.0,31.54,31.34,25.58,89.58,1010.33,21615.0,0.103,0.0,POOR,OK,OPEN_CIRCUIT,v1.15,OPEN_CIRCUIT,0.709,0.0196,0.2595,0.0085,0.709,0.0034,CONNECTED,WARNING,3.16,15,1.0,v1.15,True,SUCCESS,LORA,FAIR,9.12
REC-05645,2026-09-14T03:15:20Z,SITE-E,ESP32-E01,PV-E01,SITE-E-OPE-14,5,3.239,0.0,0.0,31.56,31.38,25.59,89.44,1010.36,21376.0,0.103,0.0,POOR,OK,OPEN_CIRCUIT,v1.15,OPEN_CIRCUIT,0.7042,0.02,0.2637,0.0086,0.7042,0.0035,CONNECTED,WARNING,4.02,15,1.0,v1.15,True,SUCCESS,LORA,FAIR,9.12
REC-05646,2026-09-14T03:15:25Z,SITE-E,ESP32-E01,PV-E01,SITE-E-OPE-14,6,3.237,0.0,0.0,31.66,31.47,25.58,90.16,1010.35,21359.0,0.095,0.0,POOR,OK,OPEN_CIRCUIT,v1.15,OPEN_CIRCUIT,0.6886,0.02,0.28,0.0079,0.6886,0.0035,CONNECTED,WARNING,3.79,15,1.0,v1.15,True,SUCCESS,LORA,FAIR,9.12
REC-05647,2026-09-14T03:15:30Z,SITE-E,ESP32-E01,PV-E01,SITE-E-OPE-14,7,3.241,0.0,0.0,31.54,31.33,25.57,90.26,1010.38,21383.0,0.104,0.0,POOR,OK,OPEN_CIRCUIT,v1.15,OPEN_CIRCUIT,0.7041,0.0201,0.2636,0.0088,0.7041,0.0035,CONNECTED,WARNING,3.26,15,1.0,v1.15,True,SUCCESS,LORA,FAIR,9.12
REC-05648,2026-09-14T03:15:35Z,SITE-E,ESP32-E01,PV-E01,SITE-E-OPE-14,8,3.241,0.0,0.0,31.5,31.23,25.58,89.7,1010.36,21175.0,0.062,0.0,POOR,OK,OPEN_CIRCUIT,v1.15,OPEN_CIRCUIT,0.6648,0.0254,0.3011,0.0054,0.6648,0.0034,CONNECTED,WARNING,4.55,15,1.0,v1.15,True,SUCCESS,LORA,FAIR,9.12
REC-05649,2026-09-14T03:15:40Z,SITE-E,ESP32-E01,PV-E01,SITE-E-OPE-14,9,3.241,0.1,0.31,31.37,31.3,25.57,90.08,1010.36,21124.0,0.09,0.4,POOR,OK,OPEN_CIRCUIT,v1.15,OPEN_CIRCUIT,0.6886,0.0235,0.2766,0.0077,0.6886,0.0035,CONNECTED,WARNING,3.05,15,1.0,v1.15,True,SUCCESS,LORA,FAIR,9.12
REC-05650,2026-09-14T03:15:45Z,SITE-E,ESP32-E01,PV-E01,SITE-E-OPE-14,10,3.238,0.13,0.41,31.5,31.35,25.59,90.16,1010.31,21091.0,0.096,0.5,POOR,OK,OPEN_CIRCUIT,v1.15,OPEN_CIRCUIT,0.6907,0.0225,0.275,0.0082,0.6907,0.0036,CONNECTED,WARNING,4.16,15,1.0,v1.15,True,SUCCESS,LORA,FAIR,9.12
REC-05651,2026-09-14T03:15:50Z,SITE-E,ESP32-E01,PV-E01,SITE-E-OPE-14,11,3.246,0.0,0.0,31.43,31.29,25.58,89.7,1010.34,21214.0,0.101,0.0,POOR,OK,OPEN_CIRCUIT,v1.15,OPEN_CIRCUIT,0.7067,0.0213,0.2601,0.0085,0.7067,0.0035,CONNECTED,WARNING,3.69,15,1.0,v1.15,True,SUCCESS,LORA,FAIR,9.12
REC-05652,2026-09-14T03:15:55Z,SITE-E,ESP32-E01,PV-E01,SITE-E-OPE-14,12,3.24,0.1,0.32,31.46,31.22,25.57,89.55,1010.32,21494.0,0.106,0.4,POOR,OK,OPEN_CIRCUIT,v1.15,OPEN_CIRCUIT,0.7092,0.021,0.2573,0.009,0.7092,0.0035,CONNECTED,WARNING,4.72,15,1.0,v1.15,True,SUCCESS,LORA,FAIR,9.12
REC-05653,2026-09-14T03:16:00Z,SITE-E,ESP32-E01,PV-E01,SITE-E-OPE-14,13,3.247,0.31,1.01,31.45,31.35,25.57,89.73,1010.34,21587.0,0.093,1.2,POOR,OK,OPEN_CIRCUIT,v1.15,OPEN_CIRCUIT,0.6942,0.0224,0.2721,0.0078,0.6942,0.0034,CONNECTED,WARNING,4.55,15,1.0,v1.15,True,SUCCESS,LORA,FAIR,9.12
REC-05654,2026-09-14T03:16:05Z,SITE-E,ESP32-E01,PV-E01,SITE-E-OPE-14,14,3.248,0.02,0.07,31.54,31.24,25.58,89.26,1010.33,21308.0,0.092,0.1,POOR,OK,OPEN_CIRCUIT,v1.15,OPEN_CIRCUIT,0.699,0.0216,0.2685,0.0075,0.699,0.0033,CONNECTED,WARNING,3.92,15,1.0,v1.15,True,SUCCESS,LORA,FAIR,9.12
REC-05655,2026-09-14T03:16:10Z,SITE-E,ESP32-E01,PV-E01,SITE-E-OPE-14,15,3.258,0.0,0.0,31.4,31.24,25.57,89.87,1010.33,21429.0,0.105,0.0,POOR,OK,OPEN_CIRCUIT,v1.15,OPEN_CIRCUIT,0.7205,0.0203,0.2473,0.0087,0.7205,0.0033,CONNECTED,WARNING,4.76,15,1.0,v1.15,True,SUCCESS,LORA,FAIR,9.12
REC-05656,2026-09-14T03:16:15Z,SITE-E,ESP32-E01,PV-E01,SITE-E-OPE-14,16,3.243,0.0,0.0,31.51,31.34,25.59,89.6,1010.34,21502.0,0.108,0.0,POOR,OK,OPEN_CIRCUIT,v1.15,OPEN_CIRCUIT,0.7152,0.0195,0.2528,0.009,0.7152,0.0034,CONNECTED,WARNING,2.9,15,1.0,v1.15,True,SUCCESS,LORA,FAIR,9.12
REC-05657,2026-09-14T03:16:20Z,SITE-E,ESP32-E01,PV-E01,SITE-E-OPE-14,17,3.245,0.0,0.0,31.41,31.26,25.59,89.72,1010.34,21452.0,0.103,0.0,POOR,OK,OPEN_CIRCUIT,v1.15,OPEN_CIRCUIT,0.7152,0.0208,0.2521,0.0085,0.7152,0.0034,CONNECTED,WARNING,2.41,15,1.0,v1.15,True,SUCCESS,LORA,FAIR,9.12
REC-05658,2026-09-14T03:16:25Z,SITE-E,ESP32-E01,PV-E01,SITE-E-OPE-14,18,3.242,0.0,0.0,31.36,31.3,25.59,89.71,1010.34,21779.0,0.094,0.0,POOR,OK,OPEN_CIRCUIT,v1.15,OPEN_CIRCUIT,0.7114,0.021,0.2566,0.0076,0.7114,0.0034,CONNECTED,WARNING,4.13,15,1.0,v1.15,True,SUCCESS,LORA,FAIR,9.12
REC-05659,2026-09-14T03:16:30Z,SITE-E,ESP32-E01,PV-E01,SITE-E-OPE-14,19,3.24,0.0,0.0,31.47,31.32,25.59,89.45,1010.32,21705.0,0.121,0.0,POOR,OK,OPEN_CIRCUIT,v1.15,OPEN_CIRCUIT,0.7297,0.0183,0.2381,0.0104,0.7297,0.0034,CONNECTED,WARNING,3.55,15,1.0,v1.15,True,SUCCESS,LORA,FAIR,9.12
REC-05660,2026-09-14T03:16:35Z,SITE-E,ESP32-E01,PV-E01,SITE-E-OPE-14,20,3.243,0.0,0.0,31.5,31.28,25.6,89.69,1010.35,21511.0,0.097,0.0,POOR,OK,OPEN_CIRCUIT,v1.15,OPEN_CIRCUIT,0.709,0.0208,0.259,0.0078,0.709,0.0034,CONNECTED,WARNING,2.59,15,1.0,v1.15,True,SUCCESS,LORA,FAIR,9.12
REC-05661,2026-09-14T03:16:40Z,SITE-E,ESP32-E01,PV-E01,SITE-E-OPE-14,21,3.242,0.19,0.62,31.42,31.23,25.62,89.29,1010.32,21547.0,0.098,0.7,POOR,OK,OPEN_CIRCUIT,v1.15,OPEN_CIRCUIT,0.7118,0.0223,0.2545,0.008,0.7118,0.0034,CONNECTED,WARNING,3.9,15,1.0,v1.15,True,SUCCESS,LORA,FAIR,9.12
REC-05662,2026-09-14T03:16:45Z,SITE-E,ESP32-E01,PV-E01,SITE-E-OPE-14,22,3.239,0.17,0.56,31.51,31.34,25.62,89.56,1010.33,21237.0,0.112,0.6,POOR,OK,OPEN_CIRCUIT,v1.15,OPEN_CIRCUIT,0.7132,0.0209,0.2528,0.0096,0.7132,0.0036,CONNECTED,WARNING,2.93,15,1.0,v1.15,True,SUCCESS,LORA,FAIR,9.12
REC-05663,2026-09-14T03:16:50Z,SITE-E,ESP32-E01,PV-E01,SITE-E-OPE-14,23,3.246,0.0,0.0,31.44,31.22,25.61,89.37,1010.35,21555.0,0.111,0.0,POOR,OK,OPEN_CIRCUIT,v1.15,OPEN_CIRCUIT,0.7284,0.0198,0.2393,0.0091,0.7284,0.0034,CONNECTED,WARNING,2.86,15,1.0,v1.15,True,SUCCESS,LORA,FAIR,9.12
REC-05664,2026-09-14T03:16:55Z,SITE-E,ESP32-E01,PV-E01,SITE-E-OPE-14,24,3.239,0.29,0.92,31.36,31.4,25.59,89.44,1010.27,21324.0,0.103,1.1,POOR,OK,OPEN_CIRCUIT,v1.15,OPEN_CIRCUIT,0.7,0.0225,0.2648,0.0091,0.7,0.0036,CONNECTED,WARNING,2.27,15,1.0,v1.15,True,SUCCESS,LORA,FAIR,9.12
REC-05665,2026-09-14T03:17:00Z,SITE-E,ESP32-E01,PV-E01,SITE-E-OPE-14,25,3.247,0.13,0.41,31.47,31.21,25.58,89.02,1010.42,21243.0,0.087,0.5,POOR,OK,OPEN_CIRCUIT,v1.15,OPEN_CIRCUIT,0.6921,0.0234,0.2739,0.0072,0.6921,0.0034,CONNECTED,WARNING,2.72,15,1.0,v1.15,True,SUCCESS,LORA,FAIR,9.12
REC-05666,2026-09-14T03:17:05Z,SITE-E,ESP32-E01,PV-E01,SITE-E-OPE-14,26,3.248,0.0,0.0,31.39,31.31,25.57,89.57,1010.37,21102.0,0.097,0.0,POOR,OK,OPEN_CIRCUIT,v1.15,OPEN_CIRCUIT,0.7007,0.0219,0.2657,0.0082,0.7007,0.0035,CONNECTED,WARNING,2.98,15,1.0,v1.15,True,SUCCESS,LORA,FAIR,9.12
REC-05667,2026-09-14T03:17:10Z,SITE-E,ESP32-E01,PV-E01,SITE-E-OPE-14,27,3.24,0.02,0.06,31.47,31.33,25.57,89.85,1010.36,21189.0,0.101,0.1,POOR,OK,OPEN_CIRCUIT,v1.15,OPEN_CIRCUIT,0.6986,0.0213,0.268,0.0087,0.6986,0.0035,CONNECTED,WARNING,2.97,15,1.0,v1.15,True,SUCCESS,LORA,FAIR,9.12
REC-05668,2026-09-14T03:17:15Z,SITE-E,ESP32-E01,PV-E01,SITE-E-OPE-14,28,3.251,0.05,0.17,31.34,31.26,25.58,89.75,1010.33,21383.0,0.116,0.2,POOR,OK,OPEN_CIRCUIT,v1.15,OPEN_CIRCUIT,0.727,0.0201,0.2395,0.01,0.727,0.0034,CONNECTED,WARNING,2.99,15,1.0,v1.15,True,SUCCESS,LORA,FAIR,9.12
REC-05669,2026-09-14T03:17:20Z,SITE-E,ESP32-E01,PV-E01,SITE-E-OPE-14,29,3.247,0.0,0.0,31.48,31.21,25.59,90.03,1010.35,21585.0,0.125,0.0,POOR,OK,OPEN_CIRCUIT,v1.15,OPEN_CIRCUIT,0.7368,0.0184,0.2307,0.0107,0.7368,0.0034,CONNECTED,WARNING,4.27,15,1.0,v1.15,True,SUCCESS,LORA,FAIR,9.12
REC-05670,2026-09-14T03:17:25Z,SITE-E,ESP32-E01,PV-E01,SITE-E-OPE-14,30,3.244,0.0,0.0,31.51,31.34,25.57,89.41,1010.31,21653.0,0.09,0.0,POOR,OK,OPEN_CIRCUIT,v1.15,OPEN_CIRCUIT,0.6981,0.0207,0.2706,0.0073,0.6981,0.0034,CONNECTED,WARNING,2.6,15,1.0,v1.15,True,SUCCESS,LORA,FAIR,9.12
REC-05671,2026-09-14T03:17:30Z,SITE-E,ESP32-E01,PV-E01,SITE-E-OPE-14,31,3.236,0.34,1.11,31.5,31.18,25.57,89.56,1010.36,21269.0,0.105,1.3,POOR,OK,OPEN_CIRCUIT,v1.15,OPEN_CIRCUIT,0.6955,0.0232,0.2685,0.0093,0.6955,0.0036,CONNECTED,WARNING,3.04,15,1.0,v1.15,True,SUCCESS,LORA,FAIR,9.12
REC-05672,2026-09-14T03:17:35Z,SITE-E,ESP32-E01,PV-E01,SITE-E-OPE-14,32,3.236,0.14,0.44,31.52,31.17,25.57,89.98,1010.3,21236.0,0.088,0.5,POOR,OK,OPEN_CIRCUIT,v1.15,OPEN_CIRCUIT,0.6841,0.0237,0.2813,0.0074,0.6841,0.0035,CONNECTED,WARNING,2.85,15,1.0,v1.15,True,SUCCESS,LORA,FAIR,9.12
REC-05673,2026-09-14T03:17:40Z,SITE-E,ESP32-E01,PV-E01,SITE-E-OPE-14,33,3.252,0.0,0.01,31.5,31.32,25.54,89.67,1010.31,20909.0,0.095,0.0,POOR,OK,OPEN_CIRCUIT,v1.15,OPEN_CIRCUIT,0.6886,0.0218,0.2779,0.0082,0.6886,0.0034,CONNECTED,WARNING,4.66,15,1.0,v1.15,True,SUCCESS,LORA,FAIR,9.12
REC-05674,2026-09-14T03:17:45Z,SITE-E,ESP32-E01,PV-E01,SITE-E-OPE-14,34,3.25,0.5,1.62,31.45,31.23,25.54,89.76,1010.33,20724.0,0.087,1.9,POOR,OK,OPEN_CIRCUIT,v1.15,OPEN_CIRCUIT,0.6656,0.0271,0.2959,0.0079,0.6656,0.0036,CONNECTED,WARNING,2.34,15,1.0,v1.15,True,SUCCESS,LORA,FAIR,9.12
REC-05675,2026-09-14T03:17:50Z,SITE-E,ESP32-E01,PV-E01,SITE-E-OPE-14,35,3.251,0.9,2.91,31.49,31.19,25.57,90.33,1010.4,21086.0,0.113,3.4,POOR,OK,OPEN_CIRCUIT,v1.15,OPEN_CIRCUIT,0.6926,0.0258,0.2674,0.0106,0.6926,0.0036,CONNECTED,WARNING,2.64,15,1.0,v1.15,True,SUCCESS,LORA,FAIR,9.12
REC-05676,2026-09-14T03:17:55Z,SITE-E,ESP32-E01,PV-E01,SITE-E-OPE-14,36,3.252,0.0,0.0,31.39,31.2,25.58,89.62,1010.32,20920.0,0.098,0.0,POOR,OK,OPEN_CIRCUIT,v1.15,OPEN_CIRCUIT,0.705,0.0227,0.2606,0.0083,0.705,0.0034,CONNECTED,WARNING,4.42,15,1.0,v1.15,True,SUCCESS,LORA,FAIR,9.12
REC-05677,2026-09-14T03:18:00Z,SITE-E,ESP32-E01,PV-E01,SITE-E-OPE-14,37,3.25,0.02,0.06,31.44,31.15,25.58,89.55,1010.36,20644.0,0.099,0.1,POOR,OK,OPEN_CIRCUIT,v1.15,OPEN_CIRCUIT,0.6993,0.0235,0.2652,0.0085,0.6993,0.0035,CONNECTED,WARNING,2.76,15,1.0,v1.15,True,SUCCESS,LORA,FAIR,9.12
REC-05678,2026-09-14T03:18:05Z,SITE-E,ESP32-E01,PV-E01,SITE-E-OPE-14,38,3.243,0.39,1.28,31.37,31.37,25.58,89.4,1010.29,20664.0,0.096,1.5,POOR,OK,OPEN_CIRCUIT,v1.15,OPEN_CIRCUIT,0.679,0.0257,0.2828,0.0088,0.679,0.0037,CONNECTED,WARNING,3.74,15,1.0,v1.15,True,SUCCESS,LORA,FAIR,9.12
REC-05679,2026-09-14T03:18:10Z,SITE-E,ESP32-E01,PV-E01,SITE-E-OPE-14,39,3.244,0.0,0.0,31.51,31.27,25.58,89.61,1010.35,20778.0,0.1,0.0,POOR,OK,OPEN_CIRCUIT,v1.15,OPEN_CIRCUIT,0.6953,0.0223,0.2703,0.0086,0.6953,0.0035,CONNECTED,WARNING,3.68,15,1.0,v1.15,True,SUCCESS,LORA,FAIR,9.12
REC-05680,2026-09-14T03:18:15Z,SITE-E,ESP32-E01,PV-E01,SITE-E-OPE-14,40,3.238,0.0,0.0,31.4,31.13,25.59,90.01,1010.4,20833.0,0.1,0.0,POOR,OK,OPEN_CIRCUIT,v1.15,OPEN_CIRCUIT,0.7008,0.0236,0.2634,0.0086,0.7008,0.0036,CONNECTED,WARNING,3.34,15,1.0,v1.15,True,SUCCESS,LORA,FAIR,9.12
REC-05681,2026-09-14T03:18:20Z,SITE-E,ESP32-E01,PV-E01,SITE-E-OPE-14,41,3.243,0.31,0.99,31.3,31.2,25.59,89.87,1010.37,20635.0,0.089,1.2,POOR,OK,OPEN_CIRCUIT,v1.15,OPEN_CIRCUIT,0.6819,0.0273,0.2792,0.0079,0.6819,0.0037,CONNECTED,WARNING,2.32,15,1.0,v1.15,True,SUCCESS,LORA,FAIR,9.12
REC-05682,2026-09-14T03:18:25Z,SITE-E,ESP32-E01,PV-E01,SITE-E-OPE-14,42,3.246,0.02,0.05,31.42,31.27,25.6,90.13,1010.29,21061.0,0.079,0.1,POOR,OK,OPEN_CIRCUIT,v1.15,OPEN_CIRCUIT,0.6873,0.0241,0.2786,0.0066,0.6873,0.0034,CONNECTED,WARNING,4.73,15,1.0,v1.15,True,SUCCESS,LORA,FAIR,9.12
REC-05683,2026-09-14T03:18:30Z,SITE-E,ESP32-E01,PV-E01,SITE-E-OPE-14,43,3.246,0.27,0.87,31.35,31.17,25.61,89.81,1010.35,20832.0,0.083,1.0,POOR,OK,OPEN_CIRCUIT,v1.15,OPEN_CIRCUIT,0.6859,0.027,0.2765,0.0071,0.6859,0.0035,CONNECTED,WARNING,2.39,15,1.0,v1.15,True,SUCCESS,LORA,FAIR,9.12
REC-05684,2026-09-14T03:18:35Z,SITE-E,ESP32-E01,PV-E01,SITE-E-OPE-14,44,3.242,0.0,0.0,31.45,31.17,25.62,89.03,1010.34,20903.0,0.08,0.0,POOR,OK,OPEN_CIRCUIT,v1.15,OPEN_CIRCUIT,0.6891,0.0249,0.276,0.0066,0.6891,0.0035,CONNECTED,WARNING,2.93,15,1.0,v1.15,True,SUCCESS,LORA,FAIR,9.12
REC-05685,2026-09-14T03:18:40Z,SITE-E,ESP32-E01,PV-E01,SITE-E-OPE-14,45,3.232,0.19,0.6,31.46,31.2,25.63,89.89,1010.39,20946.0,0.098,0.7,POOR,OK,OPEN_CIRCUIT,v1.15,OPEN_CIRCUIT,0.6973,0.0243,0.2664,0.0083,0.6973,0.0036,CONNECTED,WARNING,3.51,15,1.0,v1.15,True,SUCCESS,LORA,FAIR,9.12
REC-05686,2026-09-14T03:18:45Z,SITE-E,ESP32-E01,PV-E01,SITE-E-OPE-14,46,3.235,0.0,0.0,31.34,31.14,25.64,89.73,1010.35,20893.0,0.088,0.0,POOR,OK,OPEN_CIRCUIT,v1.15,OPEN_CIRCUIT,0.6999,0.0252,0.2641,0.0073,0.6999,0.0036,CONNECTED,WARNING,2.84,15,1.0,v1.15,True,SUCCESS,LORA,FAIR,9.12
REC-05687,2026-09-14T03:18:50Z,SITE-E,ESP32-E01,PV-E01,SITE-E-OPE-14,47,3.245,0.0,0.0,31.31,31.31,25.64,89.7,1010.31,20796.0,0.106,0.0,POOR,OK,OPEN_CIRCUIT,v1.15,OPEN_CIRCUIT,0.717,0.0225,0.2479,0.009,0.717,0.0036,CONNECTED,WARNING,2.64,15,1.0,v1.15,True,SUCCESS,LORA,FAIR,9.12
REC-05688,2026-09-14T03:18:55Z,SITE-E,ESP32-E01,PV-E01,SITE-E-OPE-14,48,3.24,0.0,0.0,31.4,31.16,25.63,90.07,1010.35,20932.0,0.098,0.0,POOR,OK,OPEN_CIRCUIT,v1.15,OPEN_CIRCUIT,0.7088,0.0234,0.2561,0.0081,0.7088,0.0035,CONNECTED,WARNING,2.39,15,1.0,v1.15,True,SUCCESS,LORA,FAIR,9.12
REC-05689,2026-09-14T03:19:00Z,SITE-E,ESP32-E01,PV-E01,SITE-E-OPE-14,49,3.245,0.05,0.15,31.3,31.19,25.64,89.62,1010.33,20853.0,0.078,0.2,POOR,OK,OPEN_CIRCUIT,v1.15,OPEN_CIRCUIT,0.6938,0.0263,0.27,0.0065,0.6938,0.0035,CONNECTED,WARNING,2.19,15,1.0,v1.15,True,SUCCESS,LORA,FAIR,9.12
REC-05690,2026-09-14T03:19:05Z,SITE-E,ESP32-E01,PV-E01,SITE-E-OPE-14,50,3.236,0.0,0.0,31.3,31.2,25.64,89.87,1010.29,20726.0,0.092,0.0,POOR,OK,OPEN_CIRCUIT,v1.15,OPEN_CIRCUIT,0.7008,0.0251,0.2627,0.0078,0.7008,0.0036,CONNECTED,WARNING,4.67,15,1.0,v1.15,True,SUCCESS,LORA,FAIR,9.12
REC-05691,2026-09-14T03:19:10Z,SITE-E,ESP32-E01,PV-E01,SITE-E-OPE-14,51,3.249,0.0,0.0,31.34,31.33,25.64,89.38,1010.34,20782.0,0.075,0.0,POOR,OK,OPEN_CIRCUIT,v1.15,OPEN_CIRCUIT,0.6889,0.0254,0.276,0.0062,0.6889,0.0035,CONNECTED,WARNING,4.03,15,1.0,v1.15,True,SUCCESS,LORA,FAIR,9.12
REC-05692,2026-09-14T03:19:15Z,SITE-E,ESP32-E01,PV-E01,SITE-E-OPE-14,52,3.237,0.33,1.08,31.38,31.15,25.63,89.24,1010.35,20815.0,0.085,1.3,POOR,OK,OPEN_CIRCUIT,v1.15,OPEN_CIRCUIT,0.6843,0.0276,0.2772,0.0073,0.6843,0.0036,CONNECTED,WARNING,2.44,15,1.0,v1.15,True,SUCCESS,LORA,FAIR,9.12
REC-05693,2026-09-14T03:19:20Z,SITE-E,ESP32-E01,PV-E01,SITE-E-OPE-14,53,3.249,0.1,0.32,31.23,31.35,25.62,89.52,1010.36,20598.0,0.091,0.4,POOR,OK,OPEN_CIRCUIT,v1.15,OPEN_CIRCUIT,0.6965,0.0253,0.2668,0.0079,0.6965,0.0036,CONNECTED,WARNING,2.47,15,1.0,v1.15,True,SUCCESS,LORA,FAIR,9.12
REC-05694,2026-09-14T03:19:25Z,SITE-E,ESP32-E01,PV-E01,SITE-E-OPE-14,54,3.233,0.2,0.65,31.27,31.12,25.62,89.61,1010.38,20676.0,0.087,0.8,POOR,OK,OPEN_CIRCUIT,v1.15,OPEN_CIRCUIT,0.6865,0.0279,0.2744,0.0076,0.6865,0.0037,CONNECTED,WARNING,2.45,15,1.0,v1.15,True,SUCCESS,LORA,FAIR,9.12
REC-05695,2026-09-14T03:19:30Z,SITE-E,ESP32-E01,PV-E01,SITE-E-OPE-14,55,3.244,0.16,0.52,31.54,31.15,25.61,89.86,1010.34,20581.0,0.115,0.6,POOR,OK,OPEN_CIRCUIT,v1.15,OPEN_CIRCUIT,0.709,0.0227,0.2545,0.0102,0.709,0.0036,CONNECTED,WARNING,4.58,15,1.0,v1.15,True,SUCCESS,LORA,FAIR,9.12
REC-05696,2026-09-14T03:19:35Z,SITE-E,ESP32-E01,PV-E01,SITE-E-OPE-14,56,3.236,0.0,0.0,31.48,31.23,25.6,89.37,1010.3,20739.0,0.103,0.0,POOR,OK,OPEN_CIRCUIT,v1.15,OPEN_CIRCUIT,0.6985,0.0227,0.2662,0.0089,0.6985,0.0036,CONNECTED,WARNING,2.62,15,1.0,v1.15,True,SUCCESS,LORA,FAIR,9.12
REC-05697,2026-09-14T03:19:40Z,SITE-E,ESP32-E01,PV-E01,SITE-E-OPE-14,57,3.241,0.25,0.8,31.43,31.31,25.61,90.15,1010.32,20343.0,0.093,1.0,POOR,OK,OPEN_CIRCUIT,v1.15,OPEN_CIRCUIT,0.679,0.0262,0.2828,0.0083,0.679,0.0037,CONNECTED,WARNING,2.33,15,1.0,v1.15,True,SUCCESS,LORA,FAIR,9.12
REC-05698,2026-09-14T03:19:45Z,SITE-E,ESP32-E01,PV-E01,SITE-E-OPE-14,58,3.247,0.17,0.55,31.34,31.14,25.61,89.41,1010.35,20801.0,0.11,0.7,POOR,OK,OPEN_CIRCUIT,v1.15,OPEN_CIRCUIT,0.7147,0.0236,0.2485,0.0096,0.7147,0.0036,CONNECTED,WARNING,2.76,15,1.0,v1.15,True,SUCCESS,LORA,FAIR,9.12
REC-05699,2026-09-14T03:19:50Z,SITE-E,ESP32-E01,PV-E01,SITE-E-OPE-14,59,3.246,0.0,0.0,31.38,31.24,25.61,89.67,1010.39,20515.0,0.086,0.0,POOR,OK,OPEN_CIRCUIT,v1.15,OPEN_CIRCUIT,0.6882,0.0252,0.2757,0.0073,0.6882,0.0036,CONNECTED,WARNING,2.7,15,1.0,v1.15,True,SUCCESS,LORA,FAIR,9.12
REC-05700,2026-09-14T03:19:55Z,SITE-E,ESP32-E01,PV-E01,SITE-E-OPE-14,60,3.237,0.29,0.94,31.3,31.22,25.6,89.7,1010.35,20907.0,0.093,1.1,POOR,OK,OPEN_CIRCUIT,v1.15,OPEN_CIRCUIT,0.6893,0.0261,0.2727,0.0082,0.6893,0.0037,CONNECTED,WARNING,3.59,15,1.0,v1.15,True,SUCCESS,LORA,FAIR,9.12
REC-05701,2026-09-14T03:28:00Z,SITE-C,ESP32-C01,PV-C01,SITE-C-OPE-06,1,3.263,0.02,0.05,30.67,30.2,25.32,92.55,1010.25,20169.0,0.086,0.1,POOR,OK,OPEN_CIRCUIT,v1.15,OPEN_CIRCUIT,0.6744,0.0358,0.2778,0.0087,0.6744,0.0034,CONNECTED,WARNING,3.4,15,1.0,v1.15,True,SUCCESS,LORA,GOOD,2.24
REC-05702,2026-09-14T03:28:05Z,SITE-C,ESP32-C01,PV-C01,SITE-C-OPE-06,2,3.265,0.0,0.0,30.78,30.41,25.32,93.43,1010.23,20113.0,0.083,0.0,POOR,OK,OPEN_CIRCUIT,v1.15,OPEN_CIRCUIT,0.6646,0.0338,0.2897,0.0084,0.6646,0.0034,CONNECTED,WARNING,3.32,15,1.0,v1.15,True,SUCCESS,LORA,GOOD,2.24
REC-05703,2026-09-14T03:28:10Z,SITE-C,ESP32-C01,PV-C01,SITE-C-OPE-06,3,3.276,0.07,0.24,30.74,30.34,25.33,93.04,1010.24,20089.0,0.096,0.3,POOR,OK,OPEN_CIRCUIT,v1.15,OPEN_CIRCUIT,0.6856,0.0329,0.2685,0.0096,0.6856,0.0034,CONNECTED,WARNING,4.78,15,1.0,v1.15,True,SUCCESS,LORA,GOOD,2.24
REC-05704,2026-09-14T03:28:15Z,SITE-C,ESP32-C01,PV-C01,SITE-C-OPE-06,4,3.271,0.0,0.0,30.58,30.29,25.32,92.95,1010.27,20089.0,0.082,0.0,POOR,OK,OPEN_CIRCUIT,v1.15,OPEN_CIRCUIT,0.6741,0.0362,0.278,0.0083,0.6741,0.0034,CONNECTED,WARNING,2.39,15,1.0,v1.15,True,SUCCESS,LORA,GOOD,2.24
REC-05705,2026-09-14T03:28:20Z,SITE-C,ESP32-C01,PV-C01,SITE-C-OPE-06,5,3.275,0.1,0.34,30.64,30.29,25.31,93.01,1010.28,20008.0,0.093,0.4,POOR,OK,OPEN_CIRCUIT,v1.15,OPEN_CIRCUIT,0.6792,0.035,0.2728,0.0096,0.6792,0.0034,CONNECTED,WARNING,3.13,15,1.0,v1.15,True,SUCCESS,LORA,GOOD,2.24
REC-05706,2026-09-14T03:28:25Z,SITE-C,ESP32-C01,PV-C01,SITE-C-OPE-06,6,3.277,0.0,0.0,30.7,30.29,25.31,93.11,1010.23,20015.0,0.087,0.0,POOR,OK,OPEN_CIRCUIT,v1.15,OPEN_CIRCUIT,0.6763,0.0344,0.2772,0.0087,0.6763,0.0033,CONNECTED,WARNING,3.77,15,1.0,v1.15,True,SUCCESS,LORA,GOOD,2.24
REC-05707,2026-09-14T03:28:30Z,SITE-C,ESP32-C01,PV-C01,SITE-C-OPE-06,7,3.265,0.0,0.0,30.71,30.14,25.3,93.37,1010.27,20004.0,0.082,0.0,POOR,OK,OPEN_CIRCUIT,v1.15,OPEN_CIRCUIT,0.6653,0.0368,0.2862,0.0083,0.6653,0.0034,CONNECTED,WARNING,4.06,15,1.0,v1.15,True,SUCCESS,LORA,GOOD,2.24
REC-05708,2026-09-14T03:28:35Z,SITE-C,ESP32-C01,PV-C01,SITE-C-OPE-06,8,3.272,0.11,0.34,30.7,30.16,25.3,92.71,1010.22,19826.0,0.081,0.4,POOR,OK,OPEN_CIRCUIT,v1.15,OPEN_CIRCUIT,0.6615,0.0383,0.2885,0.0084,0.6615,0.0034,CONNECTED,WARNING,4.07,15,1.0,v1.15,True,SUCCESS,LORA,GOOD,2.24
REC-05709,2026-09-14T03:28:40Z,SITE-C,ESP32-C01,PV-C01,SITE-C-OPE-06,9,3.263,0.0,0.0,30.82,30.26,25.3,92.88,1010.21,19823.0,0.09,0.0,POOR,OK,OPEN_CIRCUIT,v1.15,OPEN_CIRCUIT,0.6633,0.0347,0.2892,0.0093,0.6633,0.0035,CONNECTED,WARNING,2.51,15,1.0,v1.15,True,SUCCESS,LORA,GOOD,2.24
REC-05710,2026-09-14T03:28:45Z,SITE-C,ESP32-C01,PV-C01,SITE-C-OPE-06,10,3.273,0.0,0.0,30.76,30.27,25.3,93.34,1010.25,20064.0,0.102,0.0,POOR,OK,OPEN_CIRCUIT,v1.15,OPEN_CIRCUIT,0.6865,0.032,0.2677,0.0105,0.6865,0.0034,CONNECTED,WARNING,3.17,15,1.0,v1.15,True,SUCCESS,LORA,GOOD,2.24
REC-05711,2026-09-14T03:28:50Z,SITE-C,ESP32-C01,PV-C01,SITE-C-OPE-06,11,3.272,0.21,0.67,30.73,30.28,25.29,93.02,1010.24,20157.0,0.081,0.8,POOR,OK,OPEN_CIRCUIT,v1.15,OPEN_CIRCUIT,0.6595,0.0366,0.2922,0.0084,0.6595,0.0034,CONNECTED,WARNING,4.13,15,1.0,v1.15,True,SUCCESS,LORA,GOOD,2.24
REC-05712,2026-09-14T03:28:55Z,SITE-C,ESP32-C01,PV-C01,SITE-C-OPE-06,12,3.257,0.5,1.63,30.77,30.43,25.27,93.37,1010.29,19908.0,0.088,2.0,POOR,OK,OPEN_CIRCUIT,v1.15,OPEN_CIRCUIT,0.6351,0.0385,0.3128,0.0099,0.6351,0.0037,CONNECTED,WARNING,4.06,15,1.0,v1.15,True,SUCCESS,LORA,GOOD,2.24
REC-05713,2026-09-14T03:29:00Z,SITE-C,ESP32-C01,PV-C01,SITE-C-OPE-06,13,3.27,0.69,2.26,30.82,30.29,25.26,93.05,1010.31,19943.0,0.093,2.8,POOR,OK,OPEN_CIRCUIT,v1.15,OPEN_CIRCUIT,0.6428,0.0393,0.304,0.0104,0.6428,0.0035,CONNECTED,WARNING,3.96,15,1.0,v1.15,True,SUCCESS,LORA,GOOD,2.24
REC-05714,2026-09-14T03:29:05Z,SITE-C,ESP32-C01,PV-C01,SITE-C-OPE-06,14,3.263,0.26,0.83,30.65,30.24,25.28,93.67,1010.23,19692.0,0.088,1.0,POOR,OK,OPEN_CIRCUIT,v1.15,OPEN_CIRCUIT,0.6513,0.0394,0.2961,0.0096,0.6513,0.0036,CONNECTED,WARNING,3.66,15,1.0,v1.15,True,SUCCESS,LORA,GOOD,2.24
REC-05715,2026-09-14T03:29:10Z,SITE-C,ESP32-C01,PV-C01,SITE-C-OPE-06,15,3.265,0.02,0.05,30.58,30.32,25.29,93.26,1010.2,19727.0,0.07,0.1,POOR,OK,OPEN_CIRCUIT,v1.15,OPEN_CIRCUIT,0.644,0.0397,0.3052,0.0076,0.644,0.0035,CONNECTED,WARNING,2.4,15,1.0,v1.15,True,SUCCESS,LORA,GOOD,2.24
REC-05716,2026-09-14T03:29:15Z,SITE-C,ESP32-C01,PV-C01,SITE-C-OPE-06,16,3.264,0.26,0.83,30.66,30.2,25.28,93.57,1010.21,19746.0,0.093,1.0,POOR,OK,OPEN_CIRCUIT,v1.15,OPEN_CIRCUIT,0.6587,0.0385,0.2891,0.0101,0.6587,0.0036,CONNECTED,WARNING,4.55,15,1.0,v1.15,True,SUCCESS,LORA,GOOD,2.24
REC-05717,2026-09-14T03:29:20Z,SITE-C,ESP32-C01,PV-C01,SITE-C-OPE-06,17,3.272,0.76,2.47,30.6,30.32,25.29,93.36,1010.22,20115.0,0.073,3.1,POOR,OK,OPEN_CIRCUIT,v1.15,OPEN_CIRCUIT,0.6354,0.0445,0.3086,0.0081,0.6354,0.0035,CONNECTED,WARNING,4.63,15,1.0,v1.15,True,SUCCESS,LORA,GOOD,2.24
REC-05718,2026-09-14T03:29:25Z,SITE-C,ESP32-C01,PV-C01,SITE-C-OPE-06,18,3.264,0.21,0.7,30.62,30.24,25.29,93.37,1010.26,19704.0,0.073,0.9,POOR,OK,OPEN_CIRCUIT,v1.15,OPEN_CIRCUIT,0.6407,0.0416,0.3062,0.008,0.6407,0.0035,CONNECTED,WARNING,4.47,15,1.0,v1.15,True,SUCCESS,LORA,GOOD,2.24
REC-05719,2026-09-14T03:29:30Z,SITE-C,ESP32-C01,PV-C01,SITE-C-OPE-06,19,3.261,0.14,0.44,30.69,30.3,25.29,92.97,1010.24,20000.0,0.075,0.5,POOR,OK,OPEN_CIRCUIT,v1.15,OPEN_CIRCUIT,0.6463,0.0383,0.3039,0.008,0.6463,0.0035,CONNECTED,WARNING,2.85,15,1.0,v1.15,True,SUCCESS,LORA,GOOD,2.24
REC-05720,2026-09-14T03:29:35Z,SITE-C,ESP32-C01,PV-C01,SITE-C-OPE-06,20,3.263,0.37,1.2,30.62,30.25,25.3,93.55,1010.21,19811.0,0.086,1.5,POOR,OK,OPEN_CIRCUIT,v1.15,OPEN_CIRCUIT,0.6527,0.0406,0.2938,0.0093,0.6527,0.0036,CONNECTED,WARNING,3.87,15,1.0,v1.15,True,SUCCESS,LORA,GOOD,2.24
REC-05721,2026-09-14T03:29:40Z,SITE-C,ESP32-C01,PV-C01,SITE-C-OPE-06,21,3.266,0.18,0.6,30.73,30.27,25.3,93.26,1010.3,19987.0,0.078,0.7,POOR,OK,OPEN_CIRCUIT,v1.15,OPEN_CIRCUIT,0.6525,0.038,0.2979,0.0082,0.6525,0.0034,CONNECTED,WARNING,3.15,15,1.0,v1.15,True,SUCCESS,LORA,GOOD,2.24
REC-05722,2026-09-14T03:29:45Z,SITE-C,ESP32-C01,PV-C01,SITE-C-OPE-06,22,3.269,0.0,0.0,30.72,30.35,25.3,92.91,1010.27,20110.0,0.074,0.0,POOR,OK,OPEN_CIRCUIT,v1.15,OPEN_CIRCUIT,0.6566,0.0357,0.2967,0.0076,0.6566,0.0034,CONNECTED,WARNING,2.46,15,1.0,v1.15,True,SUCCESS,LORA,GOOD,2.24
REC-05723,2026-09-14T03:29:50Z,SITE-C,ESP32-C01,PV-C01,SITE-C-OPE-06,23,3.273,0.2,0.66,30.74,30.37,25.32,92.57,1010.3,19990.0,0.092,0.8,POOR,OK,OPEN_CIRCUIT,v1.15,OPEN_CIRCUIT,0.6717,0.0349,0.2805,0.0095,0.6717,0.0034,CONNECTED,WARNING,4.32,15,1.0,v1.15,True,SUCCESS,LORA,GOOD,2.24
REC-05724,2026-09-14T03:29:55Z,SITE-C,ESP32-C01,PV-C01,SITE-C-OPE-06,24,3.27,0.23,0.75,30.59,30.45,25.32,93.24,1010.2,20100.0,0.088,0.9,POOR,OK,OPEN_CIRCUIT,v1.15,OPEN_CIRCUIT,0.669,0.0361,0.2822,0.0092,0.669,0.0035,CONNECTED,WARNING,3.56,15,1.0,v1.15,True,SUCCESS,LORA,GOOD,2.24
REC-05725,2026-09-14T03:30:00Z,SITE-C,ESP32-C01,PV-C01,SITE-C-OPE-06,25,3.27,0.0,0.02,30.62,30.35,25.32,93.65,1010.29,20170.0,0.096,0.0,POOR,OK,OPEN_CIRCUIT,v1.15,OPEN_CIRCUIT,0.6862,0.0331,0.2674,0.0098,0.6862,0.0034,CONNECTED,WARNING,2.51,15,1.0,v1.15,True,SUCCESS,LORA,GOOD,0.97
REC-05726,2026-09-14T03:30:05Z,SITE-C,ESP32-C01,PV-C01,SITE-C-OPE-06,26,3.271,0.28,0.9,30.53,30.27,25.32,92.93,1010.25,20097.0,0.081,1.1,POOR,OK,OPEN_CIRCUIT,v1.15,OPEN_CIRCUIT,0.6665,0.0395,0.2822,0.0084,0.6665,0.0035,CONNECTED,WARNING,2.76,15,1.0,v1.15,True,SUCCESS,LORA,GOOD,0.97
REC-05727,2026-09-14T03:30:10Z,SITE-C,ESP32-C01,PV-C01,SITE-C-OPE-06,27,3.271,0.0,0.0,30.74,30.24,25.32,92.92,1010.24,19797.0,0.087,0.0,POOR,OK,OPEN_CIRCUIT,v1.15,OPEN_CIRCUIT,0.6708,0.0357,0.2813,0.0088,0.6708,0.0034,CONNECTED,WARNING,4.36,15,1.0,v1.15,True,SUCCESS,LORA,GOOD,0.97
REC-05728,2026-09-14T03:30:15Z,SITE-C,ESP32-C01,PV-C01,SITE-C-OPE-06,28,3.273,0.0,0.0,30.88,30.35,25.31,93.11,1010.25,19778.0,0.096,0.0,POOR,OK,OPEN_CIRCUIT,v1.15,OPEN_CIRCUIT,0.6727,0.0325,0.2816,0.0098,0.6727,0.0034,CONNECTED,WARNING,3.18,15,1.0,v1.15,True,SUCCESS,LORA,GOOD,0.97
REC-05729,2026-09-14T03:30:20Z,SITE-C,ESP32-C01,PV-C01,SITE-C-OPE-06,29,3.281,0.0,0.0,30.74,30.45,25.31,93.53,1010.23,20109.0,0.075,0.0,POOR,OK,OPEN_CIRCUIT,v1.15,OPEN_CIRCUIT,0.664,0.0341,0.2911,0.0076,0.664,0.0033,CONNECTED,WARNING,2.39,15,1.0,v1.15,True,SUCCESS,LORA,GOOD,0.97
REC-05730,2026-09-14T03:30:25Z,SITE-C,ESP32-C01,PV-C01,SITE-C-OPE-06,30,3.272,0.0,0.0,30.76,30.41,25.33,92.65,1010.25,20109.0,0.081,0.0,POOR,OK,OPEN_CIRCUIT,v1.15,OPEN_CIRCUIT,0.6692,0.034,0.2854,0.0081,0.6692,0.0034,CONNECTED,WARNING,4.22,15,1.0,v1.15,True,SUCCESS,LORA,GOOD,0.97
REC-05731,2026-09-14T03:30:30Z,SITE-C,ESP32-C01,PV-C01,SITE-C-OPE-06,31,3.269,0.22,0.71,30.69,30.27,25.33,93.0,1010.28,19774.0,0.098,0.9,POOR,OK,OPEN_CIRCUIT,v1.15,OPEN_CIRCUIT,0.6759,0.0364,0.2739,0.0103,0.6759,0.0035,CONNECTED,WARNING,2.3,15,1.0,v1.15,True,SUCCESS,LORA,GOOD,0.97
REC-05732,2026-09-14T03:30:35Z,SITE-C,ESP32-C01,PV-C01,SITE-C-OPE-06,32,3.265,0.0,0.0,30.7,30.36,25.34,92.9,1010.19,20054.0,0.088,0.0,POOR,OK,OPEN_CIRCUIT,v1.15,OPEN_CIRCUIT,0.6755,0.0344,0.2778,0.0089,0.6755,0.0035,CONNECTED,WARNING,4.49,15,1.0,v1.15,True,SUCCESS,LORA,GOOD,0.97
REC-05733,2026-09-14T03:30:40Z,SITE-C,ESP32-C01,PV-C01,SITE-C-OPE-06,33,3.269,0.65,2.11,30.82,30.34,25.33,93.37,1010.29,19667.0,0.086,2.6,POOR,OK,OPEN_CIRCUIT,v1.15,OPEN_CIRCUIT,0.644,0.0414,0.3017,0.0093,0.644,0.0036,CONNECTED,WARNING,2.22,15,1.0,v1.15,True,SUCCESS,LORA,GOOD,0.97
REC-05734,2026-09-14T03:30:45Z,SITE-C,ESP32-C01,PV-C01,SITE-C-OPE-06,34,3.273,0.32,1.03,30.71,30.39,25.32,93.16,1010.26,20193.0,0.088,1.3,POOR,OK,OPEN_CIRCUIT,v1.15,OPEN_CIRCUIT,0.6685,0.0358,0.2832,0.0091,0.6685,0.0034,CONNECTED,WARNING,2.24,15,1.0,v1.15,True,SUCCESS,LORA,GOOD,0.97
REC-05735,2026-09-14T03:30:50Z,SITE-C,ESP32-C01,PV-C01,SITE-C-OPE-06,35,3.261,0.0,0.0,30.74,30.32,25.31,93.1,1010.25,20052.0,0.1,0.0,POOR,OK,OPEN_CIRCUIT,v1.15,OPEN_CIRCUIT,0.6788,0.0328,0.2745,0.0104,0.6788,0.0035,CONNECTED,WARNING,2.17,15,1.0,v1.15,True,SUCCESS,LORA,GOOD,0.97
REC-05736,2026-09-14T03:30:55Z,SITE-C,ESP32-C01,PV-C01,SITE-C-OPE-06,36,3.273,0.0,0.0,30.77,30.29,25.3,93.15,1010.28,19730.0,0.088,0.0,POOR,OK,OPEN_CIRCUIT,v1.15,OPEN_CIRCUIT,0.6659,0.035,0.2867,0.0091,0.6659,0.0034,CONNECTED,WARNING,4.77,15,1.0,v1.15,True,SUCCESS,LORA,GOOD,0.97
REC-05737,2026-09-14T03:31:00Z,SITE-C,ESP32-C01,PV-C01,SITE-C-OPE-06,37,3.264,0.01,0.02,30.74,30.15,25.31,93.44,1010.26,19771.0,0.088,0.0,POOR,OK,OPEN_CIRCUIT,v1.15,OPEN_CIRCUIT,0.667,0.0367,0.2838,0.009,0.667,0.0035,CONNECTED,WARNING,2.4,15,1.0,v1.15,True,SUCCESS,LORA,GOOD,0.97
REC-05738,2026-09-14T03:31:05Z,SITE-C,ESP32-C01,PV-C01,SITE-C-OPE-06,38,3.266,0.0,0.0,30.69,30.36,25.31,93.54,1010.24,19910.0,0.088,0.0,POOR,TEMP2_SENTINEL_-127,OPEN_CIRCUIT,v1.15,OPEN_CIRCUIT,0.6676,0.0348,0.285,0.0091,0.6676,0.0035,CONNECTED,WARNING,4.14,15,1.0,v1.15,True,SUCCESS,LORA,GOOD,0.97
REC-05739,2026-09-14T03:31:10Z,SITE-C,ESP32-C01,PV-C01,SITE-C-OPE-06,39,3.269,0.0,0.0,30.69,30.17,25.3,93.51,1010.23,19923.0,0.072,0.0,POOR,TEMP2_SENTINEL_-127,OPEN_CIRCUIT,v1.15,OPEN_CIRCUIT,0.6557,0.0384,0.2951,0.0074,0.6557,0.0033,CONNECTED,WARNING,3.43,15,1.0,v1.15,True,SUCCESS,LORA,GOOD,0.97
REC-05740,2026-09-14T03:31:15Z,SITE-C,ESP32-C01,PV-C01,SITE-C-OPE-06,40,3.264,0.8,2.62,30.67,30.31,25.31,93.37,1010.29,19947.0,0.093,3.3,POOR,TEMP2_SENTINEL_-127,OPEN_CIRCUIT,v1.15,OPEN_CIRCUIT,0.649,0.0423,0.2946,0.0104,0.649,0.0037,CONNECTED,WARNING,4.05,15,1.0,v1.15,True,SUCCESS,LORA,GOOD,0.97
REC-05741,2026-09-14T03:31:20Z,SITE-C,ESP32-C01,PV-C01,SITE-C-OPE-06,41,3.269,0.0,0.0,30.74,30.26,25.32,93.62,1010.21,20030.0,0.08,0.0,POOR,TEMP2_SENTINEL_-127,OPEN_CIRCUIT,v1.15,OPEN_CIRCUIT,0.6667,0.0358,0.2861,0.008,0.6667,0.0034,CONNECTED,WARNING,3.77,15,1.0,v1.15,True,SUCCESS,LORA,GOOD,0.97
REC-05742,2026-09-14T03:31:25Z,SITE-C,ESP32-C01,PV-C01,SITE-C-OPE-06,42,3.26,0.03,0.11,30.65,30.24,25.31,92.92,1010.24,19571.0,0.075,0.1,POOR,TEMP2_SENTINEL_-127,OPEN_CIRCUIT,v1.15,OPEN_CIRCUIT,0.6467,0.0402,0.3015,0.008,0.6467,0.0036,CONNECTED,WARNING,4.31,15,1.0,v1.15,True,SUCCESS,LORA,GOOD,0.97
REC-05743,2026-09-14T03:31:30Z,SITE-C,ESP32-C01,PV-C01,SITE-C-OPE-06,43,3.27,0.08,0.25,30.69,30.31,25.3,93.32,1010.21,19679.0,0.071,0.3,POOR,TEMP2_SENTINEL_-127,OPEN_CIRCUIT,v1.15,OPEN_CIRCUIT,0.6448,0.0392,0.305,0.0076,0.6448,0.0034,CONNECTED,WARNING,4.13,15,1.0,v1.15,True,SUCCESS,LORA,GOOD,0.97
REC-05744,2026-09-14T03:31:35Z,SITE-C,ESP32-C01,PV-C01,SITE-C-OPE-06,44,3.267,0.14,0.47,30.79,30.31,25.3,93.9,1010.26,20128.0,0.073,0.6,POOR,TEMP2_SENTINEL_-127,OPEN_CIRCUIT,v1.15,OPEN_CIRCUIT,0.6496,0.037,0.3026,0.0076,0.6496,0.0034,CONNECTED,WARNING,4.63,15,1.0,v1.15,True,SUCCESS,LORA,GOOD,0.97
REC-05745,2026-09-14T03:31:40Z,SITE-C,ESP32-C01,PV-C01,SITE-C-OPE-06,45,3.266,0.0,0.0,30.57,30.12,25.29,92.65,1010.25,19722.0,0.065,0.0,POOR,TEMP2_SENTINEL_-127,OPEN_CIRCUIT,v1.15,OPEN_CIRCUIT,0.6445,0.0421,0.303,0.007,0.6445,0.0034,CONNECTED,WARNING,2.86,15,1.0,v1.15,True,SUCCESS,LORA,GOOD,0.97
REC-05746,2026-09-14T03:31:45Z,SITE-C,ESP32-C01,PV-C01,SITE-C-OPE-06,46,3.268,0.13,0.43,30.59,30.33,25.28,93.04,1010.21,19918.0,0.078,0.5,POOR,TEMP2_SENTINEL_-127,OPEN_CIRCUIT,v1.15,OPEN_CIRCUIT,0.6518,0.0383,0.298,0.0084,0.6518,0.0035,CONNECTED,WARNING,3.92,15,1.0,v1.15,True,SUCCESS,LORA,GOOD,0.97
REC-05747,2026-09-14T03:31:50Z,SITE-C,ESP32-C01,PV-C01,SITE-C-OPE-06,47,3.266,0.12,0.38,30.76,30.33,25.26,92.89,1010.22,19754.0,0.084,0.5,POOR,TEMP2_SENTINEL_-127,OPEN_CIRCUIT,v1.15,OPEN_CIRCUIT,0.6457,0.0365,0.3052,0.0091,0.6457,0.0035,CONNECTED,WARNING,3.07,15,1.0,v1.15,True,SUCCESS,LORA,GOOD,0.97
REC-05748,2026-09-14T03:31:55Z,SITE-C,ESP32-C01,PV-C01,SITE-C-OPE-06,48,3.268,0.29,0.96,30.82,30.47,25.26,93.29,1010.25,20234.0,0.099,1.2,POOR,TEMP2_SENTINEL_-127,OPEN_CIRCUIT,v1.15,OPEN_CIRCUIT,0.6614,0.0325,0.2919,0.0107,0.6614,0.0035,CONNECTED,WARNING,4.53,15,1.0,v1.15,True,SUCCESS,LORA,GOOD,0.97
REC-05749,2026-09-14T03:32:00Z,SITE-C,ESP32-C01,PV-C01,SITE-C-OPE-06,49,3.265,0.27,0.89,30.78,30.26,25.26,93.63,1010.26,19908.0,0.089,1.1,POOR,TEMP2_SENTINEL_-127,OPEN_CIRCUIT,v1.15,OPEN_CIRCUIT,0.6497,0.037,0.3002,0.0096,0.6497,0.0035,CONNECTED,WARNING,2.18,15,1.0,v1.15,True,SUCCESS,LORA,GOOD,0.97
REC-05750,2026-09-14T03:32:05Z,SITE-C,ESP32-C01,PV-C01,SITE-C-OPE-06,50,3.264,0.67,2.17,30.65,30.5,25.25,93.36,1010.19,19622.0,0.091,2.7,POOR,TEMP2_SENTINEL_-127,OPEN_CIRCUIT,v1.15,OPEN_CIRCUIT,0.6286,0.0409,0.3161,0.0108,0.6286,0.0038,CONNECTED,WARNING,3.7,15,1.0,v1.15,True,SUCCESS,LORA,GOOD,0.97
REC-05751,2026-09-14T03:32:10Z,SITE-C,ESP32-C01,PV-C01,SITE-C-OPE-06,51,3.257,0.0,0.0,30.8,30.4,25.24,93.13,1010.23,20008.0,0.101,0.0,POOR,TEMP2_SENTINEL_-127,OPEN_CIRCUIT,v1.15,OPEN_CIRCUIT,0.6593,0.0317,0.2943,0.0111,0.6593,0.0036,CONNECTED,WARNING,4.73,15,1.0,v1.15,True,SUCCESS,LORA,GOOD,0.97
REC-05752,2026-09-14T03:32:15Z,SITE-C,ESP32-C01,PV-C01,SITE-C-OPE-06,52,3.273,0.0,0.0,30.9,30.33,25.25,93.36,1010.25,19763.0,0.059,0.0,POOR,TEMP2_SENTINEL_-127,OPEN_CIRCUIT,v1.15,OPEN_CIRCUIT,0.6218,0.0375,0.3309,0.0065,0.6218,0.0033,CONNECTED,WARNING,2.28,15,1.0,v1.15,True,SUCCESS,LORA,GOOD,0.97
REC-05753,2026-09-14T03:32:20Z,SITE-C,ESP32-C01,PV-C01,SITE-C-OPE-06,53,3.261,0.93,3.03,30.68,30.32,25.25,93.11,1010.29,20039.0,0.092,3.8,POOR,TEMP1_MISSING_-999|TEMP2_SENTINEL_-127,OPEN_CIRCUIT,v1.15,OPEN_CIRCUIT,0.6313,0.043,0.3112,0.0108,0.6313,0.0037,CONNECTED,WARNING,3.64,15,1.0,v1.15,True,SUCCESS,LORA,GOOD,0.97
REC-05754,2026-09-14T03:32:25Z,SITE-C,ESP32-C01,PV-C01,SITE-C-OPE-06,54,3.275,0.4,1.3,30.71,30.32,25.23,93.26,1010.28,20135.0,0.091,1.6,POOR,OK,OPEN_CIRCUIT,v1.15,OPEN_CIRCUIT,0.6525,0.0363,0.2978,0.01,0.6525,0.0034,CONNECTED,WARNING,2.64,15,1.0,v1.15,True,SUCCESS,LORA,GOOD,0.97
REC-05755,2026-09-14T03:32:30Z,SITE-C,ESP32-C01,PV-C01,SITE-C-OPE-06,55,3.265,0.0,0.0,30.77,30.4,25.24,93.39,1010.24,20259.0,0.096,0.0,POOR,OK,OPEN_CIRCUIT,v1.15,OPEN_CIRCUIT,0.6647,0.0313,0.2903,0.0102,0.6647,0.0034,CONNECTED,WARNING,3.73,15,1.0,v1.15,True,SUCCESS,LORA,GOOD,0.97
REC-05756,2026-09-14T03:32:35Z,SITE-C,ESP32-C01,PV-C01,SITE-C-OPE-06,56,3.273,0.19,0.61,30.78,30.32,25.25,93.73,1010.28,20119.0,0.07,0.7,POOR,OK,OPEN_CIRCUIT,v1.15,OPEN_CIRCUIT,0.6382,0.0372,0.3137,0.0075,0.6382,0.0033,CONNECTED,WARNING,2.28,15,1.0,v1.15,True,SUCCESS,LORA,GOOD,0.97
REC-05757,2026-09-14T03:32:40Z,SITE-C,ESP32-C01,PV-C01,SITE-C-OPE-06,57,3.272,0.0,0.0,30.91,30.4,25.24,93.33,1010.24,20108.0,0.082,0.0,POOR,OK,OPEN_CIRCUIT,v1.15,OPEN_CIRCUIT,0.6484,0.0324,0.3074,0.0085,0.6484,0.0033,CONNECTED,WARNING,3.88,15,1.0,v1.15,True,SUCCESS,LORA,GOOD,0.97
REC-05758,2026-09-14T03:32:45Z,SITE-C,ESP32-C01,PV-C01,SITE-C-OPE-06,58,3.272,0.0,0.0,30.86,30.35,25.26,93.27,1010.16,19919.0,0.079,0.0,POOR,OK,OPEN_CIRCUIT,v1.15,OPEN_CIRCUIT,0.6481,0.0343,0.306,0.0082,0.6481,0.0033,CONNECTED,WARNING,2.65,15,1.0,v1.15,True,SUCCESS,LORA,GOOD,0.97
REC-05759,2026-09-14T03:32:50Z,SITE-C,ESP32-C01,PV-C01,SITE-C-OPE-06,59,3.268,0.66,2.17,30.79,30.47,25.26,93.81,1010.29,20096.0,0.075,2.7,POOR,OK,OPEN_CIRCUIT,v1.15,OPEN_CIRCUIT,0.6233,0.0401,0.3247,0.0084,0.6233,0.0035,CONNECTED,WARNING,3.4,15,1.0,v1.15,True,SUCCESS,LORA,GOOD,0.97
REC-05760,2026-09-14T03:32:55Z,SITE-C,ESP32-C01,PV-C01,SITE-C-OPE-06,60,3.261,0.35,1.15,30.76,30.42,25.27,92.61,1010.26,20055.0,0.111,1.4,POOR,OK,OPEN_CIRCUIT,v1.15,OPEN_CIRCUIT,0.6683,0.0331,0.2823,0.0126,0.6683,0.0036,CONNECTED,WARNING,2.66,15,1.0,v1.15,True,SUCCESS,LORA,GOOD,0.97
REC-05761,2026-09-14T04:00:00Z,SITE-E,ESP32-E01,PV-E01,SITE-E-DUS-16,1,2.71,30.69,83.16,34.21,33.74,26.64,87.88,1010.47,33626.0,0.971,57.6,DEGRADED,OK,DUST,v1.15,DUST,0.9985,0.0002,0.0008,0.9985,0.0003,0.0001,CONNECTED,WARNING,2.94,15,1.0,v1.15,True,SUCCESS,LORA,POOR,15.12
REC-05762,2026-09-14T04:00:05Z,SITE-E,ESP32-E01,PV-E01,SITE-E-DUS-16,2,2.716,29.66,80.56,34.27,33.76,26.64,88.01,1010.4,33611.0,1.093,56.1,DEGRADED,OK,DUST,v1.15,DUST,0.9995,0.0001,0.0003,0.9995,0.0001,0.0,CONNECTED,WARNING,3.35,15,1.0,v1.15,True,SUCCESS,LORA,POOR,15.12
REC-05763,2026-09-14T04:00:10Z,SITE-E,ESP32-E01,PV-E01,SITE-E-DUS-16,3,2.718,30.25,82.23,34.26,33.77,26.63,87.46,1010.46,33708.0,0.926,57.3,DEGRADED,OK,DUST,v1.15,DUST,0.9978,0.0003,0.0013,0.9978,0.0005,0.0001,CONNECTED,WARNING,3.62,15,1.0,v1.15,True,SUCCESS,LORA,POOR,15.12
REC-05764,2026-09-14T04:00:15Z,SITE-E,ESP32-E01,PV-E01,SITE-E-DUS-16,4,2.715,30.61,83.08,34.2,33.71,26.64,87.82,1010.5,33611.0,0.829,57.9,DEGRADED,DUPLICATE_RECEIVED,DUST,v1.15,DUST,0.995,0.0006,0.0029,0.995,0.0011,0.0003,CONNECTED,WARNING,3.6,15,1.0,v1.15,True,SUCCESS,LORA,POOR,15.12
REC-05765,2026-09-14T04:00:20Z,SITE-E,ESP32-E01,PV-E01,SITE-E-DUS-16,5,2.684,30.75,82.53,34.13,33.74,26.64,88.39,1010.43,33564.0,1.082,57.3,DEGRADED,OK,DUST,v1.15,DUST,0.9994,0.0001,0.0003,0.9994,0.0001,0.0,CONNECTED,WARNING,3.69,15,1.0,v1.15,True,SUCCESS,LORA,POOR,15.12
REC-05766,2026-09-14T04:00:25Z,SITE-E,ESP32-E01,PV-E01,SITE-E-DUS-16,6,2.686,31.24,83.9,34.27,33.69,26.63,88.16,1010.45,33754.0,1.067,58.0,DEGRADED,OK,DUST,v1.15,DUST,0.9994,0.0001,0.0004,0.9994,0.0001,0.0,CONNECTED,WARNING,2.22,15,1.0,v1.15,True,SUCCESS,LORA,POOR,15.12
REC-05767,2026-09-14T04:00:30Z,SITE-E,ESP32-E01,PV-E01,SITE-E-DUS-16,7,2.683,30.32,81.35,34.15,33.83,26.62,88.04,1010.44,33707.0,1.063,56.2,DEGRADED,OK,DUST,v1.15,DUST,0.9993,0.0001,0.0004,0.9993,0.0001,0.0,CONNECTED,WARNING,3.05,15,1.0,v1.15,True,SUCCESS,LORA,POOR,15.12
REC-05768,2026-09-14T04:00:35Z,SITE-E,ESP32-E01,PV-E01,SITE-E-DUS-16,8,2.691,30.93,83.21,34.34,34.0,26.62,87.68,1010.44,34134.0,1.123,57.2,DEGRADED,TEMP1_MISSING_-999,DUST,v1.15,DUST,0.9996,0.0,0.0002,0.9996,0.0001,0.0,CONNECTED,WARNING,2.43,15,1.0,v1.15,True,SUCCESS,LORA,POOR,15.12
REC-05769,2026-09-14T04:00:40Z,SITE-E,ESP32-E01,PV-E01,SITE-E-DUS-16,9,2.724,31.01,84.46,34.22,33.93,26.61,88.38,1010.42,34101.0,1.039,58.0,DEGRADED,OK,DUST,v1.15,DUST,0.9992,0.0001,0.0005,0.9992,0.0002,0.0001,CONNECTED,WARNING,4.27,15,1.0,v1.15,True,SUCCESS,LORA,POOR,15.12
REC-05770,2026-09-14T04:00:45Z,SITE-E,ESP32-E01,PV-E01,SITE-E-DUS-16,10,2.685,31.43,84.36,34.29,33.95,26.59,87.87,1010.51,34312.0,1.017,57.8,DEGRADED,OK,DUST,v1.15,DUST,0.999,0.0001,0.0006,0.999,0.0002,0.0001,CONNECTED,WARNING,4.71,15,1.0,v1.15,True,SUCCESS,LORA,POOR,15.12
REC-05771,2026-09-14T04:00:50Z,SITE-E,ESP32-E01,PV-E01,SITE-E-DUS-16,11,2.702,31.27,84.5,34.28,34.03,26.6,88.03,1010.46,33944.0,1.088,57.9,DEGRADED,OK,DUST,v1.15,DUST,0.9995,0.0001,0.0003,0.9995,0.0001,0.0,CONNECTED,WARNING,2.46,15,1.0,v1.15,True,SUCCESS,LORA,POOR,15.12
REC-05772,2026-09-14T04:00:55Z,SITE-E,ESP32-E01,PV-E01,SITE-E-DUS-16,12,2.689,31.16,83.8,34.41,34.09,26.6,88.12,1010.43,34013.0,0.997,57.6,DEGRADED,OK,DUST,v1.15,DUST,0.9988,0.0002,0.0007,0.9988,0.0002,0.0001,CONNECTED,WARNING,4.05,15,1.0,v1.15,True,SUCCESS,LORA,POOR,15.12
REC-05773,2026-09-14T04:01:00Z,SITE-E,ESP32-E01,PV-E01,SITE-E-DUS-16,13,2.714,30.47,82.69,34.07,34.11,26.59,88.05,1010.43,34355.0,1.026,56.9,DEGRADED,OK,DUST,v1.15,DUST,0.9991,0.0001,0.0005,0.9991,0.0002,0.0001,CONNECTED,WARNING,3.98,15,1.0,v1.15,True,SUCCESS,LORA,POOR,15.12
REC-05774,2026-09-14T04:01:05Z,SITE-E,ESP32-E01,PV-E01,SITE-E-DUS-16,14,2.713,30.72,83.36,34.48,33.96,26.59,88.45,1010.45,34296.0,1.055,57.1,DEGRADED,OK,DUST,v1.15,DUST,0.9993,0.0001,0.0004,0.9993,0.0002,0.0,CONNECTED,WARNING,4.19,15,1.0,v1.15,True,SUCCESS,LORA,POOR,15.12
REC-05775,2026-09-14T04:01:10Z,SITE-E,ESP32-E01,PV-E01,SITE-E-DUS-16,15,2.71,31.65,85.77,34.23,33.93,26.59,88.17,1010.38,34129.0,1.06,58.8,DEGRADED,OK,DUST,v1.15,DUST,0.9993,0.0001,0.0004,0.9993,0.0001,0.0,CONNECTED,WARNING,3.59,15,1.0,v1.15,True,SUCCESS,LORA,POOR,15.12
REC-05776,2026-09-14T04:01:15Z,SITE-E,ESP32-E01,PV-E01,SITE-E-DUS-16,16,2.697,30.69,82.78,34.28,33.91,26.58,88.1,1010.48,33978.0,1.02,56.8,DEGRADED,OK,DUST,v1.15,DUST,0.999,0.0001,0.0006,0.999,0.0002,0.0001,CONNECTED,WARNING,4.13,15,1.0,v1.15,True,SUCCESS,LORA,POOR,15.12
REC-05777,2026-09-14T04:01:20Z,SITE-E,ESP32-E01,PV-E01,SITE-E-DUS-16,17,2.722,30.41,82.77,34.32,33.99,26.59,87.97,1010.43,34292.0,1.011,56.8,DEGRADED,OK,DUST,v1.15,DUST,0.999,0.0001,0.0006,0.999,0.0002,0.0001,CONNECTED,WARNING,4.69,15,1.0,v1.15,True,SUCCESS,LORA,POOR,15.12
REC-05778,2026-09-14T04:01:25Z,SITE-E,ESP32-E01,PV-E01,SITE-E-DUS-16,18,2.718,31.02,84.29,34.31,33.93,26.58,88.13,1010.46,34316.0,0.973,57.9,DEGRADED,OK,DUST,v1.15,DUST,0.9986,0.0002,0.0008,0.9986,0.0003,0.0001,CONNECTED,WARNING,2.26,15,1.0,v1.15,True,SUCCESS,LORA,POOR,15.12
REC-05779,2026-09-14T04:01:30Z,SITE-E,ESP32-E01,PV-E01,SITE-E-DUS-16,19,2.706,30.71,83.11,34.38,33.96,26.58,87.94,1010.46,34035.0,0.993,56.9,DEGRADED,TEMP1_MISSING_-999,DUST,v1.15,DUST,0.9988,0.0002,0.0007,0.9988,0.0003,0.0001,CONNECTED,WARNING,3.53,15,1.0,v1.15,True,SUCCESS,LORA,POOR,15.12
REC-05780,2026-09-14T04:01:35Z,SITE-E,ESP32-E01,PV-E01,SITE-E-DUS-16,20,2.706,31.76,85.95,34.41,34.01,26.57,88.06,1010.48,34240.0,1.149,58.5,DEGRADED,OK,DUST,v1.15,DUST,0.9997,0.0,0.0002,0.9997,0.0001,0.0,CONNECTED,WARNING,3.82,15,1.0,v1.15,True,SUCCESS,LORA,POOR,15.12
REC-05781,2026-09-14T04:01:40Z,SITE-E,ESP32-E01,PV-E01,SITE-E-DUS-16,21,2.69,32.16,86.49,34.52,33.94,26.58,87.9,1010.46,34441.0,1.024,58.9,DEGRADED,OK,DUST,v1.15,DUST,0.9991,0.0001,0.0006,0.9991,0.0002,0.0001,CONNECTED,WARNING,4.61,15,1.0,v1.15,True,SUCCESS,LORA,POOR,15.12
REC-05782,2026-09-14T04:01:45Z,SITE-E,ESP32-E01,PV-E01,SITE-E-DUS-16,22,2.715,31.15,84.56,34.42,33.83,26.58,87.85,1010.47,34510.0,1.051,57.5,DEGRADED,OK,DUST,v1.15,DUST,0.9993,0.0001,0.0004,0.9993,0.0002,0.0,CONNECTED,WARNING,4.26,15,1.0,v1.15,True,SUCCESS,LORA,POOR,15.12
REC-05783,2026-09-14T04:01:50Z,SITE-E,ESP32-E01,PV-E01,SITE-E-DUS-16,23,2.717,31.31,85.07,34.37,33.98,26.6,87.73,1010.48,34625.0,0.951,57.7,DEGRADED,OK,DUST,v1.15,DUST,0.9982,0.0002,0.001,0.9982,0.0004,0.0001,CONNECTED,WARNING,3.15,15,1.0,v1.15,True,SUCCESS,LORA,POOR,15.12
REC-05784,2026-09-14T04:01:55Z,SITE-E,ESP32-E01,PV-E01,SITE-E-DUS-16,24,2.688,30.95,83.18,34.36,34.18,26.6,87.92,1010.44,34840.0,1.194,56.4,DEGRADED,OK,DUST,v1.15,DUST,0.9998,0.0,0.0001,0.9998,0.0,0.0,CONNECTED,WARNING,3.96,15,1.0,v1.15,True,SUCCESS,LORA,POOR,15.12
REC-05785,2026-09-14T04:02:00Z,SITE-E,ESP32-E01,PV-E01,SITE-E-DUS-16,25,2.695,31.74,85.52,34.33,34.15,26.61,87.9,1010.51,34329.0,0.988,58.1,DEGRADED,OK,DUST,v1.15,DUST,0.9988,0.0002,0.0007,0.9988,0.0003,0.0001,CONNECTED,WARNING,4.66,15,1.0,v1.15,True,SUCCESS,LORA,POOR,15.12
REC-05786,2026-09-14T04:02:05Z,SITE-E,ESP32-E01,PV-E01,SITE-E-DUS-16,26,2.694,30.73,82.78,34.47,34.1,26.61,88.55,1010.46,34439.0,0.97,56.3,DEGRADED,OK,DUST,v1.15,DUST,0.9985,0.0002,0.0009,0.9985,0.0003,0.0001,CONNECTED,WARNING,4.51,15,1.0,v1.15,True,SUCCESS,LORA,POOR,15.12
REC-05787,2026-09-14T04:02:10Z,SITE-E,ESP32-E01,PV-E01,SITE-E-DUS-16,27,2.717,30.72,83.46,34.51,33.99,26.6,88.3,1010.45,34583.0,1.036,56.7,DEGRADED,OK,DUST,v1.15,DUST,0.9991,0.0001,0.0005,0.9991,0.0002,0.0001,CONNECTED,WARNING,3.85,15,1.0,v1.15,True,SUCCESS,LORA,POOR,15.12
REC-05788,2026-09-14T04:02:15Z,SITE-E,ESP32-E01,PV-E01,SITE-E-DUS-16,28,2.706,31.39,84.94,34.49,34.0,26.6,87.96,1010.42,34621.0,0.986,57.7,DEGRADED,OK,DUST,v1.15,DUST,0.9987,0.0002,0.0008,0.9987,0.0003,0.0001,CONNECTED,WARNING,4.25,15,1.0,v1.15,True,SUCCESS,LORA,POOR,15.12
REC-05789,2026-09-14T04:02:20Z,SITE-E,ESP32-E01,PV-E01,SITE-E-DUS-16,29,2.723,31.17,84.88,34.1,34.14,26.59,87.87,1010.44,34236.0,1.062,57.9,DEGRADED,OK,DUST,v1.15,DUST,0.9994,0.0001,0.0004,0.9994,0.0001,0.0,CONNECTED,WARNING,4.62,15,1.0,v1.15,True,SUCCESS,LORA,POOR,15.12
REC-05790,2026-09-14T04:02:25Z,SITE-E,ESP32-E01,PV-E01,SITE-E-DUS-16,30,2.716,30.68,83.3,34.17,33.92,26.57,88.18,1010.46,34197.0,0.949,56.9,DEGRADED,OK,DUST,v1.15,DUST,0.9983,0.0002,0.001,0.9983,0.0004,0.0001,CONNECTED,WARNING,3.83,15,1.0,v1.15,True,SUCCESS,LORA,POOR,15.12
REC-05791,2026-09-14T04:02:30Z,SITE-E,ESP32-E01,PV-E01,SITE-E-DUS-16,31,2.691,31.02,83.5,34.33,33.99,26.58,88.58,1010.45,34145.0,1.108,57.2,DEGRADED,OK,DUST,v1.15,DUST,0.9996,0.0001,0.0003,0.9996,0.0001,0.0,CONNECTED,WARNING,3.7,15,1.0,v1.15,True,SUCCESS,LORA,POOR,15.12
REC-05792,2026-09-14T04:02:35Z,SITE-E,ESP32-E01,PV-E01,SITE-E-DUS-16,32,2.704,30.65,82.88,34.32,34.12,26.58,88.24,1010.5,34559.0,1.096,56.6,DEGRADED,SPIKE_VOLTAGE,DUST,v1.15,DUST,0.9995,0.0001,0.0003,0.9995,0.0001,0.0,CONNECTED,WARNING,3.79,15,1.0,v1.15,True,SUCCESS,LORA,POOR,15.12
REC-05793,2026-09-14T04:02:40Z,SITE-E,ESP32-E01,PV-E01,SITE-E-DUS-16,33,2.684,31.16,83.65,34.31,33.97,26.57,87.48,1010.44,34086.0,1.033,57.2,DEGRADED,OK,DUST,v1.15,DUST,0.9992,0.0001,0.0005,0.9992,0.0002,0.0001,CONNECTED,WARNING,3.2,15,1.0,v1.15,True,SUCCESS,LORA,POOR,15.12
REC-05794,2026-09-14T04:02:45Z,SITE-E,ESP32-E01,PV-E01,SITE-E-DUS-16,34,2.701,30.86,83.36,34.4,33.93,26.58,88.26,1010.47,34137.0,0.941,57.1,DEGRADED,OK,DUST,v1.15,DUST,0.9981,0.0002,0.0011,0.9981,0.0004,0.0001,CONNECTED,WARNING,4.1,15,1.0,v1.15,True,SUCCESS,LORA,POOR,15.12
REC-05795,2026-09-14T04:02:50Z,SITE-E,ESP32-E01,PV-E01,SITE-E-DUS-16,35,2.699,30.86,83.29,34.4,34.05,26.58,88.31,1010.42,34252.0,0.991,57.2,DEGRADED,OK,DUST,v1.15,DUST,0.9988,0.0002,0.0007,0.9988,0.0003,0.0001,CONNECTED,WARNING,4.33,15,1.0,v1.15,True,SUCCESS,LORA,POOR,15.12
REC-05796,2026-09-14T04:02:55Z,SITE-E,ESP32-E01,PV-E01,SITE-E-DUS-16,36,2.709,31.27,84.71,34.32,33.97,26.59,88.66,1010.52,34052.0,1.044,58.0,DEGRADED,OK,DUST,v1.15,DUST,0.9992,0.0001,0.0005,0.9992,0.0002,0.0001,CONNECTED,WARNING,2.53,15,1.0,v1.15,True,SUCCESS,LORA,POOR,15.12
REC-05797,2026-09-14T04:03:00Z,SITE-E,ESP32-E01,PV-E01,SITE-E-DUS-16,37,2.694,31.32,84.4,34.22,34.02,26.6,87.93,1010.41,34353.0,0.967,57.6,DEGRADED,OK,DUST,v1.15,DUST,0.9985,0.0002,0.0009,0.9985,0.0003,0.0001,CONNECTED,WARNING,2.98,15,1.0,v1.15,True,SUCCESS,LORA,POOR,15.12
REC-05798,2026-09-14T04:03:05Z,SITE-E,ESP32-E01,PV-E01,SITE-E-DUS-16,38,2.702,31.42,84.91,34.23,34.11,26.6,88.04,1010.51,34079.0,0.977,57.9,DEGRADED,OK,DUST,v1.15,DUST,0.9986,0.0002,0.0008,0.9986,0.0003,0.0001,CONNECTED,WARNING,4.58,15,1.0,v1.15,True,SUCCESS,LORA,POOR,15.12
REC-05799,2026-09-14T04:03:10Z,SITE-E,ESP32-E01,PV-E01,SITE-E-DUS-16,39,2.716,31.14,84.55,34.35,33.79,26.61,88.14,1010.45,34505.0,1.103,57.5,DEGRADED,TEMP2_MISSING_-999,DUST,v1.15,DUST,0.9995,0.0001,0.0003,0.9995,0.0001,0.0,CONNECTED,WARNING,3.56,15,1.0,v1.15,True,SUCCESS,LORA,POOR,15.12
REC-05800,2026-09-14T04:03:15Z,SITE-E,ESP32-E01,PV-E01,SITE-E-DUS-16,40,2.679,31.8,85.2,34.39,34.04,26.61,87.77,1010.38,34610.0,1.049,57.7,DEGRADED,LOST_IN_TRANSIT,DUST,v1.15,DUST,0.9993,0.0001,0.0004,0.9993,0.0002,0.0001,CONNECTED,WARNING,3.22,15,1.0,v1.15,True,SUCCESS,LORA,POOR,15.12
REC-05801,2026-09-14T04:03:20Z,SITE-E,ESP32-E01,PV-E01,SITE-E-DUS-16,41,2.722,31.09,84.63,34.22,33.92,26.61,87.74,1010.49,34443.0,1.047,57.6,DEGRADED,OK,DUST,v1.15,DUST,0.9992,0.0001,0.0004,0.9992,0.0002,0.0001,CONNECTED,WARNING,2.36,15,1.0,v1.15,True,SUCCESS,LORA,POOR,15.12
REC-05802,2026-09-14T04:03:25Z,SITE-E,ESP32-E01,PV-E01,SITE-E-DUS-16,42,2.695,31.18,84.01,34.38,33.97,26.62,88.12,1010.45,34348.0,1.072,57.1,DEGRADED,LOST_IN_TRANSIT,DUST,v1.15,DUST,0.9994,0.0001,0.0004,0.9994,0.0001,0.0,CONNECTED,WARNING,3.1,15,1.0,v1.15,True,SUCCESS,LORA,POOR,15.12
REC-05803,2026-09-14T04:03:30Z,SITE-E,ESP32-E01,PV-E01,SITE-E-DUS-16,43,2.706,31.42,85.03,34.18,33.98,26.61,87.54,1010.44,34475.0,1.03,57.8,DEGRADED,OK,DUST,v1.15,DUST,0.9991,0.0001,0.0005,0.9991,0.0002,0.0001,CONNECTED,WARNING,3.41,15,1.0,v1.15,True,SUCCESS,LORA,POOR,15.12
REC-05804,2026-09-14T04:03:35Z,SITE-E,ESP32-E01,PV-E01,SITE-E-DUS-16,44,2.685,31.22,83.83,34.09,33.9,26.6,87.6,1010.47,34307.0,1.036,57.2,DEGRADED,OK,DUST,v1.15,DUST,0.9992,0.0001,0.0005,0.9992,0.0002,0.0001,CONNECTED,WARNING,4.62,15,1.0,v1.15,True,SUCCESS,LORA,POOR,15.12
REC-05805,2026-09-14T04:03:40Z,SITE-E,ESP32-E01,PV-E01,SITE-E-DUS-16,45,2.687,31.21,83.85,34.24,33.98,26.59,88.24,1010.47,34475.0,1.067,57.3,DEGRADED,OK,DUST,v1.15,DUST,0.9994,0.0001,0.0004,0.9994,0.0001,0.0,CONNECTED,WARNING,3.65,15,1.0,v1.15,True,SUCCESS,LORA,POOR,15.12
REC-05806,2026-09-14T04:03:45Z,SITE-E,ESP32-E01,PV-E01,SITE-E-DUS-16,46,2.711,31.45,85.26,34.44,34.02,26.59,88.15,1010.46,34450.0,1.089,58.1,DEGRADED,OK,DUST,v1.15,DUST,0.9995,0.0001,0.0003,0.9995,0.0001,0.0,CONNECTED,WARNING,2.31,15,1.0,v1.15,True,SUCCESS,LORA,POOR,15.12
REC-05807,2026-09-14T04:03:50Z,SITE-E,ESP32-E01,PV-E01,SITE-E-DUS-16,47,2.718,31.48,85.56,34.48,34.03,26.6,88.37,1010.48,34285.0,1.07,58.1,DEGRADED,OK,DUST,v1.15,DUST,0.9994,0.0001,0.0004,0.9994,0.0001,0.0,CONNECTED,WARNING,3.52,15,1.0,v1.15,True,SUCCESS,LORA,POOR,15.12
REC-05808,2026-09-14T04:03:55Z,SITE-E,ESP32-E01,PV-E01,SITE-E-DUS-16,48,2.704,31.14,84.21,34.2,34.0,26.59,88.14,1010.46,34241.0,1.128,57.4,DEGRADED,OK,DUST,v1.15,DUST,0.9996,0.0,0.0002,0.9996,0.0001,0.0,CONNECTED,WARNING,2.51,15,1.0,v1.15,True,SUCCESS,LORA,POOR,15.12
REC-05809,2026-09-14T04:04:00Z,SITE-E,ESP32-E01,PV-E01,SITE-E-DUS-16,49,2.687,31.69,85.17,34.23,34.0,26.59,88.0,1010.47,34336.0,1.042,58.0,DEGRADED,OK,DUST,v1.15,DUST,0.9992,0.0001,0.0005,0.9992,0.0002,0.0001,CONNECTED,WARNING,3.85,15,1.0,v1.15,True,SUCCESS,LORA,POOR,15.12
REC-05810,2026-09-14T04:04:05Z,SITE-E,ESP32-E01,PV-E01,SITE-E-DUS-16,50,2.726,30.97,84.42,34.48,34.06,26.59,88.39,1010.43,34655.0,0.959,57.1,DEGRADED,OK,DUST,v1.15,DUST,0.9983,0.0002,0.001,0.9983,0.0004,0.0001,CONNECTED,WARNING,3.26,15,1.0,v1.15,True,SUCCESS,LORA,POOR,15.12
REC-05811,2026-09-14T04:04:10Z,SITE-E,ESP32-E01,PV-E01,SITE-E-DUS-16,51,2.716,31.37,85.23,34.42,34.12,26.61,87.87,1010.47,34789.0,1.105,57.4,DEGRADED,OK,DUST,v1.15,DUST,0.9995,0.0001,0.0003,0.9995,0.0001,0.0,CONNECTED,WARNING,2.48,15,1.0,v1.15,True,SUCCESS,LORA,POOR,15.12
REC-05812,2026-09-14T04:04:15Z,SITE-E,ESP32-E01,PV-E01,SITE-E-DUS-16,52,2.702,31.03,83.84,34.49,33.96,26.61,87.9,1010.43,34437.0,1.025,57.0,DEGRADED,OK,DUST,v1.15,DUST,0.9991,0.0001,0.0006,0.9991,0.0002,0.0001,CONNECTED,WARNING,2.25,15,1.0,v1.15,True,SUCCESS,LORA,POOR,15.12
REC-05813,2026-09-14T04:04:20Z,SITE-E,ESP32-E01,PV-E01,SITE-E-DUS-16,53,2.681,31.66,84.88,34.49,34.19,26.62,87.98,1010.42,35107.0,0.994,57.3,DEGRADED,OK,DUST,v1.15,DUST,0.9988,0.0002,0.0007,0.9988,0.0003,0.0001,CONNECTED,WARNING,4.18,15,1.0,v1.15,True,SUCCESS,LORA,POOR,15.12
REC-05814,2026-09-14T04:04:25Z,SITE-E,ESP32-E01,PV-E01,SITE-E-DUS-16,54,2.701,31.88,86.09,34.53,34.1,26.63,88.14,1010.44,34705.0,1.083,58.0,DEGRADED,OK,DUST,v1.15,DUST,0.9994,0.0001,0.0003,0.9994,0.0001,0.0,CONNECTED,WARNING,4.75,15,1.0,v1.15,True,SUCCESS,LORA,POOR,15.12
REC-05815,2026-09-14T04:04:30Z,SITE-E,ESP32-E01,PV-E01,SITE-E-DUS-16,55,2.711,31.38,85.07,34.34,34.03,26.61,87.98,1010.44,34757.0,1.062,57.7,DEGRADED,OK,DUST,v1.15,DUST,0.9993,0.0001,0.0004,0.9993,0.0002,0.0,CONNECTED,WARNING,4.1,15,1.0,v1.15,True,SUCCESS,LORA,POOR,15.12
REC-05816,2026-09-14T04:04:35Z,SITE-E,ESP32-E01,PV-E01,SITE-E-DUS-16,56,2.682,31.59,84.73,34.43,34.08,26.63,87.55,1010.48,34448.0,0.963,57.6,DEGRADED,OK,DUST,v1.15,DUST,0.9984,0.0002,0.0009,0.9984,0.0003,0.0001,CONNECTED,WARNING,2.35,15,1.0,v1.15,True,SUCCESS,LORA,POOR,15.12
REC-05817,2026-09-14T04:04:40Z,SITE-E,ESP32-E01,PV-E01,SITE-E-DUS-16,57,2.681,31.63,84.79,34.59,34.07,26.62,87.92,1010.41,34271.0,1.08,57.4,DEGRADED,OK,DUST,v1.15,DUST,0.9994,0.0001,0.0003,0.9994,0.0001,0.0,CONNECTED,WARNING,2.42,15,1.0,v1.15,True,SUCCESS,LORA,POOR,15.12
REC-05818,2026-09-14T04:04:45Z,SITE-E,ESP32-E01,PV-E01,SITE-E-DUS-16,58,2.711,31.35,85.0,34.46,34.2,26.64,87.99,1010.48,34663.0,1.153,57.5,DEGRADED,OK,DUST,v1.15,DUST,0.9997,0.0,0.0002,0.9997,0.0001,0.0,CONNECTED,WARNING,4.6,15,1.0,v1.15,True,SUCCESS,LORA,POOR,15.12
REC-05819,2026-09-14T04:04:50Z,SITE-E,ESP32-E01,PV-E01,SITE-E-DUS-16,59,2.709,31.77,86.08,34.42,34.15,26.64,88.03,1010.43,34744.0,1.059,58.3,DEGRADED,OK,DUST,v1.15,DUST,0.9993,0.0001,0.0004,0.9993,0.0002,0.0,CONNECTED,WARNING,2.82,15,1.0,v1.15,True,SUCCESS,LORA,POOR,15.12
REC-05820,2026-09-14T04:04:55Z,SITE-E,ESP32-E01,PV-E01,SITE-E-DUS-16,60,2.684,31.1,83.47,34.37,34.07,26.64,87.87,1010.38,34678.0,1.025,56.6,DEGRADED,OK,DUST,v1.15,DUST,0.9991,0.0001,0.0005,0.9991,0.0002,0.0001,CONNECTED,WARNING,3.89,15,1.0,v1.15,True,SUCCESS,LORA,POOR,15.12
REC-05821,2026-09-14T04:10:00Z,SITE-A,ESP32-A01,PV-A01,SITE-A-PAR-06,1,2.328,51.33,119.51,39.15,40.83,26.75,85.2,1009.93,53127.0,0.075,53.0,DEGRADED,OK,PARTIAL_SHADING,v1.15,PARTIAL_SHADING,0.8208,0.1073,0.8208,0.0029,0.0087,0.0604,CONNECTED,WARNING,4.5,15,1.0,v1.15,True,SUCCESS,WIFI,GOOD,0.38
REC-05822,2026-09-14T04:10:05Z,SITE-A,ESP32-A01,PV-A01,SITE-A-PAR-06,2,2.316,51.42,119.09,39.04,40.89,26.76,85.37,1009.89,52958.0,0.072,52.9,DEGRADED,OK,PARTIAL_SHADING,v1.15,PARTIAL_SHADING,0.8184,0.1075,0.8184,0.0028,0.0082,0.063,CONNECTED,WARNING,3.06,15,1.0,v1.15,True,SUCCESS,WIFI,GOOD,0.38
REC-05823,2026-09-14T04:10:10Z,SITE-A,ESP32-A01,PV-A01,SITE-A-PAR-06,3,2.325,51.24,119.12,39.24,40.86,26.75,85.24,1009.92,52630.0,0.045,52.9,DEGRADED,OK,PARTIAL_SHADING,v1.15,PARTIAL_SHADING,0.8337,0.1008,0.8337,0.0019,0.007,0.0566,CONNECTED,WARNING,4.38,15,1.0,v1.15,True,SUCCESS,WIFI,GOOD,0.38
REC-05824,2026-09-14T04:10:15Z,SITE-A,ESP32-A01,PV-A01,SITE-A-PAR-06,4,2.323,51.52,119.67,39.18,40.96,26.76,85.74,1009.96,52987.0,0.055,53.1,DEGRADED,OK,PARTIAL_SHADING,v1.15,PARTIAL_SHADING,0.828,0.1035,0.828,0.0022,0.0074,0.0589,CONNECTED,WARNING,2.63,15,1.0,v1.15,True,SUCCESS,WIFI,GOOD,0.38
REC-05825,2026-09-14T04:10:20Z,SITE-A,ESP32-A01,PV-A01,SITE-A-PAR-06,5,2.317,51.41,119.13,39.21,40.94,26.78,85.33,1009.88,52876.0,0.053,52.8,DEGRADED,OK,PARTIAL_SHADING,v1.15,PARTIAL_SHADING,0.8306,0.1009,0.8306,0.0021,0.0073,0.0591,CONNECTED,WARNING,2.37,15,1.0,v1.15,True,SUCCESS,WIFI,GOOD,0.38
REC-05826,2026-09-14T04:10:25Z,SITE-A,ESP32-A01,PV-A01,SITE-A-PAR-06,6,2.345,51.24,120.15,39.27,40.87,26.78,85.3,1009.89,53089.0,0.047,53.0,DEGRADED,OK,PARTIAL_SHADING,v1.15,PARTIAL_SHADING,0.8304,0.1064,0.8304,0.002,0.0079,0.0533,CONNECTED,WARNING,3.24,15,1.0,v1.15,True,SUCCESS,WIFI,GOOD,0.38
REC-05827,2026-09-14T04:10:30Z,SITE-A,ESP32-A01,PV-A01,SITE-A-PAR-06,7,2.326,51.65,120.15,39.11,40.91,26.8,85.16,1009.95,52988.0,0.074,53.0,DEGRADED,OK,PARTIAL_SHADING,v1.15,PARTIAL_SHADING,0.814,0.1138,0.814,0.0029,0.0085,0.0607,CONNECTED,WARNING,2.28,15,1.0,v1.15,True,SUCCESS,WIFI,GOOD,0.38
REC-05828,2026-09-14T04:10:35Z,SITE-A,ESP32-A01,PV-A01,SITE-A-PAR-06,8,2.322,51.5,119.59,39.23,40.94,26.79,85.15,1009.92,53363.0,0.086,52.8,DEGRADED,OK,PARTIAL_SHADING,v1.15,PARTIAL_SHADING,0.8213,0.1042,0.8213,0.0033,0.009,0.0622,CONNECTED,WARNING,4.59,15,1.0,v1.15,True,SUCCESS,WIFI,GOOD,0.38
REC-05829,2026-09-14T04:10:40Z,SITE-A,ESP32-A01,PV-A01,SITE-A-PAR-06,9,2.315,51.19,118.51,39.26,40.99,26.79,85.37,1009.92,52976.0,0.062,52.4,DEGRADED,OK,PARTIAL_SHADING,v1.15,PARTIAL_SHADING,0.8345,0.0954,0.8345,0.0023,0.0076,0.06,CONNECTED,WARNING,4.64,15,1.0,v1.15,True,SUCCESS,WIFI,GOOD,0.38
REC-05830,2026-09-14T04:10:45Z,SITE-A,ESP32-A01,PV-A01,SITE-A-PAR-06,10,2.332,51.7,120.58,39.33,41.18,26.78,85.55,1009.95,53385.0,0.074,53.1,DEGRADED,OK,PARTIAL_SHADING,v1.15,PARTIAL_SHADING,0.8305,0.0996,0.8305,0.0028,0.0082,0.059,CONNECTED,WARNING,2.29,15,1.0,v1.15,True,SUCCESS,WIFI,GOOD,0.38
REC-05831,2026-09-14T04:10:50Z,SITE-A,ESP32-A01,PV-A01,SITE-A-PAR-06,11,2.313,51.71,119.62,39.31,41.05,26.8,85.09,1009.9,53532.0,0.08,52.6,DEGRADED,OK,PARTIAL_SHADING,v1.15,PARTIAL_SHADING,0.8276,0.0984,0.8276,0.0029,0.0083,0.0628,CONNECTED,WARNING,3.68,15,1.0,v1.15,True,SUCCESS,WIFI,GOOD,0.38
REC-05832,2026-09-14T04:10:55Z,SITE-A,ESP32-A01,PV-A01,SITE-A-PAR-06,12,2.326,51.24,119.19,39.23,40.85,26.81,85.34,1009.9,53167.0,0.067,52.7,DEGRADED,OK,PARTIAL_SHADING,v1.15,PARTIAL_SHADING,0.8256,0.1048,0.8256,0.0026,0.0085,0.0586,CONNECTED,WARNING,3.72,15,1.0,v1.15,True,SUCCESS,WIFI,GOOD,0.38
REC-05833,2026-09-14T04:11:00Z,SITE-A,ESP32-A01,PV-A01,SITE-A-PAR-06,13,2.331,51.02,118.92,38.98,40.85,26.8,85.36,1009.9,52879.0,0.065,52.9,DEGRADED,OK,PARTIAL_SHADING,v1.15,PARTIAL_SHADING,0.8172,0.1122,0.8172,0.0027,0.0087,0.0592,CONNECTED,WARNING,4.05,15,1.0,v1.15,True,SUCCESS,WIFI,GOOD,0.38
REC-05834,2026-09-14T04:11:05Z,SITE-A,ESP32-A01,PV-A01,SITE-A-PAR-06,14,2.321,51.36,119.17,39.08,40.84,26.81,85.41,1009.91,52760.0,0.063,53.1,DEGRADED,OK,PARTIAL_SHADING,v1.15,PARTIAL_SHADING,0.8181,0.1112,0.8181,0.0026,0.0081,0.06,CONNECTED,WARNING,2.83,15,1.0,v1.15,True,SUCCESS,WIFI,GOOD,0.38
REC-05835,2026-09-14T04:11:10Z,SITE-A,ESP32-A01,PV-A01,SITE-A-PAR-06,15,2.306,51.47,118.71,39.03,40.81,26.83,84.79,1009.96,52760.0,0.07,52.9,DEGRADED,OK,PARTIAL_SHADING,v1.15,PARTIAL_SHADING,0.8136,0.1119,0.8136,0.0028,0.0081,0.0637,CONNECTED,WARNING,3.68,15,1.0,v1.15,True,SUCCESS,WIFI,GOOD,0.38
REC-05836,2026-09-14T04:11:15Z,SITE-A,ESP32-A01,PV-A01,SITE-A-PAR-06,16,2.325,51.04,118.65,39.21,40.88,26.83,85.02,1009.87,52620.0,0.074,52.9,DEGRADED,OK,PARTIAL_SHADING,v1.15,PARTIAL_SHADING,0.8241,0.1051,0.8241,0.0029,0.0085,0.0594,CONNECTED,WARNING,4.75,15,1.0,v1.15,True,SUCCESS,WIFI,GOOD,0.38
REC-05837,2026-09-14T04:11:20Z,SITE-A,ESP32-A01,PV-A01,SITE-A-PAR-06,17,2.327,51.07,118.86,39.2,40.67,26.83,84.89,1009.88,52688.0,0.07,52.9,DEGRADED,OK,PARTIAL_SHADING,v1.15,PARTIAL_SHADING,0.8187,0.1116,0.8187,0.0028,0.0087,0.0582,CONNECTED,WARNING,2.12,15,1.0,v1.15,True,SUCCESS,WIFI,GOOD,0.38
REC-05838,2026-09-14T04:11:25Z,SITE-A,ESP32-A01,PV-A01,SITE-A-PAR-06,18,2.32,50.63,117.47,39.02,40.88,26.84,85.31,1009.88,52772.0,0.069,52.3,DEGRADED,OK,PARTIAL_SHADING,v1.15,PARTIAL_SHADING,0.8239,0.1038,0.8239,0.0027,0.0089,0.0607,CONNECTED,WARNING,2.51,15,1.0,v1.15,True,SUCCESS,WIFI,GOOD,0.38
REC-05839,2026-09-14T04:11:30Z,SITE-A,ESP32-A01,PV-A01,SITE-A-PAR-06,19,2.319,51.79,120.09,39.12,40.83,26.84,85.03,1009.96,52991.0,0.064,53.2,DEGRADED,OK,PARTIAL_SHADING,v1.15,PARTIAL_SHADING,0.8126,0.1165,0.8126,0.0026,0.0081,0.0601,CONNECTED,WARNING,4.51,15,1.0,v1.15,True,SUCCESS,WIFI,GOOD,0.38
REC-05840,2026-09-14T04:11:35Z,SITE-A,ESP32-A01,PV-A01,SITE-A-PAR-06,20,2.317,51.7,119.82,39.15,40.87,26.84,85.15,1009.9,53197.0,0.049,53.0,DEGRADED,OK,PARTIAL_SHADING,v1.15,PARTIAL_SHADING,0.821,0.1108,0.821,0.0021,0.0076,0.0585,CONNECTED,WARNING,2.56,15,1.0,v1.15,True,SUCCESS,WIFI,GOOD,0.38
REC-05841,2026-09-14T04:11:40Z,SITE-A,ESP32-A01,PV-A01,SITE-A-PAR-06,21,2.32,51.62,119.76,39.22,41.0,26.86,84.94,1009.91,53310.0,0.074,52.9,DEGRADED,OK,PARTIAL_SHADING,v1.15,PARTIAL_SHADING,0.8206,0.1073,0.8206,0.0029,0.0086,0.0607,CONNECTED,WARNING,4.39,15,1.0,v1.15,True,SUCCESS,WIFI,GOOD,0.38
REC-05842,2026-09-14T04:11:45Z,SITE-A,ESP32-A01,PV-A01,SITE-A-PAR-06,22,2.343,50.84,119.12,39.03,40.81,26.86,85.18,1009.87,53378.0,0.052,52.5,DEGRADED,OK,PARTIAL_SHADING,v1.15,PARTIAL_SHADING,0.82,0.1138,0.82,0.0023,0.0092,0.0547,CONNECTED,WARNING,2.29,15,1.0,v1.15,True,SUCCESS,WIFI,GOOD,0.38
REC-05843,2026-09-14T04:11:50Z,SITE-A,ESP32-A01,PV-A01,SITE-A-PAR-06,23,2.333,51.32,119.73,38.94,40.88,26.86,84.96,1009.91,52943.0,0.071,53.0,DEGRADED,OK,PARTIAL_SHADING,v1.15,PARTIAL_SHADING,0.8062,0.1221,0.8062,0.003,0.0092,0.0595,CONNECTED,WARNING,3.5,15,1.0,v1.15,True,SUCCESS,WIFI,GOOD,0.38
REC-05844,2026-09-14T04:11:55Z,SITE-A,ESP32-A01,PV-A01,SITE-A-PAR-06,24,2.344,51.19,120.0,39.12,40.92,26.87,85.53,1009.95,52724.0,0.073,53.1,DEGRADED,OK,PARTIAL_SHADING,v1.15,PARTIAL_SHADING,0.8132,0.118,0.8132,0.003,0.0092,0.0565,CONNECTED,WARNING,4.01,15,1.0,v1.15,True,SUCCESS,WIFI,GOOD,0.38
REC-05845,2026-09-14T04:12:00Z,SITE-A,ESP32-A01,PV-A01,SITE-A-PAR-06,25,2.324,51.53,119.75,38.91,40.87,26.87,85.44,1009.93,52958.0,0.054,53.0,DEGRADED,OK,PARTIAL_SHADING,v1.15,PARTIAL_SHADING,0.8077,0.1224,0.8077,0.0024,0.0083,0.0591,CONNECTED,WARNING,3.25,15,1.0,v1.15,True,SUCCESS,WIFI,GOOD,0.38
REC-05846,2026-09-14T04:12:05Z,SITE-A,ESP32-A01,PV-A01,SITE-A-PAR-06,26,2.329,51.25,119.37,39.15,40.75,26.87,85.35,1009.92,52967.0,0.059,52.7,DEGRADED,OK,PARTIAL_SHADING,v1.15,PARTIAL_SHADING,0.8171,0.115,0.8171,0.0025,0.0085,0.0569,CONNECTED,WARNING,4.71,15,1.0,v1.15,True,SUCCESS,WIFI,GOOD,0.38
REC-05847,2026-09-14T04:12:10Z,SITE-A,ESP32-A01,PV-A01,SITE-A-PAR-06,27,2.33,51.07,119.0,39.12,40.92,26.88,85.21,1009.87,52787.0,0.086,52.8,DEGRADED,OK,PARTIAL_SHADING,v1.15,PARTIAL_SHADING,0.8142,0.1124,0.8142,0.0035,0.0096,0.0603,CONNECTED,WARNING,4.5,15,1.0,v1.15,True,SUCCESS,WIFI,GOOD,0.38
REC-05848,2026-09-14T04:12:15Z,SITE-A,ESP32-A01,PV-A01,SITE-A-PAR-06,28,2.339,51.26,119.87,39.17,40.8,26.89,84.69,1009.91,52891.0,0.064,53.3,DEGRADED,OK,PARTIAL_SHADING,v1.15,PARTIAL_SHADING,0.8142,0.1185,0.8142,0.0027,0.009,0.0556,CONNECTED,WARNING,3.23,15,1.0,v1.15,True,SUCCESS,WIFI,GOOD,0.38
REC-05849,2026-09-14T04:12:20Z,SITE-A,ESP32-A01,PV-A01,SITE-A-PAR-06,29,2.341,50.88,119.11,39.03,40.78,26.9,85.16,1009.92,52931.0,0.053,52.9,DEGRADED,OK,PARTIAL_SHADING,v1.15,PARTIAL_SHADING,0.8151,0.1188,0.8151,0.0024,0.0091,0.0546,CONNECTED,WARNING,4.17,15,1.0,v1.15,True,SUCCESS,WIFI,GOOD,0.38
REC-05850,2026-09-14T04:12:25Z,SITE-A,ESP32-A01,PV-A01,SITE-A-PAR-06,30,2.331,51.06,119.01,39.1,40.8,26.91,85.07,1009.89,53273.0,0.073,52.7,DEGRADED,TEMP2_MISSING_-999,PARTIAL_SHADING,v1.15,PARTIAL_SHADING,0.8135,0.1155,0.8135,0.003,0.0098,0.0582,CONNECTED,WARNING,4.65,15,1.0,v1.15,True,SUCCESS,WIFI,GOOD,0.38
REC-05851,2026-09-14T04:12:30Z,SITE-A,ESP32-A01,PV-A01,SITE-A-PAR-06,31,2.33,51.48,119.92,39.17,40.83,26.91,85.37,1009.94,53255.0,0.057,53.0,DEGRADED,OK,PARTIAL_SHADING,v1.15,PARTIAL_SHADING,0.8157,0.1169,0.8157,0.0024,0.0086,0.0564,CONNECTED,WARNING,3.82,15,1.0,v1.15,True,SUCCESS,WIFI,GOOD,0.38
REC-05852,2026-09-14T04:12:35Z,SITE-A,ESP32-A01,PV-A01,SITE-A-PAR-06,32,2.338,51.88,121.32,39.06,40.8,26.9,85.49,1009.95,53590.0,0.046,53.5,DEGRADED,OK,PARTIAL_SHADING,v1.15,PARTIAL_SHADING,0.8084,0.127,0.8084,0.0022,0.0085,0.0539,CONNECTED,WARNING,2.83,15,1.0,v1.15,True,SUCCESS,WIFI,GOOD,0.38
REC-05853,2026-09-14T04:12:40Z,SITE-A,ESP32-A01,PV-A01,SITE-A-PAR-06,33,2.349,51.72,121.49,39.23,40.91,26.92,85.4,1009.9,53401.0,0.07,53.6,DEGRADED,OK,PARTIAL_SHADING,v1.15,PARTIAL_SHADING,0.8085,0.1244,0.8085,0.0029,0.0095,0.0546,CONNECTED,WARNING,2.95,15,1.0,v1.15,True,SUCCESS,WIFI,GOOD,0.38
REC-05854,2026-09-14T04:12:45Z,SITE-A,ESP32-A01,PV-A01,SITE-A-PAR-06,34,2.345,51.89,121.67,39.17,40.85,26.93,85.68,1009.94,53564.0,0.056,53.5,DEGRADED,OK,PARTIAL_SHADING,v1.15,PARTIAL_SHADING,0.8087,0.1268,0.8087,0.0025,0.0089,0.053,CONNECTED,WARNING,4.28,15,1.0,v1.15,True,SUCCESS,WIFI,GOOD,0.38
REC-05855,2026-09-14T04:12:50Z,SITE-A,ESP32-A01,PV-A01,SITE-A-PAR-06,35,2.324,51.66,120.09,39.1,40.94,26.93,85.13,1009.92,53316.0,0.068,52.9,DEGRADED,OK,PARTIAL_SHADING,v1.15,PARTIAL_SHADING,0.8101,0.1189,0.8101,0.0028,0.009,0.0592,CONNECTED,WARNING,2.38,15,1.0,v1.15,True,SUCCESS,WIFI,GOOD,0.38
REC-05856,2026-09-14T04:12:55Z,SITE-A,ESP32-A01,PV-A01,SITE-A-PAR-06,36,2.313,52.13,120.58,39.15,40.92,26.93,85.12,1009.95,53232.0,0.057,53.0,DEGRADED,OK,PARTIAL_SHADING,v1.15,PARTIAL_SHADING,0.8104,0.1196,0.8104,0.0024,0.008,0.0595,CONNECTED,WARNING,3.4,15,1.0,v1.15,True,SUCCESS,WIFI,GOOD,0.38
REC-05857,2026-09-14T04:13:00Z,SITE-A,ESP32-A01,PV-A01,SITE-A-PAR-06,37,2.336,51.23,119.67,39.15,41.03,26.93,85.61,1009.98,53452.0,0.072,52.5,DEGRADED,OK,PARTIAL_SHADING,v1.15,PARTIAL_SHADING,0.8178,0.1122,0.8178,0.0029,0.0097,0.0574,CONNECTED,WARNING,3.87,15,1.0,v1.15,True,SUCCESS,WIFI,GOOD,0.38
REC-05858,2026-09-14T04:13:05Z,SITE-A,ESP32-A01,PV-A01,SITE-A-PAR-06,38,2.342,52.32,122.54,39.22,40.88,26.92,85.35,1009.89,53510.0,0.067,53.8,DEGRADED,OK,PARTIAL_SHADING,v1.15,PARTIAL_SHADING,0.8013,0.1312,0.8013,0.0028,0.0093,0.0554,CONNECTED,WARNING,4.21,15,1.0,v1.15,True,SUCCESS,WIFI,GOOD,0.38
REC-05859,2026-09-14T04:13:10Z,SITE-A,ESP32-A01,PV-A01,SITE-A-PAR-06,39,2.314,52.49,121.49,39.13,40.84,26.92,85.23,1009.94,53475.0,0.039,53.3,DEGRADED,OK,PARTIAL_SHADING,v1.15,PARTIAL_SHADING,0.813,0.1223,0.813,0.0019,0.0073,0.0555,CONNECTED,WARNING,3.62,15,1.0,v1.15,True,SUCCESS,WIFI,GOOD,0.38
REC-05860,2026-09-14T04:13:15Z,SITE-A,ESP32-A01,PV-A01,SITE-A-PAR-06,40,2.32,52.09,120.87,39.22,40.82,26.92,85.85,1009.96,53572.0,0.069,52.9,DEGRADED,OK,PARTIAL_SHADING,v1.15,PARTIAL_SHADING,0.8083,0.1208,0.8083,0.0028,0.009,0.0592,CONNECTED,WARNING,3.08,15,1.0,v1.15,True,SUCCESS,WIFI,GOOD,0.38
REC-05861,2026-09-14T04:13:20Z,SITE-A,ESP32-A01,PV-A01,SITE-A-PAR-06,41,2.327,52.29,121.7,39.18,41.15,26.91,85.47,1009.89,53898.0,0.062,53.1,DEGRADED,OK,PARTIAL_SHADING,v1.15,PARTIAL_SHADING,0.815,0.1159,0.815,0.0025,0.0085,0.0581,CONNECTED,WARNING,3.88,15,1.0,v1.15,True,SUCCESS,WIFI,GOOD,0.38
REC-05862,2026-09-14T04:13:25Z,SITE-A,ESP32-A01,PV-A01,SITE-A-PAR-06,42,2.321,52.27,121.29,39.19,41.06,26.91,85.24,1009.9,53881.0,0.079,52.7,DEGRADED,OK,PARTIAL_SHADING,v1.15,PARTIAL_SHADING,0.8093,0.117,0.8093,0.0031,0.0093,0.0613,CONNECTED,WARNING,3.71,15,1.0,v1.15,True,SUCCESS,WIFI,GOOD,0.38
REC-05863,2026-09-14T04:13:30Z,SITE-A,ESP32-A01,PV-A01,SITE-A-PAR-06,43,2.337,52.51,122.7,39.34,41.02,26.9,85.09,1009.9,54172.0,0.069,53.0,DEGRADED,OK,PARTIAL_SHADING,v1.15,PARTIAL_SHADING,0.8118,0.1198,0.8118,0.0027,0.0091,0.0565,CONNECTED,WARNING,2.18,15,1.0,v1.15,True,SUCCESS,WIFI,GOOD,0.38
REC-05864,2026-09-14T04:13:35Z,SITE-A,ESP32-A01,PV-A01,SITE-A-PAR-06,44,2.315,52.56,121.69,39.28,41.23,26.89,85.7,1009.92,54345.0,0.073,52.5,DEGRADED,OK,PARTIAL_SHADING,v1.15,PARTIAL_SHADING,0.8185,0.1082,0.8185,0.0028,0.0086,0.0619,CONNECTED,WARNING,4.72,15,1.0,v1.15,True,SUCCESS,WIFI,GOOD,0.38
REC-05865,2026-09-14T04:13:40Z,SITE-A,ESP32-A01,PV-A01,SITE-A-PAR-06,45,2.344,52.58,123.25,39.39,41.17,26.89,85.36,1009.91,54405.0,0.058,53.2,DEGRADED,OK,PARTIAL_SHADING,v1.15,PARTIAL_SHADING,0.8222,0.1138,0.8222,0.0024,0.0083,0.0534,CONNECTED,WARNING,2.29,15,1.0,v1.15,True,SUCCESS,WIFI,GOOD,0.38
REC-05866,2026-09-14T04:13:45Z,SITE-A,ESP32-A01,PV-A01,SITE-A-PAR-06,46,2.323,52.9,122.88,39.38,40.97,26.9,85.31,1009.91,54373.0,0.057,53.0,DEGRADED,OK,PARTIAL_SHADING,v1.15,PARTIAL_SHADING,0.8162,0.117,0.8162,0.0023,0.0082,0.0563,CONNECTED,WARNING,3.37,15,1.0,v1.15,True,SUCCESS,WIFI,GOOD,0.38
REC-05867,2026-09-14T04:13:50Z,SITE-A,ESP32-A01,PV-A01,SITE-A-PAR-06,47,2.335,52.9,123.55,39.3,41.04,26.89,85.5,1009.95,54562.0,0.065,53.2,DEGRADED,OK,PARTIAL_SHADING,v1.15,PARTIAL_SHADING,0.8106,0.1218,0.8106,0.0026,0.009,0.056,CONNECTED,WARNING,3.49,15,1.0,v1.15,True,SUCCESS,WIFI,GOOD,0.38
REC-05868,2026-09-14T04:13:55Z,SITE-A,ESP32-A01,PV-A01,SITE-A-PAR-06,48,2.325,53.47,124.3,39.38,41.1,26.89,85.56,1009.86,54783.0,0.061,53.4,DEGRADED,OK,PARTIAL_SHADING,v1.15,PARTIAL_SHADING,0.8145,0.1187,0.8145,0.0024,0.0082,0.0562,CONNECTED,WARNING,4.09,15,1.0,v1.15,True,SUCCESS,WIFI,GOOD,0.38
REC-05869,2026-09-14T04:14:00Z,SITE-A,ESP32-A01,PV-A01,SITE-A-PAR-06,49,2.326,53.17,123.65,39.35,41.07,26.89,85.46,1009.89,55017.0,0.078,52.9,DEGRADED,OK,PARTIAL_SHADING,v1.15,PARTIAL_SHADING,0.808,0.1195,0.808,0.003,0.0097,0.0597,CONNECTED,WARNING,4.51,15,1.0,v1.15,True,SUCCESS,WIFI,GOOD,0.38
REC-05870,2026-09-14T04:14:05Z,SITE-A,ESP32-A01,PV-A01,SITE-A-PAR-06,50,2.328,52.42,122.04,39.22,41.09,26.89,85.57,1009.94,54564.0,0.063,52.5,DEGRADED,OK,PARTIAL_SHADING,v1.15,PARTIAL_SHADING,0.8162,0.1144,0.8162,0.0025,0.0089,0.058,CONNECTED,WARNING,3.2,15,1.0,v1.15,True,SUCCESS,WIFI,GOOD,0.38
REC-05871,2026-09-14T04:14:10Z,SITE-A,ESP32-A01,PV-A01,SITE-A-PAR-06,51,2.346,53.54,125.58,39.37,41.22,26.9,85.44,1009.94,54708.0,0.053,53.8,DEGRADED,OK,PARTIAL_SHADING,v1.15,PARTIAL_SHADING,0.8181,0.1216,0.8181,0.0023,0.0078,0.0502,CONNECTED,WARNING,4.02,15,1.0,v1.15,True,SUCCESS,WIFI,GOOD,0.38
REC-05872,2026-09-14T04:14:15Z,SITE-A,ESP32-A01,PV-A01,SITE-A-PAR-06,52,2.334,53.0,123.71,39.47,41.11,26.9,85.47,1009.89,55112.0,0.057,52.7,DEGRADED,SPIKE_IRRADIANCE,PARTIAL_SHADING,v1.15,PARTIAL_SHADING,0.8259,0.1105,0.8259,0.0023,0.0082,0.0531,CONNECTED,WARNING,2.34,15,1.0,v1.15,True,SUCCESS,WIFI,GOOD,0.38
REC-05873,2026-09-14T04:14:20Z,SITE-A,ESP32-A01,PV-A01,SITE-A-PAR-06,53,2.311,53.35,123.31,39.53,41.25,26.9,85.08,1009.94,55387.0,0.075,52.4,DEGRADED,OK,PARTIAL_SHADING,v1.15,PARTIAL_SHADING,0.8237,0.1043,0.8237,0.0027,0.0087,0.0607,CONNECTED,WARNING,3.55,15,1.0,v1.15,True,SUCCESS,WIFI,GOOD,0.38
REC-05874,2026-09-14T04:14:25Z,SITE-A,ESP32-A01,PV-A01,SITE-A-PAR-06,54,2.334,53.61,125.12,39.51,41.33,26.92,85.84,1009.96,55516.0,0.063,53.1,DEGRADED,OK,PARTIAL_SHADING,v1.15,PARTIAL_SHADING,0.8283,0.1089,0.8283,0.0024,0.0081,0.0523,CONNECTED,WARNING,2.93,15,1.0,v1.15,True,SUCCESS,WIFI,GOOD,0.38
REC-05875,2026-09-14T04:14:30Z,SITE-A,ESP32-A01,PV-A01,SITE-A-PAR-06,55,2.325,53.68,124.82,39.56,41.26,26.92,84.93,1009.92,55397.0,0.063,53.0,DEGRADED,OK,PARTIAL_SHADING,v1.15,PARTIAL_SHADING,0.8276,0.1083,0.8276,0.0024,0.0079,0.0539,CONNECTED,WARNING,2.59,15,1.0,v1.15,True,SUCCESS,WIFI,GOOD,0.38
REC-05876,2026-09-14T04:14:35Z,SITE-A,ESP32-A01,PV-A01,SITE-A-PAR-06,56,2.325,53.09,123.45,39.41,41.23,26.92,85.39,1009.89,55525.0,0.076,52.4,DEGRADED,OK,PARTIAL_SHADING,v1.15,PARTIAL_SHADING,0.8216,0.1087,0.8216,0.0029,0.0093,0.0575,CONNECTED,WARNING,2.35,15,1.0,v1.15,True,SUCCESS,WIFI,GOOD,0.38
REC-05877,2026-09-14T04:14:40Z,SITE-A,ESP32-A01,PV-A01,SITE-A-PAR-06,57,2.33,53.4,124.44,39.48,41.2,26.93,84.9,1009.95,55715.0,0.056,52.7,DEGRADED,OK,PARTIAL_SHADING,v1.15,PARTIAL_SHADING,0.8313,0.1072,0.8313,0.0023,0.008,0.0512,CONNECTED,WARNING,4.75,15,1.0,v1.15,True,SUCCESS,WIFI,GOOD,0.38
REC-05878,2026-09-14T04:14:45Z,SITE-A,ESP32-A01,PV-A01,SITE-A-PAR-06,58,2.325,53.28,123.87,39.67,41.35,26.92,85.27,1009.97,55484.0,0.043,52.4,DEGRADED,OK,PARTIAL_SHADING,v1.15,PARTIAL_SHADING,0.847,0.0945,0.847,0.0018,0.0067,0.05,CONNECTED,WARNING,4.14,15,1.0,v1.15,True,SUCCESS,WIFI,GOOD,0.38
REC-05879,2026-09-14T04:14:50Z,SITE-A,ESP32-A01,PV-A01,SITE-A-PAR-06,59,2.301,54.08,124.46,39.41,41.21,26.91,85.13,1009.89,55894.0,0.056,52.6,DEGRADED,OK,PARTIAL_SHADING,v1.15,PARTIAL_SHADING,0.8267,0.1067,0.8267,0.0022,0.0076,0.0569,CONNECTED,WARNING,3.28,15,1.0,v1.15,True,SUCCESS,WIFI,GOOD,0.38
REC-05880,2026-09-14T04:14:55Z,SITE-A,ESP32-A01,PV-A01,SITE-A-PAR-06,60,2.313,54.32,125.62,39.56,41.35,26.9,85.34,1009.92,55732.0,0.067,53.0,DEGRADED,OK,PARTIAL_SHADING,v1.15,PARTIAL_SHADING,0.8249,0.108,0.8249,0.0024,0.0078,0.0569,CONNECTED,WARNING,4.19,15,1.0,v1.15,True,SUCCESS,WIFI,GOOD,0.38
REC-05881,2026-09-14T06:56:00Z,SITE-C,ESP32-C01,PV-C01,SITE-C-SHO-18,1,0.031,49.72,1.52,36.66,37.07,28.5,83.69,1009.6,30485.0,0.097,1.2,POOR,OK,SHORT_CIRCUIT,v1.16,SHORT_CIRCUIT,0.987,0.0001,0.0127,0.0,0.0002,0.987,ISOLATED,CRITICAL,3.63,16,1.0,v1.16,True,SUCCESS,LORA,GOOD,1.33
REC-05882,2026-09-14T06:56:05Z,SITE-C,ESP32-C01,PV-C01,SITE-C-SHO-18,2,0.023,49.07,1.12,36.69,37.12,28.49,84.13,1009.64,30349.0,0.102,0.9,POOR,OK,SHORT_CIRCUIT,v1.16,SHORT_CIRCUIT,0.9868,0.0001,0.0129,0.0,0.0002,0.9868,ISOLATED,CRITICAL,3.18,16,1.0,v1.16,True,SUCCESS,LORA,GOOD,1.33
REC-05883,2026-09-14T06:56:10Z,SITE-C,ESP32-C01,PV-C01,SITE-C-SHO-18,3,0.028,49.76,1.38,36.81,36.98,28.49,84.01,1009.66,30619.0,0.103,1.1,POOR,OK,SHORT_CIRCUIT,v1.16,SHORT_CIRCUIT,0.9869,0.0001,0.0128,0.0,0.0002,0.9869,ISOLATED,CRITICAL,3.78,16,1.0,v1.16,True,SUCCESS,LORA,GOOD,1.33
REC-05884,2026-09-14T06:56:15Z,SITE-C,ESP32-C01,PV-C01,SITE-C-SHO-18,4,0.032,49.32,1.56,36.81,36.95,28.48,84.04,1009.56,30405.0,0.095,1.2,POOR,OK,SHORT_CIRCUIT,v1.16,SHORT_CIRCUIT,0.9864,0.0001,0.0133,0.0,0.0002,0.9864,ISOLATED,CRITICAL,4.29,16,1.0,v1.16,True,SUCCESS,LORA,GOOD,1.33
REC-05885,2026-09-14T06:56:20Z,SITE-C,ESP32-C01,PV-C01,SITE-C-SHO-18,5,0.026,49.6,1.31,36.68,37.15,28.49,84.15,1009.67,30690.0,0.102,1.0,POOR,OK,SHORT_CIRCUIT,v1.16,SHORT_CIRCUIT,0.9871,0.0001,0.0126,0.0,0.0002,0.9871,ISOLATED,CRITICAL,3.99,16,1.0,v1.16,True,SUCCESS,LORA,GOOD,1.33
REC-05886,2026-09-14T06:56:25Z,SITE-C,ESP32-C01,PV-C01,SITE-C-SHO-18,6,0.033,50.01,1.64,36.73,37.14,28.51,83.63,1009.61,31025.0,0.104,1.3,POOR,OK,SHORT_CIRCUIT,v1.16,SHORT_CIRCUIT,0.987,0.0001,0.0127,0.0,0.0002,0.987,ISOLATED,CRITICAL,4.25,16,1.0,v1.16,True,SUCCESS,LORA,GOOD,1.33
REC-05887,2026-09-14T06:56:30Z,SITE-C,ESP32-C01,PV-C01,SITE-C-SHO-18,7,0.037,50.39,1.88,36.81,37.04,28.52,83.61,1009.63,30752.0,0.106,1.5,POOR,OK,SHORT_CIRCUIT,v1.16,SHORT_CIRCUIT,0.987,0.0001,0.0127,0.0,0.0002,0.987,ISOLATED,CRITICAL,4.5,16,1.0,v1.16,True,SUCCESS,LORA,GOOD,1.33
REC-05888,2026-09-14T06:56:35Z,SITE-C,ESP32-C01,PV-C01,SITE-C-SHO-18,8,0.035,49.92,1.77,36.9,37.03,28.52,84.24,1009.68,30655.0,0.105,1.4,POOR,OK,SHORT_CIRCUIT,v1.16,SHORT_CIRCUIT,0.9865,0.0001,0.0132,0.0,0.0002,0.9865,ISOLATED,CRITICAL,3.7,16,1.0,v1.16,True,SUCCESS,LORA,GOOD,1.33
REC-05889,2026-09-14T06:56:40Z,SITE-C,ESP32-C01,PV-C01,SITE-C-SHO-18,9,0.031,49.35,1.52,36.72,37.09,28.5,83.8,1009.65,30812.0,0.113,1.2,POOR,OK,SHORT_CIRCUIT,v1.16,SHORT_CIRCUIT,0.9868,0.0001,0.0128,0.0,0.0002,0.9868,ISOLATED,CRITICAL,4.37,16,1.0,v1.16,True,SUCCESS,LORA,GOOD,1.33
REC-05890,2026-09-14T06:56:45Z,SITE-C,ESP32-C01,PV-C01,SITE-C-SHO-18,10,0.038,50.13,1.91,36.68,37.11,28.5,83.46,1009.61,30952.0,0.107,1.5,POOR,OK,SHORT_CIRCUIT,v1.16,SHORT_CIRCUIT,0.9871,0.0001,0.0126,0.0,0.0002,0.9871,ISOLATED,CRITICAL,2.82,16,1.0,v1.16,True,SUCCESS,LORA,GOOD,1.33
REC-05891,2026-09-14T06:56:50Z,SITE-C,ESP32-C01,PV-C01,SITE-C-SHO-18,11,0.032,49.85,1.6,36.9,37.04,28.51,83.85,1009.6,30777.0,0.12,1.2,POOR,OK,SHORT_CIRCUIT,v1.16,SHORT_CIRCUIT,0.9868,0.0001,0.0129,0.0,0.0002,0.9868,ISOLATED,CRITICAL,3.46,16,1.0,v1.16,True,SUCCESS,LORA,GOOD,1.33
REC-05892,2026-09-14T06:56:55Z,SITE-C,ESP32-C01,PV-C01,SITE-C-SHO-18,12,0.03,50.31,1.53,36.67,37.12,28.5,83.86,1009.61,30811.0,0.11,1.2,POOR,OK,SHORT_CIRCUIT,v1.16,SHORT_CIRCUIT,0.9875,0.0001,0.0122,0.0,0.0002,0.9875,ISOLATED,CRITICAL,3.04,16,1.0,v1.16,True,SUCCESS,LORA,GOOD,1.33
REC-05893,2026-09-14T06:57:00Z,SITE-C,ESP32-C01,PV-C01,SITE-C-SHO-18,13,0.031,50.24,1.54,36.84,37.01,28.5,83.97,1009.6,31047.0,0.11,1.2,POOR,OK,SHORT_CIRCUIT,v1.16,SHORT_CIRCUIT,0.9871,0.0001,0.0126,0.0,0.0002,0.9871,ISOLATED,CRITICAL,3.92,16,1.0,v1.16,True,SUCCESS,LORA,GOOD,1.33
REC-05894,2026-09-14T06:57:05Z,SITE-C,ESP32-C01,PV-C01,SITE-C-SHO-18,14,0.032,49.74,1.57,36.6,37.05,28.5,83.78,1009.66,30982.0,0.088,1.2,POOR,OK,SHORT_CIRCUIT,v1.16,SHORT_CIRCUIT,0.987,0.0001,0.0127,0.0,0.0002,0.987,ISOLATED,CRITICAL,2.63,16,1.0,v1.16,True,SUCCESS,LORA,GOOD,1.33
REC-05895,2026-09-14T06:57:10Z,SITE-C,ESP32-C01,PV-C01,SITE-C-SHO-18,15,0.033,50.47,1.69,36.79,37.02,28.5,84.42,1009.64,31095.0,0.108,1.3,POOR,OK,SHORT_CIRCUIT,v1.16,SHORT_CIRCUIT,0.9873,0.0001,0.0124,0.0,0.0002,0.9873,ISOLATED,CRITICAL,2.26,16,1.0,v1.16,True,SUCCESS,LORA,GOOD,1.33
REC-05896,2026-09-14T06:57:15Z,SITE-C,ESP32-C01,PV-C01,SITE-C-SHO-18,16,0.027,50.11,1.34,36.8,37.14,28.5,83.63,1009.63,31151.0,0.109,1.0,POOR,OK,SHORT_CIRCUIT,v1.16,SHORT_CIRCUIT,0.9872,0.0001,0.0125,0.0,0.0002,0.9872,ISOLATED,CRITICAL,3.14,16,1.0,v1.16,True,SUCCESS,LORA,GOOD,1.33
REC-05897,2026-09-14T06:57:20Z,SITE-C,ESP32-C01,PV-C01,SITE-C-SHO-18,17,0.037,50.82,1.88,36.76,37.09,28.5,83.31,1009.61,31068.0,0.1,1.5,POOR,OK,SHORT_CIRCUIT,v1.16,SHORT_CIRCUIT,0.9872,0.0001,0.0125,0.0,0.0002,0.9872,ISOLATED,CRITICAL,3.72,16,1.0,v1.16,True,SUCCESS,LORA,GOOD,1.33
REC-05898,2026-09-14T06:57:25Z,SITE-C,ESP32-C01,PV-C01,SITE-C-SHO-18,18,0.038,50.02,1.89,36.95,37.26,28.49,83.46,1009.64,31273.0,0.08,1.5,POOR,OK,SHORT_CIRCUIT,v1.16,SHORT_CIRCUIT,0.9859,0.0001,0.0139,0.0,0.0001,0.9859,ISOLATED,CRITICAL,3.52,16,1.0,v1.16,True,SUCCESS,LORA,GOOD,1.33
REC-05899,2026-09-14T06:57:30Z,SITE-C,ESP32-C01,PV-C01,SITE-C-SHO-18,19,0.043,50.21,2.18,36.79,37.15,28.49,83.67,1009.56,31186.0,0.077,1.7,POOR,OK,SHORT_CIRCUIT,v1.16,SHORT_CIRCUIT,0.9862,0.0001,0.0135,0.0,0.0002,0.9862,ISOLATED,CRITICAL,3.46,16,1.0,v1.16,True,SUCCESS,LORA,GOOD,1.33
REC-05900,2026-09-14T06:57:35Z,SITE-C,ESP32-C01,PV-C01,SITE-C-SHO-18,20,0.023,49.88,1.12,36.79,37.02,28.49,84.04,1009.68,30767.0,0.097,0.9,POOR,OK,SHORT_CIRCUIT,v1.16,SHORT_CIRCUIT,0.9871,0.0001,0.0126,0.0,0.0002,0.9871,ISOLATED,CRITICAL,2.43,16,1.0,v1.16,True,SUCCESS,LORA,GOOD,1.33
REC-05901,2026-09-14T06:57:40Z,SITE-C,ESP32-C01,PV-C01,SITE-C-SHO-18,21,0.031,50.33,1.57,36.75,37.17,28.47,83.83,1009.61,30895.0,0.095,1.2,POOR,OK,SHORT_CIRCUIT,v1.16,SHORT_CIRCUIT,0.9871,0.0001,0.0127,0.0,0.0002,0.9871,ISOLATED,CRITICAL,3.81,16,1.0,v1.16,True,SUCCESS,LORA,GOOD,1.33
REC-05902,2026-09-14T06:57:45Z,SITE-C,ESP32-C01,PV-C01,SITE-C-SHO-18,22,0.027,49.32,1.32,36.7,37.07,28.46,84.0,1009.59,30677.0,0.085,1.0,POOR,OK,SHORT_CIRCUIT,v1.16,SHORT_CIRCUIT,0.9866,0.0001,0.0131,0.0,0.0001,0.9866,ISOLATED,CRITICAL,3.75,16,1.0,v1.16,True,SUCCESS,LORA,GOOD,1.33
REC-05903,2026-09-14T06:57:50Z,SITE-C,ESP32-C01,PV-C01,SITE-C-SHO-18,23,0.034,50.37,1.71,36.9,37.14,28.45,83.69,1009.65,30421.0,0.104,1.3,POOR,OK,SHORT_CIRCUIT,v1.16,SHORT_CIRCUIT,0.9868,0.0001,0.0129,0.0,0.0002,0.9868,ISOLATED,CRITICAL,4.19,16,1.0,v1.16,True,SUCCESS,LORA,GOOD,1.33
REC-05904,2026-09-14T06:57:55Z,SITE-C,ESP32-C01,PV-C01,SITE-C-SHO-18,24,0.037,49.25,1.81,36.67,36.92,28.44,84.02,1009.65,30286.0,0.089,1.4,POOR,OK,SHORT_CIRCUIT,v1.16,SHORT_CIRCUIT,0.9864,0.0001,0.0133,0.0,0.0002,0.9864,ISOLATED,CRITICAL,3.67,16,1.0,v1.16,True,SUCCESS,LORA,GOOD,1.33
REC-05905,2026-09-14T06:58:00Z,SITE-C,ESP32-C01,PV-C01,SITE-C-SHO-18,25,0.031,49.36,1.53,36.88,37.1,28.44,83.42,1009.62,30470.0,0.083,1.2,POOR,OK,SHORT_CIRCUIT,v1.16,SHORT_CIRCUIT,0.986,0.0001,0.0137,0.0,0.0001,0.986,ISOLATED,CRITICAL,2.19,16,1.0,v1.16,True,SUCCESS,LORA,GOOD,1.33
REC-05906,2026-09-14T06:58:05Z,SITE-C,ESP32-C01,PV-C01,SITE-C-SHO-18,26,0.029,49.69,1.45,36.65,37.2,28.43,83.94,1009.66,30644.0,0.121,1.1,POOR,OK,SHORT_CIRCUIT,v1.16,SHORT_CIRCUIT,0.9873,0.0001,0.0124,0.0,0.0002,0.9873,ISOLATED,CRITICAL,2.95,16,1.0,v1.16,True,SUCCESS,LORA,GOOD,1.33
REC-05907,2026-09-14T06:58:10Z,SITE-C,ESP32-C01,PV-C01,SITE-C-SHO-18,27,0.028,49.4,1.4,36.7,37.07,28.41,84.07,1009.65,30300.0,0.105,1.1,POOR,OK,SHORT_CIRCUIT,v1.16,SHORT_CIRCUIT,0.9869,0.0001,0.0128,0.0,0.0002,0.9869,ISOLATED,CRITICAL,3.27,16,1.0,v1.16,True,SUCCESS,LORA,GOOD,1.33
REC-05908,2026-09-14T06:58:15Z,SITE-C,ESP32-C01,PV-C01,SITE-C-SHO-18,28,0.03,49.03,1.45,36.64,36.96,28.43,83.62,1009.63,30107.0,0.096,1.1,POOR,OK,SHORT_CIRCUIT,v1.16,SHORT_CIRCUIT,0.9867,0.0001,0.013,0.0,0.0002,0.9867,ISOLATED,CRITICAL,2.92,16,1.0,v1.16,True,SUCCESS,LORA,GOOD,1.33
REC-05909,2026-09-14T06:58:20Z,SITE-C,ESP32-C01,PV-C01,SITE-C-SHO-18,29,0.033,49.14,1.6,36.64,37.12,28.42,84.4,1009.57,30389.0,0.086,1.3,POOR,OK,SHORT_CIRCUIT,v1.16,SHORT_CIRCUIT,0.9864,0.0001,0.0133,0.0,0.0001,0.9864,ISOLATED,CRITICAL,2.29,16,1.0,v1.16,True,SUCCESS,LORA,GOOD,1.33
REC-05910,2026-09-14T06:58:25Z,SITE-C,ESP32-C01,PV-C01,SITE-C-SHO-18,30,0.033,49.42,1.61,36.71,36.99,28.4,83.33,1009.62,30483.0,0.091,1.3,POOR,OK,SHORT_CIRCUIT,v1.16,SHORT_CIRCUIT,0.9866,0.0001,0.0131,0.0,0.0001,0.9866,ISOLATED,CRITICAL,4.31,16,1.0,v1.16,True,SUCCESS,LORA,GOOD,1.33
REC-05911,2026-09-14T06:58:30Z,SITE-C,ESP32-C01,PV-C01,SITE-C-SHO-18,31,0.038,49.44,1.89,36.87,37.09,28.41,84.1,1009.62,30763.0,0.094,1.5,POOR,TEMP2_MISSING_-999,SHORT_CIRCUIT,v1.16,SHORT_CIRCUIT,0.986,0.0001,0.0137,0.0,0.0001,0.986,ISOLATED,CRITICAL,4.21,16,1.0,v1.16,True,SUCCESS,LORA,GOOD,1.33
REC-05912,2026-09-14T06:58:35Z,SITE-C,ESP32-C01,PV-C01,SITE-C-SHO-18,32,0.03,49.94,1.5,36.83,37.23,28.4,84.14,1009.61,30672.0,0.095,1.2,POOR,OK,SHORT_CIRCUIT,v1.16,SHORT_CIRCUIT,0.9867,0.0001,0.0131,0.0,0.0001,0.9867,ISOLATED,CRITICAL,3.89,16,1.0,v1.16,True,SUCCESS,LORA,GOOD,1.33
REC-05913,2026-09-14T06:58:40Z,SITE-C,ESP32-C01,PV-C01,SITE-C-SHO-18,33,0.035,49.43,1.74,36.69,36.96,28.4,83.63,1009.61,30561.0,0.097,1.4,POOR,OK,SHORT_CIRCUIT,v1.16,SHORT_CIRCUIT,0.9867,0.0001,0.013,0.0,0.0002,0.9867,ISOLATED,CRITICAL,4.26,16,1.0,v1.16,True,SUCCESS,LORA,GOOD,1.33
REC-05914,2026-09-14T06:58:45Z,SITE-C,ESP32-C01,PV-C01,SITE-C-SHO-18,34,0.026,49.53,1.3,36.57,37.04,28.4,83.99,1009.64,30385.0,0.088,1.0,POOR,OK,SHORT_CIRCUIT,v1.16,SHORT_CIRCUIT,0.9872,0.0001,0.0126,0.0,0.0001,0.9872,ISOLATED,CRITICAL,2.97,16,1.0,v1.16,True,SUCCESS,LORA,GOOD,1.33
REC-05915,2026-09-14T06:58:50Z,SITE-C,ESP32-C01,PV-C01,SITE-C-SHO-18,35,0.024,49.36,1.21,36.73,37.19,28.41,83.64,1009.58,30321.0,0.091,1.0,POOR,OK,SHORT_CIRCUIT,v1.16,SHORT_CIRCUIT,0.9867,0.0001,0.013,0.0,0.0001,0.9867,ISOLATED,CRITICAL,4.09,16,1.0,v1.16,True,SUCCESS,LORA,GOOD,1.33
REC-05916,2026-09-14T06:58:55Z,SITE-C,ESP32-C01,PV-C01,SITE-C-SHO-18,36,0.036,49.86,1.79,36.67,37.12,28.41,83.98,1009.66,30810.0,0.083,1.4,POOR,OK,SHORT_CIRCUIT,v1.16,SHORT_CIRCUIT,0.9867,0.0001,0.0131,0.0,0.0001,0.9867,ISOLATED,CRITICAL,3.27,16,1.0,v1.16,True,SUCCESS,LORA,GOOD,1.33
REC-05917,2026-09-14T06:59:00Z,SITE-C,ESP32-C01,PV-C01,SITE-C-SHO-18,37,0.033,49.55,1.64,36.63,37.09,28.4,83.83,1009.62,30580.0,0.08,1.3,POOR,OK,SHORT_CIRCUIT,v1.16,SHORT_CIRCUIT,0.9866,0.0001,0.0131,0.0,0.0001,0.9866,ISOLATED,CRITICAL,4.58,16,1.0,v1.16,True,SUCCESS,LORA,GOOD,1.33
REC-05918,2026-09-14T06:59:05Z,SITE-C,ESP32-C01,PV-C01,SITE-C-SHO-18,38,0.029,49.79,1.42,36.8,36.91,28.39,83.89,1009.59,30956.0,0.085,1.1,POOR,OK,SHORT_CIRCUIT,v1.16,SHORT_CIRCUIT,0.9868,0.0001,0.013,0.0,0.0001,0.9868,ISOLATED,CRITICAL,3.41,16,1.0,v1.16,True,SUCCESS,LORA,GOOD,1.33
REC-05919,2026-09-14T06:59:10Z,SITE-C,ESP32-C01,PV-C01,SITE-C-SHO-18,39,0.027,49.8,1.32,36.62,36.97,28.37,83.72,1009.61,30737.0,0.094,1.0,POOR,OK,SHORT_CIRCUIT,v1.16,SHORT_CIRCUIT,0.9873,0.0001,0.0124,0.0,0.0001,0.9873,ISOLATED,CRITICAL,3.25,16,1.0,v1.16,True,SUCCESS,LORA,GOOD,1.33
REC-05920,2026-09-14T06:59:15Z,SITE-C,ESP32-C01,PV-C01,SITE-C-SHO-18,40,0.029,50.27,1.44,36.72,37.11,28.37,83.72,1009.63,30824.0,0.097,1.1,POOR,OK,SHORT_CIRCUIT,v1.16,SHORT_CIRCUIT,0.9873,0.0001,0.0125,0.0,0.0001,0.9873,ISOLATED,CRITICAL,3.51,16,1.0,v1.16,True,SUCCESS,LORA,GOOD,1.33
REC-05921,2026-09-14T06:59:20Z,SITE-C,ESP32-C01,PV-C01,SITE-C-SHO-18,41,0.032,49.73,1.6,36.77,37.03,28.37,83.66,1009.66,30806.0,0.105,1.3,POOR,OK,SHORT_CIRCUIT,v1.16,SHORT_CIRCUIT,0.9869,0.0001,0.0129,0.0,0.0002,0.9869,ISOLATED,CRITICAL,4.47,16,1.0,v1.16,True,SUCCESS,LORA,GOOD,1.33
REC-05922,2026-09-14T06:59:25Z,SITE-C,ESP32-C01,PV-C01,SITE-C-SHO-18,42,0.032,49.93,1.6,36.81,37.04,28.36,84.09,1009.64,30896.0,0.104,1.2,POOR,OK,SHORT_CIRCUIT,v1.16,SHORT_CIRCUIT,0.9869,0.0001,0.0128,0.0,0.0001,0.9869,ISOLATED,CRITICAL,3.23,16,1.0,v1.16,True,SUCCESS,LORA,GOOD,1.33
REC-05923,2026-09-14T06:59:30Z,SITE-C,ESP32-C01,PV-C01,SITE-C-SHO-18,43,0.024,50.37,1.22,36.68,37.2,28.36,84.39,1009.66,31070.0,0.106,0.9,POOR,DUPLICATE_RECEIVED,SHORT_CIRCUIT,v1.16,SHORT_CIRCUIT,0.9877,0.0001,0.0121,0.0,0.0001,0.9877,ISOLATED,CRITICAL,4.65,16,1.0,v1.16,True,SUCCESS,LORA,GOOD,1.33
REC-05924,2026-09-14T06:59:35Z,SITE-C,ESP32-C01,PV-C01,SITE-C-SHO-18,44,0.025,49.96,1.24,36.88,37.12,28.35,84.58,1009.62,30787.0,0.097,1.0,POOR,OK,SHORT_CIRCUIT,v1.16,SHORT_CIRCUIT,0.9869,0.0001,0.0129,0.0,0.0001,0.9869,ISOLATED,CRITICAL,4.24,16,1.0,v1.16,True,SUCCESS,LORA,GOOD,1.33
REC-05925,2026-09-14T06:59:40Z,SITE-C,ESP32-C01,PV-C01,SITE-C-SHO-18,45,0.032,49.69,1.58,36.77,37.01,28.34,84.17,1009.61,30577.0,0.107,1.2,POOR,OK,SHORT_CIRCUIT,v1.16,SHORT_CIRCUIT,0.9869,0.0001,0.0128,0.0,0.0001,0.9869,ISOLATED,CRITICAL,3.6,16,1.0,v1.16,True,SUCCESS,LORA,GOOD,1.33
REC-05926,2026-09-14T06:59:45Z,SITE-C,ESP32-C01,PV-C01,SITE-C-SHO-18,46,0.034,49.81,1.7,36.76,37.14,28.35,83.89,1009.68,30963.0,0.079,1.3,POOR,OK,SHORT_CIRCUIT,v1.16,SHORT_CIRCUIT,0.9864,0.0001,0.0133,0.0,0.0001,0.9864,ISOLATED,CRITICAL,2.75,16,1.0,v1.16,True,SUCCESS,LORA,GOOD,1.33
REC-05927,2026-09-14T06:59:50Z,SITE-C,ESP32-C01,PV-C01,SITE-C-SHO-18,47,0.027,50.52,1.39,36.67,37.02,28.35,84.19,1009.62,31176.0,0.106,1.1,POOR,OK,SHORT_CIRCUIT,v1.16,SHORT_CIRCUIT,0.9878,0.0001,0.012,0.0,0.0002,0.9878,ISOLATED,CRITICAL,3.42,16,1.0,v1.16,True,SUCCESS,LORA,GOOD,1.33
REC-05928,2026-09-14T06:59:55Z,SITE-C,ESP32-C01,PV-C01,SITE-C-SHO-18,48,0.024,50.02,1.22,36.73,36.99,28.36,84.0,1009.6,31049.0,0.1,0.9,POOR,OK,SHORT_CIRCUIT,v1.16,SHORT_CIRCUIT,0.9874,0.0001,0.0124,0.0,0.0001,0.9874,ISOLATED,CRITICAL,4.66,16,1.0,v1.16,True,SUCCESS,LORA,GOOD,1.33
REC-05929,2026-09-14T07:00:00Z,SITE-C,ESP32-C01,PV-C01,SITE-C-SHO-18,49,0.032,50.63,1.6,36.75,37.13,28.35,83.79,1009.6,31001.0,0.11,1.2,POOR,OK,SHORT_CIRCUIT,v1.16,SHORT_CIRCUIT,0.9875,0.0001,0.0122,0.0,0.0002,0.9875,ISOLATED,CRITICAL,2.82,16,1.0,v1.16,True,SUCCESS,LORA,GOOD,1.84
REC-05930,2026-09-14T07:00:05Z,SITE-C,ESP32-C01,PV-C01,SITE-C-SHO-18,50,0.02,49.78,1.0,36.72,36.95,28.35,84.49,1009.63,30810.0,0.073,0.8,POOR,OK,SHORT_CIRCUIT,v1.16,SHORT_CIRCUIT,0.9871,0.0001,0.0127,0.0,0.0001,0.9871,ISOLATED,CRITICAL,3.3,16,1.0,v1.16,True,SUCCESS,LORA,GOOD,1.84
REC-05931,2026-09-14T07:00:10Z,SITE-C,ESP32-C01,PV-C01,SITE-C-SHO-18,51,0.029,49.53,1.46,36.79,36.98,28.35,84.19,1009.59,31105.0,0.109,1.1,POOR,OK,SHORT_CIRCUIT,v1.16,SHORT_CIRCUIT,0.9869,0.0001,0.0128,0.0,0.0002,0.9869,ISOLATED,CRITICAL,4.52,16,1.0,v1.16,True,SUCCESS,LORA,GOOD,1.84
REC-05932,2026-09-14T07:00:15Z,SITE-C,ESP32-C01,PV-C01,SITE-C-SHO-18,52,0.034,50.51,1.74,36.73,37.0,28.35,83.67,1009.63,30972.0,0.084,1.3,POOR,OK,SHORT_CIRCUIT,v1.16,SHORT_CIRCUIT,0.9871,0.0001,0.0127,0.0,0.0001,0.9871,ISOLATED,CRITICAL,2.59,16,1.0,v1.16,True,SUCCESS,LORA,GOOD,1.84
REC-05933,2026-09-14T07:00:20Z,SITE-C,ESP32-C01,PV-C01,SITE-C-SHO-18,53,0.03,50.42,1.52,36.86,37.08,28.35,84.18,1009.62,30710.0,0.111,1.2,POOR,OK,SHORT_CIRCUIT,v1.16,SHORT_CIRCUIT,0.9872,0.0001,0.0125,0.0,0.0001,0.9872,ISOLATED,CRITICAL,4.25,16,1.0,v1.16,True,SUCCESS,LORA,GOOD,1.84
REC-05934,2026-09-14T07:00:25Z,SITE-C,ESP32-C01,PV-C01,SITE-C-SHO-18,54,0.023,50.31,1.18,36.71,37.12,28.35,84.07,1009.64,30928.0,0.092,0.9,POOR,OK,SHORT_CIRCUIT,v1.16,SHORT_CIRCUIT,0.9875,0.0001,0.0123,0.0,0.0001,0.9875,ISOLATED,CRITICAL,3.22,16,1.0,v1.16,True,SUCCESS,LORA,GOOD,1.84
REC-05935,2026-09-14T07:00:30Z,SITE-C,ESP32-C01,PV-C01,SITE-C-SHO-18,55,0.039,50.03,1.94,36.76,37.04,28.38,83.61,1009.57,30983.0,0.104,1.5,POOR,OK,SHORT_CIRCUIT,v1.16,SHORT_CIRCUIT,0.9868,0.0001,0.0129,0.0,0.0002,0.9868,ISOLATED,CRITICAL,2.99,16,1.0,v1.16,True,SUCCESS,LORA,GOOD,1.84
REC-05936,2026-09-14T07:00:35Z,SITE-C,ESP32-C01,PV-C01,SITE-C-SHO-18,56,0.031,50.14,1.57,36.85,36.98,28.39,83.92,1009.56,30998.0,0.099,1.2,POOR,OK,SHORT_CIRCUIT,v1.16,SHORT_CIRCUIT,0.9869,0.0001,0.0128,0.0,0.0001,0.9869,ISOLATED,CRITICAL,4.36,16,1.0,v1.16,True,SUCCESS,LORA,GOOD,1.84
REC-05937,2026-09-14T07:00:40Z,SITE-C,ESP32-C01,PV-C01,SITE-C-SHO-18,57,0.032,49.9,1.61,36.69,36.97,28.39,83.88,1009.61,30771.0,0.11,1.3,POOR,OK,SHORT_CIRCUIT,v1.16,SHORT_CIRCUIT,0.9873,0.0001,0.0125,0.0,0.0002,0.9873,ISOLATED,CRITICAL,3.49,16,1.0,v1.16,True,SUCCESS,LORA,GOOD,1.84
REC-05938,2026-09-14T07:00:45Z,SITE-C,ESP32-C01,PV-C01,SITE-C-SHO-18,58,0.036,49.68,1.77,36.6,36.9,28.4,83.12,1009.62,30805.0,0.102,1.4,POOR,OK,SHORT_CIRCUIT,v1.16,SHORT_CIRCUIT,0.9871,0.0001,0.0126,0.0,0.0002,0.9871,ISOLATED,CRITICAL,3.85,16,1.0,v1.16,True,SUCCESS,LORA,GOOD,1.84
REC-05939,2026-09-14T07:00:50Z,SITE-C,ESP32-C01,PV-C01,SITE-C-SHO-18,59,0.03,50.05,1.52,36.69,37.1,28.41,83.47,1009.59,30765.0,0.116,1.2,POOR,OK,SHORT_CIRCUIT,v1.16,SHORT_CIRCUIT,0.9874,0.0001,0.0123,0.0,0.0002,0.9874,ISOLATED,CRITICAL,3.7,16,1.0,v1.16,True,SUCCESS,LORA,GOOD,1.84
REC-05940,2026-09-14T07:00:55Z,SITE-C,ESP32-C01,PV-C01,SITE-C-SHO-18,60,0.03,49.82,1.48,36.79,36.97,28.39,84.22,1009.58,30682.0,0.093,1.2,POOR,OK,SHORT_CIRCUIT,v1.16,SHORT_CIRCUIT,0.9868,0.0001,0.0129,0.0,0.0001,0.9868,ISOLATED,CRITICAL,2.22,16,1.0,v1.16,True,SUCCESS,LORA,GOOD,1.84
REC-05941,2026-09-14T08:50:00Z,SITE-A,ESP32-A01,PV-A01,SITE-A-PAR-16,1,2.407,58.35,140.47,42.82,45.45,30.81,73.54,1008.25,68610.0,0.101,46.5,DEGRADED,OK,PARTIAL_SHADING,v1.16,PARTIAL_SHADING,0.9706,0.0212,0.9706,0.005,0.0012,0.002,CONNECTED,WARNING,4.22,16,1.0,v1.16,True,SUCCESS,WIFI,GOOD,0.88
REC-05942,2026-09-14T08:50:05Z,SITE-A,ESP32-A01,PV-A01,SITE-A-PAR-16,2,2.423,57.81,140.09,42.91,45.36,30.8,72.96,1008.29,68490.0,0.107,46.4,DEGRADED,OK,PARTIAL_SHADING,v1.16,PARTIAL_SHADING,0.9693,0.0219,0.9693,0.0054,0.0014,0.002,CONNECTED,WARNING,2.13,16,1.0,v1.16,True,SUCCESS,WIFI,GOOD,0.88
REC-05943,2026-09-14T08:50:10Z,SITE-A,ESP32-A01,PV-A01,SITE-A-PAR-16,3,2.442,57.97,141.55,42.88,45.41,30.8,73.21,1008.29,68227.0,0.106,47.1,DEGRADED,OK,PARTIAL_SHADING,v1.16,PARTIAL_SHADING,0.9667,0.0243,0.9667,0.0057,0.0014,0.0019,CONNECTED,WARNING,3.42,16,1.0,v1.16,True,SUCCESS,WIFI,GOOD,0.88
REC-05944,2026-09-14T08:50:15Z,SITE-A,ESP32-A01,PV-A01,SITE-A-PAR-16,4,2.436,57.45,139.92,42.85,45.23,30.81,73.2,1008.3,68354.0,0.1,46.7,DEGRADED,OK,PARTIAL_SHADING,v1.16,PARTIAL_SHADING,0.9687,0.0229,0.9687,0.0051,0.0014,0.0019,CONNECTED,WARNING,2.35,16,1.0,v1.16,True,SUCCESS,WIFI,GOOD,0.88
REC-05945,2026-09-14T08:50:20Z,SITE-A,ESP32-A01,PV-A01,SITE-A-PAR-16,5,2.42,57.96,140.23,42.58,45.26,30.8,73.17,1008.33,68316.0,0.08,46.8,DEGRADED,OK,PARTIAL_SHADING,v1.16,PARTIAL_SHADING,0.9706,0.0227,0.9706,0.0039,0.0011,0.0017,CONNECTED,WARNING,2.72,16,1.0,v1.16,True,SUCCESS,WIFI,GOOD,0.88
REC-05946,2026-09-14T08:50:25Z,SITE-A,ESP32-A01,PV-A01,SITE-A-PAR-16,6,2.435,57.71,140.55,42.74,45.38,30.81,72.77,1008.35,67563.0,0.101,47.0,DEGRADED,OK,PARTIAL_SHADING,v1.16,PARTIAL_SHADING,0.9668,0.0246,0.9668,0.0054,0.0013,0.0019,CONNECTED,WARNING,4.03,16,1.0,v1.16,True,SUCCESS,WIFI,GOOD,0.88
REC-05947,2026-09-14T08:50:30Z,SITE-A,ESP32-A01,PV-A01,SITE-A-PAR-16,7,2.423,57.6,139.59,42.71,45.19,30.81,73.97,1008.29,67908.0,0.096,46.7,DEGRADED,OK,PARTIAL_SHADING,v1.16,PARTIAL_SHADING,0.9682,0.0238,0.9682,0.0049,0.0013,0.0019,CONNECTED,WARNING,4.52,16,1.0,v1.16,True,SUCCESS,WIFI,GOOD,0.88
REC-05948,2026-09-14T08:50:35Z,SITE-A,ESP32-A01,PV-A01,SITE-A-PAR-16,8,2.411,57.85,139.44,42.78,45.46,30.84,73.14,1008.32,68432.0,0.091,46.4,DEGRADED,OK,PARTIAL_SHADING,v1.16,PARTIAL_SHADING,0.9729,0.0199,0.9729,0.0043,0.0011,0.0018,CONNECTED,WARNING,3.02,16,1.0,v1.16,True,SUCCESS,WIFI,GOOD,0.88
REC-05949,2026-09-14T08:50:40Z,SITE-A,ESP32-A01,PV-A01,SITE-A-PAR-16,9,2.432,58.24,141.65,42.74,45.21,30.84,73.16,1008.31,67995.0,0.109,47.3,DEGRADED,OK,PARTIAL_SHADING,v1.16,PARTIAL_SHADING,0.9634,0.0271,0.9634,0.0062,0.0014,0.002,CONNECTED,WARNING,2.46,16,1.0,v1.16,True,SUCCESS,WIFI,GOOD,0.88
REC-05950,2026-09-14T08:50:45Z,SITE-A,ESP32-A01,PV-A01,SITE-A-PAR-16,10,2.401,58.12,139.51,42.89,45.25,30.83,72.82,1008.29,68417.0,0.093,46.4,DEGRADED,OK,PARTIAL_SHADING,v1.16,PARTIAL_SHADING,0.9714,0.0212,0.9714,0.0044,0.0012,0.0019,CONNECTED,WARNING,4.45,16,1.0,v1.16,True,SUCCESS,WIFI,GOOD,0.88
REC-05951,2026-09-14T08:50:50Z,SITE-A,ESP32-A01,PV-A01,SITE-A-PAR-16,11,2.406,58.91,141.74,42.87,45.25,30.83,73.66,1008.24,68492.0,0.09,47.2,DEGRADED,OK,PARTIAL_SHADING,v1.16,PARTIAL_SHADING,0.9686,0.0241,0.9686,0.0045,0.0011,0.0018,CONNECTED,WARNING,4.18,16,1.0,v1.16,True,SUCCESS,WIFI,GOOD,0.88
REC-05952,2026-09-14T08:50:55Z,SITE-A,ESP32-A01,PV-A01,SITE-A-PAR-16,12,2.444,57.91,141.56,42.83,45.36,30.83,73.37,1008.32,67902.0,0.106,47.2,DEGRADED,OK,PARTIAL_SHADING,v1.16,PARTIAL_SHADING,0.9657,0.0253,0.9657,0.0058,0.0014,0.0019,CONNECTED,WARNING,2.15,16,1.0,v1.16,True,SUCCESS,WIFI,GOOD,0.88
REC-05953,2026-09-14T08:51:00Z,SITE-A,ESP32-A01,PV-A01,SITE-A-PAR-16,13,2.42,58.21,140.89,42.8,45.43,30.84,73.29,1008.31,68250.0,0.091,46.9,DEGRADED,TEMP1_MISSING_-999,PARTIAL_SHADING,v1.16,PARTIAL_SHADING,0.9703,0.0223,0.9703,0.0045,0.0011,0.0018,CONNECTED,WARNING,2.69,16,1.0,v1.16,True,SUCCESS,WIFI,GOOD,0.88
REC-05954,2026-09-14T08:51:05Z,SITE-A,ESP32-A01,PV-A01,SITE-A-PAR-16,14,2.401,58.09,139.47,42.94,45.45,30.84,73.31,1008.3,68429.0,0.089,46.5,DEGRADED,OK,PARTIAL_SHADING,v1.16,PARTIAL_SHADING,0.9738,0.0193,0.9738,0.004,0.0011,0.0018,CONNECTED,WARNING,3.94,16,1.0,v1.16,True,SUCCESS,WIFI,GOOD,0.88
REC-05955,2026-09-14T08:51:10Z,SITE-A,ESP32-A01,PV-A01,SITE-A-PAR-16,15,2.421,57.99,140.41,42.7,45.42,30.82,73.58,1008.26,67783.0,0.084,46.9,DEGRADED,OK,PARTIAL_SHADING,v1.16,PARTIAL_SHADING,0.9706,0.0225,0.9706,0.0041,0.0011,0.0017,CONNECTED,WARNING,3.84,16,1.0,v1.16,True,SUCCESS,WIFI,GOOD,0.88
REC-05956,2026-09-14T08:51:15Z,SITE-A,ESP32-A01,PV-A01,SITE-A-PAR-16,16,2.437,58.51,142.61,42.66,45.45,30.84,73.26,1008.35,68322.0,0.087,47.4,DEGRADED,OK,PARTIAL_SHADING,v1.16,PARTIAL_SHADING,0.9677,0.0249,0.9677,0.0046,0.0011,0.0016,CONNECTED,WARNING,3.01,16,1.0,v1.16,True,SUCCESS,WIFI,GOOD,0.88
REC-05957,2026-09-14T08:51:20Z,SITE-A,ESP32-A01,PV-A01,SITE-A-PAR-16,17,2.432,58.11,141.34,42.68,45.22,30.85,72.8,1008.29,67817.0,0.088,47.3,DEGRADED,OK,PARTIAL_SHADING,v1.16,PARTIAL_SHADING,0.9664,0.0262,0.9664,0.0047,0.0012,0.0017,CONNECTED,WARNING,2.51,16,1.0,v1.16,True,SUCCESS,WIFI,GOOD,0.88
REC-05958,2026-09-14T08:51:25Z,SITE-A,ESP32-A01,PV-A01,SITE-A-PAR-16,18,2.415,57.27,138.29,42.69,45.21,30.85,73.01,1008.26,67992.0,0.101,46.3,DEGRADED,TEMP1_SENTINEL_-127,PARTIAL_SHADING,v1.16,PARTIAL_SHADING,0.9696,0.022,0.9696,0.0051,0.0013,0.0019,CONNECTED,WARNING,2.92,16,1.0,v1.16,True,SUCCESS,WIFI,GOOD,0.88
REC-05959,2026-09-14T08:51:30Z,SITE-A,ESP32-A01,PV-A01,SITE-A-PAR-16,19,2.419,58.08,140.49,42.78,45.33,30.87,73.0,1008.25,68052.0,0.085,47.0,DEGRADED,TEMP1_SENTINEL_-127,PARTIAL_SHADING,v1.16,PARTIAL_SHADING,0.9704,0.0227,0.9704,0.0042,0.0011,0.0017,CONNECTED,WARNING,3.61,16,1.0,v1.16,True,SUCCESS,WIFI,GOOD,0.88
REC-05960,2026-09-14T08:51:35Z,SITE-A,ESP32-A01,PV-A01,SITE-A-PAR-16,20,2.428,58.19,141.29,42.68,45.43,30.89,73.48,1008.31,68189.0,0.076,47.1,DEGRADED,TEMP1_SENTINEL_-127,PARTIAL_SHADING,v1.16,PARTIAL_SHADING,0.9711,0.0227,0.9711,0.0038,0.001,0.0015,CONNECTED,WARNING,3.19,16,1.0,v1.16,True,SUCCESS,WIFI,GOOD,0.88
REC-05961,2026-09-14T08:51:40Z,SITE-A,ESP32-A01,PV-A01,SITE-A-PAR-16,21,2.419,57.96,140.2,42.75,45.21,30.91,73.68,1008.31,68087.0,0.098,46.8,DEGRADED,TEMP1_SENTINEL_-127,PARTIAL_SHADING,v1.16,PARTIAL_SHADING,0.9679,0.024,0.9679,0.0051,0.0012,0.0018,CONNECTED,WARNING,2.16,16,1.0,v1.16,True,SUCCESS,WIFI,GOOD,0.88
REC-05962,2026-09-14T08:51:45Z,SITE-A,ESP32-A01,PV-A01,SITE-A-PAR-16,22,2.434,58.87,143.25,42.71,45.52,30.92,73.84,1008.28,68376.0,0.089,47.4,DEGRADED,TEMP1_SENTINEL_-127,PARTIAL_SHADING,v1.16,PARTIAL_SHADING,0.9679,0.0247,0.9679,0.0047,0.001,0.0016,CONNECTED,WARNING,2.73,16,1.0,v1.16,True,SUCCESS,WIFI,GOOD,0.88
REC-05963,2026-09-14T08:51:50Z,SITE-A,ESP32-A01,PV-A01,SITE-A-PAR-16,23,2.42,59.14,143.13,42.95,45.3,30.92,72.91,1008.3,69005.0,0.095,47.3,DEGRADED,TEMP1_SENTINEL_-127,PARTIAL_SHADING,v1.16,PARTIAL_SHADING,0.9672,0.025,0.9672,0.005,0.0011,0.0017,CONNECTED,WARNING,2.58,16,1.0,v1.16,True,SUCCESS,WIFI,GOOD,0.88
REC-05964,2026-09-14T08:51:55Z,SITE-A,ESP32-A01,PV-A01,SITE-A-PAR-16,24,2.444,58.35,142.63,42.78,45.39,30.92,73.59,1008.31,68248.0,0.108,47.4,DEGRADED,TEMP1_SENTINEL_-127,PARTIAL_SHADING,v1.16,PARTIAL_SHADING,0.9653,0.0255,0.9653,0.006,0.0013,0.0019,CONNECTED,WARNING,2.86,16,1.0,v1.16,True,SUCCESS,WIFI,GOOD,0.88
REC-05965,2026-09-14T08:52:00Z,SITE-A,ESP32-A01,PV-A01,SITE-A-PAR-16,25,2.439,57.63,140.56,42.67,45.27,30.91,73.22,1008.29,67978.0,0.096,46.9,DEGRADED,TEMP1_SENTINEL_-127,PARTIAL_SHADING,v1.16,PARTIAL_SHADING,0.9681,0.024,0.9681,0.005,0.0012,0.0017,CONNECTED,WARNING,3.81,16,1.0,v1.16,True,SUCCESS,WIFI,GOOD,0.88
REC-05966,2026-09-14T08:52:05Z,SITE-A,ESP32-A01,PV-A01,SITE-A-PAR-16,26,2.425,57.63,139.75,42.88,45.28,30.92,74.28,1008.27,68194.0,0.11,46.6,DEGRADED,TEMP1_SENTINEL_-127,PARTIAL_SHADING,v1.16,PARTIAL_SHADING,0.9684,0.0225,0.9684,0.0058,0.0014,0.002,CONNECTED,WARNING,2.83,16,1.0,v1.16,True,SUCCESS,WIFI,GOOD,0.88
REC-05967,2026-09-14T08:52:10Z,SITE-A,ESP32-A01,PV-A01,SITE-A-PAR-16,27,2.402,58.08,139.52,42.75,45.25,30.93,73.82,1008.32,67841.0,0.094,46.7,DEGRADED,TEMP1_SENTINEL_-127,PARTIAL_SHADING,v1.16,PARTIAL_SHADING,0.9694,0.023,0.9694,0.0048,0.0011,0.0018,CONNECTED,WARNING,2.56,16,1.0,v1.16,True,SUCCESS,WIFI,GOOD,0.88
REC-05968,2026-09-14T08:52:15Z,SITE-A,ESP32-A01,PV-A01,SITE-A-PAR-16,28,2.41,58.23,140.33,42.6,45.21,30.94,73.91,1008.32,68076.0,0.105,46.9,DEGRADED,TEMP1_SENTINEL_-127,PARTIAL_SHADING,v1.16,PARTIAL_SHADING,0.9664,0.0247,0.9664,0.0058,0.0012,0.0019,CONNECTED,WARNING,3.12,16,1.0,v1.16,True,SUCCESS,WIFI,GOOD,0.88
REC-05969,2026-09-14T08:52:20Z,SITE-A,ESP32-A01,PV-A01,SITE-A-PAR-16,29,2.442,57.06,139.33,42.66,45.3,30.94,73.64,1008.31,67921.0,0.09,46.7,DEGRADED,TEMP1_SENTINEL_-127,PARTIAL_SHADING,v1.16,PARTIAL_SHADING,0.971,0.0217,0.971,0.0044,0.0012,0.0016,CONNECTED,WARNING,2.97,16,1.0,v1.16,True,SUCCESS,WIFI,GOOD,0.88
REC-05970,2026-09-14T08:52:25Z,SITE-A,ESP32-A01,PV-A01,SITE-A-PAR-16,30,2.41,57.98,139.72,42.82,45.19,30.93,73.51,1008.26,67614.0,0.096,46.9,DEGRADED,TEMP1_SENTINEL_-127,PARTIAL_SHADING,v1.16,PARTIAL_SHADING,0.9679,0.0243,0.9679,0.005,0.0011,0.0018,CONNECTED,WARNING,4.68,16,1.0,v1.16,True,SUCCESS,WIFI,GOOD,0.88
REC-05971,2026-09-14T08:52:30Z,SITE-A,ESP32-A01,PV-A01,SITE-A-PAR-16,31,2.417,57.37,138.64,42.71,45.21,30.94,73.28,1008.25,67430.0,0.086,46.7,DEGRADED,TEMP1_SENTINEL_-127,PARTIAL_SHADING,v1.16,PARTIAL_SHADING,0.9704,0.0226,0.9704,0.0042,0.0011,0.0016,CONNECTED,WARNING,4.44,16,1.0,v1.16,True,SUCCESS,WIFI,GOOD,0.88
REC-05972,2026-09-14T08:52:35Z,SITE-A,ESP32-A01,PV-A01,SITE-A-PAR-16,32,2.434,56.95,138.59,42.67,45.32,30.95,73.22,1008.29,67391.0,0.087,46.6,DEGRADED,TEMP1_SENTINEL_-127,PARTIAL_SHADING,v1.16,PARTIAL_SHADING,0.9715,0.0216,0.9715,0.0042,0.0011,0.0016,CONNECTED,WARNING,2.19,16,1.0,v1.16,True,SUCCESS,WIFI,GOOD,0.88
REC-05973,2026-09-14T08:52:40Z,SITE-A,ESP32-A01,PV-A01,SITE-A-PAR-16,33,2.437,57.24,139.47,42.36,45.11,30.95,73.16,1008.32,67118.0,0.093,47.2,DEGRADED,TEMP1_SENTINEL_-127,PARTIAL_SHADING,v1.16,PARTIAL_SHADING,0.9662,0.026,0.9662,0.005,0.0012,0.0017,CONNECTED,WARNING,2.57,16,1.0,v1.16,True,SUCCESS,WIFI,GOOD,0.88
REC-05974,2026-09-14T08:52:45Z,SITE-A,ESP32-A01,PV-A01,SITE-A-PAR-16,34,2.407,57.72,138.95,42.68,45.1,30.96,73.59,1008.32,67520.0,0.082,46.8,DEGRADED,TEMP1_SENTINEL_-127,PARTIAL_SHADING,v1.16,PARTIAL_SHADING,0.9696,0.0238,0.9696,0.0041,0.001,0.0016,CONNECTED,WARNING,3.18,16,1.0,v1.16,True,SUCCESS,WIFI,GOOD,0.88
REC-05975,2026-09-14T08:52:50Z,SITE-A,ESP32-A01,PV-A01,SITE-A-PAR-16,35,2.417,57.47,138.94,42.56,45.11,30.95,73.87,1008.31,67445.0,0.097,46.7,DEGRADED,TEMP1_SENTINEL_-127,PARTIAL_SHADING,v1.16,PARTIAL_SHADING,0.9675,0.0245,0.9675,0.0051,0.0012,0.0018,CONNECTED,WARNING,2.97,16,1.0,v1.16,True,SUCCESS,WIFI,GOOD,0.88
REC-05976,2026-09-14T08:52:55Z,SITE-A,ESP32-A01,PV-A01,SITE-A-PAR-16,36,2.412,57.23,138.02,42.72,45.34,30.94,73.29,1008.28,67404.0,0.092,46.4,DEGRADED,TEMP1_SENTINEL_-127,PARTIAL_SHADING,v1.16,PARTIAL_SHADING,0.9716,0.0211,0.9716,0.0045,0.0011,0.0017,CONNECTED,WARNING,4.0,16,1.0,v1.16,True,SUCCESS,WIFI,GOOD,0.88
REC-05977,2026-09-14T08:53:00Z,SITE-A,ESP32-A01,PV-A01,SITE-A-PAR-16,37,2.439,57.65,140.6,42.49,45.26,30.94,73.18,1008.27,67088.0,0.097,47.5,DEGRADED,TEMP1_SENTINEL_-127,PARTIAL_SHADING,v1.16,PARTIAL_SHADING,0.9656,0.0262,0.9656,0.0052,0.0012,0.0018,CONNECTED,WARNING,2.98,16,1.0,v1.16,True,SUCCESS,WIFI,GOOD,0.88
REC-05978,2026-09-14T08:53:05Z,SITE-A,ESP32-A01,PV-A01,SITE-A-PAR-16,38,2.421,57.1,138.25,42.62,45.24,30.95,72.95,1008.29,67358.0,0.082,46.6,DEGRADED,TEMP1_SENTINEL_-127,PARTIAL_SHADING,v1.16,PARTIAL_SHADING,0.9715,0.0219,0.9715,0.004,0.0011,0.0015,CONNECTED,WARNING,3.58,16,1.0,v1.16,True,SUCCESS,WIFI,GOOD,0.88
REC-05979,2026-09-14T08:53:10Z,SITE-A,ESP32-A01,PV-A01,SITE-A-PAR-16,39,2.417,57.61,139.23,42.5,45.15,30.96,73.47,1008.29,67445.0,0.102,47.0,DEGRADED,OK,PARTIAL_SHADING,v1.16,PARTIAL_SHADING,0.9667,0.0248,0.9667,0.0055,0.0012,0.0019,CONNECTED,WARNING,2.76,16,1.0,v1.16,True,SUCCESS,WIFI,GOOD,0.88
REC-05980,2026-09-14T08:53:15Z,SITE-A,ESP32-A01,PV-A01,SITE-A-PAR-16,40,2.437,56.45,137.54,42.46,45.14,30.95,73.77,1008.32,67003.0,0.112,46.7,DEGRADED,OK,PARTIAL_SHADING,v1.16,PARTIAL_SHADING,0.9671,0.0234,0.9671,0.006,0.0014,0.002,CONNECTED,WARNING,4.14,16,1.0,v1.16,True,SUCCESS,WIFI,GOOD,0.88
REC-05981,2026-09-14T08:53:20Z,SITE-A,ESP32-A01,PV-A01,SITE-A-PAR-16,41,2.414,57.44,138.65,42.63,45.27,30.95,73.78,1008.28,66990.0,0.11,46.8,DEGRADED,OK,PARTIAL_SHADING,v1.16,PARTIAL_SHADING,0.9671,0.0237,0.9671,0.0059,0.0013,0.002,CONNECTED,WARNING,2.71,16,1.0,v1.16,True,SUCCESS,WIFI,GOOD,0.88
REC-05982,2026-09-14T08:53:25Z,SITE-A,ESP32-A01,PV-A01,SITE-A-PAR-16,42,2.429,57.19,138.91,42.43,45.07,30.94,73.81,1008.28,67230.0,0.114,47.0,DEGRADED,TEMP1_MISSING_-999,PARTIAL_SHADING,v1.16,PARTIAL_SHADING,0.964,0.026,0.964,0.0065,0.0014,0.0021,CONNECTED,WARNING,3.6,16,1.0,v1.16,True,SUCCESS,WIFI,GOOD,0.88
REC-05983,2026-09-14T08:53:30Z,SITE-A,ESP32-A01,PV-A01,SITE-A-PAR-16,43,2.413,57.23,138.08,42.66,45.07,30.92,73.52,1008.35,66762.0,0.095,46.9,DEGRADED,OK,PARTIAL_SHADING,v1.16,PARTIAL_SHADING,0.9673,0.0249,0.9673,0.0049,0.0012,0.0018,CONNECTED,WARNING,4.33,16,1.0,v1.16,True,SUCCESS,WIFI,GOOD,0.88
REC-05984,2026-09-14T08:53:35Z,SITE-A,ESP32-A01,PV-A01,SITE-A-PAR-16,44,2.406,57.51,138.37,42.4,44.99,30.92,73.43,1008.34,66963.0,0.091,47.0,DEGRADED,OK,PARTIAL_SHADING,v1.16,PARTIAL_SHADING,0.966,0.0262,0.966,0.0049,0.0011,0.0017,CONNECTED,WARNING,3.3,16,1.0,v1.16,True,SUCCESS,WIFI,GOOD,0.88
REC-05985,2026-09-14T08:53:40Z,SITE-A,ESP32-A01,PV-A01,SITE-A-PAR-16,45,2.42,56.72,137.25,42.4,45.06,30.93,73.78,1008.26,66851.0,0.1,46.6,DEGRADED,OK,PARTIAL_SHADING,v1.16,PARTIAL_SHADING,0.9675,0.0242,0.9675,0.0052,0.0013,0.0019,CONNECTED,WARNING,2.55,16,1.0,v1.16,True,SUCCESS,WIFI,GOOD,0.88
REC-05986,2026-09-14T08:53:45Z,SITE-A,ESP32-A01,PV-A01,SITE-A-PAR-16,46,2.401,57.43,137.91,42.57,45.24,30.94,73.07,1008.33,67052.0,0.093,46.6,DEGRADED,TEMP1_MISSING_-999,PARTIAL_SHADING,v1.16,PARTIAL_SHADING,0.9697,0.0227,0.9697,0.0047,0.0011,0.0017,CONNECTED,WARNING,2.93,16,1.0,v1.16,True,SUCCESS,WIFI,GOOD,0.88
REC-05987,2026-09-14T08:53:50Z,SITE-A,ESP32-A01,PV-A01,SITE-A-PAR-16,47,2.444,56.65,138.47,42.61,45.18,30.96,73.27,1008.26,67091.0,0.078,46.8,DEGRADED,OK,PARTIAL_SHADING,v1.16,PARTIAL_SHADING,0.971,0.0226,0.971,0.0038,0.0011,0.0015,CONNECTED,WARNING,4.61,16,1.0,v1.16,True,SUCCESS,WIFI,GOOD,0.88
REC-05988,2026-09-14T08:53:55Z,SITE-A,ESP32-A01,PV-A01,SITE-A-PAR-16,48,2.418,56.65,137.0,42.47,45.1,30.95,73.91,1008.28,66959.0,0.103,46.4,DEGRADED,OK,PARTIAL_SHADING,v1.16,PARTIAL_SHADING,0.9684,0.0231,0.9684,0.0053,0.0013,0.0019,CONNECTED,WARNING,4.46,16,1.0,v1.16,True,SUCCESS,WIFI,GOOD,0.88
REC-05989,2026-09-14T08:54:00Z,SITE-A,ESP32-A01,PV-A01,SITE-A-PAR-16,49,2.412,57.01,137.51,42.43,44.89,30.96,73.08,1008.28,67141.0,0.093,46.5,DEGRADED,OK,PARTIAL_SHADING,v1.16,PARTIAL_SHADING,0.9672,0.025,0.9672,0.0048,0.0012,0.0017,CONNECTED,WARNING,3.36,16,1.0,v1.16,True,SUCCESS,WIFI,GOOD,0.88
REC-05990,2026-09-14T08:54:05Z,SITE-A,ESP32-A01,PV-A01,SITE-A-PAR-16,50,2.428,57.23,138.93,42.46,45.07,30.95,73.39,1008.29,67003.0,0.08,47.0,DEGRADED,OK,PARTIAL_SHADING,v1.16,PARTIAL_SHADING,0.9681,0.0252,0.9681,0.0041,0.001,0.0015,CONNECTED,WARNING,4.32,16,1.0,v1.16,True,SUCCESS,WIFI,GOOD,0.88
REC-05991,2026-09-14T08:54:10Z,SITE-A,ESP32-A01,PV-A01,SITE-A-PAR-16,51,2.431,57.71,140.3,42.47,45.15,30.94,73.59,1008.31,67015.0,0.09,47.4,DEGRADED,OK,PARTIAL_SHADING,v1.16,PARTIAL_SHADING,0.9655,0.0269,0.9655,0.0048,0.0011,0.0017,CONNECTED,WARNING,4.67,16,1.0,v1.16,True,SUCCESS,WIFI,GOOD,0.88
REC-05992,2026-09-14T08:54:15Z,SITE-A,ESP32-A01,PV-A01,SITE-A-PAR-16,52,2.426,57.82,140.25,42.6,45.15,30.93,73.42,1008.29,67350.0,0.093,47.4,DEGRADED,OK,PARTIAL_SHADING,v1.16,PARTIAL_SHADING,0.9661,0.0261,0.9661,0.005,0.0011,0.0017,CONNECTED,WARNING,2.81,16,1.0,v1.16,True,SUCCESS,WIFI,GOOD,0.88
REC-05993,2026-09-14T08:54:20Z,SITE-A,ESP32-A01,PV-A01,SITE-A-PAR-16,53,2.409,57.25,137.95,42.58,45.18,30.92,73.74,1008.31,67441.0,0.095,46.6,DEGRADED,OK,PARTIAL_SHADING,v1.16,PARTIAL_SHADING,0.9695,0.0227,0.9695,0.0048,0.0012,0.0018,CONNECTED,WARNING,3.84,16,1.0,v1.16,True,SUCCESS,WIFI,GOOD,0.88
REC-05994,2026-09-14T08:54:25Z,SITE-A,ESP32-A01,PV-A01,SITE-A-PAR-16,54,2.439,57.19,139.49,42.6,45.17,30.91,73.86,1008.28,67275.0,0.095,47.1,DEGRADED,OK,PARTIAL_SHADING,v1.16,PARTIAL_SHADING,0.9673,0.0248,0.9673,0.0049,0.0012,0.0017,CONNECTED,WARNING,4.73,16,1.0,v1.16,True,SUCCESS,WIFI,GOOD,0.88
REC-05995,2026-09-14T08:54:30Z,SITE-A,ESP32-A01,PV-A01,SITE-A-PAR-16,55,2.43,57.61,140.0,42.64,45.15,30.91,73.54,1008.3,67263.0,0.109,47.2,DEGRADED,OK,PARTIAL_SHADING,v1.16,PARTIAL_SHADING,0.9642,0.0264,0.9642,0.0061,0.0013,0.002,CONNECTED,WARNING,3.92,16,1.0,v1.16,True,SUCCESS,WIFI,GOOD,0.88
REC-05996,2026-09-14T08:54:35Z,SITE-A,ESP32-A01,PV-A01,SITE-A-PAR-16,56,2.43,57.45,139.6,42.67,45.19,30.9,73.82,1008.29,67175.0,0.082,47.1,DEGRADED,OK,PARTIAL_SHADING,v1.16,PARTIAL_SHADING,0.9685,0.0247,0.9685,0.0042,0.0011,0.0016,CONNECTED,WARNING,3.15,16,1.0,v1.16,True,SUCCESS,WIFI,GOOD,0.88
REC-05997,2026-09-14T08:54:40Z,SITE-A,ESP32-A01,PV-A01,SITE-A-PAR-16,57,2.434,57.33,139.57,42.61,45.22,30.9,73.12,1008.25,67350.0,0.093,47.0,DEGRADED,OK,PARTIAL_SHADING,v1.16,PARTIAL_SHADING,0.9679,0.0244,0.9679,0.0048,0.0012,0.0017,CONNECTED,WARNING,4.75,16,1.0,v1.16,True,SUCCESS,WIFI,GOOD,0.88
REC-05998,2026-09-14T08:54:45Z,SITE-A,ESP32-A01,PV-A01,SITE-A-PAR-16,58,2.42,57.71,139.67,42.64,45.23,30.91,73.35,1008.3,67874.0,0.086,46.8,DEGRADED,OK,PARTIAL_SHADING,v1.16,PARTIAL_SHADING,0.9696,0.0233,0.9696,0.0044,0.0011,0.0016,CONNECTED,WARNING,2.39,16,1.0,v1.16,True,SUCCESS,WIFI,GOOD,0.88
REC-05999,2026-09-14T08:54:50Z,SITE-A,ESP32-A01,PV-A01,SITE-A-PAR-16,59,2.408,57.65,138.78,42.69,45.41,30.89,74.12,1008.29,67476.0,0.108,46.6,DEGRADED,OK,PARTIAL_SHADING,v1.16,PARTIAL_SHADING,0.9689,0.0221,0.9689,0.0057,0.0013,0.002,CONNECTED,WARNING,2.81,16,1.0,v1.16,True,SUCCESS,WIFI,GOOD,0.88
REC-06000,2026-09-14T08:54:55Z,SITE-A,ESP32-A01,PV-A01,SITE-A-PAR-16,60,2.431,57.9,140.73,42.79,45.34,30.9,73.98,1008.27,68231.0,0.089,47.0,DEGRADED,OK,PARTIAL_SHADING,v1.16,PARTIAL_SHADING,0.9699,0.0229,0.9699,0.0045,0.0011,0.0016,CONNECTED,WARNING,2.42,16,1.0,v1.16,True,SUCCESS,WIFI,GOOD,0.88
