record_id,timestamp_utc,site_id,device_id,model_version,predicted_fault,confidence,base_value,shap_voltage_v,shap_current_ma,shap_power_mw,shap_panel_temp1_c,shap_panel_temp2_c,shap_ambient_temp_c,shap_irradiance_lux,shap_dust_vo_v,top_feature_1,top_feature_2,top_feature_3,additivity_error
REC-03001,2026-09-10T01:49:00Z,SITE-B,ESP32-B01,v1.0,DUST,0.4846,0.09417,0.02587,0.03427,-0.00234,0.02195,-0.02987,0.08648,0.05177,0.20234,dust_vo_v (+0.202),ambient_temp_c (+0.086),irradiance_lux (+0.052),0.0
REC-03002,2026-09-10T01:49:05Z,SITE-B,ESP32-B01,v1.0,DUST,0.4763,0.09417,0.02571,0.03316,-0.00142,0.02117,-0.03075,0.08533,0.05224,0.19669,dust_vo_v (+0.197),ambient_temp_c (+0.085),irradiance_lux (+0.052),-0.0
REC-03003,2026-09-10T01:49:10Z,SITE-B,ESP32-B01,v1.0,DUST,0.4236,0.09417,0.02511,0.03008,-0.002,0.02066,-0.02546,0.07456,0.0485,0.15797,dust_vo_v (+0.158),ambient_temp_c (+0.075),irradiance_lux (+0.048),0.0
REC-03004,2026-09-10T01:49:15Z,SITE-B,ESP32-B01,v1.0,DUST,0.4072,0.09417,0.02502,0.02893,-0.0011,0.02112,-0.02322,0.0707,0.04689,0.14466,dust_vo_v (+0.145),ambient_temp_c (+0.071),irradiance_lux (+0.047),0.0
REC-03005,2026-09-10T01:49:20Z,SITE-B,ESP32-B01,v1.0,DUST,0.4435,0.09417,0.02555,0.03153,-0.00239,0.02085,-0.02746,0.07869,0.04949,0.17305,dust_vo_v (+0.173),ambient_temp_c (+0.079),irradiance_lux (+0.049),-0.0
REC-03006,2026-09-10T01:49:25Z,SITE-B,ESP32-B01,v1.0,DUST,0.4364,0.09417,0.02532,0.03073,-0.00158,0.02061,-0.02773,0.07731,0.04943,0.16815,dust_vo_v (+0.168),ambient_temp_c (+0.077),irradiance_lux (+0.049),-0.0
REC-03007,2026-09-10T01:49:30Z,SITE-B,ESP32-B01,v1.0,DUST,0.4523,0.09417,0.02564,0.03195,-0.00207,0.0203,-0.02868,0.08099,0.04986,0.18009,dust_vo_v (+0.180),ambient_temp_c (+0.081),irradiance_lux (+0.050),-0.0
REC-03008,2026-09-10T01:49:35Z,SITE-B,ESP32-B01,v1.0,DUST,0.4574,0.09417,0.02577,0.03248,-0.00241,0.02076,-0.02853,0.08172,0.04988,0.18359,dust_vo_v (+0.184),ambient_temp_c (+0.082),irradiance_lux (+0.050),0.0
REC-03009,2026-09-10T01:49:40Z,SITE-B,ESP32-B01,v1.0,DUST,0.4166,0.09417,0.02519,0.02931,-0.00066,0.02039,-0.0257,0.07321,0.04747,0.15327,dust_vo_v (+0.153),ambient_temp_c (+0.073),irradiance_lux (+0.047),-0.0
REC-03010,2026-09-10T01:49:45Z,SITE-B,ESP32-B01,v1.0,DUST,0.4678,0.09417,0.02583,0.03292,-0.00195,0.02121,-0.02906,0.08334,0.05083,0.19048,dust_vo_v (+0.190),ambient_temp_c (+0.083),irradiance_lux (+0.051),0.0
REC-03011,2026-09-10T01:49:50Z,SITE-B,ESP32-B01,v1.0,DUST,0.4325,0.09417,0.02534,0.03037,-0.00108,0.02059,-0.02758,0.07642,0.04885,0.16542,dust_vo_v (+0.165),ambient_temp_c (+0.076),irradiance_lux (+0.049),0.0
REC-03012,2026-09-10T01:49:55Z,SITE-B,ESP32-B01,v1.0,DUST,0.4514,0.09417,0.02554,0.03161,-0.00139,0.02066,-0.02958,0.0805,0.05021,0.17965,dust_vo_v (+0.180),ambient_temp_c (+0.081),irradiance_lux (+0.050),0.0
REC-03013,2026-09-10T01:50:00Z,SITE-B,ESP32-B01,v1.0,DUST,0.4334,0.09417,0.0252,0.03085,-0.00248,0.02035,-0.02668,0.07699,0.049,0.16602,dust_vo_v (+0.166),ambient_temp_c (+0.077),irradiance_lux (+0.049),0.0
REC-03014,2026-09-10T01:50:05Z,SITE-B,ESP32-B01,v1.0,DUST,0.459,0.09417,0.02548,0.03219,-0.00173,0.02078,-0.02894,0.08188,0.05069,0.18446,dust_vo_v (+0.184),ambient_temp_c (+0.082),irradiance_lux (+0.051),-0.0
REC-03015,2026-09-10T01:50:10Z,SITE-B,ESP32-B01,v1.0,DUST,0.3913,0.09417,0.02443,0.02775,-0.00066,0.02037,-0.02369,0.06811,0.04617,0.13462,dust_vo_v (+0.135),ambient_temp_c (+0.068),irradiance_lux (+0.046),0.0
REC-03016,2026-09-10T01:50:15Z,SITE-B,ESP32-B01,v1.0,DUST,0.4537,0.09417,0.02566,0.03206,-0.00189,0.02077,-0.02967,0.081,0.04993,0.18168,dust_vo_v (+0.182),ambient_temp_c (+0.081),irradiance_lux (+0.050),-0.0
REC-03017,2026-09-10T01:50:20Z,SITE-B,ESP32-B01,v1.0,DUST,0.4251,0.09417,0.02531,0.02997,-0.00127,0.02112,-0.02535,0.07428,0.04837,0.15846,dust_vo_v (+0.158),ambient_temp_c (+0.074),irradiance_lux (+0.048),0.0
REC-03018,2026-09-10T01:50:25Z,SITE-B,ESP32-B01,v1.0,DUST,0.4412,0.09417,0.02556,0.03124,-0.00192,0.02052,-0.02764,0.07846,0.04914,0.17165,dust_vo_v (+0.172),ambient_temp_c (+0.078),irradiance_lux (+0.049),0.0
REC-03019,2026-09-10T01:50:30Z,SITE-B,ESP32-B01,v1.0,DUST,0.4645,0.09417,0.0254,0.03293,-0.00255,0.02133,-0.02973,0.08289,0.05106,0.18904,dust_vo_v (+0.189),ambient_temp_c (+0.083),irradiance_lux (+0.051),-0.0
REC-03020,2026-09-10T01:50:35Z,SITE-B,ESP32-B01,v1.0,DUST,0.4245,0.09417,0.02523,0.02975,-0.00094,0.02053,-0.0262,0.07467,0.04863,0.15867,dust_vo_v (+0.159),ambient_temp_c (+0.075),irradiance_lux (+0.049),-0.0
REC-03021,2026-09-10T01:50:40Z,SITE-B,ESP32-B01,v1.0,DUST,0.4191,0.09417,0.02505,0.0298,-0.00188,0.02014,-0.02581,0.07415,0.04796,0.15554,dust_vo_v (+0.156),ambient_temp_c (+0.074),irradiance_lux (+0.048),0.0
REC-03022,2026-09-10T01:50:45Z,SITE-B,ESP32-B01,v1.0,DUST,0.4357,0.09417,0.02549,0.03051,-0.0012,0.02107,-0.0257,0.07635,0.04923,0.16579,dust_vo_v (+0.166),ambient_temp_c (+0.076),irradiance_lux (+0.049),-0.0
REC-03023,2026-09-10T01:50:50Z,SITE-B,ESP32-B01,v1.0,DUST,0.4306,0.09417,0.02527,0.03067,-0.00214,0.0205,-0.02628,0.07622,0.04834,0.16389,dust_vo_v (+0.164),ambient_temp_c (+0.076),irradiance_lux (+0.048),0.0
REC-03024,2026-09-10T01:50:55Z,SITE-B,ESP32-B01,v1.0,DUST,0.4198,0.09417,0.02507,0.02953,-0.00103,0.02081,-0.02518,0.07338,0.04811,0.15495,dust_vo_v (+0.155),ambient_temp_c (+0.073),irradiance_lux (+0.048),-0.0
REC-03025,2026-09-10T01:51:00Z,SITE-B,ESP32-B01,v1.0,DUST,0.4438,0.09417,0.02578,0.03103,-0.00103,0.02071,-0.0277,0.07858,0.04938,0.17288,dust_vo_v (+0.173),ambient_temp_c (+0.079),irradiance_lux (+0.049),0.0
REC-03026,2026-09-10T01:51:05Z,SITE-B,ESP32-B01,v1.0,DUST,0.4439,0.09417,0.0256,0.03085,-0.00072,0.02063,-0.02841,0.07864,0.04979,0.17339,dust_vo_v (+0.173),ambient_temp_c (+0.079),irradiance_lux (+0.050),0.0
REC-03027,2026-09-10T01:51:10Z,SITE-B,ESP32-B01,v1.0,DUST,0.448,0.09417,0.02526,0.0317,-0.00258,0.01994,-0.02803,0.08034,0.05035,0.17689,dust_vo_v (+0.177),ambient_temp_c (+0.080),irradiance_lux (+0.050),0.0
REC-03028,2026-09-10T01:51:15Z,SITE-B,ESP32-B01,v1.0,DUST,0.425,0.09417,0.02529,0.02993,-0.0015,0.02022,-0.025,0.07494,0.04849,0.15851,dust_vo_v (+0.159),ambient_temp_c (+0.075),irradiance_lux (+0.048),-0.0
REC-03029,2026-09-10T01:51:20Z,SITE-B,ESP32-B01,v1.0,DUST,0.4225,0.09417,0.02528,0.02976,-0.00122,0.02059,-0.02497,0.07411,0.04807,0.15669,dust_vo_v (+0.157),ambient_temp_c (+0.074),irradiance_lux (+0.048),-0.0
REC-03030,2026-09-10T01:51:25Z,SITE-B,ESP32-B01,v1.0,DUST,0.4386,0.09417,0.02557,0.03049,-0.00038,0.02098,-0.02821,0.07717,0.0492,0.1696,dust_vo_v (+0.170),ambient_temp_c (+0.077),irradiance_lux (+0.049),-0.0
REC-03031,2026-09-10T01:51:30Z,SITE-B,ESP32-B01,v1.0,DUST,0.4346,0.09417,0.02538,0.03056,-0.00141,0.02034,-0.0274,0.07704,0.04906,0.16686,dust_vo_v (+0.167),ambient_temp_c (+0.077),irradiance_lux (+0.049),-0.0
REC-03032,2026-09-10T01:51:35Z,SITE-B,ESP32-B01,v1.0,DUST,0.4362,0.09417,0.02566,0.0306,-0.00087,0.02082,-0.02755,0.07694,0.04859,0.16781,dust_vo_v (+0.168),ambient_temp_c (+0.077),irradiance_lux (+0.049),-0.0
REC-03033,2026-09-10T01:51:40Z,SITE-B,ESP32-B01,v1.0,DUST,0.4284,0.09417,0.02547,0.03001,-0.00085,0.02077,-0.02549,0.07514,0.0484,0.16082,dust_vo_v (+0.161),ambient_temp_c (+0.075),irradiance_lux (+0.048),0.0
REC-03034,2026-09-10T01:51:45Z,SITE-B,ESP32-B01,v1.0,DUST,0.4464,0.09417,0.02557,0.03159,-0.00197,0.02084,-0.02829,0.07927,0.04948,0.17572,dust_vo_v (+0.176),ambient_temp_c (+0.079),irradiance_lux (+0.049),-0.0
REC-03035,2026-09-10T01:51:50Z,SITE-B,ESP32-B01,v1.0,DUST,0.4225,0.09417,0.02527,0.0299,-0.00156,0.0206,-0.02463,0.0742,0.04796,0.15655,dust_vo_v (+0.157),ambient_temp_c (+0.074),irradiance_lux (+0.048),-0.0
REC-03036,2026-09-10T01:51:55Z,SITE-B,ESP32-B01,v1.0,DUST,0.4376,0.09417,0.02545,0.03086,-0.00153,0.0203,-0.02702,0.07768,0.04865,0.16906,dust_vo_v (+0.169),ambient_temp_c (+0.078),irradiance_lux (+0.049),0.0
REC-03037,2026-09-10T01:52:00Z,SITE-B,ESP32-B01,v1.0,DUST,0.4354,0.09417,0.02557,0.0302,-0.00024,0.02054,-0.02739,0.07678,0.04886,0.1669,dust_vo_v (+0.167),ambient_temp_c (+0.077),irradiance_lux (+0.049),-0.0
REC-03038,2026-09-10T01:52:05Z,SITE-B,ESP32-B01,v1.0,DUST,0.4394,0.09417,0.02538,0.03076,-0.00109,0.02057,-0.02772,0.07776,0.04917,0.17039,dust_vo_v (+0.170),ambient_temp_c (+0.078),irradiance_lux (+0.049),-0.0
REC-03039,2026-09-10T01:52:10Z,SITE-B,ESP32-B01,v1.0,DUST,0.4667,0.09417,0.02588,0.0326,-0.00139,0.02105,-0.02876,0.08306,0.05079,0.18929,dust_vo_v (+0.189),ambient_temp_c (+0.083),irradiance_lux (+0.051),-0.0
REC-03040,2026-09-10T01:52:15Z,SITE-B,ESP32-B01,v1.0,DUST,0.414,0.09417,0.02504,0.02929,-0.00124,0.02056,-0.02463,0.07249,0.04743,0.15087,dust_vo_v (+0.151),ambient_temp_c (+0.072),irradiance_lux (+0.047),0.0
REC-03041,2026-09-10T01:52:20Z,SITE-B,ESP32-B01,v1.0,DUST,0.3917,0.09417,0.02466,0.02776,-1e-05,0.0206,-0.02406,0.0679,0.04573,0.13497,dust_vo_v (+0.135),ambient_temp_c (+0.068),irradiance_lux (+0.046),0.0
REC-03042,2026-09-10T01:52:25Z,SITE-B,ESP32-B01,v1.0,DUST,0.4282,0.09417,0.02535,0.03002,-0.00058,0.02099,-0.0271,0.07508,0.0482,0.16207,dust_vo_v (+0.162),ambient_temp_c (+0.075),irradiance_lux (+0.048),0.0
REC-03043,2026-09-10T01:52:30Z,SITE-B,ESP32-B01,v1.0,DUST,0.4152,0.09417,0.02504,0.02942,-0.00106,0.02036,-0.02618,0.0731,0.0472,0.15313,dust_vo_v (+0.153),ambient_temp_c (+0.073),irradiance_lux (+0.047),0.0
REC-03044,2026-09-10T01:52:35Z,SITE-B,ESP32-B01,v1.0,DUST,0.3815,0.09417,0.02434,0.0267,0.00065,0.02045,-0.02176,0.06551,0.04569,0.12573,dust_vo_v (+0.126),ambient_temp_c (+0.066),irradiance_lux (+0.046),0.0
REC-03045,2026-09-10T01:52:40Z,SITE-B,ESP32-B01,v1.0,DUST,0.4786,0.09417,0.02597,0.0338,-0.00214,0.02158,-0.02899,0.08529,0.05101,0.19788,dust_vo_v (+0.198),ambient_temp_c (+0.085),irradiance_lux (+0.051),0.0
REC-03046,2026-09-10T01:52:45Z,SITE-B,ESP32-B01,v1.0,DUST,0.4535,0.09417,0.02561,0.03163,-0.00095,0.02121,-0.02805,0.08014,0.0498,0.17999,dust_vo_v (+0.180),ambient_temp_c (+0.080),irradiance_lux (+0.050),0.0
REC-03047,2026-09-10T01:52:50Z,SITE-B,ESP32-B01,v1.0,DUST,0.4556,0.09417,0.02568,0.03189,-0.00119,0.02165,-0.02841,0.08029,0.05001,0.1815,dust_vo_v (+0.181),ambient_temp_c (+0.080),irradiance_lux (+0.050),0.0
REC-03048,2026-09-10T01:52:55Z,SITE-B,ESP32-B01,v1.0,DUST,0.4336,0.09417,0.02535,0.03042,-0.00086,0.02083,-0.02807,0.07645,0.04872,0.16656,dust_vo_v (+0.167),ambient_temp_c (+0.076),irradiance_lux (+0.049),0.0
REC-03049,2026-09-10T01:53:00Z,SITE-B,ESP32-B01,v1.0,DUST,0.4487,0.09417,0.02553,0.03133,-0.00113,0.02082,-0.0289,0.07963,0.05009,0.17715,dust_vo_v (+0.177),ambient_temp_c (+0.080),irradiance_lux (+0.050),-0.0
REC-03050,2026-09-10T01:53:05Z,SITE-B,ESP32-B01,v1.0,DUST,0.431,0.09417,0.02524,0.03031,-0.00115,0.02064,-0.02732,0.07602,0.04866,0.16438,dust_vo_v (+0.164),ambient_temp_c (+0.076),irradiance_lux (+0.049),0.0
REC-03051,2026-09-10T01:53:10Z,SITE-B,ESP32-B01,v1.0,DUST,0.4579,0.09417,0.02576,0.03205,-0.00131,0.02117,-0.02899,0.08126,0.05024,0.18357,dust_vo_v (+0.184),ambient_temp_c (+0.081),irradiance_lux (+0.050),0.0
REC-03052,2026-09-10T01:53:15Z,SITE-B,ESP32-B01,v1.0,DUST,0.4453,0.09417,0.02565,0.03144,-0.00184,0.02088,-0.02692,0.07883,0.04928,0.17386,dust_vo_v (+0.174),ambient_temp_c (+0.079),irradiance_lux (+0.049),-0.0
REC-03053,2026-09-10T01:53:20Z,SITE-B,ESP32-B01,v1.0,DUST,0.4414,0.09417,0.02556,0.03092,-0.00118,0.02096,-0.02679,0.07781,0.04923,0.17074,dust_vo_v (+0.171),ambient_temp_c (+0.078),irradiance_lux (+0.049),-0.0
REC-03054,2026-09-10T01:53:25Z,SITE-B,ESP32-B01,v1.0,DUST,0.4408,0.09417,0.02555,0.03144,-0.00223,0.02108,-0.02706,0.07792,0.04863,0.17134,dust_vo_v (+0.171),ambient_temp_c (+0.078),irradiance_lux (+0.049),-0.0
REC-03055,2026-09-10T01:53:30Z,SITE-B,ESP32-B01,v1.0,DUST,0.4682,0.09417,0.02566,0.03312,-0.00229,0.02084,-0.03087,0.08417,0.05101,0.19241,dust_vo_v (+0.192),ambient_temp_c (+0.084),irradiance_lux (+0.051),-0.0
REC-03056,2026-09-10T01:53:35Z,SITE-B,ESP32-B01,v1.0,DUST,0.4428,0.09417,0.0254,0.0308,-0.00045,0.02098,-0.02925,0.0783,0.04934,0.17348,dust_vo_v (+0.173),ambient_temp_c (+0.078),irradiance_lux (+0.049),0.0
REC-03057,2026-09-10T01:53:40Z,SITE-B,ESP32-B01,v1.0,DUST,0.4206,0.09417,0.02521,0.02947,-0.00059,0.02079,-0.02542,0.07351,0.04791,0.15553,dust_vo_v (+0.156),ambient_temp_c (+0.074),irradiance_lux (+0.048),-0.0
REC-03058,2026-09-10T01:53:45Z,SITE-B,ESP32-B01,v1.0,DUST,0.4481,0.09417,0.02571,0.03144,-0.00137,0.02102,-0.02802,0.07931,0.04961,0.17622,dust_vo_v (+0.176),ambient_temp_c (+0.079),irradiance_lux (+0.050),-0.0
REC-03059,2026-09-10T01:53:50Z,SITE-B,ESP32-B01,v1.0,DUST,0.449,0.09417,0.0254,0.03172,-0.00187,0.02093,-0.0286,0.07979,0.04961,0.17781,dust_vo_v (+0.178),ambient_temp_c (+0.080),irradiance_lux (+0.050),0.0
REC-03060,2026-09-10T01:53:55Z,SITE-B,ESP32-B01,v1.0,DUST,0.4377,0.09417,0.02557,0.03114,-0.00166,0.02169,-0.02705,0.07669,0.04822,0.16897,dust_vo_v (+0.169),ambient_temp_c (+0.077),irradiance_lux (+0.048),-0.0
REC-03061,2026-09-10T05:07:00Z,SITE-C,ESP32-C01,v1.0,SHORT_CIRCUIT,0.7969,0.24568,0.10393,0.1501,-0.01557,-0.0747,0.14657,0.08033,0.12469,0.03581,current_ma (+0.150),panel_temp2_c (+0.147),irradiance_lux (+0.125),0.0
REC-03062,2026-09-10T05:07:05Z,SITE-C,ESP32-C01,v1.0,SHORT_CIRCUIT,0.8004,0.24568,0.10357,0.15023,-0.01519,-0.07349,0.14697,0.07984,0.12512,0.03764,current_ma (+0.150),panel_temp2_c (+0.147),irradiance_lux (+0.125),0.0
REC-03063,2026-09-10T05:07:10Z,SITE-C,ESP32-C01,v1.0,SHORT_CIRCUIT,0.7941,0.24568,0.10377,0.15049,-0.01572,-0.07497,0.14498,0.08085,0.12577,0.03326,current_ma (+0.150),panel_temp2_c (+0.145),irradiance_lux (+0.126),0.0
REC-03064,2026-09-10T05:07:15Z,SITE-C,ESP32-C01,v1.0,SHORT_CIRCUIT,0.7978,0.24568,0.10369,0.1503,-0.0155,-0.07404,0.14527,0.08034,0.12414,0.03796,current_ma (+0.150),panel_temp2_c (+0.145),irradiance_lux (+0.124),-0.0
REC-03065,2026-09-10T05:07:20Z,SITE-C,ESP32-C01,v1.0,SHORT_CIRCUIT,0.7974,0.24568,0.10321,0.15015,-0.01516,-0.07435,0.14433,0.07971,0.12539,0.0384,current_ma (+0.150),panel_temp2_c (+0.144),irradiance_lux (+0.125),-0.0
REC-03066,2026-09-10T05:07:25Z,SITE-C,ESP32-C01,v1.0,SHORT_CIRCUIT,0.7919,0.24568,0.10344,0.15021,-0.01537,-0.07385,0.14565,0.08019,0.12523,0.03069,current_ma (+0.150),panel_temp2_c (+0.146),irradiance_lux (+0.125),-0.0
REC-03067,2026-09-10T05:07:30Z,SITE-C,ESP32-C01,v1.0,SHORT_CIRCUIT,0.796,0.24568,0.10396,0.14961,-0.01463,-0.07397,0.14634,0.07947,0.12547,0.03411,current_ma (+0.150),panel_temp2_c (+0.146),irradiance_lux (+0.125),0.0
REC-03068,2026-09-10T05:07:35Z,SITE-C,ESP32-C01,v1.0,SHORT_CIRCUIT,0.7979,0.24568,0.10313,0.14972,-0.01502,-0.07397,0.14782,0.07946,0.12567,0.03545,current_ma (+0.150),panel_temp2_c (+0.148),irradiance_lux (+0.126),0.0
REC-03069,2026-09-10T05:07:40Z,SITE-C,ESP32-C01,v1.0,SHORT_CIRCUIT,0.8021,0.24568,0.10409,0.14943,-0.01489,-0.0761,0.14576,0.07888,0.12571,0.0435,current_ma (+0.149),panel_temp2_c (+0.146),irradiance_lux (+0.126),0.0
REC-03070,2026-09-10T05:07:45Z,SITE-C,ESP32-C01,v1.0,SHORT_CIRCUIT,0.7936,0.24568,0.10397,0.14985,-0.01558,-0.07623,0.14712,0.07946,0.12656,0.03282,current_ma (+0.150),panel_temp2_c (+0.147),irradiance_lux (+0.127),0.0
REC-03071,2026-09-10T05:07:50Z,SITE-C,ESP32-C01,v1.0,SHORT_CIRCUIT,0.7964,0.24568,0.10343,0.14922,-0.01491,-0.07635,0.1461,0.07912,0.12661,0.03745,current_ma (+0.149),panel_temp2_c (+0.146),irradiance_lux (+0.127),0.0
REC-03072,2026-09-10T05:07:55Z,SITE-C,ESP32-C01,v1.0,SHORT_CIRCUIT,0.7977,0.24568,0.10407,0.15058,-0.01537,-0.07374,0.14743,0.07872,0.12599,0.03429,current_ma (+0.151),panel_temp2_c (+0.147),irradiance_lux (+0.126),-0.0
REC-03073,2026-09-10T05:08:00Z,SITE-C,ESP32-C01,v1.0,SHORT_CIRCUIT,0.8021,0.24568,0.1039,0.14977,-0.01507,-0.07555,0.14592,0.07872,0.12565,0.04313,current_ma (+0.150),panel_temp2_c (+0.146),irradiance_lux (+0.126),-0.0
REC-03074,2026-09-10T05:08:05Z,SITE-C,ESP32-C01,v1.0,SHORT_CIRCUIT,0.7935,0.24568,0.10292,0.15006,-0.01541,-0.07518,0.14549,0.07923,0.12658,0.03413,current_ma (+0.150),panel_temp2_c (+0.145),irradiance_lux (+0.127),-0.0
REC-03075,2026-09-10T05:08:10Z,SITE-C,ESP32-C01,v1.0,SHORT_CIRCUIT,0.7959,0.24568,0.10372,0.15038,-0.01552,-0.07427,0.14648,0.07927,0.1255,0.03462,current_ma (+0.150),panel_temp2_c (+0.146),irradiance_lux (+0.126),0.0
REC-03076,2026-09-10T05:08:15Z,SITE-C,ESP32-C01,v1.0,SHORT_CIRCUIT,0.7952,0.24568,0.10338,0.14891,-0.01442,-0.07485,0.14617,0.07887,0.12537,0.03614,current_ma (+0.149),panel_temp2_c (+0.146),irradiance_lux (+0.125),0.0
REC-03077,2026-09-10T05:08:20Z,SITE-C,ESP32-C01,v1.0,SHORT_CIRCUIT,0.7983,0.24568,0.10441,0.15023,-0.01496,-0.07362,0.14457,0.07877,0.12396,0.03927,current_ma (+0.150),panel_temp2_c (+0.145),irradiance_lux (+0.124),0.0
REC-03078,2026-09-10T05:08:25Z,SITE-C,ESP32-C01,v1.0,SHORT_CIRCUIT,0.791,0.24568,0.10358,0.15037,-0.0158,-0.07551,0.1459,0.0798,0.12671,0.03029,current_ma (+0.150),panel_temp2_c (+0.146),irradiance_lux (+0.127),-0.0
REC-03079,2026-09-10T05:08:30Z,SITE-C,ESP32-C01,v1.0,SHORT_CIRCUIT,0.7976,0.24568,0.10359,0.14951,-0.01443,-0.07349,0.14527,0.07855,0.12452,0.03837,current_ma (+0.150),panel_temp2_c (+0.145),irradiance_lux (+0.125),0.0
REC-03080,2026-09-10T05:08:35Z,SITE-C,ESP32-C01,v1.0,SHORT_CIRCUIT,0.7909,0.24568,0.10319,0.14943,-0.01502,-0.07459,0.14589,0.07968,0.12518,0.03144,current_ma (+0.149),panel_temp2_c (+0.146),irradiance_lux (+0.125),-0.0
REC-03081,2026-09-10T05:08:40Z,SITE-C,ESP32-C01,v1.0,SHORT_CIRCUIT,0.7912,0.24568,0.10387,0.15029,-0.0158,-0.07508,0.14576,0.08007,0.12529,0.0311,current_ma (+0.150),panel_temp2_c (+0.146),irradiance_lux (+0.125),0.0
REC-03082,2026-09-10T05:08:45Z,SITE-C,ESP32-C01,v1.0,SHORT_CIRCUIT,0.7983,0.24568,0.10317,0.14905,-0.01443,-0.07422,0.14654,0.07883,0.1249,0.03876,current_ma (+0.149),panel_temp2_c (+0.147),irradiance_lux (+0.125),0.0
REC-03083,2026-09-10T05:08:50Z,SITE-C,ESP32-C01,v1.0,SHORT_CIRCUIT,0.7945,0.24568,0.10403,0.1495,-0.01541,-0.07617,0.14849,0.07954,0.12646,0.03238,current_ma (+0.150),panel_temp2_c (+0.148),irradiance_lux (+0.126),0.0
REC-03084,2026-09-10T05:08:55Z,SITE-C,ESP32-C01,v1.0,SHORT_CIRCUIT,0.8008,0.24568,0.10328,0.1494,-0.01473,-0.07457,0.14909,0.0787,0.12672,0.0372,current_ma (+0.149),panel_temp2_c (+0.149),irradiance_lux (+0.127),0.0
REC-03085,2026-09-10T05:09:00Z,SITE-C,ESP32-C01,v1.0,SHORT_CIRCUIT,0.7956,0.24568,0.10283,0.14881,-0.01477,-0.07591,0.14934,0.07926,0.12752,0.03281,panel_temp2_c (+0.149),current_ma (+0.149),irradiance_lux (+0.128),0.0
REC-03086,2026-09-10T05:09:05Z,SITE-C,ESP32-C01,v1.0,SHORT_CIRCUIT,0.8021,0.24568,0.10387,0.15014,-0.01499,-0.07508,0.1469,0.0788,0.12737,0.0394,current_ma (+0.150),panel_temp2_c (+0.147),irradiance_lux (+0.127),0.0
REC-03087,2026-09-10T05:09:10Z,SITE-C,ESP32-C01,v1.0,SHORT_CIRCUIT,0.8011,0.24568,0.10289,0.14895,-0.01508,-0.0761,0.15189,0.07909,0.12784,0.03591,panel_temp2_c (+0.152),current_ma (+0.149),irradiance_lux (+0.128),-0.0
REC-03088,2026-09-10T05:09:15Z,SITE-C,ESP32-C01,v1.0,SHORT_CIRCUIT,0.7979,0.24568,0.10349,0.14989,-0.01508,-0.07531,0.14765,0.07883,0.12767,0.03508,current_ma (+0.150),panel_temp2_c (+0.148),irradiance_lux (+0.128),-0.0
REC-03089,2026-09-10T05:09:20Z,SITE-C,ESP32-C01,v1.0,SHORT_CIRCUIT,0.7982,0.24568,0.10302,0.15013,-0.01548,-0.07555,0.14772,0.07926,0.12786,0.03553,current_ma (+0.150),panel_temp2_c (+0.148),irradiance_lux (+0.128),0.0
REC-03090,2026-09-10T05:09:25Z,SITE-C,ESP32-C01,v1.0,SHORT_CIRCUIT,0.797,0.24568,0.10345,0.14879,-0.01494,-0.0765,0.14991,0.07972,0.12728,0.03364,panel_temp2_c (+0.150),current_ma (+0.149),irradiance_lux (+0.127),0.0
REC-03091,2026-09-10T05:09:30Z,SITE-C,ESP32-C01,v1.0,SHORT_CIRCUIT,0.801,0.24568,0.10397,0.15022,-0.01504,-0.07462,0.14635,0.07892,0.12652,0.03895,current_ma (+0.150),panel_temp2_c (+0.146),irradiance_lux (+0.127),0.0
REC-03092,2026-09-10T05:09:35Z,SITE-C,ESP32-C01,v1.0,SHORT_CIRCUIT,0.8013,0.24568,0.10348,0.15035,-0.0153,-0.07398,0.14745,0.07943,0.12608,0.03812,current_ma (+0.150),panel_temp2_c (+0.147),irradiance_lux (+0.126),0.0
REC-03093,2026-09-10T05:09:40Z,SITE-C,ESP32-C01,v1.0,SHORT_CIRCUIT,0.7957,0.24568,0.10322,0.15043,-0.01572,-0.07449,0.14717,0.08051,0.12637,0.0325,current_ma (+0.150),panel_temp2_c (+0.147),irradiance_lux (+0.126),0.0
REC-03094,2026-09-10T05:09:45Z,SITE-C,ESP32-C01,v1.0,SHORT_CIRCUIT,0.7987,0.24568,0.10314,0.14966,-0.01515,-0.07506,0.14702,0.08011,0.12618,0.03712,current_ma (+0.150),panel_temp2_c (+0.147),irradiance_lux (+0.126),0.0
REC-03095,2026-09-10T05:09:50Z,SITE-C,ESP32-C01,v1.0,SHORT_CIRCUIT,0.7998,0.24568,0.10356,0.14979,-0.01548,-0.07583,0.1477,0.08047,0.12638,0.03755,current_ma (+0.150),panel_temp2_c (+0.148),irradiance_lux (+0.126),0.0
REC-03096,2026-09-10T05:09:55Z,SITE-C,ESP32-C01,v1.0,SHORT_CIRCUIT,0.8032,0.24568,0.10399,0.14995,-0.01525,-0.07629,0.1478,0.08028,0.1281,0.03892,current_ma (+0.150),panel_temp2_c (+0.148),irradiance_lux (+0.128),-0.0
REC-03097,2026-09-10T05:10:00Z,SITE-C,ESP32-C01,v1.0,SHORT_CIRCUIT,0.8034,0.24568,0.10385,0.15009,-0.0153,-0.0744,0.14927,0.08008,0.1264,0.0377,current_ma (+0.150),panel_temp2_c (+0.149),irradiance_lux (+0.126),0.0
REC-03098,2026-09-10T05:10:05Z,SITE-C,ESP32-C01,v1.0,SHORT_CIRCUIT,0.8028,0.24568,0.10387,0.14951,-0.01528,-0.07659,0.1486,0.08017,0.12716,0.0397,current_ma (+0.150),panel_temp2_c (+0.149),irradiance_lux (+0.127),-0.0
REC-03099,2026-09-10T05:10:10Z,SITE-C,ESP32-C01,v1.0,SHORT_CIRCUIT,0.7973,0.24568,0.10304,0.14972,-0.01541,-0.07514,0.14938,0.08032,0.12718,0.03249,current_ma (+0.150),panel_temp2_c (+0.149),irradiance_lux (+0.127),0.0
REC-03100,2026-09-10T05:10:15Z,SITE-C,ESP32-C01,v1.0,SHORT_CIRCUIT,0.8047,0.24568,0.10321,0.14757,-0.01366,-0.07513,0.1536,0.07896,0.12735,0.03711,panel_temp2_c (+0.154),current_ma (+0.148),irradiance_lux (+0.127),0.0
REC-03101,2026-09-10T05:10:20Z,SITE-C,ESP32-C01,v1.0,SHORT_CIRCUIT,0.8065,0.24568,0.10354,0.14966,-0.01508,-0.07639,0.1502,0.07937,0.12918,0.04029,panel_temp2_c (+0.150),current_ma (+0.150),irradiance_lux (+0.129),0.0
REC-03102,2026-09-10T05:10:25Z,SITE-C,ESP32-C01,v1.0,SHORT_CIRCUIT,0.8035,0.24568,0.10314,0.14958,-0.01469,-0.0748,0.15023,0.07924,0.12867,0.03647,panel_temp2_c (+0.150),current_ma (+0.150),irradiance_lux (+0.129),-0.0
REC-03103,2026-09-10T05:10:30Z,SITE-C,ESP32-C01,v1.0,SHORT_CIRCUIT,0.8085,0.24568,0.10274,0.14944,-0.01503,-0.07696,0.15118,0.07918,0.13064,0.04162,panel_temp2_c (+0.151),current_ma (+0.149),irradiance_lux (+0.131),-0.0
REC-03104,2026-09-10T05:10:35Z,SITE-C,ESP32-C01,v1.0,SHORT_CIRCUIT,0.8043,0.24568,0.10323,0.14913,-0.0148,-0.0778,0.1497,0.07925,0.1306,0.03936,panel_temp2_c (+0.150),current_ma (+0.149),irradiance_lux (+0.131),-0.0
REC-03105,2026-09-10T05:10:40Z,SITE-C,ESP32-C01,v1.0,SHORT_CIRCUIT,0.8003,0.24568,0.10251,0.14888,-0.01545,-0.07784,0.15509,0.0804,0.1314,0.02964,panel_temp2_c (+0.155),current_ma (+0.149),irradiance_lux (+0.131),-0.0
REC-03106,2026-09-10T05:10:45Z,SITE-C,ESP32-C01,v1.0,SHORT_CIRCUIT,0.8083,0.24568,0.10312,0.14836,-0.01467,-0.07704,0.1538,0.07965,0.12921,0.04019,panel_temp2_c (+0.154),current_ma (+0.148),irradiance_lux (+0.129),0.0
REC-03107,2026-09-10T05:10:50Z,SITE-C,ESP32-C01,v1.0,SHORT_CIRCUIT,0.8034,0.24568,0.10296,0.1494,-0.01541,-0.07701,0.1521,0.07992,0.12974,0.036,panel_temp2_c (+0.152),current_ma (+0.149),irradiance_lux (+0.130),0.0
REC-03108,2026-09-10T05:10:55Z,SITE-C,ESP32-C01,v1.0,SHORT_CIRCUIT,0.7929,0.24568,0.1027,0.14958,-0.01571,-0.07641,0.15078,0.08101,0.1291,0.02613,panel_temp2_c (+0.151),current_ma (+0.150),irradiance_lux (+0.129),-0.0
REC-03109,2026-09-10T05:11:00Z,SITE-C,ESP32-C01,v1.0,SHORT_CIRCUIT,0.8001,0.24568,0.1027,0.14857,-0.01414,-0.07527,0.15,0.07952,0.12849,0.03459,panel_temp2_c (+0.150),current_ma (+0.149),irradiance_lux (+0.128),-0.0
REC-03110,2026-09-10T05:11:05Z,SITE-C,ESP32-C01,v1.0,SHORT_CIRCUIT,0.803,0.24568,0.10388,0.14894,-0.01495,-0.07658,0.15075,0.0802,0.12751,0.03755,panel_temp2_c (+0.151),current_ma (+0.149),irradiance_lux (+0.128),-0.0
REC-03111,2026-09-10T05:11:10Z,SITE-C,ESP32-C01,v1.0,SHORT_CIRCUIT,0.8068,0.24568,0.10285,0.14921,-0.01472,-0.07566,0.14844,0.07943,0.12754,0.04404,current_ma (+0.149),panel_temp2_c (+0.148),irradiance_lux (+0.128),0.0
REC-03112,2026-09-10T05:11:15Z,SITE-C,ESP32-C01,v1.0,SHORT_CIRCUIT,0.8007,0.24568,0.1036,0.15005,-0.01536,-0.07547,0.14935,0.07991,0.12818,0.03472,current_ma (+0.150),panel_temp2_c (+0.149),irradiance_lux (+0.128),0.0
REC-03113,2026-09-10T05:11:20Z,SITE-C,ESP32-C01,v1.0,SHORT_CIRCUIT,0.8029,0.24568,0.10359,0.14966,-0.0153,-0.07634,0.14887,0.08008,0.12776,0.0389,current_ma (+0.150),panel_temp2_c (+0.149),irradiance_lux (+0.128),-0.0
REC-03114,2026-09-10T05:11:25Z,SITE-C,ESP32-C01,v1.0,SHORT_CIRCUIT,0.802,0.24568,0.1032,0.14957,-0.0154,-0.07486,0.15301,0.08015,0.1276,0.03304,panel_temp2_c (+0.153),current_ma (+0.150),irradiance_lux (+0.128),0.0
REC-03115,2026-09-10T05:11:30Z,SITE-C,ESP32-C01,v1.0,SHORT_CIRCUIT,0.8025,0.24568,0.10309,0.14954,-0.01538,-0.0769,0.14921,0.08019,0.12859,0.03847,current_ma (+0.150),panel_temp2_c (+0.149),irradiance_lux (+0.129),-0.0
REC-03116,2026-09-10T05:11:35Z,SITE-C,ESP32-C01,v1.0,SHORT_CIRCUIT,0.8026,0.24568,0.10247,0.1491,-0.01503,-0.07639,0.15256,0.07988,0.13003,0.0343,panel_temp2_c (+0.153),current_ma (+0.149),irradiance_lux (+0.130),-0.0
REC-03117,2026-09-10T05:11:40Z,SITE-C,ESP32-C01,v1.0,SHORT_CIRCUIT,0.7971,0.24568,0.10335,0.14864,-0.01476,-0.07592,0.15228,0.08024,0.12814,0.02947,panel_temp2_c (+0.152),current_ma (+0.149),irradiance_lux (+0.128),0.0
REC-03118,2026-09-10T05:11:45Z,SITE-C,ESP32-C01,v1.0,SHORT_CIRCUIT,0.7971,0.24568,0.1027,0.14927,-0.01544,-0.07694,0.1499,0.08067,0.12876,0.03244,panel_temp2_c (+0.150),current_ma (+0.149),irradiance_lux (+0.129),-0.0
REC-03119,2026-09-10T05:11:50Z,SITE-C,ESP32-C01,v1.0,SHORT_CIRCUIT,0.8043,0.24568,0.10213,0.14896,-0.01499,-0.07643,0.14949,0.08027,0.12821,0.041,panel_temp2_c (+0.149),current_ma (+0.149),irradiance_lux (+0.128),0.0
REC-03120,2026-09-10T05:11:55Z,SITE-C,ESP32-C01,v1.0,SHORT_CIRCUIT,0.7989,0.24568,0.1031,0.14861,-0.01469,-0.07677,0.14953,0.08032,0.12819,0.03492,panel_temp2_c (+0.150),current_ma (+0.149),irradiance_lux (+0.128),0.0
REC-03121,2026-09-10T05:54:00Z,SITE-D,ESP32-D01,v1.0,OPEN_CIRCUIT,0.2166,0.26744,-0.03249,-0.01657,-0.02077,0.00406,0.02267,0.02825,-0.06198,0.026,irradiance_lux (-0.062),voltage_v (-0.032),ambient_temp_c (+0.028),-0.0
REC-03122,2026-09-10T05:54:05Z,SITE-D,ESP32-D01,v1.0,OPEN_CIRCUIT,0.2194,0.26744,-0.0316,-0.01649,-0.01975,0.00442,0.02358,0.02845,-0.06363,0.02696,irradiance_lux (-0.064),voltage_v (-0.032),ambient_temp_c (+0.028),-0.0
REC-03123,2026-09-10T05:54:10Z,SITE-D,ESP32-D01,v1.0,OPEN_CIRCUIT,0.2189,0.26744,-0.03091,-0.01603,-0.01887,0.0057,0.02234,0.02781,-0.0657,0.02716,irradiance_lux (-0.066),voltage_v (-0.031),ambient_temp_c (+0.028),0.0
REC-03124,2026-09-10T05:54:15Z,SITE-D,ESP32-D01,v1.0,OPEN_CIRCUIT,0.2174,0.26744,-0.03262,-0.01646,-0.02087,0.00271,0.02295,0.0288,-0.06017,0.02565,irradiance_lux (-0.060),voltage_v (-0.033),ambient_temp_c (+0.029),0.0
REC-03125,2026-09-10T05:54:20Z,SITE-D,ESP32-D01,v1.0,OPEN_CIRCUIT,0.2165,0.26744,-0.03256,-0.01665,-0.02093,0.00314,0.02205,0.02851,-0.06036,0.02584,irradiance_lux (-0.060),voltage_v (-0.033),ambient_temp_c (+0.029),0.0
REC-03126,2026-09-10T05:54:25Z,SITE-D,ESP32-D01,v1.0,OPEN_CIRCUIT,0.2196,0.26744,-0.03095,-0.01669,-0.01939,0.00571,0.0223,0.02785,-0.0642,0.02758,irradiance_lux (-0.064),voltage_v (-0.031),ambient_temp_c (+0.028),0.0
REC-03127,2026-09-10T05:54:30Z,SITE-D,ESP32-D01,v1.0,OPEN_CIRCUIT,0.2168,0.26744,-0.03347,-0.01547,-0.02179,0.00398,0.02295,0.02838,-0.06026,0.02506,irradiance_lux (-0.060),voltage_v (-0.033),ambient_temp_c (+0.028),-0.0
REC-03128,2026-09-10T05:54:35Z,SITE-D,ESP32-D01,v1.0,OPEN_CIRCUIT,0.2181,0.26744,-0.03241,-0.01667,-0.02068,0.00528,0.02149,0.02826,-0.0615,0.02686,irradiance_lux (-0.062),voltage_v (-0.032),ambient_temp_c (+0.028),-0.0
REC-03129,2026-09-10T05:54:40Z,SITE-D,ESP32-D01,v1.0,OPEN_CIRCUIT,0.2219,0.26744,-0.03447,-0.0141,-0.02146,0.00242,0.02439,0.02938,-0.05375,0.02201,irradiance_lux (-0.054),voltage_v (-0.034),ambient_temp_c (+0.029),-0.0
REC-03130,2026-09-10T05:54:45Z,SITE-D,ESP32-D01,v1.0,OPEN_CIRCUIT,0.2189,0.26744,-0.03278,-0.01603,-0.0207,0.00453,0.02295,0.02813,-0.06027,0.02562,irradiance_lux (-0.060),voltage_v (-0.033),ambient_temp_c (+0.028),-0.0
REC-03131,2026-09-10T05:54:50Z,SITE-D,ESP32-D01,v1.0,OPEN_CIRCUIT,0.2187,0.26744,-0.03078,-0.01664,-0.01895,0.00616,0.02314,0.02751,-0.06629,0.02712,irradiance_lux (-0.066),voltage_v (-0.031),ambient_temp_c (+0.028),-0.0
REC-03132,2026-09-10T05:54:55Z,SITE-D,ESP32-D01,v1.0,OPEN_CIRCUIT,0.2184,0.26744,-0.03181,-0.01536,-0.02027,0.00415,0.02202,0.02824,-0.06252,0.0265,irradiance_lux (-0.063),voltage_v (-0.032),ambient_temp_c (+0.028),-0.0
REC-03133,2026-09-10T05:55:00Z,SITE-D,ESP32-D01,v1.0,OPEN_CIRCUIT,0.2174,0.26744,-0.03101,-0.0167,-0.01929,0.00387,0.02263,0.02831,-0.06472,0.02691,irradiance_lux (-0.065),voltage_v (-0.031),ambient_temp_c (+0.028),-0.0
REC-03134,2026-09-10T05:55:05Z,SITE-D,ESP32-D01,v1.0,OPEN_CIRCUIT,0.224,0.26744,-0.03144,-0.01517,-0.01936,0.00687,0.02261,0.02905,-0.06412,0.02817,irradiance_lux (-0.064),voltage_v (-0.031),ambient_temp_c (+0.029),0.0
REC-03135,2026-09-10T05:55:10Z,SITE-D,ESP32-D01,v1.0,OPEN_CIRCUIT,0.22,0.26744,-0.03058,-0.01604,-0.01888,0.00559,0.02164,0.02821,-0.06515,0.02779,irradiance_lux (-0.065),voltage_v (-0.031),ambient_temp_c (+0.028),0.0
REC-03136,2026-09-10T05:55:15Z,SITE-D,ESP32-D01,v1.0,OPEN_CIRCUIT,0.2183,0.26744,-0.03303,-0.01622,-0.02122,0.00396,0.023,0.02896,-0.06066,0.02603,irradiance_lux (-0.061),voltage_v (-0.033),ambient_temp_c (+0.029),0.0
REC-03137,2026-09-10T05:55:20Z,SITE-D,ESP32-D01,v1.0,OPEN_CIRCUIT,0.2191,0.26744,-0.03077,-0.01665,-0.01934,0.00534,0.02236,0.02812,-0.06483,0.02747,irradiance_lux (-0.065),voltage_v (-0.031),ambient_temp_c (+0.028),0.0
REC-03138,2026-09-10T05:55:25Z,SITE-D,ESP32-D01,v1.0,DUST,0.222,0.09417,0.01721,0.01009,0.01364,0.01532,0.0086,-0.00884,0.02531,0.04646,dust_vo_v (+0.046),irradiance_lux (+0.025),voltage_v (+0.017),0.0
REC-03139,2026-09-10T05:55:30Z,SITE-D,ESP32-D01,v1.0,OPEN_CIRCUIT,0.2164,0.26744,-0.0325,-0.01657,-0.0208,0.00419,0.02238,0.02796,-0.06173,0.02604,irradiance_lux (-0.062),voltage_v (-0.033),ambient_temp_c (+0.028),0.0
REC-03140,2026-09-10T05:55:35Z,SITE-D,ESP32-D01,v1.0,OPEN_CIRCUIT,0.2206,0.26744,-0.0336,-0.01554,-0.02095,0.003,0.02407,0.0291,-0.0568,0.02393,irradiance_lux (-0.057),voltage_v (-0.034),ambient_temp_c (+0.029),0.0
REC-03141,2026-09-10T05:55:40Z,SITE-D,ESP32-D01,v1.0,OPEN_CIRCUIT,0.2177,0.26744,-0.03265,-0.01543,-0.02092,0.00365,0.02147,0.02847,-0.05938,0.02503,irradiance_lux (-0.059),voltage_v (-0.033),ambient_temp_c (+0.028),-0.0
REC-03142,2026-09-10T05:55:45Z,SITE-D,ESP32-D01,v1.0,OPEN_CIRCUIT,0.2138,0.26744,-0.03148,-0.01716,-0.01998,0.00392,0.02103,0.02719,-0.06318,0.02601,irradiance_lux (-0.063),voltage_v (-0.031),ambient_temp_c (+0.027),-0.0
REC-03143,2026-09-10T05:55:50Z,SITE-D,ESP32-D01,v1.0,OPEN_CIRCUIT,0.2234,0.26744,-0.03388,-0.01434,-0.02092,0.00379,0.0232,0.02955,-0.05479,0.02334,irradiance_lux (-0.055),voltage_v (-0.034),ambient_temp_c (+0.030),-0.0
REC-03144,2026-09-10T05:55:55Z,SITE-D,ESP32-D01,v1.0,OPEN_CIRCUIT,0.2161,0.26744,-0.03254,-0.01632,-0.02071,0.00189,0.02342,0.02815,-0.05957,0.0243,irradiance_lux (-0.060),voltage_v (-0.033),ambient_temp_c (+0.028),0.0
REC-03145,2026-09-10T05:56:00Z,SITE-D,ESP32-D01,v1.0,OPEN_CIRCUIT,0.2178,0.26744,-0.0324,-0.0167,-0.02032,0.00415,0.02277,0.02801,-0.06055,0.02538,irradiance_lux (-0.061),voltage_v (-0.032),ambient_temp_c (+0.028),0.0
REC-03146,2026-09-10T05:56:05Z,SITE-D,ESP32-D01,v1.0,OPEN_CIRCUIT,0.2136,0.26744,-0.03206,-0.01735,-0.02039,0.00333,0.02284,0.0272,-0.06278,0.02537,irradiance_lux (-0.063),voltage_v (-0.032),ambient_temp_c (+0.027),0.0
REC-03147,2026-09-10T05:56:10Z,SITE-D,ESP32-D01,v1.0,DUST,0.2254,0.09417,0.01753,0.01124,0.0143,0.01583,0.00945,-0.00701,0.02568,0.04418,dust_vo_v (+0.044),irradiance_lux (+0.026),voltage_v (+0.018),0.0
REC-03148,2026-09-10T05:56:15Z,SITE-D,ESP32-D01,v1.0,DUST,0.2142,0.09417,0.01733,0.01083,0.01482,0.01561,0.0091,-0.00587,0.0246,0.03358,dust_vo_v (+0.034),irradiance_lux (+0.025),voltage_v (+0.017),0.0
REC-03149,2026-09-10T05:56:20Z,SITE-D,ESP32-D01,v1.0,OPEN_CIRCUIT,0.2166,0.26744,-0.03276,-0.01677,-0.02077,0.00129,0.02374,0.02877,-0.05837,0.02402,irradiance_lux (-0.058),voltage_v (-0.033),ambient_temp_c (+0.029),0.0
REC-03150,2026-09-10T05:56:25Z,SITE-D,ESP32-D01,v1.0,DUST,0.2457,0.09417,0.01844,0.01191,0.01405,0.01638,0.00934,-0.00869,0.02697,0.06315,dust_vo_v (+0.063),irradiance_lux (+0.027),voltage_v (+0.018),-0.0
REC-03151,2026-09-10T05:56:30Z,SITE-D,ESP32-D01,v1.0,OPEN_CIRCUIT,0.2144,0.26744,-0.03219,-0.01642,-0.02057,0.00354,0.02305,0.02743,-0.06292,0.02506,irradiance_lux (-0.063),voltage_v (-0.032),ambient_temp_c (+0.027),-0.0
REC-03152,2026-09-10T05:56:35Z,SITE-D,ESP32-D01,v1.0,OPEN_CIRCUIT,0.2238,0.26744,-0.03372,-0.01519,-0.02046,0.00394,0.02446,0.02956,-0.05556,0.02329,irradiance_lux (-0.056),voltage_v (-0.034),ambient_temp_c (+0.030),-0.0
REC-03153,2026-09-10T05:56:40Z,SITE-D,ESP32-D01,v1.0,OPEN_CIRCUIT,0.2175,0.26744,-0.03335,-0.01578,-0.02127,0.00324,0.02299,0.02852,-0.05848,0.02422,irradiance_lux (-0.058),voltage_v (-0.033),ambient_temp_c (+0.029),-0.0
REC-03154,2026-09-10T05:56:45Z,SITE-D,ESP32-D01,v1.0,OPEN_CIRCUIT,0.2196,0.26744,-0.03333,-0.01507,-0.02117,0.00353,0.02248,0.02892,-0.05769,0.02446,irradiance_lux (-0.058),voltage_v (-0.033),ambient_temp_c (+0.029),-0.0
REC-03155,2026-09-10T05:56:50Z,SITE-D,ESP32-D01,v1.0,OPEN_CIRCUIT,0.2175,0.26744,-0.03371,-0.01587,-0.02153,0.00206,0.02198,0.02887,-0.05568,0.02397,irradiance_lux (-0.056),voltage_v (-0.034),ambient_temp_c (+0.029),-0.0
REC-03156,2026-09-10T05:56:55Z,SITE-D,ESP32-D01,v1.0,OPEN_CIRCUIT,0.2164,0.26744,-0.03173,-0.01604,-0.02004,0.00494,0.02183,0.02772,-0.06385,0.02618,irradiance_lux (-0.064),voltage_v (-0.032),ambient_temp_c (+0.028),0.0
REC-03157,2026-09-10T05:57:00Z,SITE-D,ESP32-D01,v1.0,SHORT_CIRCUIT,0.2242,0.24568,0.03368,0.01085,0.01217,0.01788,-0.04357,0.01956,-0.03046,-0.04156,panel_temp2_c (-0.044),dust_vo_v (-0.042),voltage_v (+0.034),-0.0
REC-03158,2026-09-10T05:57:05Z,SITE-D,ESP32-D01,v1.0,OPEN_CIRCUIT,0.2176,0.26744,-0.0316,-0.01669,-0.01947,0.00781,0.02426,0.02694,-0.06722,0.02618,irradiance_lux (-0.067),voltage_v (-0.032),ambient_temp_c (+0.027),0.0
REC-03159,2026-09-10T05:57:10Z,SITE-D,ESP32-D01,v1.0,DUST,0.2164,0.09417,0.01752,0.01111,0.01485,0.01569,0.00911,-0.00597,0.02495,0.03499,dust_vo_v (+0.035),irradiance_lux (+0.025),voltage_v (+0.018),0.0
REC-03160,2026-09-10T05:57:15Z,SITE-D,ESP32-D01,v1.0,OPEN_CIRCUIT,0.2179,0.26744,-0.0323,-0.0166,-0.02041,0.0028,0.02367,0.02859,-0.06057,0.02525,irradiance_lux (-0.061),voltage_v (-0.032),ambient_temp_c (+0.029),-0.0
REC-03161,2026-09-10T05:57:20Z,SITE-D,ESP32-D01,v1.0,DUST,0.2156,0.09417,0.01747,0.01097,0.01445,0.01553,0.00878,-0.00657,0.02501,0.03574,dust_vo_v (+0.036),irradiance_lux (+0.025),voltage_v (+0.017),-0.0
REC-03162,2026-09-10T05:57:25Z,SITE-D,ESP32-D01,v1.0,OPEN_CIRCUIT,0.2224,0.26744,-0.03323,-0.01635,-0.02052,0.00511,0.02271,0.0295,-0.05736,0.02507,irradiance_lux (-0.057),voltage_v (-0.033),ambient_temp_c (+0.029),-0.0
REC-03163,2026-09-10T05:57:30Z,SITE-D,ESP32-D01,v1.0,OPEN_CIRCUIT,0.2234,0.26744,-0.03308,-0.01671,-0.02016,0.00606,0.02551,0.02918,-0.06009,0.0253,irradiance_lux (-0.060),voltage_v (-0.033),ambient_temp_c (+0.029),0.0
REC-03164,2026-09-10T05:57:35Z,SITE-D,ESP32-D01,v1.0,OPEN_CIRCUIT,0.2165,0.26744,-0.03214,-0.01668,-0.01996,0.00726,0.02317,0.02742,-0.06582,0.02584,irradiance_lux (-0.066),voltage_v (-0.032),ambient_temp_c (+0.027),-0.0
REC-03165,2026-09-10T05:57:40Z,SITE-D,ESP32-D01,v1.0,OPEN_CIRCUIT,0.2177,0.26744,-0.03221,-0.01705,-0.02018,0.0046,0.02336,0.02833,-0.06216,0.02558,irradiance_lux (-0.062),voltage_v (-0.032),ambient_temp_c (+0.028),-0.0
REC-03166,2026-09-10T05:57:45Z,SITE-D,ESP32-D01,v1.0,OPEN_CIRCUIT,0.2194,0.26744,-0.03213,-0.01775,-0.01996,0.00404,0.02341,0.02884,-0.06003,0.02553,irradiance_lux (-0.060),voltage_v (-0.032),ambient_temp_c (+0.029),0.0
REC-03167,2026-09-10T05:57:50Z,SITE-D,ESP32-D01,v1.0,OPEN_CIRCUIT,0.2171,0.26744,-0.03216,-0.01713,-0.0203,0.00497,0.02342,0.02807,-0.06286,0.02572,irradiance_lux (-0.063),voltage_v (-0.032),ambient_temp_c (+0.028),-0.0
REC-03168,2026-09-10T05:57:55Z,SITE-D,ESP32-D01,v1.0,DUST,0.2196,0.09417,0.01742,0.01103,0.01431,0.01561,0.00902,-0.00699,0.02543,0.03959,dust_vo_v (+0.040),irradiance_lux (+0.025),voltage_v (+0.017),-0.0
REC-03169,2026-09-10T05:58:00Z,SITE-D,ESP32-D01,v1.0,DUST,0.2172,0.09417,0.01703,0.01052,0.01413,0.01527,0.00862,-0.00708,0.02569,0.03881,dust_vo_v (+0.039),irradiance_lux (+0.026),voltage_v (+0.017),0.0
REC-03170,2026-09-10T05:58:05Z,SITE-D,ESP32-D01,v1.0,OPEN_CIRCUIT,0.2163,0.26744,-0.03217,-0.0172,-0.01995,0.00655,0.023,0.02777,-0.06511,0.02596,irradiance_lux (-0.065),voltage_v (-0.032),ambient_temp_c (+0.028),0.0
REC-03171,2026-09-10T05:58:10Z,SITE-D,ESP32-D01,v1.0,OPEN_CIRCUIT,0.2168,0.26744,-0.03216,-0.01697,-0.02051,0.00415,0.02336,0.02832,-0.0622,0.02537,irradiance_lux (-0.062),voltage_v (-0.032),ambient_temp_c (+0.028),0.0
REC-03172,2026-09-10T05:58:15Z,SITE-D,ESP32-D01,v1.0,OPEN_CIRCUIT,0.2154,0.26744,-0.03133,-0.01754,-0.01981,0.00489,0.02304,0.02754,-0.06502,0.02623,irradiance_lux (-0.065),voltage_v (-0.031),ambient_temp_c (+0.028),0.0
REC-03173,2026-09-10T05:58:20Z,SITE-D,ESP32-D01,v1.0,OPEN_CIRCUIT,0.222,0.26744,-0.03323,-0.01657,-0.02053,0.00591,0.02449,0.02905,-0.05977,0.02525,irradiance_lux (-0.060),voltage_v (-0.033),ambient_temp_c (+0.029),-0.0
REC-03174,2026-09-10T05:58:25Z,SITE-D,ESP32-D01,v1.0,DUST,0.2183,0.09417,0.0176,0.01092,0.01428,0.01531,0.00821,-0.00639,0.02596,0.03824,dust_vo_v (+0.038),irradiance_lux (+0.026),voltage_v (+0.018),0.0
REC-03175,2026-09-10T05:58:30Z,SITE-D,ESP32-D01,v1.0,DUST,0.2151,0.09417,0.01704,0.01059,0.01427,0.01521,0.00853,-0.00662,0.02583,0.03613,dust_vo_v (+0.036),irradiance_lux (+0.026),voltage_v (+0.017),0.0
REC-03176,2026-09-10T05:58:35Z,SITE-D,ESP32-D01,v1.0,DUST,0.2267,0.09417,0.01778,0.01137,0.01381,0.01572,0.00848,-0.00705,0.02661,0.04582,dust_vo_v (+0.046),irradiance_lux (+0.027),voltage_v (+0.018),0.0
REC-03177,2026-09-10T05:58:40Z,SITE-D,ESP32-D01,v1.0,OPEN_CIRCUIT,0.2207,0.26744,-0.03253,-0.01717,-0.01982,0.00496,0.02499,0.02876,-0.06066,0.02474,irradiance_lux (-0.061),voltage_v (-0.033),ambient_temp_c (+0.029),0.0
REC-03178,2026-09-10T05:58:45Z,SITE-D,ESP32-D01,v1.0,OPEN_CIRCUIT,0.2191,0.26744,-0.03282,-0.01727,-0.02052,0.0043,0.02331,0.02888,-0.05922,0.02498,irradiance_lux (-0.059),voltage_v (-0.033),ambient_temp_c (+0.029),0.0
REC-03179,2026-09-10T05:58:50Z,SITE-D,ESP32-D01,v1.0,DUST,0.2143,0.09417,0.01733,0.01085,0.01486,0.01553,0.00885,-0.00539,0.02541,0.03266,dust_vo_v (+0.033),irradiance_lux (+0.025),voltage_v (+0.017),-0.0
REC-03180,2026-09-10T05:58:55Z,SITE-D,ESP32-D01,v1.0,OPEN_CIRCUIT,0.2183,0.26744,-0.03235,-0.01852,-0.01966,0.00656,0.02426,0.02784,-0.06267,0.02543,irradiance_lux (-0.063),voltage_v (-0.032),ambient_temp_c (+0.028),0.0
REC-03181,2026-09-10T07:04:00Z,SITE-B,ESP32-B01,v1.0,SHORT_CIRCUIT,0.2782,0.24568,0.03664,-0.07246,0.00528,0.00948,-0.01275,0.0251,0.01511,0.02614,current_ma (-0.072),voltage_v (+0.037),dust_vo_v (+0.026),-0.0
REC-03182,2026-09-10T07:04:05Z,SITE-B,ESP32-B01,v1.0,SHORT_CIRCUIT,0.2757,0.24568,0.03554,-0.07235,0.00564,0.00975,-0.0128,0.02505,0.01562,0.02361,current_ma (-0.072),voltage_v (+0.036),ambient_temp_c (+0.025),-0.0
REC-03183,2026-09-10T07:04:10Z,SITE-B,ESP32-B01,v1.0,SHORT_CIRCUIT,0.2719,0.24568,0.0345,-0.07294,0.00574,0.01065,-0.0111,0.02467,0.01483,0.01991,current_ma (-0.073),voltage_v (+0.035),ambient_temp_c (+0.025),0.0
REC-03184,2026-09-10T07:04:15Z,SITE-B,ESP32-B01,v1.0,SHORT_CIRCUIT,0.2761,0.24568,0.03535,-0.07146,0.0058,0.01041,-0.01308,0.02478,0.01497,0.02368,current_ma (-0.071),voltage_v (+0.035),ambient_temp_c (+0.025),-0.0
REC-03185,2026-09-10T07:04:20Z,SITE-B,ESP32-B01,v1.0,SHORT_CIRCUIT,0.2708,0.24568,0.03539,-0.07152,0.00598,0.00942,-0.01066,0.02451,0.01442,0.01754,current_ma (-0.072),voltage_v (+0.035),ambient_temp_c (+0.025),-0.0
REC-03186,2026-09-10T07:04:25Z,SITE-B,ESP32-B01,v1.0,SHORT_CIRCUIT,0.2783,0.24568,0.03649,-0.07255,0.00524,0.01069,-0.01231,0.02459,0.01463,0.0258,current_ma (-0.073),voltage_v (+0.036),dust_vo_v (+0.026),-0.0
REC-03187,2026-09-10T07:04:30Z,SITE-B,ESP32-B01,v1.0,SHORT_CIRCUIT,0.2763,0.24568,0.03523,-0.07326,0.00555,0.01034,-0.00987,0.02471,0.01532,0.02257,current_ma (-0.073),voltage_v (+0.035),ambient_temp_c (+0.025),0.0
REC-03188,2026-09-10T07:04:35Z,SITE-B,ESP32-B01,v1.0,SHORT_CIRCUIT,0.2781,0.24568,0.03653,-0.07214,0.00546,0.00949,-0.01161,0.02493,0.01497,0.02479,current_ma (-0.072),voltage_v (+0.037),ambient_temp_c (+0.025),-0.0
REC-03189,2026-09-10T07:04:40Z,SITE-B,ESP32-B01,v1.0,SHORT_CIRCUIT,0.2734,0.24568,0.03615,-0.07167,0.0057,0.00862,-0.01231,0.02484,0.01526,0.02109,current_ma (-0.072),voltage_v (+0.036),ambient_temp_c (+0.025),0.0
REC-03190,2026-09-10T07:04:45Z,SITE-B,ESP32-B01,v1.0,SHORT_CIRCUIT,0.2811,0.24568,0.03539,-0.07246,0.00569,0.00985,-0.01033,0.02532,0.01552,0.02638,current_ma (-0.072),voltage_v (+0.035),dust_vo_v (+0.026),-0.0
REC-03191,2026-09-10T07:04:50Z,SITE-B,ESP32-B01,v1.0,SHORT_CIRCUIT,0.2729,0.24568,0.03556,-0.07163,0.00638,0.00937,-0.01016,0.02509,0.01578,0.01678,current_ma (-0.072),voltage_v (+0.036),ambient_temp_c (+0.025),0.0
REC-03192,2026-09-10T07:04:55Z,SITE-B,ESP32-B01,v1.0,SHORT_CIRCUIT,0.2783,0.24568,0.03444,-0.0745,0.00492,0.01013,-0.01185,0.02535,0.01506,0.02904,current_ma (-0.074),voltage_v (+0.034),dust_vo_v (+0.029),0.0
REC-03193,2026-09-10T07:05:00Z,SITE-B,ESP32-B01,v1.0,SHORT_CIRCUIT,0.2695,0.24568,0.03558,-0.07168,0.00603,0.009,-0.01191,0.02504,0.01465,0.01713,current_ma (-0.072),voltage_v (+0.036),ambient_temp_c (+0.025),-0.0
REC-03194,2026-09-10T07:05:05Z,SITE-B,ESP32-B01,v1.0,SHORT_CIRCUIT,0.2742,0.24568,0.03443,-0.07289,0.00566,0.01092,-0.01211,0.02492,0.01481,0.02276,current_ma (-0.073),voltage_v (+0.034),ambient_temp_c (+0.025),-0.0
REC-03195,2026-09-10T07:05:10Z,SITE-B,ESP32-B01,v1.0,SHORT_CIRCUIT,0.273,0.24568,0.03489,-0.07186,0.00589,0.00933,-0.01159,0.0252,0.01448,0.02101,current_ma (-0.072),voltage_v (+0.035),ambient_temp_c (+0.025),-0.0
REC-03196,2026-09-10T07:05:15Z,SITE-B,ESP32-B01,v1.0,SHORT_CIRCUIT,0.2718,0.24568,0.03442,-0.07159,0.00627,0.01012,-0.01168,0.02528,0.01462,0.01863,current_ma (-0.072),voltage_v (+0.034),ambient_temp_c (+0.025),0.0
REC-03197,2026-09-10T07:05:20Z,SITE-B,ESP32-B01,v1.0,SHORT_CIRCUIT,0.2707,0.24568,0.03419,-0.07336,0.0058,0.00942,-0.01136,0.02554,0.01501,0.01979,current_ma (-0.073),voltage_v (+0.034),ambient_temp_c (+0.026),0.0
REC-03198,2026-09-10T07:05:25Z,SITE-B,ESP32-B01,v1.0,SHORT_CIRCUIT,0.2791,0.24568,0.03634,-0.07253,0.00562,0.00986,-0.01262,0.02589,0.01499,0.02588,current_ma (-0.073),voltage_v (+0.036),ambient_temp_c (+0.026),-0.0
REC-03199,2026-09-10T07:05:30Z,SITE-B,ESP32-B01,v1.0,SHORT_CIRCUIT,0.2758,0.24568,0.03576,-0.07169,0.00617,0.00957,-0.01193,0.02584,0.0151,0.02129,current_ma (-0.072),voltage_v (+0.036),ambient_temp_c (+0.026),-0.0
REC-03200,2026-09-10T07:05:35Z,SITE-B,ESP32-B01,v1.0,SHORT_CIRCUIT,0.2756,0.24568,0.0373,-0.07169,0.00656,0.00903,-0.01039,0.02616,0.01591,0.01703,current_ma (-0.072),voltage_v (+0.037),ambient_temp_c (+0.026),-0.0
REC-03201,2026-09-10T07:05:40Z,SITE-B,ESP32-B01,v1.0,SHORT_CIRCUIT,0.2814,0.24568,0.03671,-0.07272,0.00564,0.01009,-0.01181,0.02615,0.01494,0.02673,current_ma (-0.073),voltage_v (+0.037),dust_vo_v (+0.027),0.0
REC-03202,2026-09-10T07:05:45Z,SITE-B,ESP32-B01,v1.0,SHORT_CIRCUIT,0.2728,0.24568,0.03591,-0.07134,0.00673,0.01014,-0.01151,0.02609,0.01499,0.01615,current_ma (-0.071),voltage_v (+0.036),ambient_temp_c (+0.026),0.0
REC-03203,2026-09-10T07:05:50Z,SITE-B,ESP32-B01,v1.0,SHORT_CIRCUIT,0.2756,0.24568,0.03456,-0.07179,0.00633,0.01041,-0.01243,0.02615,0.01474,0.02193,current_ma (-0.072),voltage_v (+0.035),ambient_temp_c (+0.026),0.0
REC-03204,2026-09-10T07:05:55Z,SITE-B,ESP32-B01,v1.0,SHORT_CIRCUIT,0.2783,0.24568,0.0357,-0.07258,0.00583,0.00982,-0.01216,0.0261,0.01513,0.0248,current_ma (-0.073),voltage_v (+0.036),ambient_temp_c (+0.026),-0.0
REC-03205,2026-09-10T07:06:00Z,SITE-B,ESP32-B01,v1.0,SHORT_CIRCUIT,0.2814,0.24568,0.03564,-0.07343,0.0057,0.01065,-0.01094,0.02619,0.01526,0.0267,current_ma (-0.073),voltage_v (+0.036),dust_vo_v (+0.027),0.0
REC-03206,2026-09-10T07:06:05Z,SITE-B,ESP32-B01,v1.0,SHORT_CIRCUIT,0.279,0.24568,0.03751,-0.07147,0.00586,0.00989,-0.01325,0.02598,0.01458,0.02425,current_ma (-0.071),voltage_v (+0.038),ambient_temp_c (+0.026),-0.0
REC-03207,2026-09-10T07:06:10Z,SITE-B,ESP32-B01,v1.0,SHORT_CIRCUIT,0.2877,0.24568,0.03835,-0.07322,0.00527,0.0105,-0.0114,0.02629,0.01527,0.031,current_ma (-0.073),voltage_v (+0.038),dust_vo_v (+0.031),0.0
REC-03208,2026-09-10T07:06:15Z,SITE-B,ESP32-B01,v1.0,SHORT_CIRCUIT,0.2794,0.24568,0.03522,-0.07324,0.00595,0.01013,-0.01136,0.02639,0.01579,0.02487,current_ma (-0.073),voltage_v (+0.035),ambient_temp_c (+0.026),0.0
REC-03209,2026-09-10T07:06:20Z,SITE-B,ESP32-B01,v1.0,SHORT_CIRCUIT,0.2785,0.24568,0.03601,-0.07324,0.00576,0.00912,-0.0112,0.02641,0.01548,0.02444,current_ma (-0.073),voltage_v (+0.036),ambient_temp_c (+0.026),-0.0
REC-03210,2026-09-10T07:06:25Z,SITE-B,ESP32-B01,v1.0,SHORT_CIRCUIT,0.2814,0.24568,0.03684,-0.07344,0.00539,0.00901,-0.01166,0.02612,0.01608,0.0274,current_ma (-0.073),voltage_v (+0.037),dust_vo_v (+0.027),0.0
REC-03211,2026-09-10T07:06:30Z,SITE-B,ESP32-B01,v1.0,SHORT_CIRCUIT,0.2757,0.24568,0.03556,-0.07303,0.00612,0.00984,-0.01149,0.02607,0.01603,0.02093,current_ma (-0.073),voltage_v (+0.036),ambient_temp_c (+0.026),0.0
REC-03212,2026-09-10T07:06:35Z,SITE-B,ESP32-B01,v1.0,SHORT_CIRCUIT,0.2769,0.24568,0.03475,-0.07471,0.0056,0.0097,-0.01063,0.02603,0.01655,0.02394,current_ma (-0.075),voltage_v (+0.035),ambient_temp_c (+0.026),-0.0
REC-03213,2026-09-10T07:06:40Z,SITE-B,ESP32-B01,v1.0,SHORT_CIRCUIT,0.2802,0.24568,0.03662,-0.0729,0.00556,0.01003,-0.0117,0.02558,0.0157,0.02564,current_ma (-0.073),voltage_v (+0.037),dust_vo_v (+0.026),-0.0
REC-03214,2026-09-10T07:06:45Z,SITE-B,ESP32-B01,v1.0,SHORT_CIRCUIT,0.2813,0.24568,0.03649,-0.07184,0.00603,0.00859,-0.01101,0.02602,0.01653,0.02479,current_ma (-0.072),voltage_v (+0.036),ambient_temp_c (+0.026),0.0
REC-03215,2026-09-10T07:06:50Z,SITE-B,ESP32-B01,v1.0,SHORT_CIRCUIT,0.2727,0.24568,0.03479,-0.07366,0.00559,0.00895,-0.01107,0.02566,0.01514,0.02158,current_ma (-0.074),voltage_v (+0.035),ambient_temp_c (+0.026),-0.0
REC-03216,2026-09-10T07:06:55Z,SITE-B,ESP32-B01,v1.0,SHORT_CIRCUIT,0.2784,0.24568,0.03577,-0.07254,0.0059,0.01015,-0.01058,0.02556,0.0153,0.02312,current_ma (-0.073),voltage_v (+0.036),ambient_temp_c (+0.026),-0.0
REC-03217,2026-09-10T07:07:00Z,SITE-B,ESP32-B01,v1.0,SHORT_CIRCUIT,0.2771,0.24568,0.03521,-0.07206,0.00561,0.00898,-0.01223,0.02556,0.01468,0.0257,current_ma (-0.072),voltage_v (+0.035),dust_vo_v (+0.026),0.0
REC-03218,2026-09-10T07:07:05Z,SITE-B,ESP32-B01,v1.0,SHORT_CIRCUIT,0.2777,0.24568,0.0376,-0.07202,0.00566,0.00991,-0.01317,0.0252,0.01568,0.02315,current_ma (-0.072),voltage_v (+0.038),ambient_temp_c (+0.025),0.0
REC-03219,2026-09-10T07:07:10Z,SITE-B,ESP32-B01,v1.0,SHORT_CIRCUIT,0.2763,0.24568,0.03491,-0.07297,0.00562,0.01089,-0.01105,0.02501,0.01463,0.02358,current_ma (-0.073),voltage_v (+0.035),ambient_temp_c (+0.025),-0.0
REC-03220,2026-09-10T07:07:15Z,SITE-B,ESP32-B01,v1.0,SHORT_CIRCUIT,0.2792,0.24568,0.03525,-0.07343,0.00529,0.01054,-0.01179,0.02513,0.01528,0.02719,current_ma (-0.073),voltage_v (+0.035),dust_vo_v (+0.027),0.0
REC-03221,2026-09-10T07:07:20Z,SITE-B,ESP32-B01,v1.0,SHORT_CIRCUIT,0.2784,0.24568,0.03528,-0.07366,0.00549,0.01015,-0.00991,0.02503,0.01593,0.02442,current_ma (-0.074),voltage_v (+0.035),ambient_temp_c (+0.025),-0.0
REC-03222,2026-09-10T07:07:25Z,SITE-B,ESP32-B01,v1.0,SHORT_CIRCUIT,0.2739,0.24568,0.03635,-0.07291,0.00545,0.00834,-0.01034,0.02494,0.01532,0.02106,current_ma (-0.073),voltage_v (+0.036),ambient_temp_c (+0.025),0.0
REC-03223,2026-09-10T07:07:30Z,SITE-B,ESP32-B01,v1.0,SHORT_CIRCUIT,0.2744,0.24568,0.03602,-0.07229,0.00566,0.00989,-0.01189,0.02457,0.01554,0.02116,current_ma (-0.072),voltage_v (+0.036),ambient_temp_c (+0.025),-0.0
REC-03224,2026-09-10T07:07:35Z,SITE-B,ESP32-B01,v1.0,SHORT_CIRCUIT,0.2745,0.24568,0.03451,-0.07277,0.00544,0.01101,-0.01172,0.02451,0.01411,0.02377,current_ma (-0.073),voltage_v (+0.035),ambient_temp_c (+0.025),-0.0
REC-03225,2026-09-10T07:07:40Z,SITE-B,ESP32-B01,v1.0,SHORT_CIRCUIT,0.2712,0.24568,0.03495,-0.07275,0.00554,0.01114,-0.01281,0.02431,0.01457,0.02053,current_ma (-0.073),voltage_v (+0.035),ambient_temp_c (+0.024),-0.0
REC-03226,2026-09-10T07:07:45Z,SITE-B,ESP32-B01,v1.0,SHORT_CIRCUIT,0.2788,0.24568,0.03651,-0.07248,0.00518,0.00933,-0.01205,0.02495,0.01484,0.02684,current_ma (-0.072),voltage_v (+0.037),dust_vo_v (+0.027),0.0
REC-03227,2026-09-10T07:07:50Z,SITE-B,ESP32-B01,v1.0,SHORT_CIRCUIT,0.2778,0.24568,0.03559,-0.07311,0.00519,0.00969,-0.01156,0.02494,0.01496,0.02638,current_ma (-0.073),voltage_v (+0.036),dust_vo_v (+0.026),0.0
REC-03228,2026-09-10T07:07:55Z,SITE-B,ESP32-B01,v1.0,SHORT_CIRCUIT,0.2767,0.24568,0.03465,-0.07415,0.00541,0.01088,-0.01094,0.02489,0.01598,0.02427,current_ma (-0.074),voltage_v (+0.035),ambient_temp_c (+0.025),0.0
REC-03229,2026-09-10T07:08:00Z,SITE-B,ESP32-B01,v1.0,SHORT_CIRCUIT,0.2764,0.24568,0.03703,-0.07143,0.00629,0.01088,-0.01126,0.0248,0.01598,0.01843,current_ma (-0.071),voltage_v (+0.037),ambient_temp_c (+0.025),0.0
REC-03230,2026-09-10T07:08:05Z,SITE-B,ESP32-B01,v1.0,SHORT_CIRCUIT,0.2741,0.24568,0.03464,-0.07389,0.00549,0.01071,-0.01127,0.02496,0.01536,0.02238,current_ma (-0.074),voltage_v (+0.035),ambient_temp_c (+0.025),0.0
REC-03231,2026-09-10T07:08:10Z,SITE-B,ESP32-B01,v1.0,SHORT_CIRCUIT,0.2774,0.24568,0.0361,-0.0742,0.00512,0.00894,-0.00948,0.02488,0.01607,0.0243,current_ma (-0.074),voltage_v (+0.036),ambient_temp_c (+0.025),-0.0
REC-03232,2026-09-10T07:08:15Z,SITE-B,ESP32-B01,v1.0,SHORT_CIRCUIT,0.27,0.24568,0.03411,-0.07328,0.00595,0.00974,-0.01121,0.02474,0.01648,0.01782,current_ma (-0.073),voltage_v (+0.034),ambient_temp_c (+0.025),0.0
REC-03233,2026-09-10T07:08:20Z,SITE-B,ESP32-B01,v1.0,SHORT_CIRCUIT,0.2767,0.24568,0.03686,-0.07395,0.00509,0.00938,-0.01198,0.02491,0.01638,0.02431,current_ma (-0.074),voltage_v (+0.037),ambient_temp_c (+0.025),0.0
REC-03234,2026-09-10T07:08:25Z,SITE-B,ESP32-B01,v1.0,SHORT_CIRCUIT,0.2685,0.24568,0.03574,-0.07329,0.00591,0.00825,-0.01134,0.02495,0.01709,0.01545,current_ma (-0.073),voltage_v (+0.036),ambient_temp_c (+0.025),-0.0
REC-03235,2026-09-10T07:08:30Z,SITE-B,ESP32-B01,v1.0,SHORT_CIRCUIT,0.2761,0.24568,0.03559,-0.07543,0.00481,0.0087,-0.00962,0.02489,0.01665,0.02481,current_ma (-0.075),voltage_v (+0.036),ambient_temp_c (+0.025),0.0
REC-03236,2026-09-10T07:08:35Z,SITE-B,ESP32-B01,v1.0,SHORT_CIRCUIT,0.2784,0.24568,0.03652,-0.0749,0.0047,0.00944,-0.01076,0.02482,0.01622,0.02672,current_ma (-0.075),voltage_v (+0.037),dust_vo_v (+0.027),0.0
REC-03237,2026-09-10T07:08:40Z,SITE-B,ESP32-B01,v1.0,SHORT_CIRCUIT,0.2767,0.24568,0.03664,-0.07405,0.00503,0.00932,-0.01063,0.02456,0.01623,0.02394,current_ma (-0.074),voltage_v (+0.037),ambient_temp_c (+0.025),0.0
REC-03238,2026-09-10T07:08:45Z,SITE-B,ESP32-B01,v1.0,SHORT_CIRCUIT,0.278,0.24568,0.03644,-0.07331,0.00534,0.00965,-0.01111,0.02458,0.01663,0.02412,current_ma (-0.073),voltage_v (+0.036),ambient_temp_c (+0.025),-0.0
REC-03239,2026-09-10T07:08:50Z,SITE-B,ESP32-B01,v1.0,SHORT_CIRCUIT,0.2768,0.24568,0.03525,-0.07531,0.00475,0.00982,-0.01059,0.02439,0.01686,0.02591,current_ma (-0.075),voltage_v (+0.035),dust_vo_v (+0.026),0.0
REC-03240,2026-09-10T07:08:55Z,SITE-B,ESP32-B01,v1.0,SHORT_CIRCUIT,0.2672,0.24568,0.03492,-0.07354,0.00589,0.01032,-0.01081,0.02395,0.01675,0.01404,current_ma (-0.074),voltage_v (+0.035),ambient_temp_c (+0.024),-0.0
REC-03241,2026-09-10T07:15:00Z,SITE-D,ESP32-D01,v1.0,SHORT_CIRCUIT,0.319,0.24568,0.0111,0.02394,0.01056,0.02073,-0.05813,0.03558,-0.03024,0.05972,dust_vo_v (+0.060),panel_temp2_c (-0.058),ambient_temp_c (+0.036),-0.0
REC-03242,2026-09-10T07:15:05Z,SITE-D,ESP32-D01,v1.0,SHORT_CIRCUIT,0.32,0.24568,0.01072,0.0262,0.01034,0.02081,-0.06036,0.03602,-0.02992,0.06053,dust_vo_v (+0.061),panel_temp2_c (-0.060),ambient_temp_c (+0.036),-0.0
REC-03243,2026-09-10T07:15:10Z,SITE-D,ESP32-D01,v1.0,SHORT_CIRCUIT,0.3207,0.24568,0.00914,0.02437,0.01067,0.02046,-0.0586,0.03578,-0.03001,0.06318,dust_vo_v (+0.063),panel_temp2_c (-0.059),ambient_temp_c (+0.036),0.0
REC-03244,2026-09-10T07:15:15Z,SITE-D,ESP32-D01,v1.0,SHORT_CIRCUIT,0.3201,0.24568,0.01095,0.02477,0.01045,0.02037,-0.05962,0.036,-0.0292,0.06074,dust_vo_v (+0.061),panel_temp2_c (-0.060),ambient_temp_c (+0.036),0.0
REC-03245,2026-09-10T07:15:20Z,SITE-D,ESP32-D01,v1.0,SHORT_CIRCUIT,0.3182,0.24568,0.00808,0.02649,0.0106,0.02058,-0.06034,0.03562,-0.02955,0.06105,dust_vo_v (+0.061),panel_temp2_c (-0.060),ambient_temp_c (+0.036),-0.0
REC-03246,2026-09-10T07:15:25Z,SITE-D,ESP32-D01,v1.0,SHORT_CIRCUIT,0.3082,0.24568,0.00768,0.02516,0.01075,0.02009,-0.05897,0.03514,-0.02926,0.05191,panel_temp2_c (-0.059),dust_vo_v (+0.052),ambient_temp_c (+0.035),-0.0
REC-03247,2026-09-10T07:15:30Z,SITE-D,ESP32-D01,v1.0,SHORT_CIRCUIT,0.3169,0.24568,0.00809,0.02571,0.01057,0.02038,-0.05913,0.03572,-0.02962,0.05947,dust_vo_v (+0.059),panel_temp2_c (-0.059),ambient_temp_c (+0.036),0.0
REC-03248,2026-09-10T07:15:35Z,SITE-D,ESP32-D01,v1.0,SHORT_CIRCUIT,0.3286,0.24568,0.012,0.02572,0.01026,0.02081,-0.05916,0.03613,-0.02905,0.0662,dust_vo_v (+0.066),panel_temp2_c (-0.059),ambient_temp_c (+0.036),-0.0
REC-03249,2026-09-10T07:15:40Z,SITE-D,ESP32-D01,v1.0,SHORT_CIRCUIT,0.3318,0.24568,0.01135,0.02524,0.01056,0.02088,-0.0582,0.03603,-0.02989,0.07015,dust_vo_v (+0.070),panel_temp2_c (-0.058),ambient_temp_c (+0.036),0.0
REC-03250,2026-09-10T07:15:45Z,SITE-D,ESP32-D01,v1.0,SHORT_CIRCUIT,0.3269,0.24568,0.01143,0.02365,0.01058,0.02078,-0.05779,0.03569,-0.02984,0.06675,dust_vo_v (+0.067),panel_temp2_c (-0.058),ambient_temp_c (+0.036),0.0
REC-03251,2026-09-10T07:15:50Z,SITE-D,ESP32-D01,v1.0,SHORT_CIRCUIT,0.3331,0.24568,0.01313,0.02649,0.01028,0.02079,-0.05786,0.03664,-0.02962,0.06752,dust_vo_v (+0.068),panel_temp2_c (-0.058),ambient_temp_c (+0.037),0.0
REC-03252,2026-09-10T07:15:55Z,SITE-D,ESP32-D01,v1.0,SHORT_CIRCUIT,0.3219,0.24568,0.00958,0.02534,0.01055,0.0203,-0.05983,0.03567,-0.02834,0.06291,dust_vo_v (+0.063),panel_temp2_c (-0.060),ambient_temp_c (+0.036),0.0
REC-03253,2026-09-10T07:16:00Z,SITE-D,ESP32-D01,v1.0,SHORT_CIRCUIT,0.3317,0.24568,0.01039,0.02591,0.01059,0.02045,-0.05753,0.03635,-0.02942,0.06932,dust_vo_v (+0.069),panel_temp2_c (-0.058),ambient_temp_c (+0.036),0.0
REC-03254,2026-09-10T07:16:05Z,SITE-D,ESP32-D01,v1.0,SHORT_CIRCUIT,0.3178,0.24568,0.00708,0.02544,0.01073,0.0201,-0.05741,0.03545,-0.02887,0.05962,dust_vo_v (+0.060),panel_temp2_c (-0.057),ambient_temp_c (+0.035),0.0
REC-03255,2026-09-10T07:16:10Z,SITE-D,ESP32-D01,v1.0,SHORT_CIRCUIT,0.3362,0.24568,0.01258,0.02531,0.01041,0.02078,-0.05872,0.03616,-0.02877,0.07274,dust_vo_v (+0.073),panel_temp2_c (-0.059),ambient_temp_c (+0.036),0.0
REC-03256,2026-09-10T07:16:15Z,SITE-D,ESP32-D01,v1.0,SHORT_CIRCUIT,0.335,0.24568,0.01154,0.02516,0.01048,0.02018,-0.05946,0.0368,-0.0288,0.07341,dust_vo_v (+0.073),panel_temp2_c (-0.059),ambient_temp_c (+0.037),0.0
REC-03257,2026-09-10T07:16:20Z,SITE-D,ESP32-D01,v1.0,SHORT_CIRCUIT,0.3259,0.24568,0.00951,0.02615,0.01037,0.02048,-0.0599,0.03604,-0.02854,0.06615,dust_vo_v (+0.066),panel_temp2_c (-0.060),ambient_temp_c (+0.036),-0.0
REC-03258,2026-09-10T07:16:25Z,SITE-D,ESP32-D01,v1.0,SHORT_CIRCUIT,0.3341,0.24568,0.01449,0.02496,0.01029,0.02064,-0.05868,0.03674,-0.02951,0.06951,dust_vo_v (+0.070),panel_temp2_c (-0.059),ambient_temp_c (+0.037),-0.0
REC-03259,2026-09-10T07:16:30Z,SITE-D,ESP32-D01,v1.0,SHORT_CIRCUIT,0.3354,0.24568,0.0099,0.02613,0.01052,0.0202,-0.0571,0.03684,-0.02925,0.07243,dust_vo_v (+0.072),panel_temp2_c (-0.057),ambient_temp_c (+0.037),0.0
REC-03260,2026-09-10T07:16:35Z,SITE-D,ESP32-D01,v1.0,SHORT_CIRCUIT,0.3283,0.24568,0.01037,0.0246,0.01051,0.02023,-0.05838,0.03655,-0.02955,0.06828,dust_vo_v (+0.068),panel_temp2_c (-0.058),ambient_temp_c (+0.037),0.0
REC-03261,2026-09-10T07:16:40Z,SITE-D,ESP32-D01,v1.0,SHORT_CIRCUIT,0.3321,0.24568,0.01392,0.02339,0.01041,0.02067,-0.05825,0.03598,-0.02894,0.06923,dust_vo_v (+0.069),panel_temp2_c (-0.058),ambient_temp_c (+0.036),-0.0
REC-03262,2026-09-10T07:16:45Z,SITE-D,ESP32-D01,v1.0,SHORT_CIRCUIT,0.3238,0.24568,0.00949,0.02416,0.01062,0.01988,-0.05894,0.03603,-0.02828,0.06512,dust_vo_v (+0.065),panel_temp2_c (-0.059),ambient_temp_c (+0.036),-0.0
REC-03263,2026-09-10T07:16:50Z,SITE-D,ESP32-D01,v1.0,SHORT_CIRCUIT,0.3281,0.24568,0.01055,0.02417,0.01046,0.02018,-0.05918,0.03598,-0.02799,0.06824,dust_vo_v (+0.068),panel_temp2_c (-0.059),ambient_temp_c (+0.036),0.0
REC-03264,2026-09-10T07:16:55Z,SITE-D,ESP32-D01,v1.0,SHORT_CIRCUIT,0.3277,0.24568,0.00873,0.02479,0.01062,0.02025,-0.05773,0.0357,-0.02836,0.06806,dust_vo_v (+0.068),panel_temp2_c (-0.058),ambient_temp_c (+0.036),-0.0
REC-03265,2026-09-10T07:17:00Z,SITE-D,ESP32-D01,v1.0,SHORT_CIRCUIT,0.3244,0.24568,0.00999,0.02435,0.01081,0.02051,-0.0584,0.03539,-0.02921,0.06532,dust_vo_v (+0.065),panel_temp2_c (-0.058),ambient_temp_c (+0.035),-0.0
REC-03266,2026-09-10T07:17:05Z,SITE-D,ESP32-D01,v1.0,SHORT_CIRCUIT,0.3219,0.24568,0.01157,0.02377,0.01068,0.02061,-0.05683,0.03521,-0.02923,0.06043,dust_vo_v (+0.060),panel_temp2_c (-0.057),ambient_temp_c (+0.035),-0.0
REC-03267,2026-09-10T07:17:10Z,SITE-D,ESP32-D01,v1.0,SHORT_CIRCUIT,0.3179,0.24568,0.01116,0.02396,0.0108,0.02065,-0.058,0.03475,-0.02897,0.05788,panel_temp2_c (-0.058),dust_vo_v (+0.058),ambient_temp_c (+0.035),-0.0
REC-03268,2026-09-10T07:17:15Z,SITE-D,ESP32-D01,v1.0,SHORT_CIRCUIT,0.3248,0.24568,0.00955,0.02546,0.01088,0.02051,-0.0585,0.03549,-0.02934,0.06506,dust_vo_v (+0.065),panel_temp2_c (-0.059),ambient_temp_c (+0.035),0.0
REC-03269,2026-09-10T07:17:20Z,SITE-D,ESP32-D01,v1.0,SHORT_CIRCUIT,0.3203,0.24568,0.00756,0.02487,0.01081,0.02044,-0.05934,0.0353,-0.02931,0.06426,dust_vo_v (+0.064),panel_temp2_c (-0.059),ambient_temp_c (+0.035),-0.0
REC-03270,2026-09-10T07:17:25Z,SITE-D,ESP32-D01,v1.0,SHORT_CIRCUIT,0.3262,0.24568,0.00976,0.02575,0.01054,0.0204,-0.05967,0.03599,-0.02874,0.06652,dust_vo_v (+0.067),panel_temp2_c (-0.060),ambient_temp_c (+0.036),-0.0
REC-03271,2026-09-10T07:17:30Z,SITE-D,ESP32-D01,v1.0,SHORT_CIRCUIT,0.3228,0.24568,0.01004,0.02552,0.01058,0.02063,-0.05983,0.03514,-0.02809,0.06309,dust_vo_v (+0.063),panel_temp2_c (-0.060),ambient_temp_c (+0.035),0.0
REC-03272,2026-09-10T07:17:35Z,SITE-D,ESP32-D01,v1.0,SHORT_CIRCUIT,0.3192,0.24568,0.00833,0.02459,0.01098,0.02041,-0.06017,0.03483,-0.02864,0.06315,dust_vo_v (+0.063),panel_temp2_c (-0.060),ambient_temp_c (+0.035),-0.0
REC-03273,2026-09-10T07:17:40Z,SITE-D,ESP32-D01,v1.0,SHORT_CIRCUIT,0.3129,0.24568,0.00584,0.02397,0.01103,0.02016,-0.0583,0.03436,-0.02853,0.0587,dust_vo_v (+0.059),panel_temp2_c (-0.058),ambient_temp_c (+0.034),0.0
REC-03274,2026-09-10T07:17:45Z,SITE-D,ESP32-D01,v1.0,SHORT_CIRCUIT,0.3369,0.24568,0.01141,0.02565,0.01063,0.02116,-0.05919,0.03572,-0.02947,0.07532,dust_vo_v (+0.075),panel_temp2_c (-0.059),ambient_temp_c (+0.036),0.0
REC-03275,2026-09-10T07:17:50Z,SITE-D,ESP32-D01,v1.0,SHORT_CIRCUIT,0.3276,0.24568,0.01247,0.02366,0.01076,0.0209,-0.05785,0.03524,-0.02957,0.06631,dust_vo_v (+0.066),panel_temp2_c (-0.058),ambient_temp_c (+0.035),-0.0
REC-03276,2026-09-10T07:17:55Z,SITE-D,ESP32-D01,v1.0,SHORT_CIRCUIT,0.3251,0.24568,0.01214,0.02447,0.01082,0.02067,-0.05858,0.0354,-0.0294,0.06385,dust_vo_v (+0.064),panel_temp2_c (-0.059),ambient_temp_c (+0.035),-0.0
REC-03277,2026-09-10T07:18:00Z,SITE-D,ESP32-D01,v1.0,SHORT_CIRCUIT,0.3273,0.24568,0.01253,0.02526,0.01057,0.02086,-0.05922,0.0359,-0.02976,0.06549,dust_vo_v (+0.065),panel_temp2_c (-0.059),ambient_temp_c (+0.036),0.0
REC-03278,2026-09-10T07:18:05Z,SITE-D,ESP32-D01,v1.0,SHORT_CIRCUIT,0.3326,0.24568,0.01199,0.02645,0.01048,0.02082,-0.06019,0.03622,-0.02913,0.07026,dust_vo_v (+0.070),panel_temp2_c (-0.060),ambient_temp_c (+0.036),-0.0
REC-03279,2026-09-10T07:18:10Z,SITE-D,ESP32-D01,v1.0,SHORT_CIRCUIT,0.3338,0.24568,0.01258,0.02494,0.01064,0.0212,-0.05933,0.0355,-0.02947,0.07208,dust_vo_v (+0.072),panel_temp2_c (-0.059),ambient_temp_c (+0.035),0.0
REC-03280,2026-09-10T07:18:15Z,SITE-D,ESP32-D01,v1.0,SHORT_CIRCUIT,0.3219,0.24568,0.01259,0.02517,0.01065,0.0212,-0.05997,0.03522,-0.03004,0.06143,dust_vo_v (+0.061),panel_temp2_c (-0.060),ambient_temp_c (+0.035),0.0
REC-03281,2026-09-10T07:18:20Z,SITE-D,ESP32-D01,v1.0,SHORT_CIRCUIT,0.3271,0.24568,0.00931,0.02435,0.0107,0.02053,-0.05887,0.03583,-0.02966,0.06921,dust_vo_v (+0.069),panel_temp2_c (-0.059),ambient_temp_c (+0.036),0.0
REC-03282,2026-09-10T07:18:25Z,SITE-D,ESP32-D01,v1.0,SHORT_CIRCUIT,0.3324,0.24568,0.00992,0.02406,0.01058,0.02062,-0.0597,0.03576,-0.02879,0.07422,dust_vo_v (+0.074),panel_temp2_c (-0.060),ambient_temp_c (+0.036),0.0
REC-03283,2026-09-10T07:18:30Z,SITE-D,ESP32-D01,v1.0,SHORT_CIRCUIT,0.3209,0.24568,0.00914,0.02587,0.01054,0.02018,-0.05905,0.03581,-0.02837,0.0611,dust_vo_v (+0.061),panel_temp2_c (-0.059),ambient_temp_c (+0.036),-0.0
REC-03284,2026-09-10T07:18:35Z,SITE-D,ESP32-D01,v1.0,SHORT_CIRCUIT,0.3291,0.24568,0.01389,0.02589,0.0102,0.02062,-0.0579,0.0366,-0.02922,0.06333,dust_vo_v (+0.063),panel_temp2_c (-0.058),ambient_temp_c (+0.037),-0.0
REC-03285,2026-09-10T07:18:40Z,SITE-D,ESP32-D01,v1.0,SHORT_CIRCUIT,0.3309,0.24568,0.01203,0.02814,0.01021,0.02116,-0.05976,0.03646,-0.02975,0.06675,dust_vo_v (+0.067),panel_temp2_c (-0.060),ambient_temp_c (+0.036),0.0
REC-03286,2026-09-10T07:18:45Z,SITE-D,ESP32-D01,v1.0,SHORT_CIRCUIT,0.3317,0.24568,0.01162,0.02527,0.01056,0.02106,-0.05885,0.03563,-0.02941,0.07018,dust_vo_v (+0.070),panel_temp2_c (-0.059),ambient_temp_c (+0.036),0.0
REC-03287,2026-09-10T07:18:50Z,SITE-D,ESP32-D01,v1.0,SHORT_CIRCUIT,0.3251,0.24568,0.00979,0.02478,0.01061,0.02059,-0.05892,0.03544,-0.02877,0.06594,dust_vo_v (+0.066),panel_temp2_c (-0.059),ambient_temp_c (+0.035),0.0
REC-03288,2026-09-10T07:18:55Z,SITE-D,ESP32-D01,v1.0,SHORT_CIRCUIT,0.32,0.24568,0.01117,0.02444,0.0105,0.02082,-0.05777,0.0354,-0.02976,0.05948,dust_vo_v (+0.059),panel_temp2_c (-0.058),ambient_temp_c (+0.035),-0.0
REC-03289,2026-09-10T07:19:00Z,SITE-D,ESP32-D01,v1.0,SHORT_CIRCUIT,0.3333,0.24568,0.00811,0.026,0.01033,0.0202,-0.059,0.03657,-0.02831,0.07375,dust_vo_v (+0.074),panel_temp2_c (-0.059),ambient_temp_c (+0.037),-0.0
REC-03290,2026-09-10T07:19:05Z,SITE-D,ESP32-D01,v1.0,SHORT_CIRCUIT,0.3335,0.24568,0.00953,0.02512,0.01054,0.02028,-0.05853,0.03657,-0.02923,0.07349,dust_vo_v (+0.073),panel_temp2_c (-0.059),ambient_temp_c (+0.037),-0.0
REC-03291,2026-09-10T07:19:10Z,SITE-D,ESP32-D01,v1.0,SHORT_CIRCUIT,0.3293,0.24568,0.01152,0.02489,0.01037,0.0208,-0.05916,0.03602,-0.0293,0.06847,dust_vo_v (+0.068),panel_temp2_c (-0.059),ambient_temp_c (+0.036),0.0
REC-03292,2026-09-10T07:19:15Z,SITE-D,ESP32-D01,v1.0,SHORT_CIRCUIT,0.3259,0.24568,0.01251,0.02427,0.01049,0.0205,-0.05955,0.0361,-0.02926,0.06515,dust_vo_v (+0.065),panel_temp2_c (-0.060),ambient_temp_c (+0.036),-0.0
REC-03293,2026-09-10T07:19:20Z,SITE-D,ESP32-D01,v1.0,SHORT_CIRCUIT,0.33,0.24568,0.01331,0.02482,0.01031,0.02084,-0.06001,0.03607,-0.02895,0.06789,dust_vo_v (+0.068),panel_temp2_c (-0.060),ambient_temp_c (+0.036),-0.0
REC-03294,2026-09-10T07:19:25Z,SITE-D,ESP32-D01,v1.0,SHORT_CIRCUIT,0.3203,0.24568,0.00933,0.02373,0.01073,0.01995,-0.05784,0.03593,-0.02928,0.06207,dust_vo_v (+0.062),panel_temp2_c (-0.058),ambient_temp_c (+0.036),-0.0
REC-03295,2026-09-10T07:19:30Z,SITE-D,ESP32-D01,v1.0,SHORT_CIRCUIT,0.3164,0.24568,0.00898,0.02416,0.01052,0.02013,-0.0597,0.03554,-0.02852,0.05958,panel_temp2_c (-0.060),dust_vo_v (+0.060),ambient_temp_c (+0.036),-0.0
REC-03296,2026-09-10T07:19:35Z,SITE-D,ESP32-D01,v1.0,SHORT_CIRCUIT,0.3231,0.24568,0.0109,0.02318,0.01044,0.02023,-0.05813,0.03579,-0.02855,0.06358,dust_vo_v (+0.064),panel_temp2_c (-0.058),ambient_temp_c (+0.036),-0.0
REC-03297,2026-09-10T07:19:40Z,SITE-D,ESP32-D01,v1.0,SHORT_CIRCUIT,0.318,0.24568,0.00758,0.02356,0.01057,0.01999,-0.0585,0.03551,-0.02842,0.06204,dust_vo_v (+0.062),panel_temp2_c (-0.059),ambient_temp_c (+0.036),-0.0
REC-03298,2026-09-10T07:19:45Z,SITE-D,ESP32-D01,v1.0,SHORT_CIRCUIT,0.327,0.24568,0.01207,0.02512,0.01005,0.0204,-0.05833,0.0366,-0.02873,0.06409,dust_vo_v (+0.064),panel_temp2_c (-0.058),ambient_temp_c (+0.037),-0.0
REC-03299,2026-09-10T07:19:50Z,SITE-D,ESP32-D01,v1.0,SHORT_CIRCUIT,0.3213,0.24568,0.00914,0.02285,0.0106,0.01978,-0.05893,0.03602,-0.02856,0.06473,dust_vo_v (+0.065),panel_temp2_c (-0.059),ambient_temp_c (+0.036),0.0
REC-03300,2026-09-10T07:19:55Z,SITE-D,ESP32-D01,v1.0,SHORT_CIRCUIT,0.3298,0.24568,0.01017,0.02352,0.0104,0.02015,-0.05952,0.03626,-0.02836,0.07149,dust_vo_v (+0.071),panel_temp2_c (-0.060),ambient_temp_c (+0.036),-0.0
REC-03301,2026-09-10T07:52:00Z,SITE-F,ESP32-F01,v1.0,SHORT_CIRCUIT,0.8155,0.24568,0.1038,0.16475,-0.01458,-0.04271,0.11426,0.07647,0.11997,0.04789,current_ma (+0.165),irradiance_lux (+0.120),panel_temp2_c (+0.114),0.0
REC-03302,2026-09-10T07:52:05Z,SITE-F,ESP32-F01,v1.0,SHORT_CIRCUIT,0.8122,0.24568,0.1038,0.16334,-0.01346,-0.04258,0.11279,0.07632,0.11985,0.0465,current_ma (+0.163),irradiance_lux (+0.120),panel_temp2_c (+0.113),-0.0
REC-03303,2026-09-10T07:52:10Z,SITE-F,ESP32-F01,v1.0,SHORT_CIRCUIT,0.8128,0.24568,0.10445,0.16377,-0.01408,-0.04181,0.11575,0.07663,0.11823,0.0442,current_ma (+0.164),irradiance_lux (+0.118),panel_temp2_c (+0.116),0.0
REC-03304,2026-09-10T07:52:15Z,SITE-F,ESP32-F01,v1.0,SHORT_CIRCUIT,0.8177,0.24568,0.10436,0.16453,-0.01445,-0.0432,0.11363,0.07672,0.11983,0.05057,current_ma (+0.165),irradiance_lux (+0.120),panel_temp2_c (+0.114),0.0
REC-03305,2026-09-10T07:52:20Z,SITE-F,ESP32-F01,v1.0,SHORT_CIRCUIT,0.8145,0.24568,0.10446,0.1631,-0.01361,-0.0428,0.11429,0.0766,0.1186,0.04814,current_ma (+0.163),irradiance_lux (+0.119),panel_temp2_c (+0.114),-0.0
REC-03306,2026-09-10T07:52:25Z,SITE-F,ESP32-F01,v1.0,SHORT_CIRCUIT,0.8169,0.24568,0.1042,0.16447,-0.01449,-0.04218,0.11325,0.07648,0.11818,0.05137,current_ma (+0.164),irradiance_lux (+0.118),panel_temp2_c (+0.113),-0.0
REC-03307,2026-09-10T07:52:30Z,SITE-F,ESP32-F01,v1.0,SHORT_CIRCUIT,0.8064,0.24568,0.10456,0.1645,-0.0147,-0.0424,0.11287,0.07724,0.11818,0.04047,current_ma (+0.164),irradiance_lux (+0.118),panel_temp2_c (+0.113),-0.0
REC-03308,2026-09-10T07:52:35Z,SITE-F,ESP32-F01,v1.0,SHORT_CIRCUIT,0.8097,0.24568,0.10411,0.16527,-0.01498,-0.04174,0.11213,0.07687,0.11853,0.04379,current_ma (+0.165),irradiance_lux (+0.119),panel_temp2_c (+0.112),0.0
REC-03309,2026-09-10T07:52:40Z,SITE-F,ESP32-F01,v1.0,SHORT_CIRCUIT,0.8076,0.24568,0.10471,0.16486,-0.01456,-0.04124,0.1102,0.07681,0.1174,0.04373,current_ma (+0.165),irradiance_lux (+0.117),panel_temp2_c (+0.110),-0.0
REC-03310,2026-09-10T07:52:45Z,SITE-F,ESP32-F01,v1.0,SHORT_CIRCUIT,0.8119,0.24568,0.10459,0.16465,-0.01461,-0.0412,0.11381,0.07695,0.11777,0.04429,current_ma (+0.165),irradiance_lux (+0.118),panel_temp2_c (+0.114),0.0
REC-03311,2026-09-10T07:52:50Z,SITE-F,ESP32-F01,v1.0,SHORT_CIRCUIT,0.8081,0.24568,0.10379,0.16513,-0.01501,-0.04119,0.11084,0.07724,0.11781,0.04377,current_ma (+0.165),irradiance_lux (+0.118),panel_temp2_c (+0.111),-0.0
REC-03312,2026-09-10T07:52:55Z,SITE-F,ESP32-F01,v1.0,SHORT_CIRCUIT,0.813,0.24568,0.10428,0.16422,-0.01422,-0.04071,0.11329,0.07671,0.1176,0.04612,current_ma (+0.164),irradiance_lux (+0.118),panel_temp2_c (+0.113),-0.0
REC-03313,2026-09-10T07:53:00Z,SITE-F,ESP32-F01,v1.0,SHORT_CIRCUIT,0.8072,0.24568,0.10398,0.16532,-0.01535,-0.04067,0.11396,0.07746,0.11753,0.03933,current_ma (+0.165),irradiance_lux (+0.118),panel_temp2_c (+0.114),-0.0
REC-03314,2026-09-10T07:53:05Z,SITE-F,ESP32-F01,v1.0,SHORT_CIRCUIT,0.8173,0.24568,0.10442,0.1648,-0.01455,-0.04136,0.1115,0.07681,0.11798,0.05201,current_ma (+0.165),irradiance_lux (+0.118),panel_temp2_c (+0.112),-0.0
REC-03315,2026-09-10T07:53:10Z,SITE-F,ESP32-F01,v1.0,SHORT_CIRCUIT,0.8167,0.24568,0.10345,0.1638,-0.01407,-0.04196,0.11312,0.0771,0.11934,0.05023,current_ma (+0.164),irradiance_lux (+0.119),panel_temp2_c (+0.113),-0.0
REC-03316,2026-09-10T07:53:15Z,SITE-F,ESP32-F01,v1.0,SHORT_CIRCUIT,0.8076,0.24568,0.10407,0.16513,-0.01535,-0.0424,0.11497,0.0782,0.11965,0.03762,current_ma (+0.165),irradiance_lux (+0.120),panel_temp2_c (+0.115),0.0
REC-03317,2026-09-10T07:53:20Z,SITE-F,ESP32-F01,v1.0,SHORT_CIRCUIT,0.814,0.24568,0.10419,0.16484,-0.01512,-0.04259,0.11653,0.07794,0.11987,0.04263,current_ma (+0.165),irradiance_lux (+0.120),panel_temp2_c (+0.117),0.0
REC-03318,2026-09-10T07:53:25Z,SITE-F,ESP32-F01,v1.0,SHORT_CIRCUIT,0.8207,0.24568,0.10388,0.16438,-0.01459,-0.04282,0.11417,0.07732,0.11977,0.05292,current_ma (+0.164),irradiance_lux (+0.120),panel_temp2_c (+0.114),-0.0
REC-03319,2026-09-10T07:53:30Z,SITE-F,ESP32-F01,v1.0,SHORT_CIRCUIT,0.8129,0.24568,0.10416,0.1645,-0.01527,-0.04395,0.11618,0.07879,0.12033,0.04249,current_ma (+0.165),irradiance_lux (+0.120),panel_temp2_c (+0.116),0.0
REC-03320,2026-09-10T07:53:35Z,SITE-F,ESP32-F01,v1.0,SHORT_CIRCUIT,0.8201,0.24568,0.10386,0.16417,-0.01471,-0.04397,0.11535,0.0779,0.12074,0.05108,current_ma (+0.164),irradiance_lux (+0.121),panel_temp2_c (+0.115),-0.0
REC-03321,2026-09-10T07:53:40Z,SITE-F,ESP32-F01,v1.0,SHORT_CIRCUIT,0.813,0.24568,0.10413,0.16462,-0.01509,-0.04238,0.11892,0.07836,0.12048,0.0383,current_ma (+0.165),irradiance_lux (+0.120),panel_temp2_c (+0.119),0.0
REC-03322,2026-09-10T07:53:45Z,SITE-F,ESP32-F01,v1.0,SHORT_CIRCUIT,0.8125,0.24568,0.10328,0.16473,-0.01548,-0.04371,0.1176,0.07891,0.12147,0.03997,current_ma (+0.165),irradiance_lux (+0.121),panel_temp2_c (+0.118),0.0
REC-03323,2026-09-10T07:53:50Z,SITE-F,ESP32-F01,v1.0,SHORT_CIRCUIT,0.8091,0.24568,0.10308,0.16325,-0.01427,-0.04218,0.11916,0.0785,0.1211,0.03472,current_ma (+0.163),irradiance_lux (+0.121),panel_temp2_c (+0.119),-0.0
REC-03324,2026-09-10T07:53:55Z,SITE-F,ESP32-F01,v1.0,SHORT_CIRCUIT,0.8163,0.24568,0.10292,0.1641,-0.015,-0.04382,0.11721,0.07855,0.12139,0.04529,current_ma (+0.164),irradiance_lux (+0.121),panel_temp2_c (+0.117),0.0
REC-03325,2026-09-10T07:54:00Z,SITE-F,ESP32-F01,v1.0,SHORT_CIRCUIT,0.8224,0.24568,0.1033,0.16438,-0.01481,-0.04322,0.1179,0.07791,0.12171,0.04955,current_ma (+0.164),irradiance_lux (+0.122),panel_temp2_c (+0.118),-0.0
REC-03326,2026-09-10T07:54:05Z,SITE-F,ESP32-F01,v1.0,SHORT_CIRCUIT,0.8212,0.24568,0.10297,0.16391,-0.01486,-0.04339,0.12017,0.07847,0.12184,0.04639,current_ma (+0.164),irradiance_lux (+0.122),panel_temp2_c (+0.120),0.0
REC-03327,2026-09-10T07:54:10Z,SITE-F,ESP32-F01,v1.0,SHORT_CIRCUIT,0.8192,0.24568,0.10292,0.16442,-0.01519,-0.04378,0.11793,0.07876,0.12209,0.04637,current_ma (+0.164),irradiance_lux (+0.122),panel_temp2_c (+0.118),-0.0
REC-03328,2026-09-10T07:54:15Z,SITE-F,ESP32-F01,v1.0,SHORT_CIRCUIT,0.8143,0.24568,0.10304,0.16478,-0.01529,-0.04272,0.11674,0.07858,0.12114,0.04232,current_ma (+0.165),irradiance_lux (+0.121),panel_temp2_c (+0.117),-0.0
REC-03329,2026-09-10T07:54:20Z,SITE-F,ESP32-F01,v1.0,SHORT_CIRCUIT,0.8216,0.24568,0.10337,0.16399,-0.01446,-0.04267,0.11527,0.07774,0.12049,0.05216,current_ma (+0.164),irradiance_lux (+0.120),panel_temp2_c (+0.115),0.0
REC-03330,2026-09-10T07:54:25Z,SITE-F,ESP32-F01,v1.0,SHORT_CIRCUIT,0.817,0.24568,0.10349,0.16358,-0.01454,-0.0429,0.11832,0.07852,0.12076,0.04407,current_ma (+0.164),irradiance_lux (+0.121),panel_temp2_c (+0.118),0.0
REC-03331,2026-09-10T07:54:30Z,SITE-F,ESP32-F01,v1.0,SHORT_CIRCUIT,0.8196,0.24568,0.10367,0.16418,-0.0146,-0.04232,0.11599,0.07797,0.12036,0.04862,current_ma (+0.164),irradiance_lux (+0.120),panel_temp2_c (+0.116),-0.0
REC-03332,2026-09-10T07:54:35Z,SITE-F,ESP32-F01,v1.0,SHORT_CIRCUIT,0.8168,0.24568,0.1039,0.1645,-0.01502,-0.04292,0.11544,0.07856,0.12035,0.0463,current_ma (+0.165),irradiance_lux (+0.120),panel_temp2_c (+0.115),-0.0
REC-03333,2026-09-10T07:54:40Z,SITE-F,ESP32-F01,v1.0,SHORT_CIRCUIT,0.81,0.24568,0.10363,0.16348,-0.01454,-0.04296,0.1171,0.07906,0.12081,0.03777,current_ma (+0.163),irradiance_lux (+0.121),panel_temp2_c (+0.117),-0.0
REC-03334,2026-09-10T07:54:45Z,SITE-F,ESP32-F01,v1.0,SHORT_CIRCUIT,0.8132,0.24568,0.10316,0.165,-0.01559,-0.04257,0.11779,0.07897,0.12105,0.03968,current_ma (+0.165),irradiance_lux (+0.121),panel_temp2_c (+0.118),0.0
REC-03335,2026-09-10T07:54:50Z,SITE-F,ESP32-F01,v1.0,SHORT_CIRCUIT,0.8112,0.24568,0.1032,0.16342,-0.01464,-0.04303,0.11613,0.07913,0.12044,0.04082,current_ma (+0.163),irradiance_lux (+0.120),panel_temp2_c (+0.116),0.0
REC-03336,2026-09-10T07:54:55Z,SITE-F,ESP32-F01,v1.0,SHORT_CIRCUIT,0.8151,0.24568,0.10325,0.16377,-0.01454,-0.04214,0.11785,0.07865,0.12107,0.04156,current_ma (+0.164),irradiance_lux (+0.121),panel_temp2_c (+0.118),0.0
REC-03337,2026-09-10T07:55:00Z,SITE-F,ESP32-F01,v1.0,SHORT_CIRCUIT,0.8186,0.24568,0.10341,0.16355,-0.0147,-0.04273,0.11846,0.07893,0.12054,0.04546,current_ma (+0.164),irradiance_lux (+0.121),panel_temp2_c (+0.118),0.0
REC-03338,2026-09-10T07:55:05Z,SITE-F,ESP32-F01,v1.0,SHORT_CIRCUIT,0.8169,0.24568,0.10367,0.1637,-0.01472,-0.04353,0.11723,0.07927,0.12144,0.04415,current_ma (+0.164),irradiance_lux (+0.121),panel_temp2_c (+0.117),0.0
REC-03339,2026-09-10T07:55:10Z,SITE-F,ESP32-F01,v1.0,SHORT_CIRCUIT,0.8211,0.24568,0.1032,0.16355,-0.01448,-0.04259,0.11541,0.07861,0.12043,0.0513,current_ma (+0.164),irradiance_lux (+0.120),panel_temp2_c (+0.115),-0.0
REC-03340,2026-09-10T07:55:15Z,SITE-F,ESP32-F01,v1.0,SHORT_CIRCUIT,0.8218,0.24568,0.10374,0.16404,-0.01512,-0.04362,0.11785,0.07911,0.12069,0.04942,current_ma (+0.164),irradiance_lux (+0.121),panel_temp2_c (+0.118),0.0
REC-03341,2026-09-10T07:55:20Z,SITE-F,ESP32-F01,v1.0,SHORT_CIRCUIT,0.8151,0.24568,0.10361,0.16486,-0.01554,-0.04211,0.11626,0.0791,0.11965,0.04365,current_ma (+0.165),irradiance_lux (+0.120),panel_temp2_c (+0.116),0.0
REC-03342,2026-09-10T07:55:25Z,SITE-F,ESP32-F01,v1.0,SHORT_CIRCUIT,0.8182,0.24568,0.10389,0.16458,-0.0152,-0.04234,0.11471,0.07866,0.11923,0.04894,current_ma (+0.165),irradiance_lux (+0.119),panel_temp2_c (+0.115),0.0
REC-03343,2026-09-10T07:55:30Z,SITE-F,ESP32-F01,v1.0,SHORT_CIRCUIT,0.8122,0.24568,0.10369,0.16401,-0.01484,-0.0412,0.11614,0.07878,0.11895,0.04095,current_ma (+0.164),irradiance_lux (+0.119),panel_temp2_c (+0.116),0.0
REC-03344,2026-09-10T07:55:35Z,SITE-F,ESP32-F01,v1.0,SHORT_CIRCUIT,0.8144,0.24568,0.10372,0.16496,-0.01547,-0.04217,0.11514,0.07886,0.11961,0.04406,current_ma (+0.165),irradiance_lux (+0.120),panel_temp2_c (+0.115),0.0
REC-03345,2026-09-10T07:55:40Z,SITE-F,ESP32-F01,v1.0,SHORT_CIRCUIT,0.8156,0.24568,0.10333,0.16489,-0.01546,-0.04216,0.11517,0.07886,0.11984,0.04543,current_ma (+0.165),irradiance_lux (+0.120),panel_temp2_c (+0.115),-0.0
REC-03346,2026-09-10T07:55:45Z,SITE-F,ESP32-F01,v1.0,SHORT_CIRCUIT,0.8142,0.24568,0.10387,0.16504,-0.01543,-0.04216,0.11244,0.0789,0.11916,0.04671,current_ma (+0.165),irradiance_lux (+0.119),panel_temp2_c (+0.112),0.0
REC-03347,2026-09-10T07:55:50Z,SITE-F,ESP32-F01,v1.0,SHORT_CIRCUIT,0.8128,0.24568,0.10387,0.16545,-0.01562,-0.04139,0.11439,0.07888,0.11956,0.04196,current_ma (+0.165),irradiance_lux (+0.120),panel_temp2_c (+0.114),0.0
REC-03348,2026-09-10T07:55:55Z,SITE-F,ESP32-F01,v1.0,SHORT_CIRCUIT,0.8142,0.24568,0.10371,0.16499,-0.01569,-0.04167,0.1174,0.07925,0.11949,0.04102,current_ma (+0.165),irradiance_lux (+0.119),panel_temp2_c (+0.117),-0.0
REC-03349,2026-09-10T07:56:00Z,SITE-F,ESP32-F01,v1.0,SHORT_CIRCUIT,0.817,0.24568,0.10263,0.16476,-0.01543,-0.04286,0.11421,0.07905,0.12085,0.04814,current_ma (+0.165),irradiance_lux (+0.121),panel_temp2_c (+0.114),-0.0
REC-03350,2026-09-10T07:56:05Z,SITE-F,ESP32-F01,v1.0,SHORT_CIRCUIT,0.8172,0.24568,0.10359,0.1648,-0.01512,-0.04122,0.11524,0.07835,0.11944,0.04644,current_ma (+0.165),irradiance_lux (+0.119),panel_temp2_c (+0.115),0.0
REC-03351,2026-09-10T07:56:10Z,SITE-F,ESP32-F01,v1.0,SHORT_CIRCUIT,0.8192,0.24568,0.10386,0.16497,-0.01527,-0.04091,0.11796,0.07831,0.11944,0.04519,current_ma (+0.165),irradiance_lux (+0.119),panel_temp2_c (+0.118),-0.0
REC-03352,2026-09-10T07:56:15Z,SITE-F,ESP32-F01,v1.0,SHORT_CIRCUIT,0.8169,0.24568,0.10297,0.16438,-0.01511,-0.04192,0.11805,0.07891,0.12098,0.04295,current_ma (+0.164),irradiance_lux (+0.121),panel_temp2_c (+0.118),0.0
REC-03353,2026-09-10T07:56:20Z,SITE-F,ESP32-F01,v1.0,SHORT_CIRCUIT,0.8172,0.24568,0.10332,0.163,-0.01414,-0.04241,0.11834,0.07903,0.12139,0.04296,current_ma (+0.163),irradiance_lux (+0.121),panel_temp2_c (+0.118),0.0
REC-03354,2026-09-10T07:56:25Z,SITE-F,ESP32-F01,v1.0,SHORT_CIRCUIT,0.8185,0.24568,0.10278,0.1638,-0.0147,-0.04247,0.11746,0.07917,0.12193,0.04482,current_ma (+0.164),irradiance_lux (+0.122),panel_temp2_c (+0.117),0.0
REC-03355,2026-09-10T07:56:30Z,SITE-F,ESP32-F01,v1.0,SHORT_CIRCUIT,0.8175,0.24568,0.10294,0.16527,-0.01568,-0.0422,0.11846,0.07939,0.12228,0.04138,current_ma (+0.165),irradiance_lux (+0.122),panel_temp2_c (+0.118),-0.0
REC-03356,2026-09-10T07:56:35Z,SITE-F,ESP32-F01,v1.0,SHORT_CIRCUIT,0.8198,0.24568,0.10311,0.16395,-0.015,-0.043,0.11873,0.07951,0.12201,0.0448,current_ma (+0.164),irradiance_lux (+0.122),panel_temp2_c (+0.119),-0.0
REC-03357,2026-09-10T07:56:40Z,SITE-F,ESP32-F01,v1.0,SHORT_CIRCUIT,0.8232,0.24568,0.10298,0.16431,-0.01519,-0.04285,0.11754,0.079,0.1212,0.0505,current_ma (+0.164),irradiance_lux (+0.121),panel_temp2_c (+0.118),0.0
REC-03358,2026-09-10T07:56:45Z,SITE-F,ESP32-F01,v1.0,SHORT_CIRCUIT,0.8158,0.24568,0.10339,0.16451,-0.01526,-0.04137,0.1199,0.07935,0.12099,0.03865,current_ma (+0.165),irradiance_lux (+0.121),panel_temp2_c (+0.120),-0.0
REC-03359,2026-09-10T07:56:50Z,SITE-F,ESP32-F01,v1.0,SHORT_CIRCUIT,0.8146,0.24568,0.10359,0.16421,-0.0152,-0.04208,0.11818,0.07969,0.12071,0.03983,current_ma (+0.164),irradiance_lux (+0.121),panel_temp2_c (+0.118),-0.0
REC-03360,2026-09-10T07:56:55Z,SITE-F,ESP32-F01,v1.0,SHORT_CIRCUIT,0.8213,0.24568,0.1029,0.16432,-0.01512,-0.04269,0.11537,0.07913,0.12117,0.05053,current_ma (+0.164),irradiance_lux (+0.121),panel_temp2_c (+0.115),0.0
REC-03361,2026-09-10T08:31:00Z,SITE-D,ESP32-D01,v1.0,PARTIAL_SHADING,0.2617,0.22747,-0.01752,-0.0185,-0.00125,-0.0537,0.01132,0.04515,0.05351,0.01518,panel_temp1_c (-0.054),irradiance_lux (+0.054),ambient_temp_c (+0.045),-0.0
REC-03362,2026-09-10T08:31:05Z,SITE-D,ESP32-D01,v1.0,PARTIAL_SHADING,0.2643,0.22747,-0.01488,-0.01863,-0.00165,-0.05672,0.01127,0.04679,0.05483,0.01582,panel_temp1_c (-0.057),irradiance_lux (+0.055),ambient_temp_c (+0.047),0.0
REC-03363,2026-09-10T08:31:10Z,SITE-D,ESP32-D01,v1.0,PARTIAL_SHADING,0.2591,0.22747,-0.01722,-0.01868,-0.00163,-0.05569,0.01151,0.04495,0.05318,0.01519,panel_temp1_c (-0.056),irradiance_lux (+0.053),ambient_temp_c (+0.045),-0.0
REC-03364,2026-09-10T08:31:15Z,SITE-D,ESP32-D01,v1.0,PARTIAL_SHADING,0.261,0.22747,-0.01806,-0.01811,-0.00067,-0.05452,0.01144,0.04438,0.05412,0.01494,panel_temp1_c (-0.055),irradiance_lux (+0.054),ambient_temp_c (+0.044),0.0
REC-03365,2026-09-10T08:31:20Z,SITE-D,ESP32-D01,v1.0,PARTIAL_SHADING,0.2618,0.22747,-0.01706,-0.01839,-0.00114,-0.0547,0.01158,0.04411,0.05472,0.01521,irradiance_lux (+0.055),panel_temp1_c (-0.055),ambient_temp_c (+0.044),0.0
REC-03366,2026-09-10T08:31:25Z,SITE-D,ESP32-D01,v1.0,PARTIAL_SHADING,0.2562,0.22747,-0.01757,-0.01873,-0.00154,-0.05458,0.01113,0.04226,0.05263,0.01508,panel_temp1_c (-0.055),irradiance_lux (+0.053),ambient_temp_c (+0.042),-0.0
REC-03367,2026-09-10T08:31:30Z,SITE-D,ESP32-D01,v1.0,PARTIAL_SHADING,0.2593,0.22747,-0.01675,-0.01828,-0.00104,-0.05421,0.01128,0.04256,0.05322,0.01504,panel_temp1_c (-0.054),irradiance_lux (+0.053),ambient_temp_c (+0.043),-0.0
REC-03368,2026-09-10T08:31:35Z,SITE-D,ESP32-D01,v1.0,PARTIAL_SHADING,0.2557,0.22747,-0.0158,-0.01868,-0.00175,-0.0581,0.01094,0.04339,0.05286,0.01535,panel_temp1_c (-0.058),irradiance_lux (+0.053),ambient_temp_c (+0.043),-0.0
REC-03369,2026-09-10T08:31:40Z,SITE-D,ESP32-D01,v1.0,PARTIAL_SHADING,0.2553,0.22747,-0.01628,-0.01827,-0.00106,-0.05902,0.01101,0.04319,0.05298,0.01524,panel_temp1_c (-0.059),irradiance_lux (+0.053),ambient_temp_c (+0.043),-0.0
REC-03370,2026-09-10T08:31:45Z,SITE-D,ESP32-D01,v1.0,PARTIAL_SHADING,0.2627,0.22747,-0.01554,-0.01819,-0.00088,-0.05461,0.01094,0.04438,0.05367,0.01547,panel_temp1_c (-0.055),irradiance_lux (+0.054),ambient_temp_c (+0.044),0.0
REC-03371,2026-09-10T08:31:50Z,SITE-D,ESP32-D01,v1.0,PARTIAL_SHADING,0.2595,0.22747,-0.01703,-0.01818,-0.00072,-0.05441,0.01106,0.04286,0.0533,0.01519,panel_temp1_c (-0.054),irradiance_lux (+0.053),ambient_temp_c (+0.043),-0.0
REC-03372,2026-09-10T08:31:55Z,SITE-D,ESP32-D01,v1.0,PARTIAL_SHADING,0.2589,0.22747,-0.01636,-0.01807,-0.00078,-0.055,0.01106,0.04263,0.05299,0.01498,panel_temp1_c (-0.055),irradiance_lux (+0.053),ambient_temp_c (+0.043),0.0
REC-03373,2026-09-10T08:32:00Z,SITE-D,ESP32-D01,v1.0,PARTIAL_SHADING,0.2572,0.22747,-0.01556,-0.01843,-0.00123,-0.0549,0.01041,0.04152,0.05261,0.0153,panel_temp1_c (-0.055),irradiance_lux (+0.053),ambient_temp_c (+0.042),0.0
REC-03374,2026-09-10T08:32:05Z,SITE-D,ESP32-D01,v1.0,PARTIAL_SHADING,0.2637,0.22747,-0.01667,-0.01847,-0.00119,-0.05234,0.01188,0.04376,0.05388,0.01536,irradiance_lux (+0.054),panel_temp1_c (-0.052),ambient_temp_c (+0.044),0.0
REC-03375,2026-09-10T08:32:10Z,SITE-D,ESP32-D01,v1.0,PARTIAL_SHADING,0.2611,0.22747,-0.01767,-0.0183,-0.00093,-0.05265,0.01166,0.04381,0.05264,0.01505,panel_temp1_c (-0.053),irradiance_lux (+0.053),ambient_temp_c (+0.044),0.0
REC-03376,2026-09-10T08:32:15Z,SITE-D,ESP32-D01,v1.0,PARTIAL_SHADING,0.2583,0.22747,-0.01747,-0.0185,-0.00114,-0.05397,0.01122,0.04194,0.05364,0.01514,panel_temp1_c (-0.054),irradiance_lux (+0.054),ambient_temp_c (+0.042),-0.0
REC-03377,2026-09-10T08:32:20Z,SITE-D,ESP32-D01,v1.0,PARTIAL_SHADING,0.2566,0.22747,-0.01674,-0.01857,-0.00142,-0.05682,0.01122,0.04199,0.05424,0.01521,panel_temp1_c (-0.057),irradiance_lux (+0.054),ambient_temp_c (+0.042),0.0
REC-03378,2026-09-10T08:32:25Z,SITE-D,ESP32-D01,v1.0,PARTIAL_SHADING,0.257,0.22747,-0.01703,-0.01865,-0.00158,-0.05578,0.01161,0.04154,0.05437,0.0151,panel_temp1_c (-0.056),irradiance_lux (+0.054),ambient_temp_c (+0.042),0.0
REC-03379,2026-09-10T08:32:30Z,SITE-D,ESP32-D01,v1.0,PARTIAL_SHADING,0.2582,0.22747,-0.01514,-0.01864,-0.00177,-0.05824,0.0118,0.04287,0.05434,0.01552,panel_temp1_c (-0.058),irradiance_lux (+0.054),ambient_temp_c (+0.043),0.0
REC-03380,2026-09-10T08:32:35Z,SITE-D,ESP32-D01,v1.0,PARTIAL_SHADING,0.2579,0.22747,-0.01693,-0.01888,-0.0017,-0.05377,0.01172,0.04136,0.05328,0.01534,panel_temp1_c (-0.054),irradiance_lux (+0.053),ambient_temp_c (+0.041),0.0
REC-03381,2026-09-10T08:32:40Z,SITE-D,ESP32-D01,v1.0,PARTIAL_SHADING,0.261,0.22747,-0.01633,-0.01843,-0.00124,-0.05344,0.01148,0.04286,0.05343,0.01523,panel_temp1_c (-0.053),irradiance_lux (+0.053),ambient_temp_c (+0.043),0.0
REC-03382,2026-09-10T08:32:45Z,SITE-D,ESP32-D01,v1.0,PARTIAL_SHADING,0.2584,0.22747,-0.01592,-0.01849,-0.00121,-0.05427,0.01044,0.04209,0.05286,0.01538,panel_temp1_c (-0.054),irradiance_lux (+0.053),ambient_temp_c (+0.042),-0.0
REC-03383,2026-09-10T08:32:50Z,SITE-D,ESP32-D01,v1.0,PARTIAL_SHADING,0.2602,0.22747,-0.01794,-0.01816,-0.00063,-0.05307,0.01151,0.04286,0.05317,0.01503,irradiance_lux (+0.053),panel_temp1_c (-0.053),ambient_temp_c (+0.043),-0.0
REC-03384,2026-09-10T08:32:55Z,SITE-D,ESP32-D01,v1.0,PARTIAL_SHADING,0.2601,0.22747,-0.01643,-0.01851,-0.00144,-0.05528,0.01153,0.04407,0.05346,0.01524,panel_temp1_c (-0.055),irradiance_lux (+0.053),ambient_temp_c (+0.044),0.0
REC-03385,2026-09-10T08:33:00Z,SITE-D,ESP32-D01,v1.0,PARTIAL_SHADING,0.2614,0.22747,-0.016,-0.01833,-0.00123,-0.05607,0.01194,0.04449,0.05383,0.01528,panel_temp1_c (-0.056),irradiance_lux (+0.054),ambient_temp_c (+0.044),-0.0
REC-03386,2026-09-10T08:33:05Z,SITE-D,ESP32-D01,v1.0,PARTIAL_SHADING,0.2636,0.22747,-0.01531,-0.01847,-0.00159,-0.05812,0.01152,0.04757,0.05496,0.01552,panel_temp1_c (-0.058),irradiance_lux (+0.055),ambient_temp_c (+0.048),-0.0
REC-03387,2026-09-10T08:33:10Z,SITE-D,ESP32-D01,v1.0,PARTIAL_SHADING,0.2623,0.22747,-0.01748,-0.0187,-0.00169,-0.05671,0.01191,0.04678,0.0554,0.01528,panel_temp1_c (-0.057),irradiance_lux (+0.055),ambient_temp_c (+0.047),0.0
REC-03388,2026-09-10T08:33:15Z,SITE-D,ESP32-D01,v1.0,PARTIAL_SHADING,0.2597,0.22747,-0.01751,-0.01875,-0.00178,-0.05782,0.01158,0.04691,0.05428,0.01527,panel_temp1_c (-0.058),irradiance_lux (+0.054),ambient_temp_c (+0.047),0.0
REC-03389,2026-09-10T08:33:20Z,SITE-D,ESP32-D01,v1.0,PARTIAL_SHADING,0.2686,0.22747,-0.01579,-0.01832,-0.00118,-0.05604,0.01131,0.0487,0.05685,0.01559,irradiance_lux (+0.057),panel_temp1_c (-0.056),ambient_temp_c (+0.049),-0.0
REC-03390,2026-09-10T08:33:25Z,SITE-D,ESP32-D01,v1.0,PARTIAL_SHADING,0.2629,0.22747,-0.01637,-0.01874,-0.00187,-0.05818,0.01208,0.04783,0.05518,0.01555,panel_temp1_c (-0.058),irradiance_lux (+0.055),ambient_temp_c (+0.048),-0.0
REC-03391,2026-09-10T08:33:30Z,SITE-D,ESP32-D01,v1.0,PARTIAL_SHADING,0.2647,0.22747,-0.01539,-0.01802,-0.00076,-0.058,0.0109,0.04751,0.05556,0.01549,panel_temp1_c (-0.058),irradiance_lux (+0.056),ambient_temp_c (+0.048),-0.0
REC-03392,2026-09-10T08:33:35Z,SITE-D,ESP32-D01,v1.0,PARTIAL_SHADING,0.2587,0.22747,-0.01733,-0.01892,-0.00194,-0.05728,0.01199,0.04547,0.05383,0.01537,panel_temp1_c (-0.057),irradiance_lux (+0.054),ambient_temp_c (+0.045),0.0
REC-03393,2026-09-10T08:33:40Z,SITE-D,ESP32-D01,v1.0,PARTIAL_SHADING,0.2665,0.22747,-0.01682,-0.01838,-0.00125,-0.05437,0.01236,0.04711,0.05515,0.01525,irradiance_lux (+0.055),panel_temp1_c (-0.054),ambient_temp_c (+0.047),-0.0
REC-03394,2026-09-10T08:33:45Z,SITE-D,ESP32-D01,v1.0,PARTIAL_SHADING,0.2648,0.22747,-0.015,-0.01804,-0.00082,-0.05646,0.01088,0.04634,0.055,0.01547,panel_temp1_c (-0.056),irradiance_lux (+0.055),ambient_temp_c (+0.046),-0.0
REC-03395,2026-09-10T08:33:50Z,SITE-D,ESP32-D01,v1.0,PARTIAL_SHADING,0.2607,0.22747,-0.01734,-0.01836,-0.00099,-0.0548,0.01119,0.04425,0.054,0.01527,panel_temp1_c (-0.055),irradiance_lux (+0.054),ambient_temp_c (+0.044),-0.0
REC-03396,2026-09-10T08:33:55Z,SITE-D,ESP32-D01,v1.0,PARTIAL_SHADING,0.2601,0.22747,-0.01762,-0.01818,-0.00085,-0.05449,0.01153,0.04441,0.0529,0.01497,panel_temp1_c (-0.054),irradiance_lux (+0.053),ambient_temp_c (+0.044),0.0
REC-03397,2026-09-10T08:34:00Z,SITE-D,ESP32-D01,v1.0,PARTIAL_SHADING,0.2616,0.22747,-0.01625,-0.01868,-0.00149,-0.05464,0.01163,0.044,0.05395,0.01558,panel_temp1_c (-0.055),irradiance_lux (+0.054),ambient_temp_c (+0.044),0.0
REC-03398,2026-09-10T08:34:05Z,SITE-D,ESP32-D01,v1.0,PARTIAL_SHADING,0.2608,0.22747,-0.01575,-0.01849,-0.00134,-0.05526,0.01141,0.04411,0.05314,0.01551,panel_temp1_c (-0.055),irradiance_lux (+0.053),ambient_temp_c (+0.044),-0.0
REC-03399,2026-09-10T08:34:10Z,SITE-D,ESP32-D01,v1.0,PARTIAL_SHADING,0.2607,0.22747,-0.01839,-0.01881,-0.00156,-0.05396,0.01186,0.04471,0.05415,0.01522,irradiance_lux (+0.054),panel_temp1_c (-0.054),ambient_temp_c (+0.045),0.0
REC-03400,2026-09-10T08:34:15Z,SITE-D,ESP32-D01,v1.0,PARTIAL_SHADING,0.2686,0.22747,-0.016,-0.0184,-0.00124,-0.05169,0.01231,0.04563,0.05515,0.01536,irradiance_lux (+0.055),panel_temp1_c (-0.052),ambient_temp_c (+0.046),-0.0
REC-03401,2026-09-10T08:34:20Z,SITE-D,ESP32-D01,v1.0,PARTIAL_SHADING,0.2635,0.22747,-0.01622,-0.0194,-0.00252,-0.05319,0.01302,0.04393,0.05466,0.01575,irradiance_lux (+0.055),panel_temp1_c (-0.053),ambient_temp_c (+0.044),0.0
REC-03402,2026-09-10T08:34:25Z,SITE-D,ESP32-D01,v1.0,PARTIAL_SHADING,0.263,0.22747,-0.01601,-0.01908,-0.00213,-0.05356,0.01228,0.04382,0.05457,0.01564,irradiance_lux (+0.055),panel_temp1_c (-0.054),ambient_temp_c (+0.044),-0.0
REC-03403,2026-09-10T08:34:30Z,SITE-D,ESP32-D01,v1.0,PARTIAL_SHADING,0.2624,0.22747,-0.01502,-0.01849,-0.00141,-0.05686,0.01116,0.04452,0.05537,0.01567,panel_temp1_c (-0.057),irradiance_lux (+0.055),ambient_temp_c (+0.045),0.0
REC-03404,2026-09-10T08:34:35Z,SITE-D,ESP32-D01,v1.0,PARTIAL_SHADING,0.2619,0.22747,-0.01572,-0.01823,-0.00102,-0.05679,0.01166,0.04386,0.05531,0.0154,panel_temp1_c (-0.057),irradiance_lux (+0.055),ambient_temp_c (+0.044),-0.0
REC-03405,2026-09-10T08:34:40Z,SITE-D,ESP32-D01,v1.0,PARTIAL_SHADING,0.2646,0.22747,-0.01565,-0.01852,-0.00159,-0.05576,0.01215,0.04516,0.05593,0.01544,irradiance_lux (+0.056),panel_temp1_c (-0.056),ambient_temp_c (+0.045),0.0
REC-03406,2026-09-10T08:34:45Z,SITE-D,ESP32-D01,v1.0,PARTIAL_SHADING,0.2689,0.22747,-0.01492,-0.01884,-0.00202,-0.05273,0.01259,0.04526,0.05628,0.01578,irradiance_lux (+0.056),panel_temp1_c (-0.053),ambient_temp_c (+0.045),0.0
REC-03407,2026-09-10T08:34:50Z,SITE-D,ESP32-D01,v1.0,PARTIAL_SHADING,0.2644,0.22747,-0.01617,-0.01849,-0.00148,-0.05599,0.01213,0.0456,0.05589,0.01539,panel_temp1_c (-0.056),irradiance_lux (+0.056),ambient_temp_c (+0.046),-0.0
REC-03408,2026-09-10T08:34:55Z,SITE-D,ESP32-D01,v1.0,PARTIAL_SHADING,0.2621,0.22747,-0.01687,-0.0187,-0.00167,-0.05485,0.01207,0.04371,0.05565,0.01527,irradiance_lux (+0.056),panel_temp1_c (-0.055),ambient_temp_c (+0.044),0.0
REC-03409,2026-09-10T08:35:00Z,SITE-D,ESP32-D01,v1.0,PARTIAL_SHADING,0.2637,0.22747,-0.01487,-0.0186,-0.00176,-0.05756,0.01202,0.04514,0.05621,0.01567,panel_temp1_c (-0.058),irradiance_lux (+0.056),ambient_temp_c (+0.045),0.0
REC-03410,2026-09-10T08:35:05Z,SITE-D,ESP32-D01,v1.0,PARTIAL_SHADING,0.2602,0.22747,-0.01659,-0.01877,-0.00217,-0.05738,0.01294,0.0446,0.05493,0.01519,panel_temp1_c (-0.057),irradiance_lux (+0.055),ambient_temp_c (+0.045),0.0
REC-03411,2026-09-10T08:35:10Z,SITE-D,ESP32-D01,v1.0,PARTIAL_SHADING,0.2632,0.22747,-0.01611,-0.01839,-0.00126,-0.05793,0.01134,0.04582,0.05675,0.01547,panel_temp1_c (-0.058),irradiance_lux (+0.057),ambient_temp_c (+0.046),-0.0
REC-03412,2026-09-10T08:35:15Z,SITE-D,ESP32-D01,v1.0,PARTIAL_SHADING,0.2688,0.22747,-0.01509,-0.01881,-0.00189,-0.05396,0.01194,0.04696,0.05636,0.01581,irradiance_lux (+0.056),panel_temp1_c (-0.054),ambient_temp_c (+0.047),-0.0
REC-03413,2026-09-10T08:35:20Z,SITE-D,ESP32-D01,v1.0,PARTIAL_SHADING,0.268,0.22747,-0.01718,-0.01872,-0.00171,-0.05464,0.01279,0.04726,0.05728,0.01542,irradiance_lux (+0.057),panel_temp1_c (-0.055),ambient_temp_c (+0.047),0.0
REC-03414,2026-09-10T08:35:25Z,SITE-D,ESP32-D01,v1.0,PARTIAL_SHADING,0.2706,0.22747,-0.01507,-0.01876,-0.00205,-0.05441,0.01275,0.04762,0.05731,0.01574,irradiance_lux (+0.057),panel_temp1_c (-0.054),ambient_temp_c (+0.048),0.0
REC-03415,2026-09-10T08:35:30Z,SITE-D,ESP32-D01,v1.0,PARTIAL_SHADING,0.2665,0.22747,-0.01653,-0.01869,-0.00168,-0.05626,0.01254,0.04644,0.0576,0.01557,irradiance_lux (+0.058),panel_temp1_c (-0.056),ambient_temp_c (+0.046),0.0
REC-03416,2026-09-10T08:35:35Z,SITE-D,ESP32-D01,v1.0,PARTIAL_SHADING,0.2627,0.22747,-0.01507,-0.01857,-0.00183,-0.05892,0.01219,0.04576,0.05616,0.01556,panel_temp1_c (-0.059),irradiance_lux (+0.056),ambient_temp_c (+0.046),0.0
REC-03417,2026-09-10T08:35:40Z,SITE-D,ESP32-D01,v1.0,PARTIAL_SHADING,0.2653,0.22747,-0.01637,-0.01884,-0.00195,-0.05668,0.01265,0.04633,0.05713,0.01561,irradiance_lux (+0.057),panel_temp1_c (-0.057),ambient_temp_c (+0.046),-0.0
REC-03418,2026-09-10T08:35:45Z,SITE-D,ESP32-D01,v1.0,PARTIAL_SHADING,0.2666,0.22747,-0.01738,-0.01884,-0.00172,-0.05441,0.01303,0.0462,0.05673,0.01556,irradiance_lux (+0.057),panel_temp1_c (-0.054),ambient_temp_c (+0.046),0.0
REC-03419,2026-09-10T08:35:50Z,SITE-D,ESP32-D01,v1.0,PARTIAL_SHADING,0.269,0.22747,-0.01568,-0.01877,-0.00199,-0.05633,0.01277,0.04786,0.05798,0.01571,irradiance_lux (+0.058),panel_temp1_c (-0.056),ambient_temp_c (+0.048),-0.0
REC-03420,2026-09-10T08:35:55Z,SITE-D,ESP32-D01,v1.0,PARTIAL_SHADING,0.2657,0.22747,-0.01723,-0.01875,-0.00172,-0.05523,0.01277,0.04619,0.0568,0.01543,irradiance_lux (+0.057),panel_temp1_c (-0.055),ambient_temp_c (+0.046),0.0
REC-03421,2026-09-10T09:59:00Z,SITE-C,ESP32-C01,v1.0,SHORT_CIRCUIT,0.4116,0.24568,0.09734,0.124,-0.01475,0.0412,-0.07587,0.04481,-0.07166,0.02084,current_ma (+0.124),voltage_v (+0.097),panel_temp2_c (-0.076),0.0
REC-03422,2026-09-10T09:59:05Z,SITE-C,ESP32-C01,v1.0,SHORT_CIRCUIT,0.4328,0.24568,0.09881,0.1259,-0.01275,0.04221,-0.0739,0.04588,-0.0723,0.03327,current_ma (+0.126),voltage_v (+0.099),panel_temp2_c (-0.074),0.0
REC-03423,2026-09-10T09:59:10Z,SITE-C,ESP32-C01,v1.0,SHORT_CIRCUIT,0.4303,0.24568,0.09843,0.12663,-0.01412,0.04234,-0.07459,0.04565,-0.07343,0.03373,current_ma (+0.127),voltage_v (+0.098),panel_temp2_c (-0.075),-0.0
REC-03424,2026-09-10T09:59:15Z,SITE-C,ESP32-C01,v1.0,SHORT_CIRCUIT,0.4137,0.24568,0.0986,0.12506,-0.01556,0.04249,-0.07484,0.04507,-0.07278,0.02,current_ma (+0.125),voltage_v (+0.099),panel_temp2_c (-0.075),0.0
REC-03425,2026-09-10T09:59:20Z,SITE-C,ESP32-C01,v1.0,SHORT_CIRCUIT,0.4108,0.24568,0.09799,0.1237,-0.01469,0.04165,-0.07442,0.04481,-0.07264,0.01878,current_ma (+0.124),voltage_v (+0.098),panel_temp2_c (-0.074),0.0
REC-03426,2026-09-10T09:59:25Z,SITE-C,ESP32-C01,v1.0,SHORT_CIRCUIT,0.4059,0.24568,0.09783,0.12394,-0.01596,0.04174,-0.07612,0.04441,-0.07314,0.01755,current_ma (+0.124),voltage_v (+0.098),panel_temp2_c (-0.076),-0.0
REC-03427,2026-09-10T09:59:30Z,SITE-C,ESP32-C01,v1.0,SHORT_CIRCUIT,0.4235,0.24568,0.09893,0.12551,-0.01438,0.04274,-0.07556,0.04504,-0.07367,0.02922,current_ma (+0.126),voltage_v (+0.099),panel_temp2_c (-0.076),-0.0
REC-03428,2026-09-10T09:59:35Z,SITE-C,ESP32-C01,v1.0,SHORT_CIRCUIT,0.4154,0.24568,0.09864,0.12512,-0.01536,0.04207,-0.0764,0.04462,-0.07312,0.02415,current_ma (+0.125),voltage_v (+0.099),panel_temp2_c (-0.076),0.0
REC-03429,2026-09-10T09:59:40Z,SITE-C,ESP32-C01,v1.0,SHORT_CIRCUIT,0.4153,0.24568,0.0982,0.12454,-0.0148,0.04142,-0.07537,0.04451,-0.07252,0.0236,current_ma (+0.125),voltage_v (+0.098),panel_temp2_c (-0.075),-0.0
REC-03430,2026-09-10T09:59:45Z,SITE-C,ESP32-C01,v1.0,SHORT_CIRCUIT,0.4284,0.24568,0.09835,0.12618,-0.0142,0.04217,-0.07486,0.04527,-0.07485,0.03469,current_ma (+0.126),voltage_v (+0.098),panel_temp2_c (-0.075),0.0
REC-03431,2026-09-10T09:59:50Z,SITE-C,ESP32-C01,v1.0,SHORT_CIRCUIT,0.414,0.24568,0.09692,0.12467,-0.01554,0.04181,-0.07549,0.04443,-0.07262,0.02414,current_ma (+0.125),voltage_v (+0.097),panel_temp2_c (-0.075),0.0
REC-03432,2026-09-10T09:59:55Z,SITE-C,ESP32-C01,v1.0,SHORT_CIRCUIT,0.4192,0.24568,0.09875,0.1253,-0.01519,0.04258,-0.07456,0.04445,-0.07275,0.0249,current_ma (+0.125),voltage_v (+0.099),panel_temp2_c (-0.075),-0.0
REC-03433,2026-09-10T10:00:00Z,SITE-C,ESP32-C01,v1.0,SHORT_CIRCUIT,0.4129,0.24568,0.09829,0.12389,-0.01471,0.04212,-0.07602,0.04437,-0.07217,0.02144,current_ma (+0.124),voltage_v (+0.098),panel_temp2_c (-0.076),0.0
REC-03434,2026-09-10T10:00:05Z,SITE-C,ESP32-C01,v1.0,SHORT_CIRCUIT,0.4251,0.24568,0.09913,0.12548,-0.01413,0.04261,-0.07483,0.04475,-0.07238,0.02878,current_ma (+0.125),voltage_v (+0.099),panel_temp2_c (-0.075),0.0
REC-03435,2026-09-10T10:00:10Z,SITE-C,ESP32-C01,v1.0,SHORT_CIRCUIT,0.4092,0.24568,0.09785,0.12442,-0.01599,0.04161,-0.07458,0.04423,-0.07224,0.01823,current_ma (+0.124),voltage_v (+0.098),panel_temp2_c (-0.075),0.0
REC-03436,2026-09-10T10:00:15Z,SITE-C,ESP32-C01,v1.0,SHORT_CIRCUIT,0.416,0.24568,0.09797,0.12455,-0.01481,0.04184,-0.07569,0.04452,-0.07271,0.02469,current_ma (+0.125),voltage_v (+0.098),panel_temp2_c (-0.076),-0.0
REC-03437,2026-09-10T10:00:20Z,SITE-C,ESP32-C01,v1.0,SHORT_CIRCUIT,0.4018,0.24568,0.09726,0.12324,-0.01634,0.04146,-0.07673,0.04353,-0.07213,0.01583,current_ma (+0.123),voltage_v (+0.097),panel_temp2_c (-0.077),0.0
REC-03438,2026-09-10T10:00:25Z,SITE-C,ESP32-C01,v1.0,SHORT_CIRCUIT,0.4076,0.24568,0.09709,0.12354,-0.01549,0.04094,-0.07673,0.04361,-0.07223,0.02119,current_ma (+0.124),voltage_v (+0.097),panel_temp2_c (-0.077),-0.0
REC-03439,2026-09-10T10:00:30Z,SITE-C,ESP32-C01,v1.0,SHORT_CIRCUIT,0.4153,0.24568,0.09846,0.12452,-0.01512,0.04153,-0.07464,0.04383,-0.07263,0.02365,current_ma (+0.125),voltage_v (+0.098),panel_temp2_c (-0.075),0.0
REC-03440,2026-09-10T10:00:35Z,SITE-C,ESP32-C01,v1.0,SHORT_CIRCUIT,0.4339,0.24568,0.10081,0.12603,-0.01345,0.04377,-0.07298,0.04451,-0.07288,0.03238,current_ma (+0.126),voltage_v (+0.101),panel_temp2_c (-0.073),0.0
REC-03441,2026-09-10T10:00:40Z,SITE-C,ESP32-C01,v1.0,SHORT_CIRCUIT,0.4245,0.24568,0.09846,0.12567,-0.01487,0.04215,-0.07548,0.04392,-0.07352,0.03248,current_ma (+0.126),voltage_v (+0.098),panel_temp2_c (-0.075),-0.0
REC-03442,2026-09-10T10:00:45Z,SITE-C,ESP32-C01,v1.0,SHORT_CIRCUIT,0.4001,0.24568,0.09702,0.12195,-0.01571,0.04078,-0.07461,0.04283,-0.07409,0.01627,current_ma (+0.122),voltage_v (+0.097),panel_temp2_c (-0.075),0.0
REC-03443,2026-09-10T10:00:50Z,SITE-C,ESP32-C01,v1.0,SHORT_CIRCUIT,0.4051,0.24568,0.09798,0.12351,-0.01615,0.041,-0.07718,0.0427,-0.0725,0.02007,current_ma (+0.124),voltage_v (+0.098),panel_temp2_c (-0.077),-0.0
REC-03444,2026-09-10T10:00:55Z,SITE-C,ESP32-C01,v1.0,SHORT_CIRCUIT,0.4153,0.24568,0.09838,0.12433,-0.01563,0.04159,-0.07459,0.04255,-0.07387,0.02687,current_ma (+0.124),voltage_v (+0.098),panel_temp2_c (-0.075),-0.0
REC-03445,2026-09-10T10:01:00Z,SITE-C,ESP32-C01,v1.0,SHORT_CIRCUIT,0.4156,0.24568,0.09902,0.12441,-0.01553,0.04188,-0.07611,0.04249,-0.07359,0.02736,current_ma (+0.124),voltage_v (+0.099),panel_temp2_c (-0.076),0.0
REC-03446,2026-09-10T10:01:05Z,SITE-C,ESP32-C01,v1.0,SHORT_CIRCUIT,0.4135,0.24568,0.09896,0.12394,-0.01525,0.04169,-0.07567,0.04272,-0.07271,0.0241,current_ma (+0.124),voltage_v (+0.099),panel_temp2_c (-0.076),0.0
REC-03447,2026-09-10T10:01:10Z,SITE-C,ESP32-C01,v1.0,SHORT_CIRCUIT,0.4255,0.24568,0.09949,0.12598,-0.01513,0.04233,-0.07498,0.04347,-0.07391,0.03256,current_ma (+0.126),voltage_v (+0.099),panel_temp2_c (-0.075),0.0
REC-03448,2026-09-10T10:01:15Z,SITE-C,ESP32-C01,v1.0,SHORT_CIRCUIT,0.415,0.24568,0.09832,0.12456,-0.01572,0.04162,-0.07673,0.04268,-0.07325,0.02785,current_ma (+0.125),voltage_v (+0.098),panel_temp2_c (-0.077),-0.0
REC-03449,2026-09-10T10:01:20Z,SITE-C,ESP32-C01,v1.0,SHORT_CIRCUIT,0.4163,0.24568,0.09952,0.125,-0.01597,0.04241,-0.07207,0.04318,-0.07374,0.02226,current_ma (+0.125),voltage_v (+0.100),irradiance_lux (-0.074),0.0
REC-03450,2026-09-10T10:01:25Z,SITE-C,ESP32-C01,v1.0,SHORT_CIRCUIT,0.4064,0.24568,0.0975,0.12311,-0.01565,0.041,-0.07599,0.04284,-0.07321,0.02118,current_ma (+0.123),voltage_v (+0.097),panel_temp2_c (-0.076),0.0
REC-03451,2026-09-10T10:01:30Z,SITE-C,ESP32-C01,v1.0,SHORT_CIRCUIT,0.417,0.24568,0.09822,0.12505,-0.01569,0.04142,-0.07475,0.04335,-0.07373,0.02744,current_ma (+0.125),voltage_v (+0.098),panel_temp2_c (-0.075),0.0
REC-03452,2026-09-10T10:01:35Z,SITE-C,ESP32-C01,v1.0,SHORT_CIRCUIT,0.4065,0.24568,0.09834,0.12338,-0.01598,0.04177,-0.07393,0.04295,-0.0723,0.01659,current_ma (+0.123),voltage_v (+0.098),panel_temp2_c (-0.074),-0.0
REC-03453,2026-09-10T10:01:40Z,SITE-C,ESP32-C01,v1.0,SHORT_CIRCUIT,0.4084,0.24568,0.09824,0.12387,-0.01626,0.0421,-0.07486,0.04295,-0.07314,0.0198,current_ma (+0.124),voltage_v (+0.098),panel_temp2_c (-0.075),-0.0
REC-03454,2026-09-10T10:01:45Z,SITE-C,ESP32-C01,v1.0,SHORT_CIRCUIT,0.4234,0.24568,0.09923,0.12581,-0.01512,0.04269,-0.07628,0.04385,-0.0723,0.02979,current_ma (+0.126),voltage_v (+0.099),panel_temp2_c (-0.076),0.0
REC-03455,2026-09-10T10:01:50Z,SITE-C,ESP32-C01,v1.0,SHORT_CIRCUIT,0.4286,0.24568,0.09884,0.12513,-0.01314,0.04222,-0.07515,0.04472,-0.07226,0.03255,current_ma (+0.125),voltage_v (+0.099),panel_temp2_c (-0.075),0.0
REC-03456,2026-09-10T10:01:55Z,SITE-C,ESP32-C01,v1.0,SHORT_CIRCUIT,0.4083,0.24568,0.09756,0.12312,-0.01489,0.04122,-0.07741,0.04363,-0.07233,0.02169,current_ma (+0.123),voltage_v (+0.098),panel_temp2_c (-0.077),-0.0
REC-03457,2026-09-10T10:02:00Z,SITE-C,ESP32-C01,v1.0,SHORT_CIRCUIT,0.4177,0.24568,0.09843,0.12503,-0.01526,0.04189,-0.07568,0.04404,-0.07437,0.02794,current_ma (+0.125),voltage_v (+0.098),panel_temp2_c (-0.076),-0.0
REC-03458,2026-09-10T10:02:05Z,SITE-C,ESP32-C01,v1.0,SHORT_CIRCUIT,0.4192,0.24568,0.09784,0.12501,-0.01547,0.04229,-0.07409,0.04371,-0.07444,0.02863,current_ma (+0.125),voltage_v (+0.098),irradiance_lux (-0.074),-0.0
REC-03459,2026-09-10T10:02:10Z,SITE-C,ESP32-C01,v1.0,SHORT_CIRCUIT,0.4108,0.24568,0.09822,0.124,-0.01563,0.04206,-0.07723,0.04342,-0.07367,0.02397,current_ma (+0.124),voltage_v (+0.098),panel_temp2_c (-0.077),0.0
REC-03460,2026-09-10T10:02:15Z,SITE-C,ESP32-C01,v1.0,SHORT_CIRCUIT,0.413,0.24568,0.09831,0.12457,-0.01576,0.04283,-0.07669,0.04385,-0.07129,0.02152,current_ma (+0.125),voltage_v (+0.098),panel_temp2_c (-0.077),-0.0
REC-03461,2026-09-10T10:02:20Z,SITE-C,ESP32-C01,v1.0,SHORT_CIRCUIT,0.4118,0.24568,0.09819,0.12338,-0.01484,0.04233,-0.07424,0.04391,-0.07354,0.02092,current_ma (+0.123),voltage_v (+0.098),panel_temp2_c (-0.074),-0.0
REC-03462,2026-09-10T10:02:25Z,SITE-C,ESP32-C01,v1.0,SHORT_CIRCUIT,0.4117,0.24568,0.0979,0.12436,-0.01562,0.04121,-0.076,0.04375,-0.07408,0.02452,current_ma (+0.124),voltage_v (+0.098),panel_temp2_c (-0.076),0.0
REC-03463,2026-09-10T10:02:30Z,SITE-C,ESP32-C01,v1.0,SHORT_CIRCUIT,0.4317,0.24568,0.09922,0.1264,-0.01406,0.0426,-0.07632,0.04463,-0.07448,0.03802,current_ma (+0.126),voltage_v (+0.099),panel_temp2_c (-0.076),-0.0
REC-03464,2026-09-10T10:02:35Z,SITE-C,ESP32-C01,v1.0,SHORT_CIRCUIT,0.4083,0.24568,0.09814,0.12388,-0.01569,0.04161,-0.0754,0.04388,-0.07348,0.01971,current_ma (+0.124),voltage_v (+0.098),panel_temp2_c (-0.075),-0.0
REC-03465,2026-09-10T10:02:40Z,SITE-C,ESP32-C01,v1.0,SHORT_CIRCUIT,0.4237,0.24568,0.09878,0.12583,-0.01449,0.04192,-0.07598,0.04484,-0.07259,0.02972,current_ma (+0.126),voltage_v (+0.099),panel_temp2_c (-0.076),-0.0
REC-03466,2026-09-10T10:02:45Z,SITE-C,ESP32-C01,v1.0,SHORT_CIRCUIT,0.4134,0.24568,0.09735,0.12384,-0.01436,0.04201,-0.07812,0.04478,-0.07124,0.0235,current_ma (+0.124),voltage_v (+0.097),panel_temp2_c (-0.078),-0.0
REC-03467,2026-09-10T10:02:50Z,SITE-C,ESP32-C01,v1.0,SHORT_CIRCUIT,0.4194,0.24568,0.09884,0.12568,-0.01479,0.04188,-0.07649,0.04528,-0.07254,0.02586,current_ma (+0.126),voltage_v (+0.099),panel_temp2_c (-0.076),0.0
REC-03468,2026-09-10T10:02:55Z,SITE-C,ESP32-C01,v1.0,SHORT_CIRCUIT,0.4054,0.24568,0.09771,0.12382,-0.01589,0.04141,-0.07354,0.04457,-0.07186,0.01346,current_ma (+0.124),voltage_v (+0.098),panel_temp2_c (-0.074),0.0
REC-03469,2026-09-10T10:03:00Z,SITE-C,ESP32-C01,v1.0,SHORT_CIRCUIT,0.4034,0.24568,0.09738,0.12274,-0.01528,0.0417,-0.07515,0.04441,-0.07199,0.01387,current_ma (+0.123),voltage_v (+0.097),panel_temp2_c (-0.075),-0.0
REC-03470,2026-09-10T10:03:05Z,SITE-C,ESP32-C01,v1.0,SHORT_CIRCUIT,0.4258,0.24568,0.09868,0.12577,-0.0141,0.04221,-0.07344,0.04533,-0.07261,0.02829,current_ma (+0.126),voltage_v (+0.099),panel_temp2_c (-0.073),-0.0
REC-03471,2026-09-10T10:03:10Z,SITE-C,ESP32-C01,v1.0,SHORT_CIRCUIT,0.4271,0.24568,0.09763,0.12559,-0.0135,0.04161,-0.07582,0.04553,-0.07209,0.03244,current_ma (+0.126),voltage_v (+0.098),panel_temp2_c (-0.076),0.0
REC-03472,2026-09-10T10:03:15Z,SITE-C,ESP32-C01,v1.0,SHORT_CIRCUIT,0.4371,0.24568,0.09974,0.12754,-0.01321,0.04271,-0.07437,0.04647,-0.07049,0.033,current_ma (+0.128),voltage_v (+0.100),panel_temp2_c (-0.074),0.0
REC-03473,2026-09-10T10:03:20Z,SITE-C,ESP32-C01,v1.0,SHORT_CIRCUIT,0.4246,0.24568,0.09926,0.12554,-0.01353,0.04263,-0.07459,0.04612,-0.07064,0.02412,current_ma (+0.126),voltage_v (+0.099),panel_temp2_c (-0.075),-0.0
REC-03474,2026-09-10T10:03:25Z,SITE-C,ESP32-C01,v1.0,SHORT_CIRCUIT,0.425,0.24568,0.09832,0.12632,-0.01433,0.04208,-0.07522,0.04608,-0.07216,0.02823,current_ma (+0.126),voltage_v (+0.098),panel_temp2_c (-0.075),-0.0
REC-03475,2026-09-10T10:03:30Z,SITE-C,ESP32-C01,v1.0,SHORT_CIRCUIT,0.4331,0.24568,0.09908,0.12692,-0.01347,0.04295,-0.07488,0.04646,-0.07146,0.03178,current_ma (+0.127),voltage_v (+0.099),panel_temp2_c (-0.075),0.0
REC-03476,2026-09-10T10:03:35Z,SITE-C,ESP32-C01,v1.0,SHORT_CIRCUIT,0.4268,0.24568,0.09876,0.12705,-0.01438,0.04218,-0.07599,0.04655,-0.07134,0.02833,current_ma (+0.127),voltage_v (+0.099),panel_temp2_c (-0.076),0.0
REC-03477,2026-09-10T10:03:40Z,SITE-C,ESP32-C01,v1.0,SHORT_CIRCUIT,0.4248,0.24568,0.09923,0.12613,-0.01383,0.04261,-0.07388,0.04678,-0.07111,0.02314,current_ma (+0.126),voltage_v (+0.099),panel_temp2_c (-0.074),-0.0
REC-03478,2026-09-10T10:03:45Z,SITE-C,ESP32-C01,v1.0,SHORT_CIRCUIT,0.4284,0.24568,0.09907,0.12525,-0.0122,0.0422,-0.07458,0.04676,-0.07016,0.02638,current_ma (+0.125),voltage_v (+0.099),panel_temp2_c (-0.075),-0.0
REC-03479,2026-09-10T10:03:50Z,SITE-C,ESP32-C01,v1.0,SHORT_CIRCUIT,0.4257,0.24568,0.09859,0.12627,-0.01373,0.04185,-0.07541,0.04674,-0.07256,0.02824,current_ma (+0.126),voltage_v (+0.099),panel_temp2_c (-0.075),0.0
REC-03480,2026-09-10T10:03:55Z,SITE-C,ESP32-C01,v1.0,SHORT_CIRCUIT,0.43,0.24568,0.10004,0.12753,-0.01422,0.04255,-0.07497,0.04651,-0.07105,0.02798,current_ma (+0.128),voltage_v (+0.100),panel_temp2_c (-0.075),0.0
REC-03481,2026-09-10T10:31:00Z,SITE-E,ESP32-E01,v1.0,SHORT_CIRCUIT,0.2763,0.24568,0.02051,0.00892,0.00601,0.00718,-0.03906,0.03935,-0.02715,0.01483,ambient_temp_c (+0.039),panel_temp2_c (-0.039),irradiance_lux (-0.027),0.0
REC-03482,2026-09-10T10:31:05Z,SITE-E,ESP32-E01,v1.0,SHORT_CIRCUIT,0.2738,0.24568,0.0218,0.00704,0.00583,0.00668,-0.04008,0.03862,-0.02718,0.01539,panel_temp2_c (-0.040),ambient_temp_c (+0.039),irradiance_lux (-0.027),0.0
REC-03483,2026-09-10T10:31:10Z,SITE-E,ESP32-E01,v1.0,SHORT_CIRCUIT,0.2747,0.24568,0.02106,0.00671,0.006,0.00747,-0.04022,0.03875,-0.027,0.01627,panel_temp2_c (-0.040),ambient_temp_c (+0.039),irradiance_lux (-0.027),-0.0
REC-03484,2026-09-10T10:31:15Z,SITE-E,ESP32-E01,v1.0,SHORT_CIRCUIT,0.2706,0.24568,0.02099,0.00739,0.00605,0.007,-0.04001,0.03865,-0.02759,0.01243,panel_temp2_c (-0.040),ambient_temp_c (+0.039),irradiance_lux (-0.028),0.0
REC-03485,2026-09-10T10:31:20Z,SITE-E,ESP32-E01,v1.0,SHORT_CIRCUIT,0.2691,0.24568,0.02064,0.0058,0.00632,0.00757,-0.04026,0.03831,-0.02686,0.01185,panel_temp2_c (-0.040),ambient_temp_c (+0.038),irradiance_lux (-0.027),0.0
REC-03486,2026-09-10T10:31:25Z,SITE-E,ESP32-E01,v1.0,SHORT_CIRCUIT,0.2801,0.24568,0.02067,0.00901,0.00589,0.00717,-0.04024,0.03935,-0.02664,0.01919,panel_temp2_c (-0.040),ambient_temp_c (+0.039),irradiance_lux (-0.027),0.0
REC-03487,2026-09-10T10:31:30Z,SITE-E,ESP32-E01,v1.0,SHORT_CIRCUIT,0.2782,0.24568,0.02041,0.00628,0.00592,0.00672,-0.04002,0.03898,-0.02629,0.02056,panel_temp2_c (-0.040),ambient_temp_c (+0.039),irradiance_lux (-0.026),0.0
REC-03488,2026-09-10T10:31:35Z,SITE-E,ESP32-E01,v1.0,SHORT_CIRCUIT,0.2901,0.24568,0.02325,0.00921,0.00543,0.00761,-0.04141,0.03925,-0.02701,0.02808,panel_temp2_c (-0.041),ambient_temp_c (+0.039),dust_vo_v (+0.028),-0.0
REC-03489,2026-09-10T10:31:40Z,SITE-E,ESP32-E01,v1.0,SHORT_CIRCUIT,0.2776,0.24568,0.02099,0.00692,0.00598,0.00788,-0.03966,0.0389,-0.02724,0.01813,panel_temp2_c (-0.040),ambient_temp_c (+0.039),irradiance_lux (-0.027),-0.0
REC-03490,2026-09-10T10:31:45Z,SITE-E,ESP32-E01,v1.0,SHORT_CIRCUIT,0.279,0.24568,0.02157,0.00701,0.00563,0.00573,-0.03953,0.03904,-0.02752,0.02139,panel_temp2_c (-0.040),ambient_temp_c (+0.039),irradiance_lux (-0.028),-0.0
REC-03491,2026-09-10T10:31:50Z,SITE-E,ESP32-E01,v1.0,SHORT_CIRCUIT,0.2716,0.24568,0.0222,0.00594,0.00582,0.00602,-0.04008,0.03834,-0.02703,0.01473,panel_temp2_c (-0.040),ambient_temp_c (+0.038),irradiance_lux (-0.027),-0.0
REC-03492,2026-09-10T10:31:55Z,SITE-E,ESP32-E01,v1.0,SHORT_CIRCUIT,0.2781,0.24568,0.02101,0.00667,0.00578,0.00736,-0.0388,0.0389,-0.0266,0.01814,ambient_temp_c (+0.039),panel_temp2_c (-0.039),irradiance_lux (-0.027),0.0
REC-03493,2026-09-10T10:32:00Z,SITE-E,ESP32-E01,v1.0,SHORT_CIRCUIT,0.2782,0.24568,0.02273,0.00755,0.00561,0.00699,-0.04023,0.03856,-0.02635,0.01769,panel_temp2_c (-0.040),ambient_temp_c (+0.039),irradiance_lux (-0.026),0.0
REC-03494,2026-09-10T10:32:05Z,SITE-E,ESP32-E01,v1.0,SHORT_CIRCUIT,0.2704,0.24568,0.02063,0.00669,0.00588,0.00627,-0.0405,0.03872,-0.02615,0.01315,panel_temp2_c (-0.040),ambient_temp_c (+0.039),irradiance_lux (-0.026),0.0
REC-03495,2026-09-10T10:32:10Z,SITE-E,ESP32-E01,v1.0,SHORT_CIRCUIT,0.2732,0.24568,0.02156,0.00589,0.0057,0.00623,-0.03913,0.0385,-0.0261,0.01486,panel_temp2_c (-0.039),ambient_temp_c (+0.039),irradiance_lux (-0.026),0.0
REC-03496,2026-09-10T10:32:15Z,SITE-E,ESP32-E01,v1.0,SHORT_CIRCUIT,0.275,0.24568,0.02173,0.0063,0.00567,0.00577,-0.03962,0.03853,-0.02611,0.01701,panel_temp2_c (-0.040),ambient_temp_c (+0.039),irradiance_lux (-0.026),0.0
REC-03497,2026-09-10T10:32:20Z,SITE-E,ESP32-E01,v1.0,SHORT_CIRCUIT,0.2659,0.24568,0.02014,0.00445,0.00609,0.00604,-0.03835,0.03805,-0.0254,0.00919,panel_temp2_c (-0.038),ambient_temp_c (+0.038),irradiance_lux (-0.025),-0.0
REC-03498,2026-09-10T10:32:25Z,SITE-E,ESP32-E01,v1.0,SHORT_CIRCUIT,0.2699,0.24568,0.0195,0.00511,0.00627,0.00683,-0.03935,0.03855,-0.0262,0.01351,panel_temp2_c (-0.039),ambient_temp_c (+0.039),irradiance_lux (-0.026),-0.0
REC-03499,2026-09-10T10:32:30Z,SITE-E,ESP32-E01,v1.0,SHORT_CIRCUIT,0.2793,0.24568,0.02074,0.00754,0.00597,0.00601,-0.03776,0.03917,-0.02661,0.01859,ambient_temp_c (+0.039),panel_temp2_c (-0.038),irradiance_lux (-0.027),-0.0
REC-03500,2026-09-10T10:32:35Z,SITE-E,ESP32-E01,v1.0,SHORT_CIRCUIT,0.2752,0.24568,0.01924,0.00606,0.00601,0.00595,-0.03822,0.03915,-0.02706,0.01834,ambient_temp_c (+0.039),panel_temp2_c (-0.038),irradiance_lux (-0.027),-0.0
REC-03501,2026-09-10T10:32:40Z,SITE-E,ESP32-E01,v1.0,SHORT_CIRCUIT,0.2706,0.24568,0.02049,0.00568,0.00607,0.00656,-0.03948,0.03839,-0.02596,0.01314,panel_temp2_c (-0.039),ambient_temp_c (+0.038),irradiance_lux (-0.026),0.0
REC-03502,2026-09-10T10:32:45Z,SITE-E,ESP32-E01,v1.0,SHORT_CIRCUIT,0.2764,0.24568,0.02149,0.00784,0.00586,0.00717,-0.04015,0.03859,-0.02613,0.01603,panel_temp2_c (-0.040),ambient_temp_c (+0.039),irradiance_lux (-0.026),-0.0
REC-03503,2026-09-10T10:32:50Z,SITE-E,ESP32-E01,v1.0,SHORT_CIRCUIT,0.2805,0.24568,0.0208,0.00724,0.00577,0.00686,-0.03931,0.03921,-0.02732,0.02161,panel_temp2_c (-0.039),ambient_temp_c (+0.039),irradiance_lux (-0.027),-0.0
REC-03504,2026-09-10T10:32:55Z,SITE-E,ESP32-E01,v1.0,SHORT_CIRCUIT,0.2691,0.24568,0.01872,0.00528,0.00631,0.00649,-0.0387,0.03866,-0.0261,0.01272,panel_temp2_c (-0.039),ambient_temp_c (+0.039),irradiance_lux (-0.026),0.0
REC-03505,2026-09-10T10:33:00Z,SITE-E,ESP32-E01,v1.0,SHORT_CIRCUIT,0.2674,0.24568,0.02051,0.00576,0.00638,0.00708,-0.04092,0.03813,-0.02613,0.01094,panel_temp2_c (-0.041),ambient_temp_c (+0.038),irradiance_lux (-0.026),0.0
REC-03506,2026-09-10T10:33:05Z,SITE-E,ESP32-E01,v1.0,SHORT_CIRCUIT,0.269,0.24568,0.02176,0.00598,0.00606,0.00602,-0.03935,0.03789,-0.02642,0.01141,panel_temp2_c (-0.039),ambient_temp_c (+0.038),irradiance_lux (-0.026),-0.0
REC-03507,2026-09-10T10:33:10Z,SITE-E,ESP32-E01,v1.0,SHORT_CIRCUIT,0.269,0.24568,0.02215,0.00808,0.00612,0.00701,-0.04144,0.03809,-0.02697,0.01031,panel_temp2_c (-0.041),ambient_temp_c (+0.038),irradiance_lux (-0.027),0.0
REC-03508,2026-09-10T10:33:15Z,SITE-E,ESP32-E01,v1.0,SHORT_CIRCUIT,0.2656,0.24568,0.02026,0.00765,0.0065,0.00744,-0.04063,0.03824,-0.02735,0.00781,panel_temp2_c (-0.041),ambient_temp_c (+0.038),irradiance_lux (-0.027),-0.0
REC-03509,2026-09-10T10:33:20Z,SITE-E,ESP32-E01,v1.0,SHORT_CIRCUIT,0.2696,0.24568,0.01991,0.00785,0.00629,0.00792,-0.0393,0.03857,-0.02701,0.00965,panel_temp2_c (-0.039),ambient_temp_c (+0.039),irradiance_lux (-0.027),-0.0
REC-03510,2026-09-10T10:33:25Z,SITE-E,ESP32-E01,v1.0,SHORT_CIRCUIT,0.2766,0.24568,0.0198,0.00763,0.00618,0.00761,-0.03778,0.03902,-0.02726,0.01571,ambient_temp_c (+0.039),panel_temp2_c (-0.038),irradiance_lux (-0.027),-0.0
REC-03511,2026-09-10T10:33:30Z,SITE-E,ESP32-E01,v1.0,SHORT_CIRCUIT,0.2768,0.24568,0.02002,0.00812,0.00615,0.00785,-0.04046,0.03919,-0.02757,0.01782,panel_temp2_c (-0.040),ambient_temp_c (+0.039),irradiance_lux (-0.028),0.0
REC-03512,2026-09-10T10:33:35Z,SITE-E,ESP32-E01,v1.0,SHORT_CIRCUIT,0.284,0.24568,0.02209,0.00831,0.00579,0.00704,-0.04119,0.03906,-0.02759,0.02476,panel_temp2_c (-0.041),ambient_temp_c (+0.039),irradiance_lux (-0.028),-0.0
REC-03513,2026-09-10T10:33:40Z,SITE-E,ESP32-E01,v1.0,SHORT_CIRCUIT,0.2738,0.24568,0.02096,0.00711,0.00617,0.00635,-0.0403,0.03857,-0.02742,0.01667,panel_temp2_c (-0.040),ambient_temp_c (+0.039),irradiance_lux (-0.027),0.0
REC-03514,2026-09-10T10:33:45Z,SITE-E,ESP32-E01,v1.0,SHORT_CIRCUIT,0.2736,0.24568,0.02133,0.00779,0.0062,0.00747,-0.04014,0.03855,-0.02799,0.01469,panel_temp2_c (-0.040),ambient_temp_c (+0.039),irradiance_lux (-0.028),0.0
REC-03515,2026-09-10T10:33:50Z,SITE-E,ESP32-E01,v1.0,SHORT_CIRCUIT,0.2782,0.24568,0.02131,0.00897,0.00606,0.00834,-0.04071,0.03885,-0.02736,0.01711,panel_temp2_c (-0.041),ambient_temp_c (+0.039),irradiance_lux (-0.027),-0.0
REC-03516,2026-09-10T10:33:55Z,SITE-E,ESP32-E01,v1.0,SHORT_CIRCUIT,0.2887,0.24568,0.02295,0.01048,0.00589,0.00753,-0.04083,0.03915,-0.02773,0.02563,panel_temp2_c (-0.041),ambient_temp_c (+0.039),irradiance_lux (-0.028),-0.0
REC-03517,2026-09-10T10:34:00Z,SITE-E,ESP32-E01,v1.0,SHORT_CIRCUIT,0.2773,0.24568,0.02051,0.00811,0.00639,0.00781,-0.04066,0.03873,-0.02754,0.01828,panel_temp2_c (-0.041),ambient_temp_c (+0.039),irradiance_lux (-0.028),0.0
REC-03518,2026-09-10T10:34:05Z,SITE-E,ESP32-E01,v1.0,SHORT_CIRCUIT,0.2728,0.24568,0.02093,0.00694,0.00649,0.00746,-0.03981,0.0381,-0.0272,0.01423,panel_temp2_c (-0.040),ambient_temp_c (+0.038),irradiance_lux (-0.027),0.0
REC-03519,2026-09-10T10:34:10Z,SITE-E,ESP32-E01,v1.0,SHORT_CIRCUIT,0.2816,0.24568,0.02103,0.00855,0.00608,0.00766,-0.04019,0.03895,-0.02761,0.02141,panel_temp2_c (-0.040),ambient_temp_c (+0.039),irradiance_lux (-0.028),-0.0
REC-03520,2026-09-10T10:34:15Z,SITE-E,ESP32-E01,v1.0,SHORT_CIRCUIT,0.2763,0.24568,0.02084,0.00959,0.0065,0.00707,-0.04055,0.03902,-0.02796,0.01614,panel_temp2_c (-0.041),ambient_temp_c (+0.039),irradiance_lux (-0.028),-0.0
REC-03521,2026-09-10T10:34:20Z,SITE-E,ESP32-E01,v1.0,SHORT_CIRCUIT,0.2725,0.24568,0.02241,0.006,0.00621,0.00655,-0.04,0.03776,-0.02695,0.01483,panel_temp2_c (-0.040),ambient_temp_c (+0.038),irradiance_lux (-0.027),-0.0
REC-03522,2026-09-10T10:34:25Z,SITE-E,ESP32-E01,v1.0,SHORT_CIRCUIT,0.2699,0.24568,0.01951,0.00719,0.00656,0.00762,-0.04007,0.03855,-0.02725,0.0121,panel_temp2_c (-0.040),ambient_temp_c (+0.039),irradiance_lux (-0.027),0.0
REC-03523,2026-09-10T10:34:30Z,SITE-E,ESP32-E01,v1.0,SHORT_CIRCUIT,0.2686,0.24568,0.02213,0.00739,0.00632,0.00709,-0.0405,0.03763,-0.02656,0.00948,panel_temp2_c (-0.040),ambient_temp_c (+0.038),irradiance_lux (-0.027),0.0
REC-03524,2026-09-10T10:34:35Z,SITE-E,ESP32-E01,v1.0,SHORT_CIRCUIT,0.2807,0.24568,0.0206,0.00864,0.00622,0.00834,-0.04028,0.03869,-0.02617,0.01895,panel_temp2_c (-0.040),ambient_temp_c (+0.039),irradiance_lux (-0.026),0.0
REC-03525,2026-09-10T10:34:40Z,SITE-E,ESP32-E01,v1.0,SHORT_CIRCUIT,0.2748,0.24568,0.02005,0.00759,0.00646,0.00757,-0.03953,0.03864,-0.02773,0.01607,panel_temp2_c (-0.040),ambient_temp_c (+0.039),irradiance_lux (-0.028),-0.0
REC-03526,2026-09-10T10:34:45Z,SITE-E,ESP32-E01,v1.0,SHORT_CIRCUIT,0.2745,0.24568,0.02112,0.00711,0.00637,0.00736,-0.0402,0.03827,-0.02721,0.01594,panel_temp2_c (-0.040),ambient_temp_c (+0.038),irradiance_lux (-0.027),0.0
REC-03527,2026-09-10T10:34:50Z,SITE-E,ESP32-E01,v1.0,SHORT_CIRCUIT,0.2729,0.24568,0.01934,0.00693,0.00678,0.00852,-0.0411,0.03832,-0.02592,0.01431,panel_temp2_c (-0.041),ambient_temp_c (+0.038),irradiance_lux (-0.026),-0.0
REC-03528,2026-09-10T10:34:55Z,SITE-E,ESP32-E01,v1.0,SHORT_CIRCUIT,0.2758,0.24568,0.02226,0.00802,0.00623,0.00689,-0.03888,0.03809,-0.0273,0.01475,panel_temp2_c (-0.039),ambient_temp_c (+0.038),irradiance_lux (-0.027),-0.0
REC-03529,2026-09-10T10:35:00Z,SITE-E,ESP32-E01,v1.0,SHORT_CIRCUIT,0.27,0.24568,0.01939,0.00725,0.00667,0.00789,-0.0397,0.03823,-0.02637,0.01093,panel_temp2_c (-0.040),ambient_temp_c (+0.038),irradiance_lux (-0.026),0.0
REC-03530,2026-09-10T10:35:05Z,SITE-E,ESP32-E01,v1.0,SHORT_CIRCUIT,0.2886,0.24568,0.02149,0.00841,0.00587,0.00772,-0.04078,0.03898,-0.02605,0.02724,panel_temp2_c (-0.041),ambient_temp_c (+0.039),dust_vo_v (+0.027),0.0
REC-03531,2026-09-10T10:35:10Z,SITE-E,ESP32-E01,v1.0,SHORT_CIRCUIT,0.2728,0.24568,0.02019,0.00526,0.0065,0.00754,-0.03939,0.03806,-0.02595,0.01493,panel_temp2_c (-0.039),ambient_temp_c (+0.038),irradiance_lux (-0.026),0.0
REC-03532,2026-09-10T10:35:15Z,SITE-E,ESP32-E01,v1.0,SHORT_CIRCUIT,0.2721,0.24568,0.02147,0.00616,0.00627,0.00658,-0.03996,0.03794,-0.0265,0.01446,panel_temp2_c (-0.040),ambient_temp_c (+0.038),irradiance_lux (-0.026),0.0
REC-03533,2026-09-10T10:35:20Z,SITE-E,ESP32-E01,v1.0,SHORT_CIRCUIT,0.2779,0.24568,0.0229,0.00773,0.00583,0.00656,-0.03915,0.03827,-0.02761,0.01768,panel_temp2_c (-0.039),ambient_temp_c (+0.038),irradiance_lux (-0.028),-0.0
REC-03534,2026-09-10T10:35:25Z,SITE-E,ESP32-E01,v1.0,SHORT_CIRCUIT,0.2896,0.24568,0.02313,0.00871,0.00541,0.00693,-0.04006,0.03885,-0.02627,0.02719,panel_temp2_c (-0.040),ambient_temp_c (+0.039),dust_vo_v (+0.027),0.0
REC-03535,2026-09-10T10:35:30Z,SITE-E,ESP32-E01,v1.0,SHORT_CIRCUIT,0.2773,0.24568,0.02051,0.00672,0.00606,0.00764,-0.03976,0.0386,-0.02548,0.0173,panel_temp2_c (-0.040),ambient_temp_c (+0.039),irradiance_lux (-0.025),0.0
REC-03536,2026-09-10T10:35:35Z,SITE-E,ESP32-E01,v1.0,SHORT_CIRCUIT,0.2801,0.24568,0.0207,0.00771,0.0058,0.00722,-0.04003,0.03904,-0.02595,0.01998,panel_temp2_c (-0.040),ambient_temp_c (+0.039),irradiance_lux (-0.026),-0.0
REC-03537,2026-09-10T10:35:40Z,SITE-E,ESP32-E01,v1.0,SHORT_CIRCUIT,0.2662,0.24568,0.01937,0.00739,0.00646,0.00714,-0.04117,0.03857,-0.02671,0.00944,panel_temp2_c (-0.041),ambient_temp_c (+0.039),irradiance_lux (-0.027),0.0
REC-03538,2026-09-10T10:35:45Z,SITE-E,ESP32-E01,v1.0,SHORT_CIRCUIT,0.2779,0.24568,0.02265,0.00951,0.00609,0.00731,-0.03939,0.03867,-0.02796,0.01533,panel_temp2_c (-0.039),ambient_temp_c (+0.039),irradiance_lux (-0.028),0.0
REC-03539,2026-09-10T10:35:50Z,SITE-E,ESP32-E01,v1.0,SHORT_CIRCUIT,0.2815,0.24568,0.02054,0.00821,0.00593,0.00762,-0.03956,0.03902,-0.02647,0.02055,panel_temp2_c (-0.040),ambient_temp_c (+0.039),irradiance_lux (-0.026),-0.0
REC-03540,2026-09-10T10:35:55Z,SITE-E,ESP32-E01,v1.0,SHORT_CIRCUIT,0.2865,0.24568,0.02327,0.00808,0.00555,0.00671,-0.04062,0.03873,-0.02696,0.0261,panel_temp2_c (-0.041),ambient_temp_c (+0.039),irradiance_lux (-0.027),0.0
REC-03541,2026-09-11T01:44:00Z,SITE-B,ESP32-B01,v1.3,NORMAL,0.4841,0.25237,0.02057,-0.0347,-0.16376,0.13056,0.08115,-0.03508,0.12249,0.11051,power_mw (-0.164),panel_temp1_c (+0.131),irradiance_lux (+0.122),0.0
REC-03542,2026-09-11T01:44:05Z,SITE-B,ESP32-B01,v1.3,NORMAL,0.4716,0.25237,0.01963,-0.03534,-0.16471,0.12938,0.08099,-0.03483,0.12084,0.10323,power_mw (-0.165),panel_temp1_c (+0.129),irradiance_lux (+0.121),-0.0
REC-03543,2026-09-11T01:44:10Z,SITE-B,ESP32-B01,v1.3,NORMAL,0.4917,0.25237,0.02091,-0.03445,-0.16443,0.132,0.08161,-0.03346,0.12306,0.11407,power_mw (-0.164),panel_temp1_c (+0.132),irradiance_lux (+0.123),-0.0
REC-03544,2026-09-11T01:44:15Z,SITE-B,ESP32-B01,v1.3,NORMAL,0.4925,0.25237,0.02124,-0.0345,-0.16579,0.1319,0.08134,-0.03285,0.12303,0.11578,power_mw (-0.166),panel_temp1_c (+0.132),irradiance_lux (+0.123),-0.0
REC-03545,2026-09-11T01:44:20Z,SITE-B,ESP32-B01,v1.3,NORMAL,0.4871,0.25237,0.02081,-0.03452,-0.16419,0.13092,0.08122,-0.03453,0.12262,0.11243,power_mw (-0.164),panel_temp1_c (+0.131),irradiance_lux (+0.123),0.0
REC-03546,2026-09-11T01:44:25Z,SITE-B,ESP32-B01,v1.3,NORMAL,0.4778,0.25237,0.02027,-0.03506,-0.16494,0.13021,0.0812,-0.03467,0.12162,0.10682,power_mw (-0.165),panel_temp1_c (+0.130),irradiance_lux (+0.122),0.0
REC-03547,2026-09-11T01:44:30Z,SITE-B,ESP32-B01,v1.3,NORMAL,0.4887,0.25237,0.02124,-0.03472,-0.16558,0.13158,0.08129,-0.03365,0.12281,0.11339,power_mw (-0.166),panel_temp1_c (+0.132),irradiance_lux (+0.123),0.0
REC-03548,2026-09-11T01:44:35Z,SITE-B,ESP32-B01,v1.3,NORMAL,0.4819,0.25237,0.02027,-0.03501,-0.16576,0.13047,0.08122,-0.03467,0.12289,0.11016,power_mw (-0.166),panel_temp1_c (+0.130),irradiance_lux (+0.123),0.0
REC-03549,2026-09-11T01:44:40Z,SITE-B,ESP32-B01,v1.3,NORMAL,0.4834,0.25237,0.02024,-0.03492,-0.165,0.13181,0.08179,-0.03565,0.12336,0.10938,power_mw (-0.165),panel_temp1_c (+0.132),irradiance_lux (+0.123),-0.0
REC-03550,2026-09-11T01:44:45Z,SITE-B,ESP32-B01,v1.3,NORMAL,0.4709,0.25237,0.01997,-0.03544,-0.1634,0.12954,0.0815,-0.03598,0.12124,0.10112,power_mw (-0.163),panel_temp1_c (+0.130),irradiance_lux (+0.121),-0.0
REC-03551,2026-09-11T01:44:50Z,SITE-B,ESP32-B01,v1.3,NORMAL,0.4746,0.25237,0.02004,-0.03518,-0.1657,0.12825,0.08067,-0.03446,0.12156,0.10701,power_mw (-0.166),panel_temp1_c (+0.128),irradiance_lux (+0.122),0.0
REC-03552,2026-09-11T01:44:55Z,SITE-B,ESP32-B01,v1.3,NORMAL,0.4972,0.25237,0.02112,-0.0344,-0.16442,0.13279,0.082,-0.03345,0.12444,0.11671,power_mw (-0.164),panel_temp1_c (+0.133),irradiance_lux (+0.124),-0.0
REC-03553,2026-09-11T01:45:00Z,SITE-B,ESP32-B01,v1.3,NORMAL,0.5063,0.25237,0.02204,-0.0341,-0.16557,0.13385,0.08219,-0.03325,0.12589,0.12287,power_mw (-0.166),panel_temp1_c (+0.134),irradiance_lux (+0.126),0.0
REC-03554,2026-09-11T01:45:05Z,SITE-B,ESP32-B01,v1.3,NORMAL,0.4888,0.25237,0.02074,-0.03511,-0.16571,0.13246,0.08231,-0.03375,0.12429,0.11125,power_mw (-0.166),panel_temp1_c (+0.132),irradiance_lux (+0.124),-0.0
REC-03555,2026-09-11T01:45:10Z,SITE-B,ESP32-B01,v1.3,NORMAL,0.496,0.25237,0.02097,-0.03436,-0.16364,0.13232,0.08184,-0.03329,0.12394,0.11585,power_mw (-0.164),panel_temp1_c (+0.132),irradiance_lux (+0.124),-0.0
REC-03556,2026-09-11T01:45:15Z,SITE-B,ESP32-B01,v1.3,NORMAL,0.4893,0.25237,0.02087,-0.03464,-0.16577,0.13156,0.08153,-0.03457,0.12379,0.11419,power_mw (-0.166),panel_temp1_c (+0.132),irradiance_lux (+0.124),-0.0
REC-03557,2026-09-11T01:45:20Z,SITE-B,ESP32-B01,v1.3,NORMAL,0.504,0.25237,0.02192,-0.03358,-0.16026,0.13445,0.08254,-0.03606,0.12466,0.11795,power_mw (-0.160),panel_temp1_c (+0.134),irradiance_lux (+0.125),0.0
REC-03558,2026-09-11T01:45:25Z,SITE-B,ESP32-B01,v1.3,NORMAL,0.496,0.25237,0.0208,-0.03465,-0.16419,0.13358,0.08244,-0.0346,0.12532,0.11491,power_mw (-0.164),panel_temp1_c (+0.134),irradiance_lux (+0.125),-0.0
REC-03559,2026-09-11T01:45:30Z,SITE-B,ESP32-B01,v1.3,NORMAL,0.4909,0.25237,0.02097,-0.03486,-0.16577,0.13123,0.08168,-0.03358,0.12433,0.11449,power_mw (-0.166),panel_temp1_c (+0.131),irradiance_lux (+0.124),0.0
REC-03560,2026-09-11T01:45:35Z,SITE-B,ESP32-B01,v1.3,NORMAL,0.4868,0.25237,0.02087,-0.03481,-0.16592,0.13107,0.08158,-0.03388,0.12325,0.11231,power_mw (-0.166),panel_temp1_c (+0.131),irradiance_lux (+0.123),-0.0
REC-03561,2026-09-11T01:45:40Z,SITE-B,ESP32-B01,v1.3,NORMAL,0.4949,0.25237,0.02082,-0.03447,-0.16343,0.13175,0.08197,-0.03516,0.12522,0.1158,power_mw (-0.163),panel_temp1_c (+0.132),irradiance_lux (+0.125),0.0
REC-03562,2026-09-11T01:45:45Z,SITE-B,ESP32-B01,v1.3,NORMAL,0.4971,0.25237,0.02159,-0.03462,-0.16515,0.13344,0.08243,-0.03368,0.12485,0.11585,power_mw (-0.165),panel_temp1_c (+0.133),irradiance_lux (+0.125),-0.0
REC-03563,2026-09-11T01:45:50Z,SITE-B,ESP32-B01,v1.3,NORMAL,0.4824,0.25237,0.02048,-0.03484,-0.16395,0.12952,0.08136,-0.03503,0.12293,0.10956,power_mw (-0.164),panel_temp1_c (+0.130),irradiance_lux (+0.123),-0.0
REC-03564,2026-09-11T01:45:55Z,SITE-B,ESP32-B01,v1.3,NORMAL,0.4865,0.25237,0.01976,-0.0351,-0.16618,0.13088,0.08156,-0.03217,0.12352,0.11186,power_mw (-0.166),panel_temp1_c (+0.131),irradiance_lux (+0.124),0.0
REC-03565,2026-09-11T01:46:00Z,SITE-B,ESP32-B01,v1.3,NORMAL,0.4917,0.25237,0.02088,-0.03466,-0.1639,0.13253,0.08209,-0.03368,0.12361,0.11246,power_mw (-0.164),panel_temp1_c (+0.133),irradiance_lux (+0.124),-0.0
REC-03566,2026-09-11T01:46:05Z,SITE-B,ESP32-B01,v1.3,NORMAL,0.4841,0.25237,0.02084,-0.03465,-0.16518,0.13014,0.08101,-0.03428,0.12219,0.11169,power_mw (-0.165),panel_temp1_c (+0.130),irradiance_lux (+0.122),-0.0
REC-03567,2026-09-11T01:46:10Z,SITE-B,ESP32-B01,v1.3,NORMAL,0.4922,0.25237,0.02124,-0.03442,-0.16492,0.13042,0.08134,-0.03401,0.12388,0.11632,power_mw (-0.165),panel_temp1_c (+0.130),irradiance_lux (+0.124),0.0
REC-03568,2026-09-11T01:46:15Z,SITE-B,ESP32-B01,v1.3,NORMAL,0.4788,0.25237,0.0199,-0.03538,-0.16381,0.12974,0.08166,-0.03364,0.12249,0.10542,power_mw (-0.164),panel_temp1_c (+0.130),irradiance_lux (+0.122),0.0
REC-03569,2026-09-11T01:46:20Z,SITE-B,ESP32-B01,v1.3,NORMAL,0.474,0.25237,0.01961,-0.03581,-0.16446,0.12979,0.08197,-0.03462,0.12284,0.10231,power_mw (-0.164),panel_temp1_c (+0.130),irradiance_lux (+0.123),-0.0
REC-03570,2026-09-11T01:46:25Z,SITE-B,ESP32-B01,v1.3,NORMAL,0.4775,0.25237,0.02008,-0.0352,-0.1639,0.12932,0.08155,-0.03569,0.1229,0.10611,power_mw (-0.164),panel_temp1_c (+0.129),irradiance_lux (+0.123),-0.0
REC-03571,2026-09-11T01:46:30Z,SITE-B,ESP32-B01,v1.3,NORMAL,0.5031,0.25237,0.02139,-0.03445,-0.16589,0.13267,0.08183,-0.03091,0.12499,0.12108,power_mw (-0.166),panel_temp1_c (+0.133),irradiance_lux (+0.125),0.0
REC-03572,2026-09-11T01:46:35Z,SITE-B,ESP32-B01,v1.3,NORMAL,0.4886,0.25237,0.02146,-0.03436,-0.16412,0.12875,0.08093,-0.03525,0.12351,0.1153,power_mw (-0.164),panel_temp1_c (+0.129),irradiance_lux (+0.124),0.0
REC-03573,2026-09-11T01:46:40Z,SITE-B,ESP32-B01,v1.3,NORMAL,0.4828,0.25237,0.01987,-0.03543,-0.16548,0.13051,0.08172,-0.03303,0.12356,0.10869,power_mw (-0.165),panel_temp1_c (+0.131),irradiance_lux (+0.124),-0.0
REC-03574,2026-09-11T01:46:45Z,SITE-B,ESP32-B01,v1.3,NORMAL,0.4919,0.25237,0.02138,-0.03468,-0.16565,0.13106,0.08161,-0.03474,0.12468,0.11584,power_mw (-0.166),panel_temp1_c (+0.131),irradiance_lux (+0.125),-0.0
REC-03575,2026-09-11T01:46:50Z,SITE-B,ESP32-B01,v1.3,NORMAL,0.4906,0.25237,0.02037,-0.03484,-0.16612,0.13045,0.08123,-0.03181,0.12365,0.11529,power_mw (-0.166),panel_temp1_c (+0.130),irradiance_lux (+0.124),-0.0
REC-03576,2026-09-11T01:46:55Z,SITE-B,ESP32-B01,v1.3,NORMAL,0.4979,0.25237,0.02097,-0.03445,-0.16583,0.13255,0.08186,-0.03356,0.1252,0.11874,power_mw (-0.166),panel_temp1_c (+0.133),irradiance_lux (+0.125),-0.0
REC-03577,2026-09-11T01:47:00Z,SITE-B,ESP32-B01,v1.3,NORMAL,0.4929,0.25237,0.02116,-0.03466,-0.16411,0.13165,0.08173,-0.03364,0.12399,0.11439,power_mw (-0.164),panel_temp1_c (+0.132),irradiance_lux (+0.124),-0.0
REC-03578,2026-09-11T01:47:05Z,SITE-B,ESP32-B01,v1.3,NORMAL,0.4897,0.25237,0.02131,-0.03423,-0.16439,0.13011,0.08073,-0.03436,0.1225,0.11565,power_mw (-0.164),panel_temp1_c (+0.130),irradiance_lux (+0.123),0.0
REC-03579,2026-09-11T01:47:10Z,SITE-B,ESP32-B01,v1.3,NORMAL,0.506,0.25237,0.02214,-0.03378,-0.16387,0.13255,0.08178,-0.03501,0.12602,0.12384,power_mw (-0.164),panel_temp1_c (+0.133),irradiance_lux (+0.126),0.0
REC-03580,2026-09-11T01:47:15Z,SITE-B,ESP32-B01,v1.3,NORMAL,0.4777,0.25237,0.02006,-0.03531,-0.16494,0.12968,0.08124,-0.0331,0.12159,0.10607,power_mw (-0.165),panel_temp1_c (+0.130),irradiance_lux (+0.122),0.0
REC-03581,2026-09-11T01:47:20Z,SITE-B,ESP32-B01,v1.3,NORMAL,0.4832,0.25237,0.02057,-0.03521,-0.1658,0.13015,0.08145,-0.03354,0.12319,0.11,power_mw (-0.166),panel_temp1_c (+0.130),irradiance_lux (+0.123),-0.0
REC-03582,2026-09-11T01:47:25Z,SITE-B,ESP32-B01,v1.3,NORMAL,0.4967,0.25237,0.02115,-0.03445,-0.16585,0.13212,0.08166,-0.03311,0.12452,0.11825,power_mw (-0.166),panel_temp1_c (+0.132),irradiance_lux (+0.125),-0.0
REC-03583,2026-09-11T01:47:30Z,SITE-B,ESP32-B01,v1.3,NORMAL,0.4755,0.25237,0.02025,-0.03536,-0.16591,0.12812,0.08092,-0.03442,0.12234,0.10718,power_mw (-0.166),panel_temp1_c (+0.128),irradiance_lux (+0.122),-0.0
REC-03584,2026-09-11T01:47:35Z,SITE-B,ESP32-B01,v1.3,NORMAL,0.4841,0.25237,0.0211,-0.03485,-0.16486,0.12943,0.08127,-0.03516,0.12332,0.11143,power_mw (-0.165),panel_temp1_c (+0.129),irradiance_lux (+0.123),-0.0
REC-03585,2026-09-11T01:47:40Z,SITE-B,ESP32-B01,v1.3,NORMAL,0.4818,0.25237,0.02071,-0.03466,-0.16089,0.12981,0.08182,-0.03672,0.12266,0.10668,power_mw (-0.161),panel_temp1_c (+0.130),irradiance_lux (+0.123),-0.0
REC-03586,2026-09-11T01:47:45Z,SITE-B,ESP32-B01,v1.3,NORMAL,0.4784,0.25237,0.01981,-0.03545,-0.16607,0.12856,0.0812,-0.03351,0.12319,0.1083,power_mw (-0.166),panel_temp1_c (+0.129),irradiance_lux (+0.123),-0.0
REC-03587,2026-09-11T01:47:50Z,SITE-B,ESP32-B01,v1.3,NORMAL,0.491,0.25237,0.02167,-0.03468,-0.16579,0.13006,0.08138,-0.034,0.12415,0.11585,power_mw (-0.166),panel_temp1_c (+0.130),irradiance_lux (+0.124),0.0
REC-03588,2026-09-11T01:47:55Z,SITE-B,ESP32-B01,v1.3,NORMAL,0.4843,0.25237,0.01975,-0.03542,-0.16553,0.13044,0.08189,-0.03139,0.12329,0.10885,power_mw (-0.166),panel_temp1_c (+0.130),irradiance_lux (+0.123),-0.0
REC-03589,2026-09-11T01:48:00Z,SITE-B,ESP32-B01,v1.3,NORMAL,0.4831,0.25237,0.02083,-0.0354,-0.16498,0.12887,0.08185,-0.03327,0.12389,0.10896,power_mw (-0.165),panel_temp1_c (+0.129),irradiance_lux (+0.124),-0.0
REC-03590,2026-09-11T01:48:05Z,SITE-B,ESP32-B01,v1.3,NORMAL,0.4745,0.25237,0.01916,-0.03585,-0.16632,0.12715,0.08131,-0.0335,0.12385,0.10631,power_mw (-0.166),panel_temp1_c (+0.127),irradiance_lux (+0.124),-0.0
REC-03591,2026-09-11T01:48:10Z,SITE-B,ESP32-B01,v1.3,NORMAL,0.4798,0.25237,0.01945,-0.03573,-0.16513,0.12849,0.08184,-0.03332,0.1245,0.10731,power_mw (-0.165),panel_temp1_c (+0.128),irradiance_lux (+0.124),0.0
REC-03592,2026-09-11T01:48:15Z,SITE-B,ESP32-B01,v1.3,NORMAL,0.4703,0.25237,0.01878,-0.03591,-0.16489,0.12773,0.08157,-0.03328,0.12234,0.10156,power_mw (-0.165),panel_temp1_c (+0.128),irradiance_lux (+0.122),-0.0
REC-03593,2026-09-11T01:48:20Z,SITE-B,ESP32-B01,v1.3,NORMAL,0.4803,0.25237,0.01928,-0.03587,-0.16571,0.12895,0.08189,-0.03255,0.12458,0.10733,power_mw (-0.166),panel_temp1_c (+0.129),irradiance_lux (+0.125),0.0
REC-03594,2026-09-11T01:48:25Z,SITE-B,ESP32-B01,v1.3,NORMAL,0.5003,0.25237,0.0208,-0.03424,-0.1619,0.13213,0.08257,-0.03401,0.12571,0.11684,power_mw (-0.162),panel_temp1_c (+0.132),irradiance_lux (+0.126),0.0
REC-03595,2026-09-11T01:48:30Z,SITE-B,ESP32-B01,v1.3,NORMAL,0.4861,0.25237,0.01979,-0.03546,-0.16659,0.12948,0.08184,-0.03047,0.12399,0.11119,power_mw (-0.167),panel_temp1_c (+0.129),irradiance_lux (+0.124),0.0
REC-03596,2026-09-11T01:48:35Z,SITE-B,ESP32-B01,v1.3,NORMAL,0.5003,0.25237,0.02141,-0.03431,-0.1626,0.13106,0.08232,-0.03329,0.12551,0.1178,power_mw (-0.163),panel_temp1_c (+0.131),irradiance_lux (+0.126),-0.0
REC-03597,2026-09-11T01:48:40Z,SITE-B,ESP32-B01,v1.3,NORMAL,0.4765,0.25237,0.01867,-0.03609,-0.16666,0.12755,0.08161,-0.03085,0.12384,0.10611,power_mw (-0.167),panel_temp1_c (+0.128),irradiance_lux (+0.124),0.0
REC-03598,2026-09-11T01:48:45Z,SITE-B,ESP32-B01,v1.3,NORMAL,0.4965,0.25237,0.02017,-0.03511,-0.16635,0.13131,0.08232,-0.031,0.12604,0.11674,power_mw (-0.166),panel_temp1_c (+0.131),irradiance_lux (+0.126),0.0
REC-03599,2026-09-11T01:48:50Z,SITE-B,ESP32-B01,v1.3,NORMAL,0.4653,0.25237,0.01882,-0.03626,-0.16616,0.12564,0.08089,-0.03266,0.12189,0.10078,power_mw (-0.166),panel_temp1_c (+0.126),irradiance_lux (+0.122),0.0
REC-03600,2026-09-11T01:48:55Z,SITE-B,ESP32-B01,v1.3,NORMAL,0.4921,0.25237,0.02131,-0.03444,-0.1628,0.13014,0.08186,-0.03449,0.12415,0.11403,power_mw (-0.163),panel_temp1_c (+0.130),irradiance_lux (+0.124),-0.0
REC-03601,2026-09-11T02:21:00Z,SITE-E,ESP32-E01,v1.3,NORMAL,0.6516,0.25237,0.05222,0.00755,0.10443,0.05868,0.06736,-0.06225,0.04541,0.12583,dust_vo_v (+0.126),power_mw (+0.104),panel_temp2_c (+0.067),-0.0
REC-03602,2026-09-11T02:21:05Z,SITE-E,ESP32-E01,v1.3,NORMAL,0.6395,0.25237,0.05135,0.00778,0.10363,0.05809,0.06701,-0.06354,0.04428,0.11849,dust_vo_v (+0.118),power_mw (+0.104),panel_temp2_c (+0.067),-0.0
REC-03603,2026-09-11T02:21:10Z,SITE-E,ESP32-E01,v1.3,NORMAL,0.6544,0.25237,0.05253,0.00773,0.10646,0.05921,0.06758,-0.06106,0.04541,0.12414,dust_vo_v (+0.124),power_mw (+0.106),panel_temp2_c (+0.068),0.0
REC-03604,2026-09-11T02:21:15Z,SITE-E,ESP32-E01,v1.3,NORMAL,0.6418,0.25237,0.05206,0.00796,0.1059,0.05714,0.06642,-0.06188,0.04507,0.11675,dust_vo_v (+0.117),power_mw (+0.106),panel_temp2_c (+0.066),0.0
REC-03605,2026-09-11T02:21:20Z,SITE-E,ESP32-E01,v1.3,NORMAL,0.6424,0.25237,0.052,0.008,0.10555,0.05859,0.06668,-0.06165,0.04526,0.11558,dust_vo_v (+0.116),power_mw (+0.106),panel_temp2_c (+0.067),-0.0
REC-03606,2026-09-11T02:21:25Z,SITE-E,ESP32-E01,v1.3,NORMAL,0.6384,0.25237,0.05191,0.00815,0.10457,0.05844,0.06592,-0.06102,0.04489,0.11317,dust_vo_v (+0.113),power_mw (+0.105),panel_temp2_c (+0.066),-0.0
REC-03607,2026-09-11T02:21:30Z,SITE-E,ESP32-E01,v1.3,NORMAL,0.6493,0.25237,0.05212,0.00815,0.10864,0.05778,0.06679,-0.0619,0.04406,0.12125,dust_vo_v (+0.121),power_mw (+0.109),panel_temp2_c (+0.067),-0.0
REC-03608,2026-09-11T02:21:35Z,SITE-E,ESP32-E01,v1.3,NORMAL,0.6363,0.25237,0.05193,0.00761,0.1003,0.05805,0.06625,-0.06038,0.0455,0.11471,dust_vo_v (+0.115),power_mw (+0.100),panel_temp2_c (+0.066),0.0
REC-03609,2026-09-11T02:21:40Z,SITE-E,ESP32-E01,v1.3,NORMAL,0.6393,0.25237,0.05168,0.00837,0.10703,0.05732,0.06605,-0.06101,0.0446,0.11285,dust_vo_v (+0.113),power_mw (+0.107),panel_temp2_c (+0.066),0.0
REC-03610,2026-09-11T02:21:45Z,SITE-E,ESP32-E01,v1.3,NORMAL,0.6657,0.25237,0.05251,0.00825,0.11195,0.06078,0.06826,-0.05985,0.04459,0.12688,dust_vo_v (+0.127),power_mw (+0.112),panel_temp2_c (+0.068),-0.0
REC-03611,2026-09-11T02:21:50Z,SITE-E,ESP32-E01,v1.3,NORMAL,0.6446,0.25237,0.05214,0.00778,0.10369,0.05836,0.06687,-0.0594,0.04608,0.11669,dust_vo_v (+0.117),power_mw (+0.104),panel_temp2_c (+0.067),0.0
REC-03612,2026-09-11T02:21:55Z,SITE-E,ESP32-E01,v1.3,NORMAL,0.6395,0.25237,0.05172,0.00791,0.10534,0.05635,0.06702,-0.0609,0.04508,0.11456,dust_vo_v (+0.115),power_mw (+0.105),panel_temp2_c (+0.067),0.0
REC-03613,2026-09-11T02:22:00Z,SITE-E,ESP32-E01,v1.3,NORMAL,0.6458,0.25237,0.05227,0.00781,0.10511,0.05641,0.06642,-0.06021,0.04527,0.12035,dust_vo_v (+0.120),power_mw (+0.105),panel_temp2_c (+0.066),0.0
REC-03614,2026-09-11T02:22:05Z,SITE-E,ESP32-E01,v1.3,NORMAL,0.6557,0.25237,0.05208,0.00773,0.10545,0.06029,0.06815,-0.06012,0.04515,0.12462,dust_vo_v (+0.125),power_mw (+0.105),panel_temp2_c (+0.068),0.0
REC-03615,2026-09-11T02:22:10Z,SITE-E,ESP32-E01,v1.3,NORMAL,0.6451,0.25237,0.05221,0.00814,0.10715,0.05714,0.06647,-0.05959,0.04571,0.11548,dust_vo_v (+0.115),power_mw (+0.107),panel_temp2_c (+0.066),0.0
REC-03616,2026-09-11T02:22:15Z,SITE-E,ESP32-E01,v1.3,NORMAL,0.6573,0.25237,0.05265,0.00792,0.10732,0.0594,0.06723,-0.05964,0.04529,0.12477,dust_vo_v (+0.125),power_mw (+0.107),panel_temp2_c (+0.067),0.0
REC-03617,2026-09-11T02:22:20Z,SITE-E,ESP32-E01,v1.3,NORMAL,0.6492,0.25237,0.05235,0.00797,0.10586,0.05851,0.06678,-0.05962,0.04484,0.12016,dust_vo_v (+0.120),power_mw (+0.106),panel_temp2_c (+0.067),-0.0
REC-03618,2026-09-11T02:22:25Z,SITE-E,ESP32-E01,v1.3,NORMAL,0.6453,0.25237,0.05226,0.00776,0.10643,0.05598,0.06693,-0.06122,0.04564,0.11912,dust_vo_v (+0.119),power_mw (+0.106),panel_temp2_c (+0.067),-0.0
REC-03619,2026-09-11T02:22:30Z,SITE-E,ESP32-E01,v1.3,NORMAL,0.6379,0.25237,0.05168,0.00786,0.10398,0.05721,0.06644,-0.06235,0.04507,0.11563,dust_vo_v (+0.116),power_mw (+0.104),panel_temp2_c (+0.066),-0.0
REC-03620,2026-09-11T02:22:35Z,SITE-E,ESP32-E01,v1.3,NORMAL,0.6557,0.25237,0.05264,0.00837,0.1109,0.05747,0.06634,-0.05933,0.04463,0.12226,dust_vo_v (+0.122),power_mw (+0.111),panel_temp2_c (+0.066),0.0
REC-03621,2026-09-11T02:22:40Z,SITE-E,ESP32-E01,v1.3,NORMAL,0.6465,0.25237,0.05246,0.00756,0.10389,0.05596,0.06632,-0.06039,0.04624,0.12208,dust_vo_v (+0.122),power_mw (+0.104),panel_temp2_c (+0.066),0.0
REC-03622,2026-09-11T02:22:45Z,SITE-E,ESP32-E01,v1.3,NORMAL,0.6497,0.25237,0.05238,0.00796,0.10472,0.05929,0.06672,-0.05827,0.04544,0.11908,dust_vo_v (+0.119),power_mw (+0.105),panel_temp2_c (+0.067),0.0
REC-03623,2026-09-11T02:22:50Z,SITE-E,ESP32-E01,v1.3,NORMAL,0.6419,0.25237,0.05214,0.0077,0.10089,0.05931,0.06665,-0.05846,0.0465,0.11485,dust_vo_v (+0.115),power_mw (+0.101),panel_temp2_c (+0.067),0.0
REC-03624,2026-09-11T02:22:55Z,SITE-E,ESP32-E01,v1.3,NORMAL,0.6353,0.25237,0.05149,0.00819,0.10326,0.05868,0.0667,-0.05922,0.0451,0.10878,dust_vo_v (+0.109),power_mw (+0.103),panel_temp2_c (+0.067),-0.0
REC-03625,2026-09-11T02:23:00Z,SITE-E,ESP32-E01,v1.3,NORMAL,0.6569,0.25237,0.05214,0.00779,0.10577,0.0601,0.06769,-0.06018,0.0453,0.12588,dust_vo_v (+0.126),power_mw (+0.106),panel_temp2_c (+0.068),-0.0
REC-03626,2026-09-11T02:23:05Z,SITE-E,ESP32-E01,v1.3,NORMAL,0.6489,0.25237,0.05194,0.00778,0.10217,0.06224,0.06749,-0.05917,0.04586,0.11822,dust_vo_v (+0.118),power_mw (+0.102),panel_temp2_c (+0.067),0.0
REC-03627,2026-09-11T02:23:10Z,SITE-E,ESP32-E01,v1.3,NORMAL,0.651,0.25237,0.05267,0.00745,0.10211,0.05776,0.06691,-0.05812,0.04585,0.12398,dust_vo_v (+0.124),power_mw (+0.102),panel_temp2_c (+0.067),-0.0
REC-03628,2026-09-11T02:23:15Z,SITE-E,ESP32-E01,v1.3,NORMAL,0.6443,0.25237,0.0522,0.00805,0.10572,0.05811,0.06662,-0.05962,0.04587,0.115,dust_vo_v (+0.115),power_mw (+0.106),panel_temp2_c (+0.067),-0.0
REC-03629,2026-09-11T02:23:20Z,SITE-E,ESP32-E01,v1.3,NORMAL,0.653,0.25237,0.05269,0.00799,0.10896,0.05614,0.06665,-0.06013,0.04508,0.12327,dust_vo_v (+0.123),power_mw (+0.109),panel_temp2_c (+0.067),0.0
REC-03630,2026-09-11T02:23:25Z,SITE-E,ESP32-E01,v1.3,NORMAL,0.6459,0.25237,0.0518,0.00794,0.10567,0.05723,0.06659,-0.06171,0.04418,0.1218,dust_vo_v (+0.122),power_mw (+0.106),panel_temp2_c (+0.067),-0.0
REC-03631,2026-09-11T02:23:30Z,SITE-E,ESP32-E01,v1.3,NORMAL,0.6494,0.25237,0.05219,0.00796,0.1059,0.05799,0.06656,-0.06011,0.04478,0.12177,dust_vo_v (+0.122),power_mw (+0.106),panel_temp2_c (+0.067),-0.0
REC-03632,2026-09-11T02:23:35Z,SITE-E,ESP32-E01,v1.3,NORMAL,0.6414,0.25237,0.0522,0.00772,0.10312,0.05569,0.06598,-0.05987,0.04506,0.11918,dust_vo_v (+0.119),power_mw (+0.103),panel_temp2_c (+0.066),0.0
REC-03633,2026-09-11T02:23:40Z,SITE-E,ESP32-E01,v1.3,NORMAL,0.6426,0.25237,0.05197,0.00809,0.10714,0.0556,0.06629,-0.06098,0.04451,0.11762,dust_vo_v (+0.118),power_mw (+0.107),panel_temp2_c (+0.066),-0.0
REC-03634,2026-09-11T02:23:45Z,SITE-E,ESP32-E01,v1.3,NORMAL,0.6458,0.25237,0.05165,0.00827,0.10783,0.05872,0.06706,-0.06121,0.04409,0.11701,dust_vo_v (+0.117),power_mw (+0.108),panel_temp2_c (+0.067),-0.0
REC-03635,2026-09-11T02:23:50Z,SITE-E,ESP32-E01,v1.3,NORMAL,0.6444,0.25237,0.05227,0.0079,0.10315,0.05773,0.06589,-0.05875,0.04481,0.11899,dust_vo_v (+0.119),power_mw (+0.103),panel_temp2_c (+0.066),0.0
REC-03636,2026-09-11T02:23:55Z,SITE-E,ESP32-E01,v1.3,NORMAL,0.6601,0.25237,0.05264,0.0082,0.10799,0.06196,0.06645,-0.06021,0.04538,0.12535,dust_vo_v (+0.125),power_mw (+0.108),panel_temp2_c (+0.066),0.0
REC-03637,2026-09-11T02:24:00Z,SITE-E,ESP32-E01,v1.3,NORMAL,0.644,0.25237,0.05198,0.00818,0.10635,0.05969,0.06625,-0.06214,0.04521,0.1161,dust_vo_v (+0.116),power_mw (+0.106),panel_temp2_c (+0.066),0.0
REC-03638,2026-09-11T02:24:05Z,SITE-E,ESP32-E01,v1.3,NORMAL,0.6513,0.25237,0.05212,0.00809,0.10834,0.05994,0.06748,-0.0619,0.045,0.1199,dust_vo_v (+0.120),power_mw (+0.108),panel_temp2_c (+0.067),-0.0
REC-03639,2026-09-11T02:24:10Z,SITE-E,ESP32-E01,v1.3,NORMAL,0.6366,0.25237,0.05129,0.00824,0.1059,0.05858,0.06656,-0.0636,0.04389,0.11335,dust_vo_v (+0.113),power_mw (+0.106),panel_temp2_c (+0.067),0.0
REC-03640,2026-09-11T02:24:15Z,SITE-E,ESP32-E01,v1.3,NORMAL,0.6509,0.25237,0.05194,0.00818,0.10747,0.06019,0.06682,-0.06213,0.04389,0.12212,dust_vo_v (+0.122),power_mw (+0.107),panel_temp2_c (+0.067),-0.0
REC-03641,2026-09-11T02:24:20Z,SITE-E,ESP32-E01,v1.3,NORMAL,0.6592,0.25237,0.05295,0.00786,0.10729,0.05962,0.06689,-0.06001,0.04573,0.12649,dust_vo_v (+0.126),power_mw (+0.107),panel_temp2_c (+0.067),-0.0
REC-03642,2026-09-11T02:24:25Z,SITE-E,ESP32-E01,v1.3,NORMAL,0.6508,0.25237,0.05217,0.00796,0.1067,0.06106,0.06759,-0.06185,0.04533,0.11947,dust_vo_v (+0.119),power_mw (+0.107),panel_temp2_c (+0.068),-0.0
REC-03643,2026-09-11T02:24:30Z,SITE-E,ESP32-E01,v1.3,NORMAL,0.6369,0.25237,0.05208,0.00768,0.10202,0.05829,0.06643,-0.06132,0.04626,0.11313,dust_vo_v (+0.113),power_mw (+0.102),panel_temp2_c (+0.066),-0.0
REC-03644,2026-09-11T02:24:35Z,SITE-E,ESP32-E01,v1.3,NORMAL,0.6418,0.25237,0.05207,0.00777,0.10405,0.05833,0.06658,-0.06239,0.04509,0.11793,dust_vo_v (+0.118),power_mw (+0.104),panel_temp2_c (+0.067),-0.0
REC-03645,2026-09-11T02:24:40Z,SITE-E,ESP32-E01,v1.3,NORMAL,0.646,0.25237,0.05215,0.00797,0.10545,0.05836,0.06655,-0.06095,0.04431,0.11983,dust_vo_v (+0.120),power_mw (+0.105),panel_temp2_c (+0.067),0.0
REC-03646,2026-09-11T02:24:45Z,SITE-E,ESP32-E01,v1.3,NORMAL,0.6509,0.25237,0.05211,0.0078,0.10615,0.05919,0.06735,-0.06228,0.04516,0.12305,dust_vo_v (+0.123),power_mw (+0.106),panel_temp2_c (+0.067),-0.0
REC-03647,2026-09-11T02:24:50Z,SITE-E,ESP32-E01,v1.3,NORMAL,0.6443,0.25237,0.05191,0.00831,0.10738,0.06108,0.06717,-0.06151,0.04593,0.1116,dust_vo_v (+0.112),power_mw (+0.107),panel_temp2_c (+0.067),-0.0
REC-03648,2026-09-11T02:24:55Z,SITE-E,ESP32-E01,v1.3,NORMAL,0.6558,0.25237,0.05235,0.00788,0.10643,0.0608,0.06742,-0.06084,0.04549,0.12387,dust_vo_v (+0.124),power_mw (+0.106),panel_temp2_c (+0.067),0.0
REC-03649,2026-09-11T02:25:00Z,SITE-E,ESP32-E01,v1.3,NORMAL,0.6572,0.25237,0.05264,0.00814,0.10858,0.05985,0.06699,-0.05931,0.04515,0.12281,dust_vo_v (+0.123),power_mw (+0.109),panel_temp2_c (+0.067),-0.0
REC-03650,2026-09-11T02:25:05Z,SITE-E,ESP32-E01,v1.3,NORMAL,0.651,0.25237,0.0524,0.00832,0.10911,0.05957,0.0669,-0.05994,0.04514,0.11708,dust_vo_v (+0.117),power_mw (+0.109),panel_temp2_c (+0.067),0.0
REC-03651,2026-09-11T02:25:10Z,SITE-E,ESP32-E01,v1.3,NORMAL,0.6594,0.25237,0.05301,0.0077,0.10648,0.05906,0.06745,-0.05945,0.04518,0.1276,dust_vo_v (+0.128),power_mw (+0.106),panel_temp2_c (+0.067),0.0
REC-03652,2026-09-11T02:25:15Z,SITE-E,ESP32-E01,v1.3,NORMAL,0.6381,0.25237,0.05167,0.00851,0.10951,0.05562,0.06603,-0.06203,0.04337,0.11305,dust_vo_v (+0.113),power_mw (+0.110),panel_temp2_c (+0.066),-0.0
REC-03653,2026-09-11T02:25:20Z,SITE-E,ESP32-E01,v1.3,NORMAL,0.6408,0.25237,0.05188,0.00799,0.10626,0.05671,0.06657,-0.06213,0.04494,0.11627,dust_vo_v (+0.116),power_mw (+0.106),panel_temp2_c (+0.067),-0.0
REC-03654,2026-09-11T02:25:25Z,SITE-E,ESP32-E01,v1.3,NORMAL,0.641,0.25237,0.0517,0.00834,0.10604,0.05996,0.06603,-0.06227,0.04394,0.11493,dust_vo_v (+0.115),power_mw (+0.106),panel_temp2_c (+0.066),-0.0
REC-03655,2026-09-11T02:25:30Z,SITE-E,ESP32-E01,v1.3,NORMAL,0.6372,0.25237,0.0514,0.00807,0.10552,0.05783,0.06621,-0.06443,0.04433,0.11588,dust_vo_v (+0.116),power_mw (+0.106),panel_temp2_c (+0.066),0.0
REC-03656,2026-09-11T02:25:35Z,SITE-E,ESP32-E01,v1.3,NORMAL,0.6358,0.25237,0.0519,0.0075,0.10052,0.0568,0.06607,-0.06249,0.04421,0.11897,dust_vo_v (+0.119),power_mw (+0.101),panel_temp2_c (+0.066),-0.0
REC-03657,2026-09-11T02:25:40Z,SITE-E,ESP32-E01,v1.3,NORMAL,0.6604,0.25237,0.05274,0.00852,0.11275,0.05969,0.06639,-0.0611,0.04455,0.12451,dust_vo_v (+0.125),power_mw (+0.113),panel_temp2_c (+0.066),-0.0
REC-03658,2026-09-11T02:25:45Z,SITE-E,ESP32-E01,v1.3,NORMAL,0.6477,0.25237,0.05233,0.00819,0.10995,0.05645,0.06663,-0.06201,0.04421,0.11955,dust_vo_v (+0.120),power_mw (+0.110),panel_temp2_c (+0.067),0.0
REC-03659,2026-09-11T02:25:50Z,SITE-E,ESP32-E01,v1.3,NORMAL,0.6492,0.25237,0.05203,0.008,0.10735,0.05845,0.06696,-0.06293,0.04384,0.12315,dust_vo_v (+0.123),power_mw (+0.107),panel_temp2_c (+0.067),-0.0
REC-03660,2026-09-11T02:25:55Z,SITE-E,ESP32-E01,v1.3,NORMAL,0.6513,0.25237,0.05256,0.00861,0.11138,0.05967,0.0662,-0.06103,0.04417,0.11739,dust_vo_v (+0.117),power_mw (+0.111),panel_temp2_c (+0.066),-0.0
REC-03661,2026-09-11T03:26:00Z,SITE-F,ESP32-F01,v1.3,NORMAL,0.4111,0.25237,0.02304,0.01456,0.07948,-0.05614,0.0004,0.00589,-0.01043,0.10196,dust_vo_v (+0.102),power_mw (+0.079),panel_temp1_c (-0.056),-0.0
REC-03662,2026-09-11T03:26:05Z,SITE-F,ESP32-F01,v1.3,NORMAL,0.4151,0.25237,0.02414,0.01503,0.08394,-0.056,-0.00098,0.007,-0.01059,0.10017,dust_vo_v (+0.100),power_mw (+0.084),panel_temp1_c (-0.056),-0.0
REC-03663,2026-09-11T03:26:10Z,SITE-F,ESP32-F01,v1.3,NORMAL,0.4137,0.25237,0.02345,0.01464,0.08079,-0.05553,-0.00015,0.00668,-0.01112,0.10254,dust_vo_v (+0.103),power_mw (+0.081),panel_temp1_c (-0.056),0.0
REC-03664,2026-09-11T03:26:15Z,SITE-F,ESP32-F01,v1.3,NORMAL,0.4173,0.25237,0.0253,0.01517,0.08581,-0.05676,0.0008,0.00741,-0.01199,0.09918,dust_vo_v (+0.099),power_mw (+0.086),panel_temp1_c (-0.057),-0.0
REC-03665,2026-09-11T03:26:20Z,SITE-F,ESP32-F01,v1.3,NORMAL,0.4223,0.25237,0.02546,0.01519,0.08675,-0.05501,-0.00037,0.00728,-0.01145,0.10212,dust_vo_v (+0.102),power_mw (+0.087),panel_temp1_c (-0.055),0.0
REC-03666,2026-09-11T03:26:25Z,SITE-F,ESP32-F01,v1.3,NORMAL,0.41,0.25237,0.02292,0.01486,0.08175,-0.05637,-0.00029,0.0067,-0.01309,0.10117,dust_vo_v (+0.101),power_mw (+0.082),panel_temp1_c (-0.056),0.0
REC-03667,2026-09-11T03:26:30Z,SITE-F,ESP32-F01,v1.3,NORMAL,0.4146,0.25237,0.02366,0.01505,0.08297,-0.05506,0.00023,0.00672,-0.01238,0.10103,dust_vo_v (+0.101),power_mw (+0.083),panel_temp1_c (-0.055),-0.0
REC-03668,2026-09-11T03:26:35Z,SITE-F,ESP32-F01,v1.3,NORMAL,0.4168,0.25237,0.02465,0.01548,0.08582,-0.05614,0.00166,0.00661,-0.01201,0.0983,dust_vo_v (+0.098),power_mw (+0.086),panel_temp1_c (-0.056),0.0
REC-03669,2026-09-11T03:26:40Z,SITE-F,ESP32-F01,v1.3,NORMAL,0.4044,0.25237,0.02176,0.01461,0.0818,-0.05707,-0.00413,0.00586,-0.01357,0.10278,dust_vo_v (+0.103),power_mw (+0.082),panel_temp1_c (-0.057),0.0
REC-03670,2026-09-11T03:26:45Z,SITE-F,ESP32-F01,v1.3,NORMAL,0.4134,0.25237,0.02522,0.01512,0.08408,-0.05646,0.00213,0.00659,-0.01301,0.09736,dust_vo_v (+0.097),power_mw (+0.084),panel_temp1_c (-0.056),-0.0
REC-03671,2026-09-11T03:26:50Z,SITE-F,ESP32-F01,v1.3,NORMAL,0.4095,0.25237,0.02367,0.01519,0.08347,-0.05586,-0.00067,0.00606,-0.01322,0.09844,dust_vo_v (+0.098),power_mw (+0.083),panel_temp1_c (-0.056),-0.0
REC-03672,2026-09-11T03:26:55Z,SITE-F,ESP32-F01,v1.3,NORMAL,0.4134,0.25237,0.02287,0.01537,0.08627,-0.05632,-0.00167,0.00585,-0.01224,0.10089,dust_vo_v (+0.101),power_mw (+0.086),panel_temp1_c (-0.056),0.0
REC-03673,2026-09-11T03:27:00Z,SITE-F,ESP32-F01,v1.3,NORMAL,0.419,0.25237,0.02548,0.01557,0.08886,-0.0562,0.00086,0.0064,-0.01328,0.09888,dust_vo_v (+0.099),power_mw (+0.089),panel_temp1_c (-0.056),-0.0
REC-03674,2026-09-11T03:27:05Z,SITE-F,ESP32-F01,v1.3,NORMAL,0.4087,0.25237,0.02246,0.01509,0.08431,-0.05875,0.00059,0.00532,-0.01371,0.10098,dust_vo_v (+0.101),power_mw (+0.084),panel_temp1_c (-0.059),-0.0
REC-03675,2026-09-11T03:27:10Z,SITE-F,ESP32-F01,v1.3,NORMAL,0.4069,0.25237,0.02272,0.0151,0.08353,-0.05787,-9e-05,0.00613,-0.01454,0.09953,dust_vo_v (+0.100),power_mw (+0.084),panel_temp1_c (-0.058),-0.0
REC-03676,2026-09-11T03:27:15Z,SITE-F,ESP32-F01,v1.3,NORMAL,0.4173,0.25237,0.02468,0.01524,0.08948,-0.0582,-0.00107,0.006,-0.01341,0.10218,dust_vo_v (+0.102),power_mw (+0.089),panel_temp1_c (-0.058),0.0
REC-03677,2026-09-11T03:27:20Z,SITE-F,ESP32-F01,v1.3,NORMAL,0.4021,0.25237,0.02188,0.01506,0.08087,-0.05789,-0.00103,0.00651,-0.01325,0.09762,dust_vo_v (+0.098),power_mw (+0.081),panel_temp1_c (-0.058),0.0
REC-03678,2026-09-11T03:27:25Z,SITE-F,ESP32-F01,v1.3,NORMAL,0.4156,0.25237,0.02261,0.01535,0.08624,-0.05822,0.0009,0.00651,-0.0126,0.10242,dust_vo_v (+0.102),power_mw (+0.086),panel_temp1_c (-0.058),-0.0
REC-03679,2026-09-11T03:27:30Z,SITE-F,ESP32-F01,v1.3,NORMAL,0.408,0.25237,0.02247,0.01512,0.0846,-0.05785,-0.00236,0.00665,-0.01343,0.10044,dust_vo_v (+0.100),power_mw (+0.085),panel_temp1_c (-0.058),0.0
REC-03680,2026-09-11T03:27:35Z,SITE-F,ESP32-F01,v1.3,NORMAL,0.409,0.25237,0.02253,0.01547,0.08568,-0.05857,-2e-05,0.00652,-0.0138,0.09881,dust_vo_v (+0.099),power_mw (+0.086),panel_temp1_c (-0.059),-0.0
REC-03681,2026-09-11T03:27:40Z,SITE-F,ESP32-F01,v1.3,NORMAL,0.406,0.25237,0.02269,0.01548,0.08596,-0.0581,-0.00189,0.00633,-0.01469,0.09786,dust_vo_v (+0.098),power_mw (+0.086),panel_temp1_c (-0.058),-0.0
REC-03682,2026-09-11T03:27:45Z,SITE-F,ESP32-F01,v1.3,NORMAL,0.4148,0.25237,0.02439,0.01495,0.08598,-0.05612,-0.00113,0.00599,-0.01433,0.10268,dust_vo_v (+0.103),power_mw (+0.086),panel_temp1_c (-0.056),0.0
REC-03683,2026-09-11T03:27:50Z,SITE-F,ESP32-F01,v1.3,NORMAL,0.4079,0.25237,0.02296,0.01534,0.08529,-0.05809,-0.00101,0.00576,-0.01336,0.0986,dust_vo_v (+0.099),power_mw (+0.085),panel_temp1_c (-0.058),-0.0
REC-03684,2026-09-11T03:27:55Z,SITE-F,ESP32-F01,v1.3,NORMAL,0.411,0.25237,0.02323,0.01501,0.08629,-0.05785,-0.00227,0.00602,-0.01431,0.10254,dust_vo_v (+0.103),power_mw (+0.086),panel_temp1_c (-0.058),0.0
REC-03685,2026-09-11T03:28:00Z,SITE-F,ESP32-F01,v1.3,NORMAL,0.405,0.25237,0.02098,0.01488,0.084,-0.05863,-0.00186,0.00491,-0.01574,0.10412,dust_vo_v (+0.104),power_mw (+0.084),panel_temp1_c (-0.059),0.0
REC-03686,2026-09-11T03:28:05Z,SITE-F,ESP32-F01,v1.3,NORMAL,0.4098,0.25237,0.02216,0.01543,0.08726,-0.05724,-0.00227,0.00513,-0.01479,0.10177,dust_vo_v (+0.102),power_mw (+0.087),panel_temp1_c (-0.057),-0.0
REC-03687,2026-09-11T03:28:10Z,SITE-F,ESP32-F01,v1.3,NORMAL,0.4117,0.25237,0.0252,0.01527,0.08795,-0.05612,-0.00144,0.00586,-0.01635,0.09897,dust_vo_v (+0.099),power_mw (+0.088),panel_temp1_c (-0.056),-0.0
REC-03688,2026-09-11T03:28:15Z,SITE-F,ESP32-F01,v1.3,NORMAL,0.4115,0.25237,0.02404,0.01517,0.087,-0.05741,-0.00025,0.00538,-0.01544,0.10065,dust_vo_v (+0.101),power_mw (+0.087),panel_temp1_c (-0.057),0.0
REC-03689,2026-09-11T03:28:20Z,SITE-F,ESP32-F01,v1.3,NORMAL,0.4119,0.25237,0.0239,0.01532,0.0886,-0.05633,-0.00324,0.00591,-0.01623,0.10157,dust_vo_v (+0.102),power_mw (+0.089),panel_temp1_c (-0.056),0.0
REC-03690,2026-09-11T03:28:25Z,SITE-F,ESP32-F01,v1.3,NORMAL,0.4137,0.25237,0.02363,0.01546,0.08782,-0.05715,-0.00105,0.00557,-0.01357,0.10067,dust_vo_v (+0.101),power_mw (+0.088),panel_temp1_c (-0.057),0.0
REC-03691,2026-09-11T03:28:30Z,SITE-F,ESP32-F01,v1.3,NORMAL,0.4093,0.25237,0.02312,0.01521,0.08656,-0.05885,-0.00014,0.00453,-0.01391,0.10045,dust_vo_v (+0.100),power_mw (+0.087),panel_temp1_c (-0.059),0.0
REC-03692,2026-09-11T03:28:35Z,SITE-F,ESP32-F01,v1.3,NORMAL,0.4129,0.25237,0.02474,0.01528,0.08781,-0.05703,-0.00087,0.00545,-0.01444,0.09956,dust_vo_v (+0.100),power_mw (+0.088),panel_temp1_c (-0.057),0.0
REC-03693,2026-09-11T03:28:40Z,SITE-F,ESP32-F01,v1.3,NORMAL,0.4149,0.25237,0.02496,0.01461,0.08694,-0.0575,-0.00196,0.00565,-0.01442,0.10425,dust_vo_v (+0.104),power_mw (+0.087),panel_temp1_c (-0.057),-0.0
REC-03694,2026-09-11T03:28:45Z,SITE-F,ESP32-F01,v1.3,NORMAL,0.4183,0.25237,0.02424,0.01548,0.0882,-0.05616,-0.00047,0.00548,-0.01252,0.10164,dust_vo_v (+0.102),power_mw (+0.088),panel_temp1_c (-0.056),0.0
REC-03695,2026-09-11T03:28:50Z,SITE-F,ESP32-F01,v1.3,NORMAL,0.4091,0.25237,0.0229,0.01499,0.08349,-0.05721,-0.00145,0.00488,-0.01129,0.10045,dust_vo_v (+0.100),power_mw (+0.083),panel_temp1_c (-0.057),-0.0
REC-03696,2026-09-11T03:28:55Z,SITE-F,ESP32-F01,v1.3,NORMAL,0.4013,0.25237,0.02053,0.01465,0.08109,-0.05848,-0.00324,0.00417,-0.01235,0.10255,dust_vo_v (+0.103),power_mw (+0.081),panel_temp1_c (-0.058),-0.0
REC-03697,2026-09-11T03:29:00Z,SITE-F,ESP32-F01,v1.3,NORMAL,0.4038,0.25237,0.02122,0.01447,0.0806,-0.05572,-0.00503,0.00464,-0.01159,0.10287,dust_vo_v (+0.103),power_mw (+0.081),panel_temp1_c (-0.056),0.0
REC-03698,2026-09-11T03:29:05Z,SITE-F,ESP32-F01,v1.3,NORMAL,0.3983,0.25237,0.02053,0.01469,0.07933,-0.05681,-0.00339,0.00405,-0.01271,0.10022,dust_vo_v (+0.100),power_mw (+0.079),panel_temp1_c (-0.057),0.0
REC-03699,2026-09-11T03:29:10Z,SITE-F,ESP32-F01,v1.3,NORMAL,0.4167,0.25237,0.0237,0.01519,0.0845,-0.05581,0.00135,0.00533,-0.01125,0.10135,dust_vo_v (+0.101),power_mw (+0.085),panel_temp1_c (-0.056),-0.0
REC-03700,2026-09-11T03:29:15Z,SITE-F,ESP32-F01,v1.3,NORMAL,0.4047,0.25237,0.02122,0.01493,0.08076,-0.05757,-0.00062,0.00503,-0.01149,0.10008,dust_vo_v (+0.100),power_mw (+0.081),panel_temp1_c (-0.058),-0.0
REC-03701,2026-09-11T03:29:20Z,SITE-F,ESP32-F01,v1.3,NORMAL,0.4151,0.25237,0.02339,0.01518,0.08578,-0.05696,-0.00017,0.0055,-0.01229,0.10235,dust_vo_v (+0.102),power_mw (+0.086),panel_temp1_c (-0.057),0.0
REC-03702,2026-09-11T03:29:25Z,SITE-F,ESP32-F01,v1.3,NORMAL,0.4088,0.25237,0.02319,0.01482,0.08359,-0.05701,-0.00189,0.00484,-0.01288,0.10178,dust_vo_v (+0.102),power_mw (+0.084),panel_temp1_c (-0.057),-0.0
REC-03703,2026-09-11T03:29:30Z,SITE-F,ESP32-F01,v1.3,NORMAL,0.4143,0.25237,0.02333,0.01533,0.08708,-0.0575,-0.00025,0.00476,-0.01268,0.10183,dust_vo_v (+0.102),power_mw (+0.087),panel_temp1_c (-0.058),-0.0
REC-03704,2026-09-11T03:29:35Z,SITE-F,ESP32-F01,v1.3,NORMAL,0.4102,0.25237,0.02327,0.01516,0.08487,-0.05755,-0.00017,0.00448,-0.01231,0.10007,dust_vo_v (+0.100),power_mw (+0.085),panel_temp1_c (-0.058),0.0
REC-03705,2026-09-11T03:29:40Z,SITE-F,ESP32-F01,v1.3,NORMAL,0.4073,0.25237,0.02309,0.01511,0.08257,-0.0576,0.00086,0.00418,-0.01124,0.09798,dust_vo_v (+0.098),power_mw (+0.083),panel_temp1_c (-0.058),0.0
REC-03706,2026-09-11T03:29:45Z,SITE-F,ESP32-F01,v1.3,NORMAL,0.4098,0.25237,0.02318,0.01429,0.0819,-0.05717,-0.00086,0.0039,-0.01301,0.10516,dust_vo_v (+0.105),power_mw (+0.082),panel_temp1_c (-0.057),-0.0
REC-03707,2026-09-11T03:29:50Z,SITE-F,ESP32-F01,v1.3,NORMAL,0.4145,0.25237,0.02509,0.01501,0.08508,-0.05589,0.00064,0.00496,-0.0127,0.09997,dust_vo_v (+0.100),power_mw (+0.085),panel_temp1_c (-0.056),0.0
REC-03708,2026-09-11T03:29:55Z,SITE-F,ESP32-F01,v1.3,NORMAL,0.4114,0.25237,0.02242,0.01515,0.08405,-0.05702,-0.00015,0.00371,-0.01028,0.10114,dust_vo_v (+0.101),power_mw (+0.084),panel_temp1_c (-0.057),-0.0
REC-03709,2026-09-11T03:30:00Z,SITE-F,ESP32-F01,v1.3,NORMAL,0.4131,0.25237,0.02519,0.01469,0.08315,-0.05625,0.00189,0.00417,-0.01234,0.10021,dust_vo_v (+0.100),power_mw (+0.083),panel_temp1_c (-0.056),0.0
REC-03710,2026-09-11T03:30:05Z,SITE-F,ESP32-F01,v1.3,NORMAL,0.4003,0.25237,0.02206,0.01474,0.07963,-0.05829,-0.00104,0.00371,-0.01025,0.09739,dust_vo_v (+0.097),power_mw (+0.080),panel_temp1_c (-0.058),-0.0
REC-03711,2026-09-11T03:30:10Z,SITE-F,ESP32-F01,v1.3,NORMAL,0.4082,0.25237,0.02267,0.01471,0.08186,-0.05663,-0.00139,0.00409,-0.01173,0.10225,dust_vo_v (+0.102),power_mw (+0.082),panel_temp1_c (-0.057),-0.0
REC-03712,2026-09-11T03:30:15Z,SITE-F,ESP32-F01,v1.3,NORMAL,0.4123,0.25237,0.02371,0.01517,0.08368,-0.057,0.00194,0.00428,-0.01096,0.09914,dust_vo_v (+0.099),power_mw (+0.084),panel_temp1_c (-0.057),-0.0
REC-03713,2026-09-11T03:30:20Z,SITE-F,ESP32-F01,v1.3,NORMAL,0.4128,0.25237,0.02377,0.01461,0.08376,-0.05738,-0.00065,0.00421,-0.01159,0.10372,dust_vo_v (+0.104),power_mw (+0.084),panel_temp1_c (-0.057),0.0
REC-03714,2026-09-11T03:30:25Z,SITE-F,ESP32-F01,v1.3,NORMAL,0.4124,0.25237,0.0243,0.01468,0.08266,-0.05795,0.00208,0.00455,-0.01121,0.1009,dust_vo_v (+0.101),power_mw (+0.083),panel_temp1_c (-0.058),-0.0
REC-03715,2026-09-11T03:30:30Z,SITE-F,ESP32-F01,v1.3,NORMAL,0.4107,0.25237,0.02311,0.01482,0.08281,-0.05567,-0.00218,0.00473,-0.01067,0.10132,dust_vo_v (+0.101),power_mw (+0.083),panel_temp1_c (-0.056),0.0
REC-03716,2026-09-11T03:30:35Z,SITE-F,ESP32-F01,v1.3,NORMAL,0.4069,0.25237,0.02366,0.01455,0.08134,-0.05717,-0.00195,0.0051,-0.01152,0.10048,dust_vo_v (+0.100),power_mw (+0.081),panel_temp1_c (-0.057),-0.0
REC-03717,2026-09-11T03:30:40Z,SITE-F,ESP32-F01,v1.3,NORMAL,0.4149,0.25237,0.02477,0.01433,0.08148,-0.05598,0.00025,0.00489,-0.01077,0.10351,dust_vo_v (+0.104),power_mw (+0.081),panel_temp1_c (-0.056),-0.0
REC-03718,2026-09-11T03:30:45Z,SITE-F,ESP32-F01,v1.3,NORMAL,0.4193,0.25237,0.02453,0.01528,0.08683,-0.05827,0.00206,0.00549,-0.00977,0.10079,dust_vo_v (+0.101),power_mw (+0.087),panel_temp1_c (-0.058),-0.0
REC-03719,2026-09-11T03:30:50Z,SITE-F,ESP32-F01,v1.3,NORMAL,0.4065,0.25237,0.02227,0.01515,0.08054,-0.0567,0.0009,0.00485,-0.00991,0.097,dust_vo_v (+0.097),power_mw (+0.081),panel_temp1_c (-0.057),0.0
REC-03720,2026-09-11T03:30:55Z,SITE-F,ESP32-F01,v1.3,NORMAL,0.4141,0.25237,0.02157,0.01515,0.08305,-0.05565,-0.00051,0.00544,-0.0103,0.10296,dust_vo_v (+0.103),power_mw (+0.083),panel_temp1_c (-0.056),0.0
REC-03721,2026-09-11T05:08:00Z,SITE-E,ESP32-E01,v1.3,PARTIAL_SHADING,0.5836,0.22201,0.07054,0.01333,-0.05463,0.22077,0.1071,-0.0243,-0.027,0.05581,panel_temp1_c (+0.221),panel_temp2_c (+0.107),voltage_v (+0.071),0.0
REC-03722,2026-09-11T05:08:05Z,SITE-E,ESP32-E01,v1.3,PARTIAL_SHADING,0.5905,0.22201,0.0691,0.01349,-0.05347,0.22063,0.10843,-0.02279,-0.0252,0.05828,panel_temp1_c (+0.221),panel_temp2_c (+0.108),voltage_v (+0.069),-0.0
REC-03723,2026-09-11T05:08:10Z,SITE-E,ESP32-E01,v1.3,PARTIAL_SHADING,0.5941,0.22201,0.06797,0.01408,-0.05371,0.22033,0.10966,-0.02179,-0.0241,0.0596,panel_temp1_c (+0.220),panel_temp2_c (+0.110),voltage_v (+0.068),0.0
REC-03724,2026-09-11T05:08:15Z,SITE-E,ESP32-E01,v1.3,PARTIAL_SHADING,0.5904,0.22201,0.06866,0.01272,-0.05238,0.22026,0.10744,-0.02257,-0.02464,0.05887,panel_temp1_c (+0.220),panel_temp2_c (+0.107),voltage_v (+0.069),0.0
REC-03725,2026-09-11T05:08:20Z,SITE-E,ESP32-E01,v1.3,PARTIAL_SHADING,0.5847,0.22201,0.06995,0.01279,-0.05444,0.22154,0.10687,-0.02413,-0.02659,0.05668,panel_temp1_c (+0.222),panel_temp2_c (+0.107),voltage_v (+0.070),-0.0
REC-03726,2026-09-11T05:08:25Z,SITE-E,ESP32-E01,v1.3,PARTIAL_SHADING,0.5864,0.22201,0.06655,0.0133,-0.0548,0.21861,0.10795,-0.02242,-0.02397,0.0592,panel_temp1_c (+0.219),panel_temp2_c (+0.108),voltage_v (+0.067),0.0
REC-03727,2026-09-11T05:08:30Z,SITE-E,ESP32-E01,v1.3,PARTIAL_SHADING,0.582,0.22201,0.0715,0.01194,-0.05305,0.22152,0.106,-0.02517,-0.02797,0.05522,panel_temp1_c (+0.222),panel_temp2_c (+0.106),voltage_v (+0.071),-0.0
REC-03728,2026-09-11T05:08:35Z,SITE-E,ESP32-E01,v1.3,PARTIAL_SHADING,0.5823,0.22201,0.07067,0.01171,-0.0537,0.2226,0.1061,-0.02525,-0.02766,0.05584,panel_temp1_c (+0.223),panel_temp2_c (+0.106),voltage_v (+0.071),-0.0
REC-03729,2026-09-11T05:08:40Z,SITE-E,ESP32-E01,v1.3,PARTIAL_SHADING,0.5874,0.22201,0.06597,0.01296,-0.05604,0.22206,0.10876,-0.02323,-0.02424,0.0591,panel_temp1_c (+0.222),panel_temp2_c (+0.109),voltage_v (+0.066),-0.0
REC-03730,2026-09-11T05:08:45Z,SITE-E,ESP32-E01,v1.3,PARTIAL_SHADING,0.5877,0.22201,0.07083,0.01167,-0.05263,0.22398,0.10683,-0.02467,-0.02712,0.05681,panel_temp1_c (+0.224),panel_temp2_c (+0.107),voltage_v (+0.071),0.0
REC-03731,2026-09-11T05:08:50Z,SITE-E,ESP32-E01,v1.3,PARTIAL_SHADING,0.5938,0.22201,0.06764,0.0127,-0.0524,0.22144,0.10966,-0.02259,-0.0243,0.05969,panel_temp1_c (+0.221),panel_temp2_c (+0.110),voltage_v (+0.068),-0.0
REC-03732,2026-09-11T05:08:55Z,SITE-E,ESP32-E01,v1.3,PARTIAL_SHADING,0.5894,0.22201,0.06783,0.01174,-0.05377,0.2232,0.10844,-0.02348,-0.02539,0.05884,panel_temp1_c (+0.223),panel_temp2_c (+0.108),voltage_v (+0.068),-0.0
REC-03733,2026-09-11T05:09:00Z,SITE-E,ESP32-E01,v1.3,PARTIAL_SHADING,0.5872,0.22201,0.06785,0.0115,-0.05522,0.22554,0.10837,-0.02457,-0.02621,0.05791,panel_temp1_c (+0.226),panel_temp2_c (+0.108),voltage_v (+0.068),0.0
REC-03734,2026-09-11T05:09:05Z,SITE-E,ESP32-E01,v1.3,PARTIAL_SHADING,0.588,0.22201,0.06765,0.01184,-0.05416,0.22299,0.10894,-0.02413,-0.02572,0.05859,panel_temp1_c (+0.223),panel_temp2_c (+0.109),voltage_v (+0.068),-0.0
REC-03735,2026-09-11T05:09:10Z,SITE-E,ESP32-E01,v1.3,PARTIAL_SHADING,0.5868,0.22201,0.07003,0.01158,-0.05434,0.22516,0.10889,-0.02519,-0.02798,0.05666,panel_temp1_c (+0.225),panel_temp2_c (+0.109),voltage_v (+0.070),-0.0
REC-03736,2026-09-11T05:09:15Z,SITE-E,ESP32-E01,v1.3,PARTIAL_SHADING,0.5877,0.22201,0.06969,0.01125,-0.05372,0.22496,0.1083,-0.02469,-0.02734,0.05722,panel_temp1_c (+0.225),panel_temp2_c (+0.108),voltage_v (+0.070),-0.0
REC-03737,2026-09-11T05:09:20Z,SITE-E,ESP32-E01,v1.3,PARTIAL_SHADING,0.5874,0.22201,0.06998,0.01096,-0.05316,0.22471,0.10815,-0.02484,-0.02754,0.05711,panel_temp1_c (+0.225),panel_temp2_c (+0.108),voltage_v (+0.070),0.0
REC-03738,2026-09-11T05:09:25Z,SITE-E,ESP32-E01,v1.3,PARTIAL_SHADING,0.587,0.22201,0.06924,0.01095,-0.05296,0.22386,0.10823,-0.02492,-0.02704,0.05761,panel_temp1_c (+0.224),panel_temp2_c (+0.108),voltage_v (+0.069),0.0
REC-03739,2026-09-11T05:09:30Z,SITE-E,ESP32-E01,v1.3,PARTIAL_SHADING,0.5891,0.22201,0.06857,0.01054,-0.05209,0.22414,0.10867,-0.02462,-0.02634,0.05826,panel_temp1_c (+0.224),panel_temp2_c (+0.109),voltage_v (+0.069),-0.0
REC-03740,2026-09-11T05:09:35Z,SITE-E,ESP32-E01,v1.3,PARTIAL_SHADING,0.5893,0.22201,0.06841,0.0111,-0.05302,0.22413,0.10935,-0.02461,-0.02644,0.05832,panel_temp1_c (+0.224),panel_temp2_c (+0.109),voltage_v (+0.068),-0.0
REC-03741,2026-09-11T05:09:40Z,SITE-E,ESP32-E01,v1.3,PARTIAL_SHADING,0.5779,0.22201,0.06953,0.01052,-0.05453,0.22271,0.10702,-0.02625,-0.02868,0.05555,panel_temp1_c (+0.223),panel_temp2_c (+0.107),voltage_v (+0.070),-0.0
REC-03742,2026-09-11T05:09:45Z,SITE-E,ESP32-E01,v1.3,PARTIAL_SHADING,0.5842,0.22201,0.06879,0.0097,-0.05299,0.22528,0.10729,-0.02583,-0.02745,0.05744,panel_temp1_c (+0.225),panel_temp2_c (+0.107),voltage_v (+0.069),-0.0
REC-03743,2026-09-11T05:09:50Z,SITE-E,ESP32-E01,v1.3,PARTIAL_SHADING,0.5842,0.22201,0.0714,0.01007,-0.05318,0.22672,0.10831,-0.02664,-0.02984,0.05539,panel_temp1_c (+0.227),panel_temp2_c (+0.108),voltage_v (+0.071),-0.0
REC-03744,2026-09-11T05:09:55Z,SITE-E,ESP32-E01,v1.3,PARTIAL_SHADING,0.5825,0.22201,0.06717,0.01084,-0.05416,0.22189,0.10797,-0.02495,-0.02622,0.05798,panel_temp1_c (+0.222),panel_temp2_c (+0.108),voltage_v (+0.067),-0.0
REC-03745,2026-09-11T05:10:00Z,SITE-E,ESP32-E01,v1.3,PARTIAL_SHADING,0.5879,0.22201,0.06964,0.01036,-0.05329,0.22589,0.10865,-0.02507,-0.02781,0.05749,panel_temp1_c (+0.226),panel_temp2_c (+0.109),voltage_v (+0.070),0.0
REC-03746,2026-09-11T05:10:05Z,SITE-E,ESP32-E01,v1.3,PARTIAL_SHADING,0.5856,0.22201,0.06966,0.01027,-0.05309,0.22473,0.10819,-0.02522,-0.02795,0.05703,panel_temp1_c (+0.225),panel_temp2_c (+0.108),voltage_v (+0.070),-0.0
REC-03747,2026-09-11T05:10:10Z,SITE-E,ESP32-E01,v1.3,PARTIAL_SHADING,0.5861,0.22201,0.07174,0.01005,-0.05187,0.22549,0.1074,-0.02565,-0.02902,0.056,panel_temp1_c (+0.225),panel_temp2_c (+0.107),voltage_v (+0.072),0.0
REC-03748,2026-09-11T05:10:15Z,SITE-E,ESP32-E01,v1.3,PARTIAL_SHADING,0.5819,0.22201,0.07073,0.01051,-0.0529,0.2228,0.10681,-0.02566,-0.02862,0.0562,panel_temp1_c (+0.223),panel_temp2_c (+0.107),voltage_v (+0.071),0.0
REC-03749,2026-09-11T05:10:20Z,SITE-E,ESP32-E01,v1.3,PARTIAL_SHADING,0.5834,0.22201,0.06813,0.01136,-0.05472,0.22304,0.10933,-0.02534,-0.02727,0.05685,panel_temp1_c (+0.223),panel_temp2_c (+0.109),voltage_v (+0.068),-0.0
REC-03750,2026-09-11T05:10:25Z,SITE-E,ESP32-E01,v1.3,PARTIAL_SHADING,0.5818,0.22201,0.06856,0.01035,-0.05515,0.22536,0.10758,-0.02578,-0.02786,0.05675,panel_temp1_c (+0.225),panel_temp2_c (+0.108),voltage_v (+0.069),0.0
REC-03751,2026-09-11T05:10:30Z,SITE-E,ESP32-E01,v1.3,PARTIAL_SHADING,0.5879,0.22201,0.06793,0.01078,-0.05318,0.22357,0.10837,-0.02431,-0.02607,0.05877,panel_temp1_c (+0.224),panel_temp2_c (+0.108),voltage_v (+0.068),-0.0
REC-03752,2026-09-11T05:10:35Z,SITE-E,ESP32-E01,v1.3,PARTIAL_SHADING,0.5872,0.22201,0.06961,0.0103,-0.053,0.22511,0.10741,-0.02473,-0.02736,0.05782,panel_temp1_c (+0.225),panel_temp2_c (+0.107),voltage_v (+0.070),-0.0
REC-03753,2026-09-11T05:10:40Z,SITE-E,ESP32-E01,v1.3,PARTIAL_SHADING,0.5786,0.22201,0.07275,0.00967,-0.05159,0.22291,0.10514,-0.02655,-0.03006,0.05429,panel_temp1_c (+0.223),panel_temp2_c (+0.105),voltage_v (+0.073),-0.0
REC-03754,2026-09-11T05:10:45Z,SITE-E,ESP32-E01,v1.3,PARTIAL_SHADING,0.5907,0.22201,0.06767,0.01158,-0.0539,0.22389,0.10977,-0.02373,-0.02577,0.05913,panel_temp1_c (+0.224),panel_temp2_c (+0.110),voltage_v (+0.068),0.0
REC-03755,2026-09-11T05:10:50Z,SITE-E,ESP32-E01,v1.3,PARTIAL_SHADING,0.5899,0.22201,0.06901,0.0106,-0.05318,0.22529,0.10846,-0.02402,-0.02674,0.05851,panel_temp1_c (+0.225),panel_temp2_c (+0.108),voltage_v (+0.069),-0.0
REC-03756,2026-09-11T05:10:55Z,SITE-E,ESP32-E01,v1.3,PARTIAL_SHADING,0.5943,0.22201,0.06815,0.01073,-0.05296,0.22592,0.10971,-0.02321,-0.02583,0.05976,panel_temp1_c (+0.226),panel_temp2_c (+0.110),voltage_v (+0.068),-0.0
REC-03757,2026-09-11T05:11:00Z,SITE-D,ESP32-D01,v1.4,NORMAL,0.8368,0.25219,0.0648,0.01211,0.09312,0.06367,0.09927,0.01178,0.08085,0.15901,dust_vo_v (+0.159),panel_temp2_c (+0.099),power_mw (+0.093),0.0
REC-03758,2026-09-11T05:11:00Z,SITE-E,ESP32-E01,v1.3,PARTIAL_SHADING,0.5894,0.22201,0.06856,0.01074,-0.05502,0.2269,0.10913,-0.02418,-0.02712,0.05838,panel_temp1_c (+0.227),panel_temp2_c (+0.109),voltage_v (+0.069),-0.0
REC-03759,2026-09-11T05:11:05Z,SITE-D,ESP32-D01,v1.4,NORMAL,0.8352,0.25219,0.06484,0.01096,0.08797,0.0639,0.10011,0.01143,0.08401,0.15981,dust_vo_v (+0.160),panel_temp2_c (+0.100),power_mw (+0.088),0.0
REC-03760,2026-09-11T05:11:05Z,SITE-E,ESP32-E01,v1.3,PARTIAL_SHADING,0.5915,0.22201,0.06738,0.01152,-0.05524,0.22562,0.11067,-0.02358,-0.0261,0.05926,panel_temp1_c (+0.226),panel_temp2_c (+0.111),voltage_v (+0.067),0.0
REC-03761,2026-09-11T05:11:10Z,SITE-D,ESP32-D01,v1.4,NORMAL,0.8324,0.25219,0.06471,0.01104,0.08868,0.06218,0.10021,0.01097,0.08288,0.15955,dust_vo_v (+0.160),panel_temp2_c (+0.100),power_mw (+0.089),-0.0
REC-03762,2026-09-11T05:11:10Z,SITE-E,ESP32-E01,v1.3,PARTIAL_SHADING,0.5936,0.22201,0.06811,0.01064,-0.0526,0.22546,0.10992,-0.02347,-0.02592,0.05944,panel_temp1_c (+0.225),panel_temp2_c (+0.110),voltage_v (+0.068),0.0
REC-03763,2026-09-11T05:11:15Z,SITE-D,ESP32-D01,v1.4,NORMAL,0.8306,0.25219,0.06509,0.01153,0.08807,0.06376,0.09933,0.01055,0.08205,0.15798,dust_vo_v (+0.158),panel_temp2_c (+0.099),power_mw (+0.088),-0.0
REC-03764,2026-09-11T05:11:15Z,SITE-E,ESP32-E01,v1.3,PARTIAL_SHADING,0.5904,0.22201,0.07067,0.01034,-0.05253,0.22637,0.10899,-0.02463,-0.02818,0.05739,panel_temp1_c (+0.226),panel_temp2_c (+0.109),voltage_v (+0.071),0.0
REC-03765,2026-09-11T05:11:20Z,SITE-D,ESP32-D01,v1.4,NORMAL,0.8344,0.25219,0.06498,0.01168,0.09152,0.06192,0.09824,0.01118,0.083,0.15973,dust_vo_v (+0.160),panel_temp2_c (+0.098),power_mw (+0.092),-0.0
REC-03766,2026-09-11T05:11:20Z,SITE-E,ESP32-E01,v1.3,PARTIAL_SHADING,0.5904,0.22201,0.07163,0.00997,-0.05143,0.22675,0.10834,-0.02506,-0.02867,0.05688,panel_temp1_c (+0.227),panel_temp2_c (+0.108),voltage_v (+0.072),-0.0
REC-03767,2026-09-11T05:11:25Z,SITE-D,ESP32-D01,v1.4,NORMAL,0.8395,0.25219,0.06593,0.01294,0.09295,0.06476,0.09763,0.01141,0.08008,0.1616,dust_vo_v (+0.162),panel_temp2_c (+0.098),power_mw (+0.093),0.0
REC-03768,2026-09-11T05:11:25Z,SITE-E,ESP32-E01,v1.3,PARTIAL_SHADING,0.5902,0.22201,0.07097,0.01036,-0.05109,0.22422,0.1084,-0.02437,-0.02784,0.05752,panel_temp1_c (+0.224),panel_temp2_c (+0.108),voltage_v (+0.071),0.0
REC-03769,2026-09-11T05:11:30Z,SITE-D,ESP32-D01,v1.4,NORMAL,0.8271,0.25219,0.06472,0.0119,0.08927,0.06391,0.09897,0.01132,0.08011,0.15476,dust_vo_v (+0.155),panel_temp2_c (+0.099),power_mw (+0.089),-0.0
REC-03770,2026-09-11T05:11:30Z,SITE-E,ESP32-E01,v1.3,PARTIAL_SHADING,0.5924,0.22201,0.06899,0.01036,-0.05368,0.22735,0.1088,-0.02369,-0.02679,0.05902,panel_temp1_c (+0.227),panel_temp2_c (+0.109),voltage_v (+0.069),-0.0
REC-03771,2026-09-11T05:11:35Z,SITE-D,ESP32-D01,v1.4,NORMAL,0.8226,0.25219,0.06412,0.01066,0.08709,0.0613,0.09879,0.01109,0.08264,0.15467,dust_vo_v (+0.155),panel_temp2_c (+0.099),power_mw (+0.087),0.0
REC-03772,2026-09-11T05:11:35Z,SITE-E,ESP32-E01,v1.3,PARTIAL_SHADING,0.5949,0.22201,0.06729,0.0114,-0.05394,0.22527,0.11083,-0.02281,-0.02538,0.06025,panel_temp1_c (+0.225),panel_temp2_c (+0.111),voltage_v (+0.067),-0.0
REC-03773,2026-09-11T05:11:40Z,SITE-D,ESP32-D01,v1.4,NORMAL,0.8147,0.25219,0.06381,0.01056,0.08614,0.06234,0.09876,0.00986,0.08253,0.14854,dust_vo_v (+0.149),panel_temp2_c (+0.099),power_mw (+0.086),-0.0
REC-03774,2026-09-11T05:11:40Z,SITE-E,ESP32-E01,v1.3,PARTIAL_SHADING,0.596,0.22201,0.06692,0.01117,-0.05485,0.22706,0.11141,-0.02273,-0.02549,0.06048,panel_temp1_c (+0.227),panel_temp2_c (+0.111),voltage_v (+0.067),-0.0
REC-03775,2026-09-11T05:11:45Z,SITE-D,ESP32-D01,v1.4,NORMAL,0.8333,0.25219,0.06547,0.01161,0.08769,0.06525,0.09883,0.00997,0.08358,0.15866,dust_vo_v (+0.159),panel_temp2_c (+0.099),power_mw (+0.088),0.0
REC-03776,2026-09-11T05:11:45Z,SITE-E,ESP32-E01,v1.3,PARTIAL_SHADING,0.5961,0.22201,0.06911,0.01036,-0.05251,0.22702,0.11049,-0.0233,-0.02671,0.05966,panel_temp1_c (+0.227),panel_temp2_c (+0.110),voltage_v (+0.069),-0.0
REC-03777,2026-09-11T05:11:50Z,SITE-D,ESP32-D01,v1.4,NORMAL,0.8307,0.25219,0.06461,0.01187,0.09114,0.06368,0.10014,0.01029,0.08202,0.15476,dust_vo_v (+0.155),panel_temp2_c (+0.100),power_mw (+0.091),0.0
REC-03778,2026-09-11T05:11:50Z,SITE-E,ESP32-E01,v1.3,PARTIAL_SHADING,0.5892,0.22201,0.06806,0.01102,-0.05567,0.22615,0.10938,-0.02379,-0.02683,0.05886,panel_temp1_c (+0.226),panel_temp2_c (+0.109),voltage_v (+0.068),-0.0
REC-03779,2026-09-11T05:11:55Z,SITE-D,ESP32-D01,v1.4,NORMAL,0.8226,0.25219,0.06457,0.01153,0.08939,0.06044,0.09799,0.01041,0.08185,0.15422,dust_vo_v (+0.154),panel_temp2_c (+0.098),power_mw (+0.089),-0.0
REC-03780,2026-09-11T05:11:55Z,SITE-E,ESP32-E01,v1.3,PARTIAL_SHADING,0.588,0.22201,0.06846,0.01052,-0.05435,0.22607,0.1094,-0.02479,-0.02733,0.05803,panel_temp1_c (+0.226),panel_temp2_c (+0.109),voltage_v (+0.068),0.0
REC-03781,2026-09-11T05:12:00Z,SITE-D,ESP32-D01,v1.4,NORMAL,0.8274,0.25219,0.06453,0.01103,0.08878,0.0621,0.09784,0.01084,0.08314,0.1569,dust_vo_v (+0.157),panel_temp2_c (+0.098),power_mw (+0.089),-0.0
REC-03782,2026-09-11T05:12:00Z,SITE-E,ESP32-E01,v1.3,PARTIAL_SHADING,0.5861,0.22201,0.06981,0.01042,-0.0528,0.22349,0.10863,-0.02476,-0.02798,0.0573,panel_temp1_c (+0.223),panel_temp2_c (+0.109),voltage_v (+0.070),-0.0
REC-03783,2026-09-11T05:12:05Z,SITE-D,ESP32-D01,v1.4,NORMAL,0.8268,0.25219,0.0647,0.01197,0.09023,0.06425,0.0983,0.01052,0.08157,0.15307,dust_vo_v (+0.153),panel_temp2_c (+0.098),power_mw (+0.090),0.0
REC-03784,2026-09-11T05:12:05Z,SITE-E,ESP32-E01,v1.3,PARTIAL_SHADING,0.5895,0.22201,0.06921,0.0102,-0.05385,0.2271,0.10909,-0.02466,-0.02761,0.05798,panel_temp1_c (+0.227),panel_temp2_c (+0.109),voltage_v (+0.069),0.0
REC-03785,2026-09-11T05:12:10Z,SITE-D,ESP32-D01,v1.4,NORMAL,0.8228,0.25219,0.06458,0.01146,0.08752,0.06402,0.09879,0.01034,0.0815,0.15241,dust_vo_v (+0.152),panel_temp2_c (+0.099),power_mw (+0.088),-0.0
REC-03786,2026-09-11T05:12:10Z,SITE-E,ESP32-E01,v1.3,PARTIAL_SHADING,0.5857,0.22201,0.07208,0.01016,-0.05255,0.22548,0.10873,-0.02572,-0.03001,0.05551,panel_temp1_c (+0.225),panel_temp2_c (+0.109),voltage_v (+0.072),-0.0
REC-03787,2026-09-11T05:12:15Z,SITE-D,ESP32-D01,v1.4,NORMAL,0.8245,0.25219,0.06445,0.01127,0.08884,0.06293,0.09811,0.01032,0.08191,0.15447,dust_vo_v (+0.154),panel_temp2_c (+0.098),power_mw (+0.089),-0.0
REC-03788,2026-09-11T05:12:15Z,SITE-E,ESP32-E01,v1.3,PARTIAL_SHADING,0.5813,0.22201,0.07366,0.00915,-0.0526,0.22665,0.10624,-0.02656,-0.03149,0.05424,panel_temp1_c (+0.227),panel_temp2_c (+0.106),voltage_v (+0.074),-0.0
REC-03789,2026-09-11T05:12:20Z,SITE-D,ESP32-D01,v1.4,NORMAL,0.8257,0.25219,0.06443,0.01056,0.08664,0.06312,0.09862,0.01038,0.08293,0.15683,dust_vo_v (+0.157),panel_temp2_c (+0.099),power_mw (+0.087),-0.0
REC-03790,2026-09-11T05:12:20Z,SITE-E,ESP32-E01,v1.3,PARTIAL_SHADING,0.5902,0.22201,0.06923,0.01088,-0.05409,0.22574,0.11069,-0.02433,-0.02784,0.05787,panel_temp1_c (+0.226),panel_temp2_c (+0.111),voltage_v (+0.069),-0.0
REC-03791,2026-09-11T05:12:25Z,SITE-D,ESP32-D01,v1.4,NORMAL,0.8344,0.25219,0.06485,0.01165,0.09088,0.06441,0.09986,0.00991,0.08298,0.15767,dust_vo_v (+0.158),panel_temp2_c (+0.100),power_mw (+0.091),0.0
REC-03792,2026-09-11T05:12:25Z,SITE-E,ESP32-E01,v1.3,PARTIAL_SHADING,0.5919,0.22201,0.06713,0.01042,-0.05567,0.22782,0.11014,-0.02352,-0.02633,0.05994,panel_temp1_c (+0.228),panel_temp2_c (+0.110),voltage_v (+0.067),0.0
REC-03793,2026-09-11T05:12:30Z,SITE-D,ESP32-D01,v1.4,NORMAL,0.8278,0.25219,0.06495,0.01022,0.08444,0.06425,0.09765,0.01088,0.08253,0.16074,dust_vo_v (+0.161),panel_temp2_c (+0.098),power_mw (+0.084),-0.0
REC-03794,2026-09-11T05:12:30Z,SITE-E,ESP32-E01,v1.3,PARTIAL_SHADING,0.5907,0.22201,0.06918,0.00981,-0.05224,0.2258,0.10965,-0.02443,-0.02742,0.05833,panel_temp1_c (+0.226),panel_temp2_c (+0.110),voltage_v (+0.069),0.0
REC-03795,2026-09-11T05:12:35Z,SITE-D,ESP32-D01,v1.4,NORMAL,0.8342,0.25219,0.0645,0.01131,0.0922,0.06326,0.09872,0.01012,0.08272,0.1592,dust_vo_v (+0.159),panel_temp2_c (+0.099),power_mw (+0.092),0.0
REC-03796,2026-09-11T05:12:35Z,SITE-E,ESP32-E01,v1.3,PARTIAL_SHADING,0.5895,0.22201,0.06907,0.01046,-0.05321,0.22489,0.11025,-0.02447,-0.02765,0.05813,panel_temp1_c (+0.225),panel_temp2_c (+0.110),voltage_v (+0.069),0.0
REC-03797,2026-09-11T05:12:40Z,SITE-D,ESP32-D01,v1.4,NORMAL,0.8291,0.25219,0.06537,0.01198,0.08835,0.06392,0.09831,0.01061,0.08063,0.15779,dust_vo_v (+0.158),panel_temp2_c (+0.098),power_mw (+0.088),0.0
REC-03798,2026-09-11T05:12:40Z,SITE-E,ESP32-E01,v1.3,PARTIAL_SHADING,0.5851,0.22201,0.07086,0.00943,-0.05243,0.22546,0.1081,-0.02564,-0.02923,0.0565,panel_temp1_c (+0.225),panel_temp2_c (+0.108),voltage_v (+0.071),-0.0
REC-03799,2026-09-11T05:12:45Z,SITE-D,ESP32-D01,v1.4,NORMAL,0.8312,0.25219,0.06475,0.01114,0.08933,0.06334,0.10021,0.00946,0.08092,0.15987,dust_vo_v (+0.160),panel_temp2_c (+0.100),power_mw (+0.089),0.0
REC-03800,2026-09-11T05:12:45Z,SITE-E,ESP32-E01,v1.3,PARTIAL_SHADING,0.5891,0.22201,0.06719,0.01022,-0.05351,0.22462,0.11008,-0.02435,-0.02632,0.05916,panel_temp1_c (+0.225),panel_temp2_c (+0.110),voltage_v (+0.067),0.0
REC-03801,2026-09-11T05:12:50Z,SITE-D,ESP32-D01,v1.4,NORMAL,0.8298,0.25219,0.06465,0.01201,0.09272,0.06356,0.09751,0.01004,0.08254,0.15453,dust_vo_v (+0.155),panel_temp2_c (+0.098),power_mw (+0.093),0.0
REC-03802,2026-09-11T05:12:50Z,SITE-E,ESP32-E01,v1.3,PARTIAL_SHADING,0.5898,0.22201,0.06731,0.00979,-0.05364,0.2263,0.10939,-0.02439,-0.02639,0.05943,panel_temp1_c (+0.226),panel_temp2_c (+0.109),voltage_v (+0.067),0.0
REC-03803,2026-09-11T05:12:55Z,SITE-D,ESP32-D01,v1.4,NORMAL,0.8209,0.25219,0.06423,0.0114,0.08887,0.06271,0.09725,0.01097,0.08243,0.15089,dust_vo_v (+0.151),panel_temp2_c (+0.097),power_mw (+0.089),0.0
REC-03804,2026-09-11T05:12:55Z,SITE-E,ESP32-E01,v1.3,PARTIAL_SHADING,0.585,0.22201,0.07064,0.009,-0.05286,0.22734,0.10731,-0.02601,-0.02917,0.05676,panel_temp1_c (+0.227),panel_temp2_c (+0.107),voltage_v (+0.071),-0.0
REC-03805,2026-09-11T05:13:00Z,SITE-D,ESP32-D01,v1.4,NORMAL,0.8333,0.25219,0.06504,0.01182,0.09078,0.0622,0.09872,0.01143,0.08195,0.15917,dust_vo_v (+0.159),panel_temp2_c (+0.099),power_mw (+0.091),0.0
REC-03806,2026-09-11T05:13:05Z,SITE-D,ESP32-D01,v1.4,NORMAL,0.8258,0.25219,0.06435,0.01172,0.09116,0.06054,0.09782,0.01162,0.08194,0.15441,dust_vo_v (+0.154),panel_temp2_c (+0.098),power_mw (+0.091),-0.0
REC-03807,2026-09-11T05:13:10Z,SITE-D,ESP32-D01,v1.4,NORMAL,0.8354,0.25219,0.06492,0.0124,0.09459,0.06131,0.098,0.01197,0.08054,0.15952,dust_vo_v (+0.160),panel_temp2_c (+0.098),power_mw (+0.095),-0.0
REC-03808,2026-09-11T05:13:15Z,SITE-D,ESP32-D01,v1.4,NORMAL,0.8287,0.25219,0.06438,0.01169,0.09211,0.06116,0.09858,0.01099,0.08085,0.15678,dust_vo_v (+0.157),panel_temp2_c (+0.099),power_mw (+0.092),-0.0
REC-03809,2026-09-11T05:13:20Z,SITE-D,ESP32-D01,v1.4,NORMAL,0.8274,0.25219,0.06464,0.01131,0.08975,0.06207,0.09767,0.01087,0.08067,0.1582,dust_vo_v (+0.158),panel_temp2_c (+0.098),power_mw (+0.090),0.0
REC-03810,2026-09-11T05:13:25Z,SITE-D,ESP32-D01,v1.4,NORMAL,0.8219,0.25219,0.06433,0.01155,0.08931,0.06176,0.09864,0.01073,0.08043,0.15299,dust_vo_v (+0.153),panel_temp2_c (+0.099),power_mw (+0.089),-0.0
REC-03811,2026-09-11T05:13:30Z,SITE-D,ESP32-D01,v1.4,NORMAL,0.8343,0.25219,0.06461,0.01203,0.09434,0.0617,0.09888,0.01061,0.08135,0.15861,dust_vo_v (+0.159),panel_temp2_c (+0.099),power_mw (+0.094),0.0
REC-03812,2026-09-11T05:13:35Z,SITE-D,ESP32-D01,v1.4,NORMAL,0.8193,0.25219,0.06387,0.01144,0.09127,0.06085,0.09697,0.0104,0.08084,0.15151,dust_vo_v (+0.152),panel_temp2_c (+0.097),power_mw (+0.091),0.0
REC-03813,2026-09-11T05:13:40Z,SITE-D,ESP32-D01,v1.4,NORMAL,0.8296,0.25219,0.06511,0.01254,0.09223,0.06263,0.09795,0.01048,0.08013,0.15638,dust_vo_v (+0.156),panel_temp2_c (+0.098),power_mw (+0.092),-0.0
REC-03814,2026-09-11T05:13:45Z,SITE-D,ESP32-D01,v1.4,NORMAL,0.8304,0.25219,0.06526,0.01227,0.09051,0.06328,0.09916,0.0099,0.08001,0.15784,dust_vo_v (+0.158),panel_temp2_c (+0.099),power_mw (+0.091),0.0
REC-03815,2026-09-11T05:13:50Z,SITE-D,ESP32-D01,v1.4,NORMAL,0.8327,0.25219,0.06531,0.01174,0.08951,0.06407,0.09951,0.0098,0.08006,0.16052,dust_vo_v (+0.161),panel_temp2_c (+0.100),power_mw (+0.090),0.0
REC-03816,2026-09-11T05:13:55Z,SITE-D,ESP32-D01,v1.4,NORMAL,0.8281,0.25219,0.06428,0.01157,0.09259,0.06338,0.09887,0.00899,0.08145,0.15478,dust_vo_v (+0.155),panel_temp2_c (+0.099),power_mw (+0.093),-0.0
REC-03817,2026-09-11T05:14:00Z,SITE-D,ESP32-D01,v1.4,NORMAL,0.8201,0.25219,0.06453,0.01169,0.08969,0.06267,0.09759,0.00913,0.08069,0.1519,dust_vo_v (+0.152),panel_temp2_c (+0.098),power_mw (+0.090),-0.0
REC-03818,2026-09-11T05:14:05Z,SITE-D,ESP32-D01,v1.4,NORMAL,0.8249,0.25219,0.06438,0.01113,0.08946,0.06417,0.09883,0.00875,0.08143,0.15459,dust_vo_v (+0.155),panel_temp2_c (+0.099),power_mw (+0.089),0.0
REC-03819,2026-09-11T05:14:10Z,SITE-D,ESP32-D01,v1.4,NORMAL,0.8166,0.25219,0.06437,0.01204,0.09021,0.06556,0.0977,0.0081,0.07968,0.14671,dust_vo_v (+0.147),panel_temp2_c (+0.098),power_mw (+0.090),-0.0
REC-03820,2026-09-11T05:14:15Z,SITE-D,ESP32-D01,v1.4,NORMAL,0.8149,0.25219,0.06434,0.01125,0.087,0.06406,0.09755,0.00881,0.08005,0.14967,dust_vo_v (+0.150),panel_temp2_c (+0.098),power_mw (+0.087),-0.0
REC-03821,2026-09-11T05:14:20Z,SITE-D,ESP32-D01,v1.4,NORMAL,0.8239,0.25219,0.06488,0.01095,0.0866,0.06388,0.09861,0.00858,0.08158,0.15667,dust_vo_v (+0.157),panel_temp2_c (+0.099),power_mw (+0.087),0.0
REC-03822,2026-09-11T05:14:25Z,SITE-D,ESP32-D01,v1.4,NORMAL,0.828,0.25219,0.06539,0.01209,0.0891,0.06559,0.09793,0.00899,0.07993,0.15678,dust_vo_v (+0.157),panel_temp2_c (+0.098),power_mw (+0.089),-0.0
REC-03823,2026-09-11T05:14:30Z,SITE-D,ESP32-D01,v1.4,NORMAL,0.8229,0.25219,0.06429,0.0109,0.08904,0.06312,0.0981,0.00873,0.08269,0.1538,dust_vo_v (+0.154),panel_temp2_c (+0.098),power_mw (+0.089),0.0
REC-03824,2026-09-11T05:14:35Z,SITE-D,ESP32-D01,v1.4,NORMAL,0.8314,0.25219,0.0655,0.01224,0.09036,0.06427,0.09868,0.00908,0.08036,0.15873,dust_vo_v (+0.159),panel_temp2_c (+0.099),power_mw (+0.090),-0.0
REC-03825,2026-09-11T05:14:40Z,SITE-D,ESP32-D01,v1.4,NORMAL,0.8265,0.25219,0.064,0.01189,0.09486,0.0649,0.09796,0.00844,0.08088,0.15142,dust_vo_v (+0.151),panel_temp2_c (+0.098),power_mw (+0.095),0.0
REC-03826,2026-09-11T05:14:45Z,SITE-D,ESP32-D01,v1.4,NORMAL,0.8251,0.25219,0.06516,0.01246,0.09101,0.0638,0.09714,0.00914,0.08016,0.15403,dust_vo_v (+0.154),panel_temp2_c (+0.097),power_mw (+0.091),0.0
REC-03827,2026-09-11T05:14:50Z,SITE-D,ESP32-D01,v1.4,NORMAL,0.8173,0.25219,0.06379,0.01066,0.0883,0.06154,0.09781,0.00954,0.07945,0.15398,dust_vo_v (+0.154),panel_temp2_c (+0.098),power_mw (+0.088),-0.0
REC-03828,2026-09-11T05:14:55Z,SITE-D,ESP32-D01,v1.4,NORMAL,0.8236,0.25219,0.06457,0.01224,0.09275,0.06262,0.09716,0.00942,0.07982,0.15285,dust_vo_v (+0.153),panel_temp2_c (+0.097),power_mw (+0.093),0.0
REC-03829,2026-09-11T05:15:00Z,SITE-D,ESP32-D01,v1.4,NORMAL,0.8152,0.25219,0.06444,0.01234,0.09152,0.06134,0.0971,0.00885,0.07899,0.14838,dust_vo_v (+0.148),panel_temp2_c (+0.097),power_mw (+0.092),0.0
REC-03830,2026-09-11T05:15:05Z,SITE-D,ESP32-D01,v1.4,NORMAL,0.8283,0.25219,0.06506,0.01272,0.09303,0.06433,0.09828,0.00898,0.07877,0.15489,dust_vo_v (+0.155),panel_temp2_c (+0.098),power_mw (+0.093),-0.0
REC-03831,2026-09-11T05:15:10Z,SITE-D,ESP32-D01,v1.4,NORMAL,0.8298,0.25219,0.06549,0.01289,0.09215,0.06465,0.09823,0.00862,0.07949,0.15608,dust_vo_v (+0.156),panel_temp2_c (+0.098),power_mw (+0.092),-0.0
REC-03832,2026-09-11T05:15:15Z,SITE-D,ESP32-D01,v1.4,NORMAL,0.8223,0.25219,0.06448,0.01244,0.09287,0.06513,0.09617,0.00937,0.07979,0.14987,dust_vo_v (+0.150),panel_temp2_c (+0.096),power_mw (+0.093),0.0
REC-03833,2026-09-11T05:15:20Z,SITE-D,ESP32-D01,v1.4,NORMAL,0.8216,0.25219,0.06411,0.01251,0.09571,0.06126,0.09646,0.00961,0.07823,0.15156,dust_vo_v (+0.152),panel_temp2_c (+0.096),power_mw (+0.096),0.0
REC-03834,2026-09-11T05:15:25Z,SITE-D,ESP32-D01,v1.4,NORMAL,0.8313,0.25219,0.06523,0.01297,0.09437,0.06316,0.09834,0.00936,0.07885,0.15682,dust_vo_v (+0.157),panel_temp2_c (+0.098),power_mw (+0.094),-0.0
REC-03835,2026-09-11T05:15:30Z,SITE-D,ESP32-D01,v1.4,NORMAL,0.8286,0.25219,0.06489,0.01258,0.09385,0.06254,0.09731,0.00997,0.07958,0.15567,dust_vo_v (+0.156),panel_temp2_c (+0.097),power_mw (+0.094),0.0
REC-03836,2026-09-11T05:15:35Z,SITE-D,ESP32-D01,v1.4,NORMAL,0.8225,0.25219,0.06443,0.01222,0.09344,0.06023,0.0973,0.00984,0.07832,0.15446,dust_vo_v (+0.154),panel_temp2_c (+0.097),power_mw (+0.093),-0.0
REC-03837,2026-09-11T05:15:40Z,SITE-D,ESP32-D01,v1.4,NORMAL,0.8309,0.25219,0.06522,0.01436,0.10048,0.06123,0.09509,0.01046,0.07769,0.15418,dust_vo_v (+0.154),power_mw (+0.100),panel_temp2_c (+0.095),-0.0
REC-03838,2026-09-11T05:15:45Z,SITE-D,ESP32-D01,v1.4,NORMAL,0.8339,0.25219,0.06534,0.01248,0.09377,0.06195,0.09791,0.01046,0.07899,0.16077,dust_vo_v (+0.161),panel_temp2_c (+0.098),power_mw (+0.094),-0.0
REC-03839,2026-09-11T05:15:50Z,SITE-D,ESP32-D01,v1.4,NORMAL,0.8385,0.25219,0.06549,0.01297,0.09586,0.06227,0.09838,0.01065,0.07936,0.16137,dust_vo_v (+0.161),panel_temp2_c (+0.098),power_mw (+0.096),0.0
REC-03840,2026-09-11T05:15:55Z,SITE-D,ESP32-D01,v1.4,NORMAL,0.8275,0.25219,0.0653,0.01234,0.09172,0.06029,0.09664,0.01095,0.07947,0.15861,dust_vo_v (+0.159),panel_temp2_c (+0.097),power_mw (+0.092),-0.0
REC-03841,2026-09-11T06:44:00Z,SITE-C,ESP32-C01,v1.4,NORMAL,0.4806,0.25219,-0.00179,0.13629,0.43785,-0.09364,-0.18924,0.05393,-0.18509,0.07014,power_mw (+0.438),panel_temp2_c (-0.189),irradiance_lux (-0.185),0.0
REC-03842,2026-09-11T06:44:05Z,SITE-C,ESP32-C01,v1.4,NORMAL,0.4816,0.25219,-0.00382,0.1365,0.43813,-0.09498,-0.18815,0.05476,-0.18329,0.0703,power_mw (+0.438),panel_temp2_c (-0.188),irradiance_lux (-0.183),-0.0
REC-03843,2026-09-11T06:44:10Z,SITE-C,ESP32-C01,v1.4,NORMAL,0.49,0.25219,-0.00151,0.13698,0.4392,-0.09198,-0.18629,0.05424,-0.18259,0.06974,power_mw (+0.439),panel_temp2_c (-0.186),irradiance_lux (-0.183),-0.0
REC-03844,2026-09-11T06:44:15Z,SITE-C,ESP32-C01,v1.4,PARTIAL_SHADING,0.4803,0.2099,0.04377,-0.06115,-0.1691,0.15115,0.17089,0.00096,0.0763,0.05761,panel_temp2_c (+0.171),power_mw (-0.169),panel_temp1_c (+0.151),-0.0
REC-03845,2026-09-11T06:44:20Z,SITE-C,ESP32-C01,v1.4,NORMAL,0.4838,0.25219,-0.00226,0.13628,0.43926,-0.09345,-0.18967,0.05382,-0.18319,0.07078,power_mw (+0.439),panel_temp2_c (-0.190),irradiance_lux (-0.183),0.0
REC-03846,2026-09-11T06:44:25Z,SITE-C,ESP32-C01,v1.4,NORMAL,0.4938,0.25219,-0.00196,0.13724,0.44215,-0.09309,-0.18645,0.05455,-0.18137,0.07053,power_mw (+0.442),panel_temp2_c (-0.186),irradiance_lux (-0.181),0.0
REC-03847,2026-09-11T06:44:30Z,SITE-C,ESP32-C01,v1.4,NORMAL,0.4993,0.25219,-0.00056,0.13613,0.44096,-0.09166,-0.18325,0.05405,-0.1804,0.07183,power_mw (+0.441),panel_temp2_c (-0.183),irradiance_lux (-0.180),-0.0
REC-03848,2026-09-11T06:44:35Z,SITE-C,ESP32-C01,v1.4,NORMAL,0.5069,0.25219,0.0016,0.13536,0.44298,-0.09097,-0.18121,0.0537,-0.17921,0.07244,power_mw (+0.443),panel_temp2_c (-0.181),irradiance_lux (-0.179),-0.0
REC-03849,2026-09-11T06:44:40Z,SITE-C,ESP32-C01,v1.4,NORMAL,0.4963,0.25219,-5e-05,0.13659,0.44039,-0.09101,-0.18497,0.05392,-0.18132,0.07053,power_mw (+0.440),panel_temp2_c (-0.185),irradiance_lux (-0.181),0.0
REC-03850,2026-09-11T06:44:45Z,SITE-C,ESP32-C01,v1.4,NORMAL,0.4848,0.25219,-0.00152,0.13471,0.43437,-0.09274,-0.18693,0.05401,-0.1812,0.07189,power_mw (+0.434),panel_temp2_c (-0.187),irradiance_lux (-0.181),0.0
REC-03851,2026-09-11T06:44:50Z,SITE-C,ESP32-C01,v1.4,NORMAL,0.4865,0.25219,-0.00393,0.13607,0.43381,-0.09394,-0.18411,0.05573,-0.1802,0.07092,power_mw (+0.434),panel_temp2_c (-0.184),irradiance_lux (-0.180),-0.0
REC-03852,2026-09-11T06:44:55Z,SITE-C,ESP32-C01,v1.4,PARTIAL_SHADING,0.4795,0.2099,0.04123,-0.06039,-0.16653,0.14888,0.17213,0.00189,0.07575,0.05661,panel_temp2_c (+0.172),power_mw (-0.167),panel_temp1_c (+0.149),-0.0
REC-03853,2026-09-11T06:45:00Z,SITE-C,ESP32-C01,v1.4,NORMAL,0.4951,0.25219,-0.00177,0.13718,0.44011,-0.09203,-0.18624,0.05462,-0.18004,0.07111,power_mw (+0.440),panel_temp2_c (-0.186),irradiance_lux (-0.180),0.0
REC-03854,2026-09-11T06:45:05Z,SITE-C,ESP32-C01,v1.4,NORMAL,0.4942,0.25219,-0.00217,0.1367,0.44063,-0.09373,-0.18478,0.05492,-0.18112,0.0715,power_mw (+0.441),panel_temp2_c (-0.185),irradiance_lux (-0.181),-0.0
REC-03855,2026-09-11T06:45:10Z,SITE-C,ESP32-C01,v1.4,NORMAL,0.4935,0.25219,-0.0014,0.13599,0.44221,-0.09431,-0.18579,0.05426,-0.18214,0.07245,power_mw (+0.442),panel_temp2_c (-0.186),irradiance_lux (-0.182),-0.0
REC-03856,2026-09-11T06:45:15Z,SITE-C,ESP32-C01,v1.4,PARTIAL_SHADING,0.4857,0.2099,0.04102,-0.0628,-0.17321,0.1493,0.17416,0.00278,0.07848,0.06613,panel_temp2_c (+0.174),power_mw (-0.173),panel_temp1_c (+0.149),-0.0
REC-03857,2026-09-11T06:45:20Z,SITE-C,ESP32-C01,v1.4,NORMAL,0.4903,0.25219,-0.00067,0.13744,0.4359,-0.09018,-0.18593,0.05444,-0.18236,0.06946,power_mw (+0.436),panel_temp2_c (-0.186),irradiance_lux (-0.182),-0.0
REC-03858,2026-09-11T06:45:25Z,SITE-C,ESP32-C01,v1.4,NORMAL,0.4919,0.25219,-0.00104,0.13687,0.4388,-0.09158,-0.18749,0.05419,-0.18113,0.07106,power_mw (+0.439),panel_temp2_c (-0.187),irradiance_lux (-0.181),0.0
REC-03859,2026-09-11T06:45:30Z,SITE-C,ESP32-C01,v1.4,NORMAL,0.4907,0.25219,-0.00158,0.13675,0.43902,-0.09248,-0.18804,0.05434,-0.18113,0.07162,power_mw (+0.439),panel_temp2_c (-0.188),irradiance_lux (-0.181),0.0
REC-03860,2026-09-11T06:45:35Z,SITE-C,ESP32-C01,v1.4,NORMAL,0.4828,0.25219,-0.00105,0.13631,0.43652,-0.09306,-0.18897,0.05424,-0.18394,0.07051,power_mw (+0.437),panel_temp2_c (-0.189),irradiance_lux (-0.184),-0.0
REC-03861,2026-09-11T06:45:40Z,SITE-C,ESP32-C01,v1.4,NORMAL,0.4837,0.25219,-0.00133,0.13605,0.43782,-0.09332,-0.18984,0.05394,-0.18328,0.07149,power_mw (+0.438),panel_temp2_c (-0.190),irradiance_lux (-0.183),0.0
REC-03862,2026-09-11T06:45:45Z,SITE-C,ESP32-C01,v1.4,NORMAL,0.4988,0.25219,0.0003,0.13746,0.44396,-0.0916,-0.18738,0.05382,-0.18175,0.07179,power_mw (+0.444),panel_temp2_c (-0.187),irradiance_lux (-0.182),-0.0
REC-03863,2026-09-11T06:45:50Z,SITE-C,ESP32-C01,v1.4,PARTIAL_SHADING,0.4823,0.2099,0.04274,-0.06314,-0.17243,0.14946,0.1731,0.00279,0.07766,0.06217,panel_temp2_c (+0.173),power_mw (-0.172),panel_temp1_c (+0.149),0.0
REC-03864,2026-09-11T06:45:55Z,SITE-C,ESP32-C01,v1.4,PARTIAL_SHADING,0.4876,0.2099,0.04086,-0.06254,-0.17168,0.15033,0.17519,0.00318,0.07832,0.06401,panel_temp2_c (+0.175),power_mw (-0.172),panel_temp1_c (+0.150),-0.0
REC-03865,2026-09-11T06:46:00Z,SITE-C,ESP32-C01,v1.4,PARTIAL_SHADING,0.4879,0.2099,0.04216,-0.06352,-0.17452,0.1501,0.17609,0.00319,0.07884,0.06563,panel_temp2_c (+0.176),power_mw (-0.175),panel_temp1_c (+0.150),0.0
REC-03866,2026-09-11T06:46:05Z,SITE-C,ESP32-C01,v1.4,NORMAL,0.4913,0.25219,0.00064,0.1359,0.44121,-0.09205,-0.18906,0.05305,-0.1832,0.07258,power_mw (+0.441),panel_temp2_c (-0.189),irradiance_lux (-0.183),-0.0
REC-03867,2026-09-11T06:46:10Z,SITE-C,ESP32-C01,v1.4,NORMAL,0.4828,0.25219,-0.00394,0.13804,0.43519,-0.094,-0.18733,0.05597,-0.18291,0.06954,power_mw (+0.435),panel_temp2_c (-0.187),irradiance_lux (-0.183),0.0
REC-03868,2026-09-11T06:46:15Z,SITE-C,ESP32-C01,v1.4,NORMAL,0.4828,0.25219,-0.00284,0.1365,0.43714,-0.09456,-0.18822,0.05481,-0.18352,0.07131,power_mw (+0.437),panel_temp2_c (-0.188),irradiance_lux (-0.184),0.0
REC-03869,2026-09-11T06:46:20Z,SITE-C,ESP32-C01,v1.4,NORMAL,0.486,0.25219,-0.00244,0.13814,0.43861,-0.09205,-0.18905,0.05436,-0.18413,0.07034,power_mw (+0.439),panel_temp2_c (-0.189),irradiance_lux (-0.184),0.0
REC-03870,2026-09-11T06:46:25Z,SITE-C,ESP32-C01,v1.4,NORMAL,0.4845,0.25219,-0.00326,0.13816,0.43725,-0.09336,-0.18792,0.05533,-0.18359,0.06967,power_mw (+0.437),panel_temp2_c (-0.188),irradiance_lux (-0.184),0.0
REC-03871,2026-09-11T06:46:30Z,SITE-C,ESP32-C01,v1.4,NORMAL,0.488,0.25219,-0.00081,0.13646,0.43849,-0.09276,-0.1864,0.05409,-0.18433,0.07108,power_mw (+0.438),panel_temp2_c (-0.186),irradiance_lux (-0.184),-0.0
REC-03872,2026-09-11T06:46:35Z,SITE-C,ESP32-C01,v1.4,NORMAL,0.4847,0.25219,-0.00354,0.13751,0.43822,-0.09395,-0.18906,0.05504,-0.18245,0.07075,power_mw (+0.438),panel_temp2_c (-0.189),irradiance_lux (-0.182),0.0
REC-03873,2026-09-11T06:46:40Z,SITE-C,ESP32-C01,v1.4,PARTIAL_SHADING,0.4872,0.2099,0.04299,-0.06223,-0.17083,0.15162,0.17455,0.00284,0.0786,0.05972,panel_temp2_c (+0.175),power_mw (-0.171),panel_temp1_c (+0.152),0.0
REC-03874,2026-09-11T06:46:45Z,SITE-C,ESP32-C01,v1.4,PARTIAL_SHADING,0.4824,0.2099,0.04144,-0.06238,-0.17114,0.14934,0.17272,0.00315,0.07837,0.06095,panel_temp2_c (+0.173),power_mw (-0.171),panel_temp1_c (+0.149),0.0
REC-03875,2026-09-11T06:46:50Z,SITE-C,ESP32-C01,v1.4,PARTIAL_SHADING,0.4806,0.2099,0.04218,-0.06185,-0.16995,0.14936,0.17379,0.00312,0.07753,0.05652,panel_temp2_c (+0.174),power_mw (-0.170),panel_temp1_c (+0.149),0.0
REC-03876,2026-09-11T06:46:55Z,SITE-C,ESP32-C01,v1.4,PARTIAL_SHADING,0.4817,0.2099,0.04347,-0.06133,-0.16936,0.1518,0.17318,0.00232,0.07724,0.05448,panel_temp2_c (+0.173),power_mw (-0.169),panel_temp1_c (+0.152),-0.0
REC-03877,2026-09-11T06:47:00Z,SITE-C,ESP32-C01,v1.4,NORMAL,0.4827,0.25219,-0.00167,0.13773,0.44007,-0.09298,-0.19048,0.05406,-0.18554,0.06929,power_mw (+0.440),panel_temp2_c (-0.190),irradiance_lux (-0.186),0.0
REC-03878,2026-09-11T06:47:05Z,SITE-C,ESP32-C01,v1.4,NORMAL,0.4856,0.25219,-0.00263,0.13656,0.44071,-0.094,-0.18872,0.05375,-0.18459,0.07231,power_mw (+0.441),panel_temp2_c (-0.189),irradiance_lux (-0.185),0.0
REC-03879,2026-09-11T06:47:10Z,SITE-C,ESP32-C01,v1.4,NORMAL,0.4942,0.25219,-0.00032,0.13608,0.43908,-0.09199,-0.18521,0.05408,-0.18157,0.07187,power_mw (+0.439),panel_temp2_c (-0.185),irradiance_lux (-0.182),0.0
REC-03880,2026-09-11T06:47:15Z,SITE-C,ESP32-C01,v1.4,NORMAL,0.4912,0.25219,-0.00108,0.13747,0.44088,-0.09164,-0.18897,0.05384,-0.18266,0.07115,power_mw (+0.441),panel_temp2_c (-0.189),irradiance_lux (-0.183),-0.0
REC-03881,2026-09-11T06:47:20Z,SITE-C,ESP32-C01,v1.4,NORMAL,0.4857,0.25219,-0.00164,0.13679,0.43693,-0.09284,-0.18663,0.0545,-0.18408,0.07048,power_mw (+0.437),panel_temp2_c (-0.187),irradiance_lux (-0.184),-0.0
REC-03882,2026-09-11T06:47:25Z,SITE-C,ESP32-C01,v1.4,PARTIAL_SHADING,0.4932,0.2099,0.04404,-0.06313,-0.17146,0.15318,0.17497,0.0024,0.07856,0.06479,panel_temp2_c (+0.175),power_mw (-0.171),panel_temp1_c (+0.153),-0.0
REC-03883,2026-09-11T06:47:30Z,SITE-C,ESP32-C01,v1.4,NORMAL,0.4876,0.25219,-0.00144,0.13593,0.43844,-0.09364,-0.18803,0.05422,-0.18237,0.07226,power_mw (+0.438),panel_temp2_c (-0.188),irradiance_lux (-0.182),-0.0
REC-03884,2026-09-11T06:47:35Z,SITE-C,ESP32-C01,v1.4,NORMAL,0.4991,0.25219,-0.00035,0.13846,0.44034,-0.09045,-0.18514,0.05479,-0.18122,0.07049,power_mw (+0.440),panel_temp2_c (-0.185),irradiance_lux (-0.181),0.0
REC-03885,2026-09-11T06:47:40Z,SITE-C,ESP32-C01,v1.4,NORMAL,0.4851,0.25219,-0.00133,0.13683,0.43671,-0.09295,-0.18892,0.05453,-0.18323,0.07129,power_mw (+0.437),panel_temp2_c (-0.189),irradiance_lux (-0.183),-0.0
REC-03886,2026-09-11T06:47:45Z,SITE-C,ESP32-C01,v1.4,PARTIAL_SHADING,0.4854,0.2099,0.04087,-0.06371,-0.17548,0.14985,0.17727,0.00398,0.07868,0.06407,panel_temp2_c (+0.177),power_mw (-0.175),panel_temp1_c (+0.150),-0.0
REC-03887,2026-09-11T06:47:50Z,SITE-C,ESP32-C01,v1.4,NORMAL,0.492,0.25219,-0.00306,0.13799,0.44241,-0.09486,-0.1865,0.0553,-0.18299,0.07154,power_mw (+0.442),panel_temp2_c (-0.187),irradiance_lux (-0.183),-0.0
REC-03888,2026-09-11T06:47:55Z,SITE-C,ESP32-C01,v1.4,PARTIAL_SHADING,0.4893,0.2099,0.04409,-0.06255,-0.17004,0.15277,0.1756,0.00276,0.07774,0.05905,panel_temp2_c (+0.176),power_mw (-0.170),panel_temp1_c (+0.153),-0.0
REC-03889,2026-09-11T06:48:00Z,SITE-C,ESP32-C01,v1.4,NORMAL,0.4839,0.25219,-0.00168,0.13653,0.43792,-0.09433,-0.18723,0.05452,-0.18532,0.07127,power_mw (+0.438),panel_temp2_c (-0.187),irradiance_lux (-0.185),-0.0
REC-03890,2026-09-11T06:48:05Z,SITE-C,ESP32-C01,v1.4,PARTIAL_SHADING,0.4812,0.2099,0.03988,-0.06225,-0.17282,0.15015,0.17591,0.00355,0.07745,0.05944,panel_temp2_c (+0.176),power_mw (-0.173),panel_temp1_c (+0.150),0.0
REC-03891,2026-09-11T06:48:10Z,SITE-C,ESP32-C01,v1.4,PARTIAL_SHADING,0.4917,0.2099,0.04417,-0.06362,-0.1727,0.15313,0.17508,0.00327,0.07966,0.06278,panel_temp2_c (+0.175),power_mw (-0.173),panel_temp1_c (+0.153),0.0
REC-03892,2026-09-11T06:48:15Z,SITE-C,ESP32-C01,v1.4,PARTIAL_SHADING,0.4948,0.2099,0.04081,-0.06341,-0.1745,0.15055,0.18104,0.00472,0.08047,0.06517,panel_temp2_c (+0.181),power_mw (-0.175),panel_temp1_c (+0.151),0.0
REC-03893,2026-09-11T06:48:20Z,SITE-C,ESP32-C01,v1.4,PARTIAL_SHADING,0.4877,0.2099,0.04185,-0.06147,-0.16998,0.15354,0.17588,0.00322,0.07843,0.05634,panel_temp2_c (+0.176),power_mw (-0.170),panel_temp1_c (+0.154),-0.0
REC-03894,2026-09-11T06:48:25Z,SITE-C,ESP32-C01,v1.4,PARTIAL_SHADING,0.4907,0.2099,0.04199,-0.06235,-0.17248,0.15237,0.17895,0.00383,0.07933,0.0592,panel_temp2_c (+0.179),power_mw (-0.172),panel_temp1_c (+0.152),-0.0
REC-03895,2026-09-11T06:48:30Z,SITE-C,ESP32-C01,v1.4,PARTIAL_SHADING,0.4949,0.2099,0.04304,-0.06273,-0.17306,0.15428,0.17939,0.00339,0.07948,0.06119,panel_temp2_c (+0.179),power_mw (-0.173),panel_temp1_c (+0.154),0.0
REC-03896,2026-09-11T06:48:35Z,SITE-C,ESP32-C01,v1.4,PARTIAL_SHADING,0.4961,0.2099,0.04163,-0.06271,-0.17241,0.15241,0.17954,0.0046,0.08118,0.06195,panel_temp2_c (+0.180),power_mw (-0.172),panel_temp1_c (+0.152),0.0
REC-03897,2026-09-11T06:48:40Z,SITE-C,ESP32-C01,v1.4,PARTIAL_SHADING,0.4884,0.2099,0.04229,-0.06164,-0.17239,0.15514,0.17703,0.00312,0.07908,0.05592,panel_temp2_c (+0.177),power_mw (-0.172),panel_temp1_c (+0.155),-0.0
REC-03898,2026-09-11T06:48:45Z,SITE-C,ESP32-C01,v1.4,PARTIAL_SHADING,0.4885,0.2099,0.04175,-0.06222,-0.17352,0.15396,0.1772,0.00348,0.07948,0.05842,panel_temp2_c (+0.177),power_mw (-0.174),panel_temp1_c (+0.154),0.0
REC-03899,2026-09-11T06:48:50Z,SITE-C,ESP32-C01,v1.4,PARTIAL_SHADING,0.4917,0.2099,0.04174,-0.06208,-0.1733,0.1534,0.1804,0.00422,0.08012,0.05728,panel_temp2_c (+0.180),power_mw (-0.173),panel_temp1_c (+0.153),-0.0
REC-03900,2026-09-11T06:48:55Z,SITE-C,ESP32-C01,v1.4,PARTIAL_SHADING,0.5088,0.2099,0.04346,-0.06265,-0.17191,0.15632,0.18323,0.00468,0.08305,0.0627,panel_temp2_c (+0.183),power_mw (-0.172),panel_temp1_c (+0.156),-0.0
REC-03901,2026-09-11T06:52:00Z,SITE-D,ESP32-D01,v1.4,NORMAL,0.4665,0.25219,0.06054,-0.02323,-0.08335,0.00217,0.06322,0.04622,0.0545,0.09423,dust_vo_v (+0.094),power_mw (-0.083),panel_temp2_c (+0.063),0.0
REC-03902,2026-09-11T06:52:05Z,SITE-D,ESP32-D01,v1.4,NORMAL,0.4777,0.25219,0.06104,-0.02129,-0.07814,0.00379,0.06381,0.04677,0.0554,0.09415,dust_vo_v (+0.094),power_mw (-0.078),panel_temp2_c (+0.064),0.0
REC-03903,2026-09-11T06:52:10Z,SITE-D,ESP32-D01,v1.4,NORMAL,0.477,0.25219,0.0606,-0.02281,-0.08103,0.00408,0.06114,0.04644,0.05821,0.09818,dust_vo_v (+0.098),power_mw (-0.081),panel_temp2_c (+0.061),-0.0
REC-03904,2026-09-11T06:52:15Z,SITE-D,ESP32-D01,v1.4,NORMAL,0.4878,0.25219,0.05999,-0.02137,-0.07608,0.00188,0.0621,0.04762,0.05581,0.1057,dust_vo_v (+0.106),power_mw (-0.076),panel_temp2_c (+0.062),-0.0
REC-03905,2026-09-11T06:52:20Z,SITE-D,ESP32-D01,v1.4,NORMAL,0.4774,0.25219,0.06052,-0.02204,-0.07948,0.00272,0.06198,0.04713,0.05559,0.09879,dust_vo_v (+0.099),power_mw (-0.079),panel_temp2_c (+0.062),0.0
REC-03906,2026-09-11T06:52:25Z,SITE-D,ESP32-D01,v1.4,NORMAL,0.4826,0.25219,0.06086,-0.02224,-0.07867,0.0036,0.06364,0.04681,0.05736,0.09907,dust_vo_v (+0.099),power_mw (-0.079),panel_temp2_c (+0.064),-0.0
REC-03907,2026-09-11T06:52:30Z,SITE-D,ESP32-D01,v1.4,NORMAL,0.4847,0.25219,0.06158,-0.02208,-0.08038,0.00636,0.06167,0.04723,0.05696,0.10115,dust_vo_v (+0.101),power_mw (-0.080),panel_temp2_c (+0.062),-0.0
REC-03908,2026-09-11T06:52:35Z,SITE-D,ESP32-D01,v1.4,NORMAL,0.4712,0.25219,0.06085,-0.02247,-0.0835,0.00343,0.06293,0.04739,0.05642,0.09399,dust_vo_v (+0.094),power_mw (-0.084),panel_temp2_c (+0.063),-0.0
REC-03909,2026-09-11T06:52:40Z,SITE-D,ESP32-D01,v1.4,NORMAL,0.483,0.25219,0.06132,-0.02261,-0.08101,0.00499,0.06263,0.04736,0.05783,0.10033,dust_vo_v (+0.100),power_mw (-0.081),panel_temp2_c (+0.063),0.0
REC-03910,2026-09-11T06:52:45Z,SITE-D,ESP32-D01,v1.4,NORMAL,0.4696,0.25219,0.06127,-0.02245,-0.08204,0.00393,0.06293,0.04723,0.05559,0.09092,dust_vo_v (+0.091),power_mw (-0.082),panel_temp2_c (+0.063),0.0
REC-03911,2026-09-11T06:52:50Z,SITE-D,ESP32-D01,v1.4,NORMAL,0.473,0.25219,0.06086,-0.02277,-0.08086,0.0032,0.06206,0.04684,0.05527,0.09624,dust_vo_v (+0.096),power_mw (-0.081),panel_temp2_c (+0.062),0.0
REC-03912,2026-09-11T06:52:55Z,SITE-D,ESP32-D01,v1.4,NORMAL,0.4774,0.25219,0.06032,-0.02193,-0.0799,0.0015,0.06303,0.04813,0.05589,0.0982,dust_vo_v (+0.098),power_mw (-0.080),panel_temp2_c (+0.063),0.0
REC-03913,2026-09-11T06:53:00Z,SITE-D,ESP32-D01,v1.4,NORMAL,0.4602,0.25219,0.06035,-0.0233,-0.08373,0.00268,0.05926,0.04585,0.05224,0.09465,dust_vo_v (+0.095),power_mw (-0.084),voltage_v (+0.060),-0.0
REC-03914,2026-09-11T06:53:05Z,SITE-D,ESP32-D01,v1.4,NORMAL,0.4679,0.25219,0.06088,-0.02233,-0.08001,0.00407,0.06041,0.04615,0.05338,0.09313,dust_vo_v (+0.093),power_mw (-0.080),voltage_v (+0.061),0.0
REC-03915,2026-09-11T06:53:10Z,SITE-D,ESP32-D01,v1.4,NORMAL,0.4764,0.25219,0.06043,-0.02075,-0.07786,0.00211,0.06248,0.04771,0.05407,0.09601,dust_vo_v (+0.096),power_mw (-0.078),panel_temp2_c (+0.062),0.0
REC-03916,2026-09-11T06:53:15Z,SITE-D,ESP32-D01,v1.4,NORMAL,0.4824,0.25219,0.06059,-0.02092,-0.07756,0.00337,0.06146,0.04774,0.05536,0.10016,dust_vo_v (+0.100),power_mw (-0.078),panel_temp2_c (+0.061),0.0
REC-03917,2026-09-11T06:53:20Z,SITE-D,ESP32-D01,v1.4,NORMAL,0.4818,0.25219,0.06064,-0.02244,-0.07861,0.00238,0.06351,0.04704,0.0546,0.10246,dust_vo_v (+0.102),power_mw (-0.079),panel_temp2_c (+0.064),-0.0
REC-03918,2026-09-11T06:53:25Z,SITE-D,ESP32-D01,v1.4,NORMAL,0.4917,0.25219,0.06015,-0.01976,-0.07233,0.00141,0.06271,0.0488,0.05407,0.10445,dust_vo_v (+0.104),power_mw (-0.072),panel_temp2_c (+0.063),0.0
REC-03919,2026-09-11T06:53:30Z,SITE-D,ESP32-D01,v1.4,NORMAL,0.4863,0.25219,0.05996,-0.0221,-0.07934,0.0012,0.06288,0.04854,0.05477,0.10819,dust_vo_v (+0.108),power_mw (-0.079),panel_temp2_c (+0.063),-0.0
REC-03920,2026-09-11T06:53:35Z,SITE-D,ESP32-D01,v1.4,NORMAL,0.4756,0.25219,0.06107,-0.0218,-0.0797,0.00395,0.06061,0.04739,0.05348,0.09844,dust_vo_v (+0.098),power_mw (-0.080),voltage_v (+0.061),0.0
REC-03921,2026-09-11T06:53:40Z,SITE-D,ESP32-D01,v1.4,NORMAL,0.4723,0.25219,0.06099,-0.02318,-0.08271,0.00404,0.06026,0.04679,0.05358,0.10035,dust_vo_v (+0.100),power_mw (-0.083),voltage_v (+0.061),-0.0
REC-03922,2026-09-11T06:53:45Z,SITE-D,ESP32-D01,v1.4,NORMAL,0.4742,0.25219,0.06033,-0.0225,-0.08053,0.00216,0.06009,0.04752,0.05475,0.10017,dust_vo_v (+0.100),power_mw (-0.081),voltage_v (+0.060),-0.0
REC-03923,2026-09-11T06:53:50Z,SITE-D,ESP32-D01,v1.4,NORMAL,0.4775,0.25219,0.06074,-0.02111,-0.0762,0.00303,0.06159,0.04715,0.05416,0.09593,dust_vo_v (+0.096),power_mw (-0.076),panel_temp2_c (+0.062),0.0
REC-03924,2026-09-11T06:53:55Z,SITE-D,ESP32-D01,v1.4,NORMAL,0.4817,0.25219,0.06092,-0.02289,-0.07976,0.00281,0.06512,0.04684,0.05604,0.10039,dust_vo_v (+0.100),power_mw (-0.080),panel_temp2_c (+0.065),0.0
REC-03925,2026-09-11T06:54:00Z,SITE-D,ESP32-D01,v1.4,NORMAL,0.458,0.25219,0.06059,-0.02412,-0.08516,0.00346,0.06029,0.0456,0.05443,0.09074,dust_vo_v (+0.091),power_mw (-0.085),voltage_v (+0.061),-0.0
REC-03926,2026-09-11T06:54:05Z,SITE-D,ESP32-D01,v1.4,NORMAL,0.4839,0.25219,0.06035,-0.0216,-0.07825,0.00329,0.06084,0.04769,0.05721,0.10214,dust_vo_v (+0.102),power_mw (-0.078),panel_temp2_c (+0.061),-0.0
REC-03927,2026-09-11T06:54:10Z,SITE-D,ESP32-D01,v1.4,NORMAL,0.4833,0.25219,0.06037,-0.02242,-0.07857,0.00268,0.06274,0.04667,0.05587,0.10373,dust_vo_v (+0.104),power_mw (-0.079),panel_temp2_c (+0.063),0.0
REC-03928,2026-09-11T06:54:15Z,SITE-D,ESP32-D01,v1.4,NORMAL,0.4904,0.25219,0.0606,-0.02102,-0.07823,0.00389,0.06438,0.04749,0.05601,0.10503,dust_vo_v (+0.105),power_mw (-0.078),panel_temp2_c (+0.064),-0.0
REC-03929,2026-09-11T06:54:20Z,SITE-D,ESP32-D01,v1.4,NORMAL,0.4723,0.25219,0.06074,-0.02241,-0.08195,0.00494,0.06072,0.04552,0.05588,0.0967,dust_vo_v (+0.097),power_mw (-0.082),voltage_v (+0.061),0.0
REC-03930,2026-09-11T06:54:25Z,SITE-D,ESP32-D01,v1.4,NORMAL,0.4564,0.25219,0.05973,-0.02281,-0.0849,0.00182,0.05926,0.04533,0.05245,0.09332,dust_vo_v (+0.093),power_mw (-0.085),voltage_v (+0.060),0.0
REC-03931,2026-09-11T06:54:30Z,SITE-D,ESP32-D01,v1.4,NORMAL,0.4765,0.25219,0.06043,-0.02272,-0.08221,0.00368,0.06282,0.04549,0.05512,0.10171,dust_vo_v (+0.102),power_mw (-0.082),panel_temp2_c (+0.063),0.0
REC-03932,2026-09-11T06:54:35Z,SITE-D,ESP32-D01,v1.4,NORMAL,0.4825,0.25219,0.05976,-0.02227,-0.08007,0.00278,0.06269,0.0457,0.05758,0.10409,dust_vo_v (+0.104),power_mw (-0.080),panel_temp2_c (+0.063),0.0
REC-03933,2026-09-11T06:54:40Z,SITE-D,ESP32-D01,v1.4,NORMAL,0.4725,0.25219,0.061,-0.02333,-0.08347,0.00603,0.06265,0.04456,0.0589,0.094,dust_vo_v (+0.094),power_mw (-0.083),panel_temp2_c (+0.063),-0.0
REC-03934,2026-09-11T06:54:45Z,SITE-D,ESP32-D01,v1.4,NORMAL,0.4813,0.25219,0.06007,-0.0225,-0.08086,0.00379,0.06172,0.04542,0.05611,0.10535,dust_vo_v (+0.105),power_mw (-0.081),panel_temp2_c (+0.062),0.0
REC-03935,2026-09-11T06:54:50Z,SITE-D,ESP32-D01,v1.4,NORMAL,0.4656,0.25219,0.06038,-0.02294,-0.08491,0.00455,0.06084,0.04464,0.05579,0.09507,dust_vo_v (+0.095),power_mw (-0.085),panel_temp2_c (+0.061),-0.0
REC-03936,2026-09-11T06:54:55Z,SITE-D,ESP32-D01,v1.4,NORMAL,0.4807,0.25219,0.06024,-0.02197,-0.0822,0.00451,0.06351,0.04535,0.05701,0.10206,dust_vo_v (+0.102),power_mw (-0.082),panel_temp2_c (+0.064),0.0
REC-03937,2026-09-11T06:55:00Z,SITE-D,ESP32-D01,v1.4,NORMAL,0.4688,0.25219,0.05965,-0.02251,-0.08359,0.00275,0.06108,0.04523,0.05657,0.09748,dust_vo_v (+0.097),power_mw (-0.084),panel_temp2_c (+0.061),-0.0
REC-03938,2026-09-11T06:55:05Z,SITE-D,ESP32-D01,v1.4,NORMAL,0.4634,0.25219,0.05975,-0.02289,-0.08524,0.00305,0.06099,0.04472,0.05627,0.0945,dust_vo_v (+0.094),power_mw (-0.085),panel_temp2_c (+0.061),-0.0
REC-03939,2026-09-11T06:55:10Z,SITE-D,ESP32-D01,v1.4,NORMAL,0.4681,0.25219,0.05959,-0.02209,-0.08163,0.00303,0.05875,0.04517,0.05596,0.09714,dust_vo_v (+0.097),power_mw (-0.082),voltage_v (+0.060),-0.0
REC-03940,2026-09-11T06:55:15Z,SITE-D,ESP32-D01,v1.4,NORMAL,0.4691,0.25219,0.05962,-0.02257,-0.08281,0.00294,0.05946,0.04502,0.05518,0.10004,dust_vo_v (+0.100),power_mw (-0.083),voltage_v (+0.060),-0.0
REC-03941,2026-09-11T06:55:20Z,SITE-D,ESP32-D01,v1.4,NORMAL,0.4702,0.25219,0.06035,-0.02228,-0.082,0.0048,0.06083,0.04474,0.0574,0.09414,dust_vo_v (+0.094),power_mw (-0.082),panel_temp2_c (+0.061),0.0
REC-03942,2026-09-11T06:55:25Z,SITE-D,ESP32-D01,v1.4,NORMAL,0.4764,0.25219,0.06031,-0.02173,-0.08202,0.005,0.06128,0.04555,0.05732,0.09847,dust_vo_v (+0.098),power_mw (-0.082),panel_temp2_c (+0.061),0.0
REC-03943,2026-09-11T06:55:30Z,SITE-D,ESP32-D01,v1.4,NORMAL,0.4462,0.25219,0.059,-0.02286,-0.08519,0.00178,0.05789,0.04465,0.05561,0.08307,power_mw (-0.085),dust_vo_v (+0.083),voltage_v (+0.059),0.0
REC-03944,2026-09-11T06:55:35Z,SITE-D,ESP32-D01,v1.4,NORMAL,0.4747,0.25219,0.05956,-0.02304,-0.08534,0.00365,0.06055,0.04544,0.05657,0.10513,dust_vo_v (+0.105),power_mw (-0.085),panel_temp2_c (+0.061),0.0
REC-03945,2026-09-11T06:55:40Z,SITE-D,ESP32-D01,v1.4,NORMAL,0.47,0.25219,0.05903,-0.02338,-0.08315,0.0009,0.0593,0.04562,0.05461,0.10486,dust_vo_v (+0.105),power_mw (-0.083),panel_temp2_c (+0.059),-0.0
REC-03946,2026-09-11T06:55:45Z,SITE-D,ESP32-D01,v1.4,NORMAL,0.4575,0.25219,0.05927,-0.0229,-0.08535,0.0019,0.05766,0.04551,0.05509,0.09415,dust_vo_v (+0.094),power_mw (-0.085),voltage_v (+0.059),-0.0
REC-03947,2026-09-11T06:55:50Z,SITE-D,ESP32-D01,v1.4,NORMAL,0.4629,0.25219,0.05903,-0.02247,-0.08428,0.00108,0.05927,0.04568,0.05423,0.09818,dust_vo_v (+0.098),power_mw (-0.084),panel_temp2_c (+0.059),0.0
REC-03948,2026-09-11T06:55:55Z,SITE-D,ESP32-D01,v1.4,NORMAL,0.4569,0.25219,0.05898,-0.02246,-0.08364,0.00138,0.05649,0.04531,0.0538,0.09489,dust_vo_v (+0.095),power_mw (-0.084),voltage_v (+0.059),-0.0
REC-03949,2026-09-11T06:56:00Z,SITE-D,ESP32-D01,v1.4,NORMAL,0.4822,0.25219,0.05937,-0.02094,-0.07905,0.0032,0.05875,0.04731,0.05771,0.10363,dust_vo_v (+0.104),power_mw (-0.079),voltage_v (+0.059),0.0
REC-03950,2026-09-11T06:56:05Z,SITE-D,ESP32-D01,v1.4,NORMAL,0.4726,0.25219,0.05942,-0.0216,-0.08014,0.00211,0.0593,0.04626,0.0563,0.09881,dust_vo_v (+0.099),power_mw (-0.080),voltage_v (+0.059),0.0
REC-03951,2026-09-11T06:56:10Z,SITE-D,ESP32-D01,v1.4,NORMAL,0.464,0.25219,0.05889,-0.02274,-0.08212,0.00029,0.05901,0.04569,0.05607,0.09672,dust_vo_v (+0.097),power_mw (-0.082),panel_temp2_c (+0.059),-0.0
REC-03952,2026-09-11T06:56:15Z,SITE-D,ESP32-D01,v1.4,NORMAL,0.4784,0.25219,0.06014,-0.02137,-0.07963,0.00412,0.05936,0.04644,0.05573,0.10139,dust_vo_v (+0.101),power_mw (-0.080),voltage_v (+0.060),-0.0
REC-03953,2026-09-11T06:56:20Z,SITE-D,ESP32-D01,v1.4,NORMAL,0.4657,0.25219,0.05883,-0.02159,-0.08136,8e-05,0.05882,0.04675,0.05431,0.09762,dust_vo_v (+0.098),power_mw (-0.081),voltage_v (+0.059),0.0
REC-03954,2026-09-11T06:56:25Z,SITE-D,ESP32-D01,v1.4,NORMAL,0.4794,0.25219,0.05968,-0.02217,-0.0807,0.00227,0.06075,0.04688,0.05601,0.10448,dust_vo_v (+0.104),power_mw (-0.081),panel_temp2_c (+0.061),-0.0
REC-03955,2026-09-11T06:56:30Z,SITE-D,ESP32-D01,v1.4,NORMAL,0.4719,0.25219,0.05979,-0.02118,-0.08109,0.00292,0.05915,0.04712,0.05559,0.09737,dust_vo_v (+0.097),power_mw (-0.081),voltage_v (+0.060),0.0
REC-03956,2026-09-11T06:56:35Z,SITE-D,ESP32-D01,v1.4,NORMAL,0.4627,0.25219,0.05969,-0.02367,-0.08412,0.00176,0.06023,0.04575,0.05758,0.09329,dust_vo_v (+0.093),power_mw (-0.084),panel_temp2_c (+0.060),-0.0
REC-03957,2026-09-11T06:56:40Z,SITE-D,ESP32-D01,v1.4,NORMAL,0.4796,0.25219,0.05957,-0.02275,-0.08091,0.00216,0.06084,0.04648,0.05803,0.10403,dust_vo_v (+0.104),power_mw (-0.081),panel_temp2_c (+0.061),-0.0
REC-03958,2026-09-11T06:56:45Z,SITE-D,ESP32-D01,v1.4,NORMAL,0.4756,0.25219,0.06012,-0.02333,-0.08398,0.00358,0.06039,0.04626,0.05653,0.10387,dust_vo_v (+0.104),power_mw (-0.084),panel_temp2_c (+0.060),-0.0
REC-03959,2026-09-11T06:56:50Z,SITE-D,ESP32-D01,v1.4,NORMAL,0.4589,0.25219,0.0596,-0.02373,-0.0852,0.00123,0.06008,0.04563,0.0555,0.09362,dust_vo_v (+0.094),power_mw (-0.085),panel_temp2_c (+0.060),-0.0
REC-03960,2026-09-11T06:56:55Z,SITE-D,ESP32-D01,v1.4,NORMAL,0.469,0.25219,0.05877,-0.02305,-0.08317,0.00064,0.05804,0.04641,0.05598,0.10324,dust_vo_v (+0.103),power_mw (-0.083),voltage_v (+0.059),0.0
REC-03961,2026-09-11T08:58:00Z,SITE-C,ESP32-C01,v1.4,NORMAL,0.5608,0.25219,0.01271,0.12274,0.39472,-0.07524,-0.16221,0.05854,-0.12454,0.08187,power_mw (+0.395),panel_temp2_c (-0.162),irradiance_lux (-0.125),0.0
REC-03962,2026-09-11T08:58:05Z,SITE-C,ESP32-C01,v1.4,NORMAL,0.5706,0.25219,0.01204,0.12389,0.39588,-0.0758,-0.15701,0.06057,-0.12162,0.0804,power_mw (+0.396),panel_temp2_c (-0.157),current_ma (+0.124),0.0
REC-03963,2026-09-11T08:58:10Z,SITE-C,ESP32-C01,v1.4,NORMAL,0.5574,0.25219,0.01002,0.12296,0.39062,-0.07653,-0.16181,0.06031,-0.12156,0.08122,power_mw (+0.391),panel_temp2_c (-0.162),current_ma (+0.123),-0.0
REC-03964,2026-09-11T08:58:15Z,SITE-C,ESP32-C01,v1.4,NORMAL,0.5573,0.25219,0.01278,0.12272,0.3898,-0.07426,-0.16156,0.05897,-0.12365,0.08029,power_mw (+0.390),panel_temp2_c (-0.162),irradiance_lux (-0.124),-0.0
REC-03965,2026-09-11T08:58:20Z,SITE-C,ESP32-C01,v1.4,NORMAL,0.5577,0.25219,0.01272,0.1223,0.39132,-0.07525,-0.1624,0.05905,-0.12325,0.08097,power_mw (+0.391),panel_temp2_c (-0.162),irradiance_lux (-0.123),0.0
REC-03966,2026-09-11T08:58:25Z,SITE-C,ESP32-C01,v1.4,NORMAL,0.5633,0.25219,0.01358,0.1231,0.39,-0.07319,-0.16007,0.05934,-0.12105,0.07945,power_mw (+0.390),panel_temp2_c (-0.160),current_ma (+0.123),0.0
REC-03967,2026-09-11T08:58:30Z,SITE-C,ESP32-C01,v1.4,NORMAL,0.5646,0.25219,0.01281,0.12231,0.39264,-0.07579,-0.15874,0.05977,-0.12211,0.08153,power_mw (+0.393),panel_temp2_c (-0.159),current_ma (+0.122),0.0
REC-03968,2026-09-11T08:58:35Z,SITE-C,ESP32-C01,v1.4,NORMAL,0.5669,0.25219,0.01305,0.12288,0.39175,-0.07421,-0.15803,0.05953,-0.12138,0.08117,power_mw (+0.392),panel_temp2_c (-0.158),current_ma (+0.123),-0.0
REC-03969,2026-09-11T08:58:40Z,SITE-C,ESP32-C01,v1.4,NORMAL,0.5549,0.25219,0.01037,0.12352,0.38945,-0.07585,-0.16233,0.06031,-0.1225,0.07975,power_mw (+0.389),panel_temp2_c (-0.162),current_ma (+0.124),0.0
REC-03970,2026-09-11T08:58:45Z,SITE-C,ESP32-C01,v1.4,NORMAL,0.5611,0.25219,0.01176,0.12244,0.39074,-0.07513,-0.16017,0.0594,-0.122,0.08189,power_mw (+0.391),panel_temp2_c (-0.160),current_ma (+0.122),0.0
REC-03971,2026-09-11T08:58:50Z,SITE-C,ESP32-C01,v1.4,NORMAL,0.5648,0.25219,0.01344,0.12302,0.39146,-0.07327,-0.16107,0.05878,-0.1212,0.08141,power_mw (+0.391),panel_temp2_c (-0.161),current_ma (+0.123),0.0
REC-03972,2026-09-11T08:58:55Z,SITE-C,ESP32-C01,v1.4,NORMAL,0.5708,0.25219,0.01421,0.12209,0.39571,-0.07532,-0.15833,0.05939,-0.12103,0.08185,power_mw (+0.396),panel_temp2_c (-0.158),current_ma (+0.122),-0.0
REC-03973,2026-09-11T08:59:00Z,SITE-C,ESP32-C01,v1.4,NORMAL,0.555,0.25219,0.01084,0.1223,0.39121,-0.07759,-0.1627,0.06035,-0.12244,0.08082,power_mw (+0.391),panel_temp2_c (-0.163),irradiance_lux (-0.122),-0.0
REC-03974,2026-09-11T08:59:05Z,SITE-C,ESP32-C01,v1.4,NORMAL,0.5508,0.25219,0.00982,0.12283,0.38944,-0.07738,-0.16354,0.06037,-0.12336,0.08044,power_mw (+0.389),panel_temp2_c (-0.164),irradiance_lux (-0.123),-0.0
REC-03975,2026-09-11T08:59:10Z,SITE-C,ESP32-C01,v1.4,NORMAL,0.5651,0.25219,0.01352,0.12364,0.39323,-0.07377,-0.16133,0.05927,-0.12157,0.07997,power_mw (+0.393),panel_temp2_c (-0.161),current_ma (+0.124),0.0
REC-03976,2026-09-11T08:59:15Z,SITE-C,ESP32-C01,v1.4,NORMAL,0.5546,0.25219,0.00971,0.12314,0.39077,-0.07757,-0.16226,0.06066,-0.12285,0.08079,power_mw (+0.391),panel_temp2_c (-0.162),current_ma (+0.123),0.0
REC-03977,2026-09-11T08:59:20Z,SITE-C,ESP32-C01,v1.4,NORMAL,0.5455,0.25219,0.00913,0.12354,0.38763,-0.0777,-0.1646,0.06088,-0.12459,0.07897,power_mw (+0.388),panel_temp2_c (-0.165),irradiance_lux (-0.125),0.0
REC-03978,2026-09-11T08:59:25Z,SITE-C,ESP32-C01,v1.4,NORMAL,0.5539,0.25219,0.01283,0.12331,0.39215,-0.07477,-0.16537,0.05859,-0.1251,0.08011,power_mw (+0.392),panel_temp2_c (-0.165),irradiance_lux (-0.125),0.0
REC-03979,2026-09-11T08:59:30Z,SITE-C,ESP32-C01,v1.4,NORMAL,0.5597,0.25219,0.01147,0.12299,0.39578,-0.07739,-0.16304,0.05968,-0.12381,0.08181,power_mw (+0.396),panel_temp2_c (-0.163),irradiance_lux (-0.124),0.0
REC-03980,2026-09-11T08:59:35Z,SITE-C,ESP32-C01,v1.4,NORMAL,0.5478,0.25219,0.01024,0.12271,0.38626,-0.07641,-0.16395,0.06032,-0.12308,0.07948,power_mw (+0.386),panel_temp2_c (-0.164),irradiance_lux (-0.123),-0.0
REC-03981,2026-09-11T08:59:40Z,SITE-C,ESP32-C01,v1.4,NORMAL,0.5517,0.25219,0.00855,0.12317,0.39167,-0.07869,-0.16351,0.06075,-0.12363,0.0812,power_mw (+0.392),panel_temp2_c (-0.164),irradiance_lux (-0.124),-0.0
REC-03982,2026-09-11T08:59:45Z,SITE-C,ESP32-C01,v1.4,NORMAL,0.5572,0.25219,0.01089,0.12363,0.39136,-0.07598,-0.16258,0.06025,-0.12243,0.07983,power_mw (+0.391),panel_temp2_c (-0.163),current_ma (+0.124),0.0
REC-03983,2026-09-11T08:59:50Z,SITE-C,ESP32-C01,v1.4,NORMAL,0.5492,0.25219,0.01203,0.12202,0.38934,-0.07583,-0.16579,0.05886,-0.12429,0.08072,power_mw (+0.389),panel_temp2_c (-0.166),irradiance_lux (-0.124),0.0
REC-03984,2026-09-11T08:59:55Z,SITE-C,ESP32-C01,v1.4,NORMAL,0.5523,0.25219,0.01168,0.12282,0.3921,-0.07575,-0.16572,0.05896,-0.12426,0.08031,power_mw (+0.392),panel_temp2_c (-0.166),irradiance_lux (-0.124),0.0
REC-03985,2026-09-11T09:00:00Z,SITE-C,ESP32-C01,v1.4,NORMAL,0.5562,0.25219,0.00949,0.12264,0.39347,-0.07877,-0.16278,0.06074,-0.12221,0.08143,power_mw (+0.393),panel_temp2_c (-0.163),current_ma (+0.123),-0.0
REC-03986,2026-09-11T09:00:05Z,SITE-C,ESP32-C01,v1.4,NORMAL,0.5479,0.25219,0.01007,0.12263,0.39014,-0.07733,-0.16512,0.05993,-0.12438,0.07982,power_mw (+0.390),panel_temp2_c (-0.165),irradiance_lux (-0.124),-0.0
REC-03987,2026-09-11T09:00:10Z,SITE-C,ESP32-C01,v1.4,NORMAL,0.5485,0.25219,0.00937,0.12311,0.38913,-0.07764,-0.16335,0.06078,-0.12396,0.07893,power_mw (+0.389),panel_temp2_c (-0.163),irradiance_lux (-0.124),0.0
REC-03988,2026-09-11T09:00:15Z,SITE-C,ESP32-C01,v1.4,NORMAL,0.5453,0.25219,0.00896,0.12201,0.39124,-0.07966,-0.16471,0.0604,-0.12548,0.08035,power_mw (+0.391),panel_temp2_c (-0.165),irradiance_lux (-0.125),-0.0
REC-03989,2026-09-11T09:00:20Z,SITE-C,ESP32-C01,v1.4,NORMAL,0.5509,0.25219,0.01008,0.12232,0.3929,-0.07808,-0.16505,0.05986,-0.12398,0.08062,power_mw (+0.393),panel_temp2_c (-0.165),irradiance_lux (-0.124),-0.0
REC-03990,2026-09-11T09:00:25Z,SITE-C,ESP32-C01,v1.4,NORMAL,0.5457,0.25219,0.01049,0.12189,0.38678,-0.07696,-0.16488,0.06008,-0.12327,0.07942,power_mw (+0.387),panel_temp2_c (-0.165),irradiance_lux (-0.123),-0.0
REC-03991,2026-09-11T09:00:30Z,SITE-C,ESP32-C01,v1.4,NORMAL,0.5487,0.25219,0.00991,0.12295,0.38798,-0.07605,-0.16445,0.05992,-0.12331,0.07956,power_mw (+0.388),panel_temp2_c (-0.164),irradiance_lux (-0.123),0.0
REC-03992,2026-09-11T09:00:35Z,SITE-C,ESP32-C01,v1.4,NORMAL,0.5463,0.25219,0.01008,0.12039,0.38714,-0.07861,-0.16342,0.05987,-0.12358,0.0822,power_mw (+0.387),panel_temp2_c (-0.163),irradiance_lux (-0.124),-0.0
REC-03993,2026-09-11T09:00:40Z,SITE-C,ESP32-C01,v1.4,NORMAL,0.5487,0.25219,0.0113,0.12362,0.38825,-0.07518,-0.16557,0.05987,-0.12357,0.07783,power_mw (+0.388),panel_temp2_c (-0.166),current_ma (+0.124),-0.0
REC-03994,2026-09-11T09:00:45Z,SITE-C,ESP32-C01,v1.4,NORMAL,0.5456,0.25219,0.01006,0.12213,0.38792,-0.07815,-0.16469,0.06063,-0.1237,0.07923,power_mw (+0.388),panel_temp2_c (-0.165),irradiance_lux (-0.124),0.0
REC-03995,2026-09-11T09:00:50Z,SITE-C,ESP32-C01,v1.4,NORMAL,0.5658,0.25219,0.01131,0.12388,0.39219,-0.07514,-0.15963,0.06061,-0.11986,0.08029,power_mw (+0.392),panel_temp2_c (-0.160),current_ma (+0.124),0.0
REC-03996,2026-09-11T09:00:55Z,SITE-C,ESP32-C01,v1.4,NORMAL,0.5579,0.25219,0.01067,0.12269,0.38989,-0.07622,-0.16241,0.06044,-0.12008,0.08071,power_mw (+0.390),panel_temp2_c (-0.162),current_ma (+0.123),0.0
REC-03997,2026-09-11T09:01:00Z,SITE-C,ESP32-C01,v1.4,NORMAL,0.5391,0.25219,0.00819,0.12115,0.38547,-0.07978,-0.16702,0.06077,-0.12293,0.08103,power_mw (+0.385),panel_temp2_c (-0.167),irradiance_lux (-0.123),-0.0
REC-03998,2026-09-11T09:01:05Z,SITE-C,ESP32-C01,v1.4,NORMAL,0.5591,0.25219,0.01161,0.12306,0.38948,-0.07506,-0.16153,0.06012,-0.12082,0.08002,power_mw (+0.389),panel_temp2_c (-0.162),current_ma (+0.123),0.0
REC-03999,2026-09-11T09:01:10Z,SITE-C,ESP32-C01,v1.4,NORMAL,0.5448,0.25219,0.01097,0.12114,0.38547,-0.07659,-0.16537,0.05948,-0.12314,0.08062,power_mw (+0.385),panel_temp2_c (-0.165),irradiance_lux (-0.123),0.0
REC-04000,2026-09-11T09:01:15Z,SITE-C,ESP32-C01,v1.4,NORMAL,0.5488,0.25219,0.00954,0.12258,0.38659,-0.07706,-0.16361,0.06082,-0.12177,0.07949,power_mw (+0.387),panel_temp2_c (-0.164),current_ma (+0.123),0.0
REC-04001,2026-09-11T09:01:20Z,SITE-C,ESP32-C01,v1.4,NORMAL,0.5505,0.25219,0.01251,0.12145,0.38717,-0.0753,-0.16468,0.05903,-0.12256,0.08065,power_mw (+0.387),panel_temp2_c (-0.165),irradiance_lux (-0.123),-0.0
REC-04002,2026-09-11T09:01:25Z,SITE-C,ESP32-C01,v1.4,NORMAL,0.5503,0.25219,0.0121,0.12147,0.38651,-0.07621,-0.16433,0.05991,-0.12146,0.0801,power_mw (+0.387),panel_temp2_c (-0.164),current_ma (+0.121),-0.0
REC-04003,2026-09-11T09:01:30Z,SITE-C,ESP32-C01,v1.4,NORMAL,0.5502,0.25219,0.00888,0.12187,0.38589,-0.07858,-0.16101,0.0615,-0.12136,0.08081,power_mw (+0.386),panel_temp2_c (-0.161),current_ma (+0.122),0.0
REC-04004,2026-09-11T09:01:35Z,SITE-C,ESP32-C01,v1.4,NORMAL,0.5418,0.25219,0.00884,0.1232,0.38631,-0.07769,-0.16725,0.06091,-0.12314,0.07846,power_mw (+0.386),panel_temp2_c (-0.167),current_ma (+0.123),0.0
REC-04005,2026-09-11T09:01:40Z,SITE-C,ESP32-C01,v1.4,NORMAL,0.5403,0.25219,0.00874,0.12204,0.38576,-0.07831,-0.16719,0.06031,-0.12381,0.08055,power_mw (+0.386),panel_temp2_c (-0.167),irradiance_lux (-0.124),0.0
REC-04006,2026-09-11T09:01:45Z,SITE-C,ESP32-C01,v1.4,NORMAL,0.5543,0.25219,0.01042,0.12469,0.38994,-0.07571,-0.16324,0.06088,-0.1226,0.07772,power_mw (+0.390),panel_temp2_c (-0.163),current_ma (+0.125),0.0
REC-04007,2026-09-11T09:01:50Z,SITE-C,ESP32-C01,v1.4,NORMAL,0.5419,0.25219,0.01075,0.12312,0.38273,-0.07544,-0.16404,0.06031,-0.12492,0.07724,power_mw (+0.383),panel_temp2_c (-0.164),irradiance_lux (-0.125),-0.0
REC-04008,2026-09-11T09:01:55Z,SITE-C,ESP32-C01,v1.4,NORMAL,0.5423,0.25219,0.00898,0.12416,0.38597,-0.07653,-0.16697,0.06075,-0.12393,0.0777,power_mw (+0.386),panel_temp2_c (-0.167),current_ma (+0.124),0.0
REC-04009,2026-09-11T09:02:00Z,SITE-C,ESP32-C01,v1.4,NORMAL,0.5384,0.25219,0.0108,0.12276,0.38473,-0.07649,-0.16738,0.05984,-0.12605,0.07799,power_mw (+0.385),panel_temp2_c (-0.167),irradiance_lux (-0.126),0.0
REC-04010,2026-09-11T09:02:05Z,SITE-C,ESP32-C01,v1.4,NORMAL,0.5461,0.25219,0.01049,0.1229,0.39023,-0.0773,-0.16745,0.05976,-0.12459,0.07981,power_mw (+0.390),panel_temp2_c (-0.167),irradiance_lux (-0.125),0.0
REC-04011,2026-09-11T09:02:10Z,SITE-C,ESP32-C01,v1.4,NORMAL,0.537,0.25219,0.01002,0.12339,0.38688,-0.07679,-0.17027,0.05973,-0.12603,0.07789,power_mw (+0.387),panel_temp2_c (-0.170),irradiance_lux (-0.126),-0.0
REC-04012,2026-09-11T09:02:15Z,SITE-C,ESP32-C01,v1.4,NORMAL,0.5478,0.25219,0.01089,0.1226,0.39208,-0.07797,-0.16639,0.05978,-0.12528,0.07989,power_mw (+0.392),panel_temp2_c (-0.166),irradiance_lux (-0.125),-0.0
REC-04013,2026-09-11T09:02:20Z,SITE-C,ESP32-C01,v1.4,NORMAL,0.5494,0.25219,0.01045,0.12273,0.39508,-0.07858,-0.16642,0.05933,-0.12661,0.08127,power_mw (+0.395),panel_temp2_c (-0.166),irradiance_lux (-0.127),0.0
REC-04014,2026-09-11T09:02:25Z,SITE-C,ESP32-C01,v1.4,NORMAL,0.5453,0.25219,0.01261,0.12331,0.39181,-0.07593,-0.16898,0.05884,-0.12665,0.07814,power_mw (+0.392),panel_temp2_c (-0.169),irradiance_lux (-0.127),-0.0
REC-04015,2026-09-11T09:02:30Z,SITE-C,ESP32-C01,v1.4,NORMAL,0.5427,0.25219,0.01117,0.12305,0.38875,-0.07653,-0.16763,0.05947,-0.12618,0.07844,power_mw (+0.389),panel_temp2_c (-0.168),irradiance_lux (-0.126),0.0
REC-04016,2026-09-11T09:02:35Z,SITE-C,ESP32-C01,v1.4,NORMAL,0.5431,0.25219,0.00931,0.12332,0.39215,-0.07926,-0.16865,0.06046,-0.12563,0.07923,power_mw (+0.392),panel_temp2_c (-0.169),irradiance_lux (-0.126),-0.0
REC-04017,2026-09-11T09:02:40Z,SITE-C,ESP32-C01,v1.4,NORMAL,0.5352,0.25219,0.0074,0.12246,0.38742,-0.08047,-0.16793,0.06083,-0.12657,0.07991,power_mw (+0.387),panel_temp2_c (-0.168),irradiance_lux (-0.127),-0.0
REC-04018,2026-09-11T09:02:45Z,SITE-C,ESP32-C01,v1.4,NORMAL,0.5304,0.25219,0.00834,0.12153,0.38402,-0.07965,-0.16943,0.06037,-0.12628,0.07931,power_mw (+0.384),panel_temp2_c (-0.169),irradiance_lux (-0.126),0.0
REC-04019,2026-09-11T09:02:50Z,SITE-C,ESP32-C01,v1.4,NORMAL,0.5335,0.25219,0.00793,0.122,0.38902,-0.08048,-0.17082,0.06004,-0.12675,0.08036,power_mw (+0.389),panel_temp2_c (-0.171),irradiance_lux (-0.127),0.0
REC-04020,2026-09-11T09:02:55Z,SITE-C,ESP32-C01,v1.4,NORMAL,0.5428,0.25219,0.01092,0.12305,0.39051,-0.07721,-0.16865,0.05953,-0.12608,0.07858,power_mw (+0.391),panel_temp2_c (-0.169),irradiance_lux (-0.126),-0.0
REC-04021,2026-09-11T09:16:00Z,SITE-A,ESP32-A01,v1.4,PARTIAL_SHADING,0.4458,0.2099,0.05381,0.02319,0.10378,0.06583,-0.02887,-0.07116,0.00043,0.08884,power_mw (+0.104),dust_vo_v (+0.089),ambient_temp_c (-0.071),-0.0
REC-04022,2026-09-11T09:16:05Z,SITE-A,ESP32-A01,v1.4,PARTIAL_SHADING,0.4412,0.2099,0.05314,0.02334,0.10405,0.06409,-0.0285,-0.07087,0.00046,0.0856,power_mw (+0.104),dust_vo_v (+0.086),ambient_temp_c (-0.071),-0.0
REC-04023,2026-09-11T09:16:10Z,SITE-A,ESP32-A01,v1.4,PARTIAL_SHADING,0.4421,0.2099,0.05404,0.02233,0.10344,0.06526,-0.03135,-0.07055,-0.00052,0.08949,power_mw (+0.103),dust_vo_v (+0.089),ambient_temp_c (-0.071),-0.0
REC-04024,2026-09-11T09:16:15Z,SITE-A,ESP32-A01,v1.4,PARTIAL_SHADING,0.4374,0.2099,0.05282,0.02327,0.1037,0.06561,-0.02895,-0.07215,-0.00056,0.0838,power_mw (+0.104),dust_vo_v (+0.084),ambient_temp_c (-0.072),-0.0
REC-04025,2026-09-11T09:16:20Z,SITE-A,ESP32-A01,v1.4,PARTIAL_SHADING,0.44,0.2099,0.05384,0.02296,0.10309,0.06442,-0.03071,-0.07143,-7e-05,0.08799,power_mw (+0.103),dust_vo_v (+0.088),ambient_temp_c (-0.071),0.0
REC-04026,2026-09-11T09:16:25Z,SITE-A,ESP32-A01,v1.4,PARTIAL_SHADING,0.4337,0.2099,0.05215,0.0228,0.10313,0.06253,-0.03013,-0.0715,-0.00085,0.08564,power_mw (+0.103),dust_vo_v (+0.086),ambient_temp_c (-0.072),-0.0
REC-04027,2026-09-11T09:16:30Z,SITE-A,ESP32-A01,v1.4,PARTIAL_SHADING,0.4409,0.2099,0.0526,0.02288,0.10396,0.06538,-0.03076,-0.07085,0.0002,0.08757,power_mw (+0.104),dust_vo_v (+0.088),ambient_temp_c (-0.071),-0.0
REC-04028,2026-09-11T09:16:35Z,SITE-A,ESP32-A01,v1.4,PARTIAL_SHADING,0.4453,0.2099,0.05411,0.02262,0.10361,0.0647,-0.02848,-0.0705,-0.00044,0.08974,power_mw (+0.104),dust_vo_v (+0.090),ambient_temp_c (-0.071),0.0
REC-04029,2026-09-11T09:16:40Z,SITE-A,ESP32-A01,v1.4,PARTIAL_SHADING,0.4365,0.2099,0.05239,0.02296,0.10319,0.06552,-0.02922,-0.07269,-0.00118,0.08561,power_mw (+0.103),dust_vo_v (+0.086),ambient_temp_c (-0.073),-0.0
REC-04030,2026-09-11T09:16:45Z,SITE-A,ESP32-A01,v1.4,PARTIAL_SHADING,0.4369,0.2099,0.05217,0.02258,0.10349,0.06436,-0.03136,-0.07128,-0.0005,0.08754,power_mw (+0.103),dust_vo_v (+0.088),ambient_temp_c (-0.071),0.0
REC-04031,2026-09-11T09:16:50Z,SITE-A,ESP32-A01,v1.4,PARTIAL_SHADING,0.4433,0.2099,0.05322,0.02295,0.10357,0.06735,-0.02986,-0.07222,-0.00038,0.08876,power_mw (+0.104),dust_vo_v (+0.089),ambient_temp_c (-0.072),-0.0
REC-04032,2026-09-11T09:16:55Z,SITE-A,ESP32-A01,v1.4,PARTIAL_SHADING,0.4503,0.2099,0.05463,0.02241,0.10372,0.06626,-0.02802,-0.07055,-0.00066,0.09265,power_mw (+0.104),dust_vo_v (+0.093),ambient_temp_c (-0.071),-0.0
REC-04033,2026-09-11T09:17:00Z,SITE-A,ESP32-A01,v1.4,PARTIAL_SHADING,0.4321,0.2099,0.05313,0.02313,0.10307,0.06562,-0.03154,-0.07352,-0.00088,0.08322,power_mw (+0.103),dust_vo_v (+0.083),ambient_temp_c (-0.074),0.0
REC-04034,2026-09-11T09:17:05Z,SITE-A,ESP32-A01,v1.4,PARTIAL_SHADING,0.438,0.2099,0.05176,0.02295,0.10385,0.06617,-0.03089,-0.07202,-0.00022,0.08646,power_mw (+0.104),dust_vo_v (+0.086),ambient_temp_c (-0.072),-0.0
REC-04035,2026-09-11T09:17:10Z,SITE-A,ESP32-A01,v1.4,PARTIAL_SHADING,0.4468,0.2099,0.05472,0.02356,0.10471,0.06534,-0.02643,-0.07086,0.00075,0.0851,power_mw (+0.105),dust_vo_v (+0.085),ambient_temp_c (-0.071),-0.0
REC-04036,2026-09-11T09:17:15Z,SITE-A,ESP32-A01,v1.4,PARTIAL_SHADING,0.4427,0.2099,0.05443,0.02324,0.1041,0.06648,-0.02984,-0.0716,0.0003,0.08573,power_mw (+0.104),dust_vo_v (+0.086),ambient_temp_c (-0.072),-0.0
REC-04037,2026-09-11T09:17:20Z,SITE-A,ESP32-A01,v1.4,PARTIAL_SHADING,0.4412,0.2099,0.05386,0.02328,0.10399,0.0684,-0.02984,-0.07265,-0.00033,0.08456,power_mw (+0.104),dust_vo_v (+0.085),ambient_temp_c (-0.073),-0.0
REC-04038,2026-09-11T09:17:25Z,SITE-A,ESP32-A01,v1.4,PARTIAL_SHADING,0.4472,0.2099,0.05473,0.02297,0.10422,0.0666,-0.02963,-0.07074,0.00045,0.08866,power_mw (+0.104),dust_vo_v (+0.089),ambient_temp_c (-0.071),-0.0
REC-04039,2026-09-11T09:17:30Z,SITE-A,ESP32-A01,v1.4,PARTIAL_SHADING,0.4562,0.2099,0.05535,0.02276,0.10485,0.06745,-0.02649,-0.06931,0.00044,0.09124,power_mw (+0.105),dust_vo_v (+0.091),ambient_temp_c (-0.069),0.0
REC-04040,2026-09-11T09:17:35Z,SITE-A,ESP32-A01,v1.4,PARTIAL_SHADING,0.4426,0.2099,0.05191,0.02345,0.10489,0.06576,-0.02901,-0.07057,0.00104,0.08526,power_mw (+0.105),dust_vo_v (+0.085),ambient_temp_c (-0.071),0.0
REC-04041,2026-09-11T09:17:40Z,SITE-A,ESP32-A01,v1.4,PARTIAL_SHADING,0.4504,0.2099,0.05237,0.02313,0.10559,0.06851,-0.02799,-0.06972,0.00108,0.08753,power_mw (+0.106),dust_vo_v (+0.088),ambient_temp_c (-0.070),0.0
REC-04042,2026-09-11T09:17:45Z,SITE-A,ESP32-A01,v1.4,PARTIAL_SHADING,0.4546,0.2099,0.05325,0.02318,0.10569,0.06772,-0.02705,-0.06888,0.00161,0.08923,power_mw (+0.106),dust_vo_v (+0.089),ambient_temp_c (-0.069),0.0
REC-04043,2026-09-11T09:17:50Z,SITE-A,ESP32-A01,v1.4,PARTIAL_SHADING,0.4541,0.2099,0.05261,0.02327,0.10624,0.0663,-0.02448,-0.06813,0.00169,0.08665,power_mw (+0.106),dust_vo_v (+0.087),ambient_temp_c (-0.068),-0.0
REC-04044,2026-09-11T09:17:55Z,SITE-A,ESP32-A01,v1.4,PARTIAL_SHADING,0.4566,0.2099,0.05329,0.02313,0.10624,0.07091,-0.02723,-0.06907,0.00162,0.08775,power_mw (+0.106),dust_vo_v (+0.088),panel_temp1_c (+0.071),0.0
REC-04045,2026-09-11T09:18:00Z,SITE-A,ESP32-A01,v1.4,PARTIAL_SHADING,0.4519,0.2099,0.05204,0.02314,0.10632,0.06665,-0.02729,-0.06777,0.00235,0.08653,power_mw (+0.106),dust_vo_v (+0.087),ambient_temp_c (-0.068),0.0
REC-04046,2026-09-11T09:18:05Z,SITE-A,ESP32-A01,v1.4,PARTIAL_SHADING,0.4671,0.2099,0.05309,0.02309,0.10752,0.06947,-0.02536,-0.06577,0.00365,0.09152,power_mw (+0.108),dust_vo_v (+0.092),panel_temp1_c (+0.069),-0.0
REC-04047,2026-09-11T09:18:10Z,SITE-A,ESP32-A01,v1.4,PARTIAL_SHADING,0.4638,0.2099,0.05364,0.0234,0.10746,0.06834,-0.02227,-0.06686,0.00327,0.08693,power_mw (+0.107),dust_vo_v (+0.087),panel_temp1_c (+0.068),0.0
REC-04048,2026-09-11T09:18:15Z,SITE-A,ESP32-A01,v1.4,PARTIAL_SHADING,0.48,0.2099,0.05844,0.0239,0.10808,0.07115,-0.02033,-0.06593,0.00398,0.09082,power_mw (+0.108),dust_vo_v (+0.091),panel_temp1_c (+0.071),0.0
REC-04049,2026-09-11T09:18:20Z,SITE-A,ESP32-A01,v1.4,PARTIAL_SHADING,0.4749,0.2099,0.05828,0.02383,0.10784,0.0702,-0.02006,-0.06657,0.00367,0.08782,power_mw (+0.108),dust_vo_v (+0.088),panel_temp1_c (+0.070),0.0
REC-04050,2026-09-11T09:18:25Z,SITE-A,ESP32-A01,v1.4,PARTIAL_SHADING,0.4652,0.2099,0.05674,0.02357,0.10704,0.07031,-0.02457,-0.06789,0.00301,0.08704,power_mw (+0.107),dust_vo_v (+0.087),panel_temp1_c (+0.070),-0.0
REC-04051,2026-09-11T09:18:30Z,SITE-A,ESP32-A01,v1.4,PARTIAL_SHADING,0.4634,0.2099,0.05434,0.02308,0.1071,0.07083,-0.02397,-0.06783,0.00237,0.08753,power_mw (+0.107),dust_vo_v (+0.088),panel_temp1_c (+0.071),0.0
REC-04052,2026-09-11T09:18:35Z,SITE-A,ESP32-A01,v1.4,PARTIAL_SHADING,0.4666,0.2099,0.05374,0.02356,0.10733,0.06682,-0.02088,-0.06646,0.00292,0.08968,power_mw (+0.107),dust_vo_v (+0.090),panel_temp1_c (+0.067),0.0
REC-04053,2026-09-11T09:18:40Z,SITE-A,ESP32-A01,v1.4,PARTIAL_SHADING,0.4568,0.2099,0.0532,0.02353,0.1066,0.06908,-0.02627,-0.06871,0.00257,0.0869,power_mw (+0.107),dust_vo_v (+0.087),panel_temp1_c (+0.069),-0.0
REC-04054,2026-09-11T09:18:45Z,SITE-A,ESP32-A01,v1.4,PARTIAL_SHADING,0.454,0.2099,0.05317,0.02369,0.10626,0.06893,-0.02652,-0.06948,0.00232,0.08578,power_mw (+0.106),dust_vo_v (+0.086),ambient_temp_c (-0.069),0.0
REC-04055,2026-09-11T09:18:50Z,SITE-A,ESP32-A01,v1.4,PARTIAL_SHADING,0.4582,0.2099,0.05351,0.02338,0.1067,0.06911,-0.02548,-0.06849,0.00232,0.08724,power_mw (+0.107),dust_vo_v (+0.087),panel_temp1_c (+0.069),-0.0
REC-04056,2026-09-11T09:18:55Z,SITE-A,ESP32-A01,v1.4,PARTIAL_SHADING,0.4606,0.2099,0.05469,0.02348,0.10656,0.0686,-0.02507,-0.06829,0.00232,0.08836,power_mw (+0.107),dust_vo_v (+0.088),panel_temp1_c (+0.069),0.0
REC-04057,2026-09-11T09:19:00Z,SITE-A,ESP32-A01,v1.4,PARTIAL_SHADING,0.4646,0.2099,0.05614,0.02355,0.10691,0.06982,-0.02392,-0.06802,0.0025,0.08769,power_mw (+0.107),dust_vo_v (+0.088),panel_temp1_c (+0.070),0.0
REC-04058,2026-09-11T09:19:05Z,SITE-A,ESP32-A01,v1.4,PARTIAL_SHADING,0.464,0.2099,0.05572,0.02324,0.10652,0.0706,-0.02627,-0.0681,0.00227,0.09016,power_mw (+0.107),dust_vo_v (+0.090),panel_temp1_c (+0.071),-0.0
REC-04059,2026-09-11T09:19:10Z,SITE-A,ESP32-A01,v1.4,PARTIAL_SHADING,0.4562,0.2099,0.05683,0.02363,0.10601,0.06755,-0.02596,-0.06894,0.00205,0.08509,power_mw (+0.106),dust_vo_v (+0.085),ambient_temp_c (-0.069),-0.0
REC-04060,2026-09-11T09:19:15Z,SITE-A,ESP32-A01,v1.4,PARTIAL_SHADING,0.4674,0.2099,0.05508,0.02299,0.10669,0.06967,-0.02568,-0.06691,0.00268,0.09298,power_mw (+0.107),dust_vo_v (+0.093),panel_temp1_c (+0.070),0.0
REC-04061,2026-09-11T09:19:20Z,SITE-A,ESP32-A01,v1.4,PARTIAL_SHADING,0.4567,0.2099,0.0547,0.02322,0.10608,0.0676,-0.02705,-0.06825,0.00214,0.08834,power_mw (+0.106),dust_vo_v (+0.088),ambient_temp_c (-0.068),-0.0
REC-04062,2026-09-11T09:19:25Z,SITE-A,ESP32-A01,v1.4,PARTIAL_SHADING,0.461,0.2099,0.0554,0.02313,0.10628,0.06999,-0.02713,-0.06827,0.00207,0.08961,power_mw (+0.106),dust_vo_v (+0.090),panel_temp1_c (+0.070),0.0
REC-04063,2026-09-11T09:19:30Z,SITE-A,ESP32-A01,v1.4,PARTIAL_SHADING,0.4704,0.2099,0.05648,0.02367,0.10682,0.06879,-0.02172,-0.06741,0.00273,0.09117,power_mw (+0.107),dust_vo_v (+0.091),panel_temp1_c (+0.069),0.0
REC-04064,2026-09-11T09:19:35Z,SITE-A,ESP32-A01,v1.4,PARTIAL_SHADING,0.4641,0.2099,0.05492,0.02373,0.10701,0.07013,-0.02489,-0.06821,0.00293,0.08853,power_mw (+0.107),dust_vo_v (+0.089),panel_temp1_c (+0.070),0.0
REC-04065,2026-09-11T09:19:40Z,SITE-A,ESP32-A01,v1.4,PARTIAL_SHADING,0.4675,0.2099,0.05399,0.02347,0.10746,0.0674,-0.02453,-0.06601,0.00408,0.09178,power_mw (+0.107),dust_vo_v (+0.092),panel_temp1_c (+0.067),-0.0
REC-04066,2026-09-11T09:19:45Z,SITE-A,ESP32-A01,v1.4,PARTIAL_SHADING,0.4451,0.2099,0.05177,0.02307,0.10606,0.06597,-0.02639,-0.06928,0.00165,0.08232,power_mw (+0.106),dust_vo_v (+0.082),ambient_temp_c (-0.069),-0.0
REC-04067,2026-09-11T09:19:50Z,SITE-A,ESP32-A01,v1.4,PARTIAL_SHADING,0.4699,0.2099,0.05686,0.02328,0.10666,0.0701,-0.02432,-0.06765,0.00249,0.09262,power_mw (+0.107),dust_vo_v (+0.093),panel_temp1_c (+0.070),-0.0
REC-04068,2026-09-11T09:19:55Z,SITE-A,ESP32-A01,v1.4,PARTIAL_SHADING,0.4676,0.2099,0.05397,0.02345,0.10724,0.07033,-0.02436,-0.0675,0.00297,0.09161,power_mw (+0.107),dust_vo_v (+0.092),panel_temp1_c (+0.070),-0.0
REC-04069,2026-09-11T09:20:00Z,SITE-A,ESP32-A01,v1.4,PARTIAL_SHADING,0.466,0.2099,0.05608,0.02325,0.10652,0.07038,-0.02544,-0.06825,0.00219,0.09135,power_mw (+0.107),dust_vo_v (+0.091),panel_temp1_c (+0.070),0.0
REC-04070,2026-09-11T09:20:05Z,SITE-A,ESP32-A01,v1.4,PARTIAL_SHADING,0.469,0.2099,0.05688,0.02406,0.10707,0.07021,-0.02285,-0.06843,0.00296,0.08922,power_mw (+0.107),dust_vo_v (+0.089),panel_temp1_c (+0.070),-0.0
REC-04071,2026-09-11T09:20:10Z,SITE-A,ESP32-A01,v1.4,PARTIAL_SHADING,0.4633,0.2099,0.05557,0.02388,0.10705,0.0705,-0.02388,-0.06904,0.00249,0.08683,power_mw (+0.107),dust_vo_v (+0.087),panel_temp1_c (+0.070),0.0
REC-04072,2026-09-11T09:20:15Z,SITE-A,ESP32-A01,v1.4,PARTIAL_SHADING,0.4542,0.2099,0.05301,0.02377,0.1062,0.06758,-0.02603,-0.06952,0.00226,0.08708,power_mw (+0.106),dust_vo_v (+0.087),ambient_temp_c (-0.070),0.0
REC-04073,2026-09-11T09:20:20Z,SITE-A,ESP32-A01,v1.4,PARTIAL_SHADING,0.4516,0.2099,0.05353,0.02375,0.1061,0.0687,-0.02683,-0.07018,0.00206,0.08462,power_mw (+0.106),dust_vo_v (+0.085),ambient_temp_c (-0.070),-0.0
REC-04074,2026-09-11T09:20:25Z,SITE-A,ESP32-A01,v1.4,PARTIAL_SHADING,0.4726,0.2099,0.05804,0.02343,0.10695,0.06981,-0.0226,-0.06719,0.00263,0.09163,power_mw (+0.107),dust_vo_v (+0.092),panel_temp1_c (+0.070),-0.0
REC-04075,2026-09-11T09:20:30Z,SITE-A,ESP32-A01,v1.4,PARTIAL_SHADING,0.4578,0.2099,0.05438,0.02375,0.10642,0.06834,-0.02546,-0.06892,0.0024,0.08704,power_mw (+0.106),dust_vo_v (+0.087),ambient_temp_c (-0.069),-0.0
REC-04076,2026-09-11T09:20:35Z,SITE-A,ESP32-A01,v1.4,PARTIAL_SHADING,0.4585,0.2099,0.05307,0.0231,0.10674,0.06838,-0.02709,-0.06738,0.00266,0.08912,power_mw (+0.107),dust_vo_v (+0.089),panel_temp1_c (+0.068),0.0
REC-04077,2026-09-11T09:20:40Z,SITE-A,ESP32-A01,v1.4,PARTIAL_SHADING,0.4626,0.2099,0.05446,0.02362,0.10692,0.06784,-0.02402,-0.06758,0.00288,0.08859,power_mw (+0.107),dust_vo_v (+0.089),panel_temp1_c (+0.068),0.0
REC-04078,2026-09-11T09:20:45Z,SITE-A,ESP32-A01,v1.4,PARTIAL_SHADING,0.4558,0.2099,0.05466,0.02333,0.10635,0.06883,-0.02635,-0.06886,0.00207,0.08588,power_mw (+0.106),dust_vo_v (+0.086),ambient_temp_c (-0.069),-0.0
REC-04079,2026-09-11T09:20:50Z,SITE-A,ESP32-A01,v1.4,PARTIAL_SHADING,0.4692,0.2099,0.05658,0.02303,0.10642,0.0691,-0.0239,-0.06724,0.00215,0.09318,power_mw (+0.106),dust_vo_v (+0.093),panel_temp1_c (+0.069),0.0
REC-04080,2026-09-11T09:20:55Z,SITE-A,ESP32-A01,v1.4,PARTIAL_SHADING,0.4405,0.2099,0.05304,0.02332,0.105,0.06716,-0.03017,-0.07109,0.00094,0.0824,power_mw (+0.105),dust_vo_v (+0.082),ambient_temp_c (-0.071),0.0
REC-04081,2026-09-11T10:14:00Z,SITE-C,ESP32-C01,v1.4,NORMAL,0.3573,0.25219,0.02565,0.06131,0.13374,-0.03151,-0.0638,0.06344,-0.01418,-0.06953,power_mw (+0.134),dust_vo_v (-0.070),panel_temp2_c (-0.064),-0.0
REC-04082,2026-09-11T10:14:05Z,SITE-C,ESP32-C01,v1.4,NORMAL,0.4679,0.25219,0.03309,0.05647,0.16906,-0.03761,-0.06388,0.05782,-0.00863,0.00942,power_mw (+0.169),panel_temp2_c (-0.064),ambient_temp_c (+0.058),0.0
REC-04083,2026-09-11T10:14:10Z,SITE-C,ESP32-C01,v1.4,DUST,0.3797,0.22879,0.02508,-0.03851,0.0544,-0.01928,0.03439,-0.01529,-0.00057,0.11071,dust_vo_v (+0.111),power_mw (+0.054),current_ma (-0.039),0.0
REC-04084,2026-09-11T10:14:15Z,SITE-C,ESP32-C01,v1.4,DUST,0.3973,0.22879,0.0258,-0.03874,0.05769,-0.01888,0.03588,-0.0151,-0.00055,0.12241,dust_vo_v (+0.122),power_mw (+0.058),current_ma (-0.039),-0.0
REC-04085,2026-09-11T10:14:20Z,SITE-C,ESP32-C01,v1.4,NORMAL,0.3707,0.25219,0.02724,0.0595,0.14011,-0.03107,-0.06581,0.06107,-0.01211,-0.06046,power_mw (+0.140),panel_temp2_c (-0.066),ambient_temp_c (+0.061),0.0
REC-04086,2026-09-11T10:14:25Z,SITE-C,ESP32-C01,v1.4,NORMAL,0.3588,0.25219,0.02594,0.06195,0.13517,-0.03066,-0.06342,0.06352,-0.01166,-0.07426,power_mw (+0.135),dust_vo_v (-0.074),ambient_temp_c (+0.064),0.0
REC-04087,2026-09-11T10:14:30Z,SITE-C,ESP32-C01,v1.4,NORMAL,0.4114,0.25219,0.02892,0.06196,0.15181,-0.03394,-0.06493,0.06324,-0.00935,-0.03852,power_mw (+0.152),panel_temp2_c (-0.065),ambient_temp_c (+0.063),-0.0
REC-04088,2026-09-11T10:14:35Z,SITE-C,ESP32-C01,v1.4,DUST,0.3722,0.22879,0.02469,-0.0388,0.05325,-0.01896,0.03272,-0.01522,-0.0006,0.10628,dust_vo_v (+0.106),power_mw (+0.053),current_ma (-0.039),0.0
REC-04089,2026-09-11T10:14:40Z,SITE-C,ESP32-C01,v1.4,NORMAL,0.4379,0.25219,0.03048,0.05979,0.16007,-0.0352,-0.06231,0.06044,-0.00913,-0.01842,power_mw (+0.160),panel_temp2_c (-0.062),ambient_temp_c (+0.060),-0.0
REC-04090,2026-09-11T10:14:45Z,SITE-C,ESP32-C01,v1.4,NORMAL,0.3887,0.25219,0.02749,0.06131,0.1443,-0.03235,-0.06298,0.06257,-0.01176,-0.05208,power_mw (+0.144),panel_temp2_c (-0.063),ambient_temp_c (+0.063),-0.0
REC-04091,2026-09-11T10:14:50Z,SITE-C,ESP32-C01,v1.4,NORMAL,0.3785,0.25219,0.02746,0.05836,0.13899,-0.03139,-0.06392,0.06221,-0.00923,-0.05611,power_mw (+0.139),panel_temp2_c (-0.064),ambient_temp_c (+0.062),-0.0
REC-04092,2026-09-11T10:14:55Z,SITE-C,ESP32-C01,v1.4,NORMAL,0.3952,0.25219,0.02812,0.0611,0.14622,-0.03202,-0.06238,0.06293,-0.00865,-0.05232,power_mw (+0.146),ambient_temp_c (+0.063),panel_temp2_c (-0.062),0.0
REC-04093,2026-09-11T10:15:00Z,SITE-C,ESP32-C01,v1.4,DUST,0.3955,0.22879,0.02581,-0.03845,0.05735,-0.01826,0.03415,-0.01657,-0.00056,0.12325,dust_vo_v (+0.123),power_mw (+0.057),current_ma (-0.038),-0.0
REC-04094,2026-09-11T10:15:05Z,SITE-C,ESP32-C01,v1.4,DUST,0.4994,0.22879,0.03005,-0.0435,0.07549,-0.01615,0.03717,-0.01991,-0.00228,0.20969,dust_vo_v (+0.210),power_mw (+0.075),current_ma (-0.043),-0.0
REC-04095,2026-09-11T10:15:10Z,SITE-C,ESP32-C01,v1.4,NORMAL,0.3924,0.25219,0.02814,0.05803,0.14204,-0.03188,-0.06168,0.06249,-0.00733,-0.0496,power_mw (+0.142),ambient_temp_c (+0.062),panel_temp2_c (-0.062),0.0
REC-04096,2026-09-11T10:15:15Z,SITE-C,ESP32-C01,v1.4,NORMAL,0.3581,0.25219,0.02573,0.06071,0.13177,-0.03054,-0.06181,0.06442,-0.01006,-0.07429,power_mw (+0.132),dust_vo_v (-0.074),ambient_temp_c (+0.064),-0.0
REC-04097,2026-09-11T10:15:20Z,SITE-C,ESP32-C01,v1.4,NORMAL,0.4467,0.25219,0.03025,0.06083,0.15931,-0.03536,-0.0573,0.06289,-0.00656,-0.01953,power_mw (+0.159),ambient_temp_c (+0.063),current_ma (+0.061),-0.0
REC-04098,2026-09-11T10:15:25Z,SITE-C,ESP32-C01,v1.4,DUST,0.3915,0.22879,0.02566,-0.03802,0.05649,-0.01737,0.0332,-0.01738,-0.00082,0.12092,dust_vo_v (+0.121),power_mw (+0.056),current_ma (-0.038),0.0
REC-04099,2026-09-11T10:15:30Z,SITE-C,ESP32-C01,v1.4,NORMAL,0.4247,0.25219,0.0293,0.06054,0.15253,-0.03424,-0.06043,0.0631,-0.00669,-0.03164,power_mw (+0.153),ambient_temp_c (+0.063),current_ma (+0.061),-0.0
REC-04100,2026-09-11T10:15:35Z,SITE-C,ESP32-C01,v1.4,DUST,0.6036,0.22879,0.03388,-0.0354,0.09065,-0.01551,0.0419,-0.02404,-0.0026,0.2859,dust_vo_v (+0.286),power_mw (+0.091),panel_temp2_c (+0.042),0.0
REC-04101,2026-09-11T10:15:40Z,SITE-C,ESP32-C01,v1.4,NORMAL,0.4854,0.25219,0.03273,0.05699,0.16946,-0.03775,-0.05652,0.05948,-0.00427,0.01307,power_mw (+0.169),ambient_temp_c (+0.059),current_ma (+0.057),0.0
REC-04102,2026-09-11T10:15:45Z,SITE-C,ESP32-C01,v1.4,DUST,0.5087,0.22879,0.03072,-0.0387,0.07652,-0.01596,0.03896,-0.0203,-0.00211,0.21075,dust_vo_v (+0.211),power_mw (+0.077),panel_temp2_c (+0.039),-0.0
REC-04103,2026-09-11T10:15:50Z,SITE-C,ESP32-C01,v1.4,DUST,0.3874,0.22879,0.02559,-0.03719,0.05569,-0.01717,0.03224,-0.01728,-0.00048,0.11719,dust_vo_v (+0.117),power_mw (+0.056),current_ma (-0.037),0.0
REC-04104,2026-09-11T10:15:55Z,SITE-C,ESP32-C01,v1.4,NORMAL,0.4609,0.25219,0.03111,0.05925,0.16162,-0.03643,-0.05656,0.06237,-0.00535,-0.00735,power_mw (+0.162),ambient_temp_c (+0.062),current_ma (+0.059),-0.0
REC-04105,2026-09-11T10:16:00Z,SITE-C,ESP32-C01,v1.4,DUST,0.512,0.22879,0.0307,-0.04272,0.07717,-0.01528,0.03672,-0.02129,-0.00239,0.22034,dust_vo_v (+0.220),power_mw (+0.077),current_ma (-0.043),0.0
REC-04106,2026-09-11T10:16:05Z,SITE-C,ESP32-C01,v1.4,NORMAL,0.4462,0.25219,0.03046,0.05871,0.15663,-0.03572,-0.05905,0.06257,-0.00468,-0.01492,power_mw (+0.157),ambient_temp_c (+0.063),panel_temp2_c (-0.059),-0.0
REC-04107,2026-09-11T10:16:10Z,SITE-C,ESP32-C01,v1.4,NORMAL,0.4035,0.25219,0.02846,0.05818,0.14409,-0.03296,-0.05984,0.06244,-0.00786,-0.04119,power_mw (+0.144),ambient_temp_c (+0.062),panel_temp2_c (-0.060),-0.0
REC-04108,2026-09-11T10:16:15Z,SITE-C,ESP32-C01,v1.4,NORMAL,0.4665,0.25219,0.03164,0.05767,0.16178,-0.03715,-0.05699,0.06216,-0.00443,-0.00033,power_mw (+0.162),ambient_temp_c (+0.062),current_ma (+0.058),0.0
REC-04109,2026-09-11T10:16:20Z,SITE-C,ESP32-C01,v1.4,NORMAL,0.4003,0.25219,0.02793,0.06019,0.14476,-0.03238,-0.0602,0.06295,-0.00708,-0.04805,power_mw (+0.145),ambient_temp_c (+0.063),panel_temp2_c (-0.060),0.0
REC-04110,2026-09-11T10:16:25Z,SITE-C,ESP32-C01,v1.4,NORMAL,0.3893,0.25219,0.02729,0.0595,0.1397,-0.03211,-0.05948,0.06342,-0.00868,-0.05258,power_mw (+0.140),ambient_temp_c (+0.063),current_ma (+0.059),-0.0
REC-04111,2026-09-11T10:16:30Z,SITE-C,ESP32-C01,v1.4,DUST,0.373,0.22879,0.02471,-0.03699,0.05351,-0.01724,0.0317,-0.01637,-0.00063,0.10553,dust_vo_v (+0.106),power_mw (+0.054),current_ma (-0.037),0.0
REC-04112,2026-09-11T10:16:35Z,SITE-C,ESP32-C01,v1.4,DUST,0.5309,0.22879,0.03151,-0.0384,0.0803,-0.01562,0.03787,-0.02276,-0.00248,0.2317,dust_vo_v (+0.232),power_mw (+0.080),current_ma (-0.038),0.0
REC-04113,2026-09-11T10:16:40Z,SITE-C,ESP32-C01,v1.4,NORMAL,0.4201,0.25219,0.02873,0.05758,0.14449,-0.03398,-0.05576,0.06405,-0.00463,-0.03259,power_mw (+0.144),ambient_temp_c (+0.064),current_ma (+0.058),0.0
REC-04114,2026-09-11T10:16:45Z,SITE-C,ESP32-C01,v1.4,NORMAL,0.523,0.25219,0.03425,0.05448,0.17929,-0.04103,-0.05825,0.05619,-0.00213,0.04799,power_mw (+0.179),panel_temp2_c (-0.058),ambient_temp_c (+0.056),0.0
REC-04115,2026-09-11T10:16:50Z,SITE-C,ESP32-C01,v1.4,DUST,0.3616,0.22879,0.02406,-0.03523,0.05119,-0.01674,0.03267,-0.01553,-0.00039,0.09275,dust_vo_v (+0.093),power_mw (+0.051),current_ma (-0.035),0.0
REC-04116,2026-09-11T10:16:55Z,SITE-C,ESP32-C01,v1.4,NORMAL,0.4106,0.25219,0.02892,0.05692,0.1475,-0.03344,-0.06297,0.06013,-0.00704,-0.03162,power_mw (+0.147),panel_temp2_c (-0.063),ambient_temp_c (+0.060),-0.0
REC-04117,2026-09-11T10:17:00Z,SITE-C,ESP32-C01,v1.4,DUST,0.4676,0.22879,0.02884,-0.04134,0.07032,-0.01621,0.03588,-0.01943,-0.00174,0.18246,dust_vo_v (+0.182),power_mw (+0.070),current_ma (-0.041),0.0
REC-04118,2026-09-11T10:17:05Z,SITE-C,ESP32-C01,v1.4,NORMAL,0.3958,0.25219,0.02811,0.05899,0.14305,-0.03155,-0.05824,0.06329,-0.00696,-0.05311,power_mw (+0.143),ambient_temp_c (+0.063),current_ma (+0.059),-0.0
REC-04119,2026-09-11T10:17:10Z,SITE-C,ESP32-C01,v1.4,NORMAL,0.4336,0.25219,0.02934,0.05863,0.15243,-0.03485,-0.05875,0.06192,-0.00535,-0.02194,power_mw (+0.152),ambient_temp_c (+0.062),panel_temp2_c (-0.059),0.0
REC-04120,2026-09-11T10:17:15Z,SITE-C,ESP32-C01,v1.4,NORMAL,0.4413,0.25219,0.03071,0.05652,0.15727,-0.03512,-0.06178,0.05899,-0.00516,-0.01228,power_mw (+0.157),panel_temp2_c (-0.062),ambient_temp_c (+0.059),-0.0
REC-04121,2026-09-11T10:17:20Z,SITE-C,ESP32-C01,v1.4,NORMAL,0.3557,0.25219,0.0254,0.06108,0.12965,-0.02964,-0.05965,0.06523,-0.00789,-0.08071,power_mw (+0.130),dust_vo_v (-0.081),ambient_temp_c (+0.065),0.0
REC-04122,2026-09-11T10:17:25Z,SITE-C,ESP32-C01,v1.4,NORMAL,0.401,0.25219,0.02798,0.05848,0.14367,-0.03275,-0.05995,0.06202,-0.00809,-0.04259,power_mw (+0.144),ambient_temp_c (+0.062),panel_temp2_c (-0.060),0.0
REC-04123,2026-09-11T10:17:30Z,SITE-C,ESP32-C01,v1.4,DUST,0.4425,0.22879,0.02779,-0.03813,0.06585,-0.01616,0.03612,-0.0183,-0.00095,0.15747,dust_vo_v (+0.157),power_mw (+0.066),current_ma (-0.038),0.0
REC-04124,2026-09-11T10:17:35Z,SITE-C,ESP32-C01,v1.4,NORMAL,0.407,0.25219,0.02877,0.05859,0.14687,-0.03219,-0.05805,0.06252,-0.00666,-0.04501,power_mw (+0.147),ambient_temp_c (+0.063),current_ma (+0.059),-0.0
REC-04125,2026-09-11T10:17:40Z,SITE-C,ESP32-C01,v1.4,DUST,0.4244,0.22879,0.02694,-0.04098,0.063,-0.0163,0.03276,-0.01888,-0.00118,0.15027,dust_vo_v (+0.150),power_mw (+0.063),current_ma (-0.041),-0.0
REC-04126,2026-09-11T10:17:45Z,SITE-C,ESP32-C01,v1.4,NORMAL,0.4645,0.25219,0.03158,0.05684,0.16262,-0.03691,-0.05932,0.05972,-0.00467,0.00243,power_mw (+0.163),ambient_temp_c (+0.060),panel_temp2_c (-0.059),0.0
REC-04127,2026-09-11T10:17:50Z,SITE-C,ESP32-C01,v1.4,NORMAL,0.4872,0.25219,0.03211,0.05767,0.16784,-0.03886,-0.05761,0.06148,-0.0035,0.0159,power_mw (+0.168),ambient_temp_c (+0.061),current_ma (+0.058),0.0
REC-04128,2026-09-11T10:17:55Z,SITE-C,ESP32-C01,v1.4,DUST,0.3777,0.22879,0.02494,-0.03614,0.05417,-0.01727,0.03321,-0.01623,-0.00033,0.10651,dust_vo_v (+0.107),power_mw (+0.054),current_ma (-0.036),0.0
REC-04129,2026-09-11T10:18:00Z,SITE-C,ESP32-C01,v1.4,NORMAL,0.4218,0.25219,0.02887,0.06028,0.15168,-0.03388,-0.05666,0.0624,-0.00939,-0.03368,power_mw (+0.152),ambient_temp_c (+0.062),current_ma (+0.060),0.0
REC-04130,2026-09-11T10:18:05Z,SITE-C,ESP32-C01,v1.4,NORMAL,0.4061,0.25219,0.02807,0.06036,0.14586,-0.0334,-0.05932,0.06363,-0.00939,-0.04193,power_mw (+0.146),ambient_temp_c (+0.064),current_ma (+0.060),-0.0
REC-04131,2026-09-11T10:18:10Z,SITE-C,ESP32-C01,v1.4,NORMAL,0.4493,0.25219,0.03072,0.05822,0.15921,-0.03571,-0.05935,0.06096,-0.00549,-0.01144,power_mw (+0.159),ambient_temp_c (+0.061),panel_temp2_c (-0.059),-0.0
REC-04132,2026-09-11T10:18:15Z,SITE-C,ESP32-C01,v1.4,NORMAL,0.4609,0.25219,0.03138,0.05823,0.16192,-0.03594,-0.05555,0.06168,-0.00449,-0.00852,power_mw (+0.162),ambient_temp_c (+0.062),current_ma (+0.058),0.0
REC-04133,2026-09-11T10:18:20Z,SITE-C,ESP32-C01,v1.4,NORMAL,0.3665,0.25219,0.02556,0.06315,0.13431,-0.02958,-0.05649,0.06576,-0.0072,-0.08121,power_mw (+0.134),dust_vo_v (-0.081),ambient_temp_c (+0.066),0.0
REC-04134,2026-09-11T10:18:25Z,SITE-C,ESP32-C01,v1.4,NORMAL,0.3877,0.25219,0.02709,0.06,0.1404,-0.03202,-0.06111,0.0633,-0.00862,-0.05351,power_mw (+0.140),ambient_temp_c (+0.063),panel_temp2_c (-0.061),0.0
REC-04135,2026-09-11T10:18:30Z,SITE-C,ESP32-C01,v1.4,NORMAL,0.441,0.25219,0.03003,0.05734,0.15499,-0.03604,-0.06178,0.06055,-0.00622,-0.0101,power_mw (+0.155),panel_temp2_c (-0.062),ambient_temp_c (+0.061),-0.0
REC-04136,2026-09-11T10:18:35Z,SITE-C,ESP32-C01,v1.4,DUST,0.3679,0.22879,0.02452,-0.0361,0.05257,-0.0177,0.03148,-0.01665,-0.00052,0.10147,dust_vo_v (+0.101),power_mw (+0.053),current_ma (-0.036),0.0
REC-04137,2026-09-11T10:18:40Z,SITE-C,ESP32-C01,v1.4,DUST,0.4073,0.22879,0.02623,-0.03763,0.05999,-0.01735,0.03335,-0.01761,-0.00077,0.1323,dust_vo_v (+0.132),power_mw (+0.060),current_ma (-0.038),0.0
REC-04138,2026-09-11T10:18:45Z,SITE-C,ESP32-C01,v1.4,NORMAL,0.3911,0.25219,0.02749,0.05793,0.13915,-0.03201,-0.05921,0.06294,-0.00744,-0.04998,power_mw (+0.139),ambient_temp_c (+0.063),panel_temp2_c (-0.059),0.0
REC-04139,2026-09-11T10:18:50Z,SITE-C,ESP32-C01,v1.4,DUST,0.3813,0.22879,0.02515,-0.03867,0.05523,-0.01712,0.03008,-0.01806,-0.00113,0.11698,dust_vo_v (+0.117),power_mw (+0.055),current_ma (-0.039),0.0
REC-04140,2026-09-11T10:18:55Z,SITE-C,ESP32-C01,v1.4,NORMAL,0.4377,0.25219,0.03067,0.05485,0.15155,-0.03518,-0.05974,0.06053,-0.00358,-0.01362,power_mw (+0.152),ambient_temp_c (+0.061),panel_temp2_c (-0.060),-0.0
REC-04141,2026-09-11T10:53:00Z,SITE-B,ESP32-B01,v1.4,NORMAL,0.7607,0.25219,0.05482,-0.00655,0.02021,0.04174,0.10576,0.04339,0.13542,0.1137,irradiance_lux (+0.135),dust_vo_v (+0.114),panel_temp2_c (+0.106),-0.0
REC-04142,2026-09-11T10:53:05Z,SITE-B,ESP32-B01,v1.4,NORMAL,0.78,0.25219,0.05635,-0.0058,0.02111,0.04266,0.10998,0.04374,0.13681,0.12298,irradiance_lux (+0.137),dust_vo_v (+0.123),panel_temp2_c (+0.110),0.0
REC-04143,2026-09-11T10:53:10Z,SITE-B,ESP32-B01,v1.4,NORMAL,0.7821,0.25219,0.05451,-0.00528,0.02727,0.04355,0.10971,0.04287,0.13791,0.1194,irradiance_lux (+0.138),dust_vo_v (+0.119),panel_temp2_c (+0.110),-0.0
REC-04144,2026-09-11T10:53:15Z,SITE-B,ESP32-B01,v1.4,NORMAL,0.7725,0.25219,0.05521,-0.00565,0.02291,0.04246,0.1087,0.04394,0.1366,0.11612,irradiance_lux (+0.137),dust_vo_v (+0.116),panel_temp2_c (+0.109),0.0
REC-04145,2026-09-11T10:53:20Z,SITE-B,ESP32-B01,v1.4,NORMAL,0.7824,0.25219,0.05621,-0.00551,0.02522,0.0417,0.10675,0.0427,0.13582,0.12729,irradiance_lux (+0.136),dust_vo_v (+0.127),panel_temp2_c (+0.107),-0.0
REC-04146,2026-09-11T10:53:25Z,SITE-B,ESP32-B01,v1.4,NORMAL,0.7816,0.25219,0.05563,-0.00524,0.02608,0.04226,0.10826,0.04287,0.13576,0.12377,irradiance_lux (+0.136),dust_vo_v (+0.124),panel_temp2_c (+0.108),-0.0
REC-04147,2026-09-11T10:53:30Z,SITE-B,ESP32-B01,v1.4,NORMAL,0.7732,0.25219,0.05415,-0.00607,0.02455,0.04179,0.10845,0.04254,0.13615,0.11948,irradiance_lux (+0.136),dust_vo_v (+0.119),panel_temp2_c (+0.108),-0.0
REC-04148,2026-09-11T10:53:35Z,SITE-B,ESP32-B01,v1.4,NORMAL,0.7769,0.25219,0.05567,-0.00545,0.02312,0.04386,0.10934,0.04364,0.13705,0.11748,irradiance_lux (+0.137),dust_vo_v (+0.117),panel_temp2_c (+0.109),-0.0
REC-04149,2026-09-11T10:53:40Z,SITE-B,ESP32-B01,v1.4,NORMAL,0.7733,0.25219,0.05513,-0.00529,0.02394,0.04413,0.10971,0.04382,0.13621,0.11346,irradiance_lux (+0.136),dust_vo_v (+0.113),panel_temp2_c (+0.110),0.0
REC-04150,2026-09-11T10:53:45Z,SITE-B,ESP32-B01,v1.4,NORMAL,0.7731,0.25219,0.05439,-0.00607,0.02485,0.04073,0.10696,0.04278,0.13647,0.1208,irradiance_lux (+0.136),dust_vo_v (+0.121),panel_temp2_c (+0.107),-0.0
REC-04151,2026-09-11T10:53:50Z,SITE-B,ESP32-B01,v1.4,NORMAL,0.7873,0.25219,0.05561,-0.00417,0.03096,0.04249,0.10787,0.04332,0.13639,0.12262,irradiance_lux (+0.136),dust_vo_v (+0.123),panel_temp2_c (+0.108),0.0
REC-04152,2026-09-11T10:53:55Z,SITE-B,ESP32-B01,v1.4,NORMAL,0.7821,0.25219,0.05522,-0.00511,0.02853,0.04174,0.10687,0.04248,0.13547,0.12473,irradiance_lux (+0.135),dust_vo_v (+0.125),panel_temp2_c (+0.107),0.0
REC-04153,2026-09-11T10:54:00Z,SITE-B,ESP32-B01,v1.4,NORMAL,0.7701,0.25219,0.05483,-0.00603,0.02287,0.04096,0.10751,0.04358,0.13603,0.11819,irradiance_lux (+0.136),dust_vo_v (+0.118),panel_temp2_c (+0.108),-0.0
REC-04154,2026-09-11T10:54:05Z,SITE-B,ESP32-B01,v1.4,NORMAL,0.7847,0.25219,0.05484,-0.00491,0.02811,0.04182,0.11062,0.04349,0.13641,0.12217,irradiance_lux (+0.136),dust_vo_v (+0.122),panel_temp2_c (+0.111),0.0
REC-04155,2026-09-11T10:54:10Z,SITE-B,ESP32-B01,v1.4,NORMAL,0.7794,0.25219,0.05616,-0.00518,0.02395,0.04276,0.10925,0.04354,0.13503,0.1217,irradiance_lux (+0.135),dust_vo_v (+0.122),panel_temp2_c (+0.109),-0.0
REC-04156,2026-09-11T10:54:15Z,SITE-B,ESP32-B01,v1.4,NORMAL,0.7788,0.25219,0.0558,-0.00493,0.02669,0.04333,0.10738,0.04286,0.13458,0.12093,irradiance_lux (+0.135),dust_vo_v (+0.121),panel_temp2_c (+0.107),-0.0
REC-04157,2026-09-11T10:54:20Z,SITE-B,ESP32-B01,v1.4,NORMAL,0.7698,0.25219,0.05482,-0.00573,0.02351,0.0408,0.10785,0.04389,0.13567,0.11681,irradiance_lux (+0.136),dust_vo_v (+0.117),panel_temp2_c (+0.108),0.0
REC-04158,2026-09-11T10:54:25Z,SITE-B,ESP32-B01,v1.4,NORMAL,0.7777,0.25219,0.05572,-0.00575,0.0234,0.04285,0.10831,0.04254,0.13547,0.12299,irradiance_lux (+0.135),dust_vo_v (+0.123),panel_temp2_c (+0.108),-0.0
REC-04159,2026-09-11T10:54:30Z,SITE-B,ESP32-B01,v1.4,NORMAL,0.7829,0.25219,0.05493,-0.00497,0.02868,0.04154,0.10891,0.0425,0.13479,0.12436,irradiance_lux (+0.135),dust_vo_v (+0.124),panel_temp2_c (+0.109),0.0
REC-04160,2026-09-11T10:54:35Z,SITE-B,ESP32-B01,v1.4,NORMAL,0.7768,0.25219,0.05486,-0.00481,0.02863,0.04192,0.10689,0.04317,0.13543,0.11853,irradiance_lux (+0.135),dust_vo_v (+0.119),panel_temp2_c (+0.107),-0.0
REC-04161,2026-09-11T10:54:40Z,SITE-B,ESP32-B01,v1.4,NORMAL,0.7949,0.25219,0.05598,-0.00521,0.02917,0.04153,0.10792,0.04169,0.13695,0.13471,irradiance_lux (+0.137),dust_vo_v (+0.135),panel_temp2_c (+0.108),0.0
REC-04162,2026-09-11T10:54:45Z,SITE-B,ESP32-B01,v1.4,NORMAL,0.7815,0.25219,0.05539,-0.00514,0.02709,0.04095,0.10762,0.04333,0.13672,0.12333,irradiance_lux (+0.137),dust_vo_v (+0.123),panel_temp2_c (+0.108),-0.0
REC-04163,2026-09-11T10:54:50Z,SITE-B,ESP32-B01,v1.4,NORMAL,0.7843,0.25219,0.05541,-0.00536,0.02657,0.04142,0.10878,0.04274,0.13641,0.12615,irradiance_lux (+0.136),dust_vo_v (+0.126),panel_temp2_c (+0.109),0.0
REC-04164,2026-09-11T10:54:55Z,SITE-B,ESP32-B01,v1.4,NORMAL,0.7698,0.25219,0.05558,-0.00521,0.02346,0.04155,0.10744,0.04478,0.13598,0.11407,irradiance_lux (+0.136),dust_vo_v (+0.114),panel_temp2_c (+0.107),0.0
REC-04165,2026-09-11T10:55:00Z,SITE-B,ESP32-B01,v1.4,NORMAL,0.7782,0.25219,0.05526,-0.00604,0.02254,0.04197,0.10976,0.04326,0.13727,0.12201,irradiance_lux (+0.137),dust_vo_v (+0.122),panel_temp2_c (+0.110),-0.0
REC-04166,2026-09-11T10:55:05Z,SITE-B,ESP32-B01,v1.4,NORMAL,0.7791,0.25219,0.05529,-0.00553,0.0252,0.04133,0.10861,0.04322,0.13583,0.12301,irradiance_lux (+0.136),dust_vo_v (+0.123),panel_temp2_c (+0.109),-0.0
REC-04167,2026-09-11T10:55:10Z,SITE-B,ESP32-B01,v1.4,NORMAL,0.7843,0.25219,0.0547,-0.00547,0.02594,0.04341,0.11098,0.04313,0.13858,0.12083,irradiance_lux (+0.139),dust_vo_v (+0.121),panel_temp2_c (+0.111),-0.0
REC-04168,2026-09-11T10:55:15Z,SITE-B,ESP32-B01,v1.4,NORMAL,0.7825,0.25219,0.05607,-0.00554,0.02315,0.04294,0.11,0.04341,0.13698,0.12328,irradiance_lux (+0.137),dust_vo_v (+0.123),panel_temp2_c (+0.110),-0.0
REC-04169,2026-09-11T10:55:20Z,SITE-B,ESP32-B01,v1.4,NORMAL,0.7744,0.25219,0.05513,-0.00596,0.02331,0.04169,0.10838,0.04281,0.13517,0.12173,irradiance_lux (+0.135),dust_vo_v (+0.122),panel_temp2_c (+0.108),-0.0
REC-04170,2026-09-11T10:55:25Z,SITE-B,ESP32-B01,v1.4,NORMAL,0.7738,0.25219,0.05541,-0.00522,0.02615,0.04057,0.10557,0.04376,0.13578,0.11956,irradiance_lux (+0.136),dust_vo_v (+0.120),panel_temp2_c (+0.106),0.0
REC-04171,2026-09-11T10:55:30Z,SITE-B,ESP32-B01,v1.4,NORMAL,0.7813,0.25219,0.05554,-0.0058,0.02297,0.04322,0.11043,0.04305,0.1374,0.12233,irradiance_lux (+0.137),dust_vo_v (+0.122),panel_temp2_c (+0.110),0.0
REC-04172,2026-09-11T10:55:35Z,SITE-B,ESP32-B01,v1.4,NORMAL,0.7778,0.25219,0.0545,-0.00628,0.02334,0.0417,0.10979,0.04283,0.1377,0.12201,irradiance_lux (+0.138),dust_vo_v (+0.122),panel_temp2_c (+0.110),0.0
REC-04173,2026-09-11T10:55:40Z,SITE-B,ESP32-B01,v1.4,NORMAL,0.7824,0.25219,0.05638,-0.00544,0.02374,0.04263,0.10865,0.04316,0.13604,0.12505,irradiance_lux (+0.136),dust_vo_v (+0.125),panel_temp2_c (+0.109),-0.0
REC-04174,2026-09-11T10:55:45Z,SITE-B,ESP32-B01,v1.4,NORMAL,0.7765,0.25219,0.0561,-0.006,0.02245,0.04128,0.10683,0.04282,0.1354,0.12544,irradiance_lux (+0.135),dust_vo_v (+0.125),panel_temp2_c (+0.107),-0.0
REC-04175,2026-09-11T10:55:50Z,SITE-B,ESP32-B01,v1.4,NORMAL,0.7711,0.25219,0.05477,-0.0066,0.02108,0.04175,0.10798,0.04305,0.13766,0.11921,irradiance_lux (+0.138),dust_vo_v (+0.119),panel_temp2_c (+0.108),0.0
REC-04176,2026-09-11T10:55:55Z,SITE-B,ESP32-B01,v1.4,NORMAL,0.7715,0.25219,0.05539,-0.00614,0.02141,0.04172,0.10748,0.04364,0.13749,0.11835,irradiance_lux (+0.137),dust_vo_v (+0.118),panel_temp2_c (+0.107),-0.0
REC-04177,2026-09-11T10:56:00Z,SITE-B,ESP32-B01,v1.4,NORMAL,0.7844,0.25219,0.05623,-0.0064,0.02103,0.04393,0.1092,0.04231,0.13884,0.12701,irradiance_lux (+0.139),dust_vo_v (+0.127),panel_temp2_c (+0.109),-0.0
REC-04178,2026-09-11T10:56:05Z,SITE-B,ESP32-B01,v1.4,NORMAL,0.7768,0.25219,0.05454,-0.00558,0.02529,0.04358,0.10926,0.04314,0.13778,0.11662,irradiance_lux (+0.138),dust_vo_v (+0.117),panel_temp2_c (+0.109),0.0
REC-04179,2026-09-11T10:56:10Z,SITE-B,ESP32-B01,v1.4,NORMAL,0.7734,0.25219,0.05521,-0.00615,0.02168,0.04445,0.10849,0.04301,0.13815,0.11633,irradiance_lux (+0.138),dust_vo_v (+0.116),panel_temp2_c (+0.108),0.0
REC-04180,2026-09-11T10:56:15Z,SITE-B,ESP32-B01,v1.4,NORMAL,0.766,0.25219,0.05505,-0.00657,0.01894,0.04208,0.10852,0.04382,0.13733,0.11461,irradiance_lux (+0.137),dust_vo_v (+0.115),panel_temp2_c (+0.109),-0.0
REC-04181,2026-09-11T10:56:20Z,SITE-B,ESP32-B01,v1.4,NORMAL,0.7743,0.25219,0.05603,-0.0055,0.02277,0.04238,0.10733,0.04383,0.1366,0.11867,irradiance_lux (+0.137),dust_vo_v (+0.119),panel_temp2_c (+0.107),-0.0
REC-04182,2026-09-11T10:56:25Z,SITE-B,ESP32-B01,v1.4,NORMAL,0.7711,0.25219,0.05319,-0.00599,0.02591,0.04063,0.10934,0.04293,0.13591,0.11702,irradiance_lux (+0.136),dust_vo_v (+0.117),panel_temp2_c (+0.109),0.0
REC-04183,2026-09-11T10:56:30Z,SITE-B,ESP32-B01,v1.4,NORMAL,0.7645,0.25219,0.05395,-0.0054,0.02581,0.04202,0.1068,0.04403,0.13612,0.10895,irradiance_lux (+0.136),dust_vo_v (+0.109),panel_temp2_c (+0.107),0.0
REC-04184,2026-09-11T10:56:35Z,SITE-B,ESP32-B01,v1.4,NORMAL,0.7752,0.25219,0.05563,-0.00593,0.02243,0.04222,0.10812,0.04317,0.13602,0.12134,irradiance_lux (+0.136),dust_vo_v (+0.121),panel_temp2_c (+0.108),-0.0
REC-04185,2026-09-11T10:56:40Z,SITE-B,ESP32-B01,v1.4,NORMAL,0.7827,0.25219,0.05625,-0.00572,0.02304,0.04212,0.10851,0.04353,0.13771,0.12503,irradiance_lux (+0.138),dust_vo_v (+0.125),panel_temp2_c (+0.109),-0.0
REC-04186,2026-09-11T10:56:45Z,SITE-B,ESP32-B01,v1.4,NORMAL,0.7845,0.25219,0.05585,-0.00563,0.02434,0.04057,0.10964,0.04355,0.13676,0.12725,irradiance_lux (+0.137),dust_vo_v (+0.127),panel_temp2_c (+0.110),0.0
REC-04187,2026-09-11T10:56:50Z,SITE-B,ESP32-B01,v1.4,NORMAL,0.7649,0.25219,0.05412,-0.0058,0.02296,0.04009,0.10825,0.04508,0.13732,0.11072,irradiance_lux (+0.137),dust_vo_v (+0.111),panel_temp2_c (+0.108),-0.0
REC-04188,2026-09-11T10:56:55Z,SITE-B,ESP32-B01,v1.4,NORMAL,0.7566,0.25219,0.05414,-0.0065,0.02068,0.03994,0.10559,0.04445,0.13613,0.10996,irradiance_lux (+0.136),dust_vo_v (+0.110),panel_temp2_c (+0.106),0.0
REC-04189,2026-09-11T10:57:00Z,SITE-B,ESP32-B01,v1.4,NORMAL,0.7786,0.25219,0.0548,-0.00573,0.0259,0.04067,0.10829,0.04276,0.13547,0.1243,irradiance_lux (+0.135),dust_vo_v (+0.124),panel_temp2_c (+0.108),-0.0
REC-04190,2026-09-11T10:57:05Z,SITE-B,ESP32-B01,v1.4,NORMAL,0.7765,0.25219,0.05459,-0.00589,0.0254,0.03955,0.10775,0.04332,0.13639,0.12318,irradiance_lux (+0.136),dust_vo_v (+0.123),panel_temp2_c (+0.108),0.0
REC-04191,2026-09-11T10:57:10Z,SITE-B,ESP32-B01,v1.4,NORMAL,0.7826,0.25219,0.05565,-0.005,0.0264,0.04182,0.10904,0.04396,0.13662,0.12195,irradiance_lux (+0.137),dust_vo_v (+0.122),panel_temp2_c (+0.109),-0.0
REC-04192,2026-09-11T10:57:15Z,SITE-B,ESP32-B01,v1.4,NORMAL,0.7636,0.25219,0.05428,-0.0059,0.02302,0.04105,0.10761,0.04377,0.13413,0.11345,irradiance_lux (+0.134),dust_vo_v (+0.113),panel_temp2_c (+0.108),0.0
REC-04193,2026-09-11T10:57:20Z,SITE-B,ESP32-B01,v1.4,NORMAL,0.784,0.25219,0.05565,-0.00595,0.0235,0.04164,0.10961,0.04316,0.13782,0.12641,irradiance_lux (+0.138),dust_vo_v (+0.126),panel_temp2_c (+0.110),0.0
REC-04194,2026-09-11T10:57:25Z,SITE-B,ESP32-B01,v1.4,NORMAL,0.7882,0.25219,0.05588,-0.00534,0.02708,0.0418,0.10841,0.04243,0.13591,0.12985,irradiance_lux (+0.136),dust_vo_v (+0.130),panel_temp2_c (+0.108),0.0
REC-04195,2026-09-11T10:57:30Z,SITE-B,ESP32-B01,v1.4,NORMAL,0.7596,0.25219,0.05433,-0.00599,0.02184,0.04101,0.10679,0.04488,0.13621,0.10832,irradiance_lux (+0.136),dust_vo_v (+0.108),panel_temp2_c (+0.107),0.0
REC-04196,2026-09-11T10:57:35Z,SITE-B,ESP32-B01,v1.4,NORMAL,0.7759,0.25219,0.05481,-0.00529,0.02666,0.04135,0.10749,0.04367,0.13627,0.11873,irradiance_lux (+0.136),dust_vo_v (+0.119),panel_temp2_c (+0.107),0.0
REC-04197,2026-09-11T10:57:40Z,SITE-B,ESP32-B01,v1.4,NORMAL,0.7786,0.25219,0.05604,-0.0045,0.0262,0.04102,0.10832,0.04539,0.13601,0.11797,irradiance_lux (+0.136),dust_vo_v (+0.118),panel_temp2_c (+0.108),-0.0
REC-04198,2026-09-11T10:57:45Z,SITE-B,ESP32-B01,v1.4,NORMAL,0.78,0.25219,0.056,-0.00499,0.02533,0.04125,0.10834,0.04449,0.13613,0.12122,irradiance_lux (+0.136),dust_vo_v (+0.121),panel_temp2_c (+0.108),-0.0
REC-04199,2026-09-11T10:57:50Z,SITE-B,ESP32-B01,v1.4,NORMAL,0.7704,0.25219,0.05567,-0.0055,0.02296,0.04025,0.10696,0.04491,0.13579,0.11721,irradiance_lux (+0.136),dust_vo_v (+0.117),panel_temp2_c (+0.107),0.0
REC-04200,2026-09-11T10:57:55Z,SITE-B,ESP32-B01,v1.4,NORMAL,0.7804,0.25219,0.05514,-0.00673,0.02209,0.04174,0.10854,0.04233,0.1381,0.127,irradiance_lux (+0.138),dust_vo_v (+0.127),panel_temp2_c (+0.109),-0.0
REC-04201,2026-09-12T01:51:00Z,SITE-B,ESP32-B01,v1.7,SHORT_CIRCUIT,0.8659,0.15781,0.50317,-0.05545,0.11676,0.10993,-0.03191,0.02037,-0.01724,0.06242,voltage_v (+0.503),power_mw (+0.117),panel_temp1_c (+0.110),-0.0
REC-04202,2026-09-12T01:51:05Z,SITE-B,ESP32-B01,v1.7,SHORT_CIRCUIT,0.8657,0.15781,0.50329,-0.05561,0.11695,0.10913,-0.03123,0.01951,-0.01718,0.06298,voltage_v (+0.503),power_mw (+0.117),panel_temp1_c (+0.109),-0.0
REC-04203,2026-09-12T01:51:10Z,SITE-B,ESP32-B01,v1.7,SHORT_CIRCUIT,0.8645,0.15781,0.50357,-0.05499,0.11651,0.10888,-0.03101,0.0185,-0.01741,0.06265,voltage_v (+0.504),power_mw (+0.117),panel_temp1_c (+0.109),0.0
REC-04204,2026-09-12T01:51:15Z,SITE-B,ESP32-B01,v1.7,SHORT_CIRCUIT,0.8648,0.15781,0.5021,-0.05424,0.11683,0.10905,-0.03174,0.0198,-0.01747,0.06266,voltage_v (+0.502),power_mw (+0.117),panel_temp1_c (+0.109),0.0
REC-04205,2026-09-12T01:51:20Z,SITE-B,ESP32-B01,v1.7,SHORT_CIRCUIT,0.8679,0.15781,0.50375,-0.05434,0.11731,0.10911,-0.03256,0.02114,-0.0172,0.06291,voltage_v (+0.504),power_mw (+0.117),panel_temp1_c (+0.109),-0.0
REC-04206,2026-09-12T01:51:25Z,SITE-B,ESP32-B01,v1.7,SHORT_CIRCUIT,0.8635,0.15781,0.50298,-0.05498,0.11656,0.10953,-0.03281,0.01975,-0.01728,0.06198,voltage_v (+0.503),power_mw (+0.117),panel_temp1_c (+0.110),0.0
REC-04207,2026-09-12T01:51:30Z,SITE-B,ESP32-B01,v1.7,SHORT_CIRCUIT,0.8636,0.15781,0.5023,-0.05585,0.11677,0.10945,-0.03159,0.01935,-0.01723,0.06257,voltage_v (+0.502),power_mw (+0.117),panel_temp1_c (+0.109),-0.0
REC-04208,2026-09-12T01:51:35Z,SITE-B,ESP32-B01,v1.7,SHORT_CIRCUIT,0.8669,0.15781,0.50319,-0.05354,0.11685,0.1099,-0.03315,0.02138,-0.01763,0.06213,voltage_v (+0.503),power_mw (+0.117),panel_temp1_c (+0.110),-0.0
REC-04209,2026-09-12T01:51:40Z,SITE-B,ESP32-B01,v1.7,SHORT_CIRCUIT,0.8644,0.15781,0.50064,-0.05422,0.11736,0.10898,-0.03255,0.02041,-0.01712,0.06307,voltage_v (+0.501),power_mw (+0.117),panel_temp1_c (+0.109),-0.0
REC-04210,2026-09-12T01:51:45Z,SITE-B,ESP32-B01,v1.7,SHORT_CIRCUIT,0.8615,0.15781,0.50233,-0.0556,0.11639,0.11012,-0.03276,0.01917,-0.01773,0.06173,voltage_v (+0.502),power_mw (+0.116),panel_temp1_c (+0.110),-0.0
REC-04211,2026-09-12T01:51:50Z,SITE-B,ESP32-B01,v1.7,SHORT_CIRCUIT,0.8607,0.15781,0.50232,-0.05471,0.11632,0.10929,-0.03286,0.01816,-0.01749,0.06189,voltage_v (+0.502),power_mw (+0.116),panel_temp1_c (+0.109),0.0
REC-04212,2026-09-12T01:51:55Z,SITE-B,ESP32-B01,v1.7,SHORT_CIRCUIT,0.864,0.15781,0.50183,-0.05478,0.11672,0.10975,-0.03193,0.01954,-0.01746,0.0625,voltage_v (+0.502),power_mw (+0.117),panel_temp1_c (+0.110),0.0
REC-04213,2026-09-12T01:52:00Z,SITE-B,ESP32-B01,v1.7,SHORT_CIRCUIT,0.8619,0.15781,0.50244,-0.05429,0.11618,0.11001,-0.03343,0.01968,-0.01778,0.06126,voltage_v (+0.502),power_mw (+0.116),panel_temp1_c (+0.110),-0.0
REC-04214,2026-09-12T01:52:05Z,SITE-B,ESP32-B01,v1.7,SHORT_CIRCUIT,0.8657,0.15781,0.50326,-0.05393,0.11646,0.10934,-0.03168,0.01964,-0.0175,0.0623,voltage_v (+0.503),power_mw (+0.116),panel_temp1_c (+0.109),-0.0
REC-04215,2026-09-12T01:52:10Z,SITE-B,ESP32-B01,v1.7,SHORT_CIRCUIT,0.8633,0.15781,0.49971,-0.05392,0.11707,0.11033,-0.03363,0.0215,-0.01772,0.0621,voltage_v (+0.500),power_mw (+0.117),panel_temp1_c (+0.110),-0.0
REC-04216,2026-09-12T01:52:15Z,SITE-B,ESP32-B01,v1.7,SHORT_CIRCUIT,0.8674,0.15781,0.50287,-0.05467,0.11733,0.10969,-0.03255,0.02099,-0.01713,0.06301,voltage_v (+0.503),power_mw (+0.117),panel_temp1_c (+0.110),0.0
REC-04217,2026-09-12T01:52:20Z,SITE-B,ESP32-B01,v1.7,SHORT_CIRCUIT,0.8606,0.15781,0.49993,-0.05547,0.11709,0.11027,-0.03315,0.01926,-0.01772,0.06258,voltage_v (+0.500),power_mw (+0.117),panel_temp1_c (+0.110),0.0
REC-04218,2026-09-12T01:52:25Z,SITE-B,ESP32-B01,v1.7,SHORT_CIRCUIT,0.8617,0.15781,0.50084,-0.05546,0.11693,0.1105,-0.03313,0.01924,-0.01756,0.06249,voltage_v (+0.501),power_mw (+0.117),panel_temp1_c (+0.111),-0.0
REC-04219,2026-09-12T01:52:30Z,SITE-B,ESP32-B01,v1.7,SHORT_CIRCUIT,0.8593,0.15781,0.50047,-0.05532,0.11623,0.11113,-0.03319,0.01849,-0.01797,0.06161,voltage_v (+0.500),power_mw (+0.116),panel_temp1_c (+0.111),-0.0
REC-04220,2026-09-12T01:52:35Z,SITE-B,ESP32-B01,v1.7,SHORT_CIRCUIT,0.8579,0.15781,0.50133,-0.05389,0.11625,0.10945,-0.03396,0.01751,-0.01816,0.0615,voltage_v (+0.501),power_mw (+0.116),panel_temp1_c (+0.109),0.0
REC-04221,2026-09-12T01:52:40Z,SITE-B,ESP32-B01,v1.7,SHORT_CIRCUIT,0.8582,0.15781,0.5013,-0.05581,0.11664,0.10988,-0.03308,0.01687,-0.01782,0.06242,voltage_v (+0.501),power_mw (+0.117),panel_temp1_c (+0.110),-0.0
REC-04222,2026-09-12T01:52:45Z,SITE-B,ESP32-B01,v1.7,SHORT_CIRCUIT,0.8621,0.15781,0.50042,-0.05476,0.11658,0.11167,-0.03336,0.01969,-0.01795,0.06197,voltage_v (+0.500),power_mw (+0.117),panel_temp1_c (+0.112),-0.0
REC-04223,2026-09-12T01:52:50Z,SITE-B,ESP32-B01,v1.7,SHORT_CIRCUIT,0.8577,0.15781,0.50015,-0.05504,0.11657,0.11059,-0.03448,0.01889,-0.01824,0.06147,voltage_v (+0.500),power_mw (+0.117),panel_temp1_c (+0.111),-0.0
REC-04224,2026-09-12T01:52:55Z,SITE-B,ESP32-B01,v1.7,SHORT_CIRCUIT,0.8622,0.15781,0.501,-0.05562,0.11708,0.11068,-0.03356,0.02044,-0.01782,0.06221,voltage_v (+0.501),power_mw (+0.117),panel_temp1_c (+0.111),-0.0
REC-04225,2026-09-12T01:53:00Z,SITE-B,ESP32-B01,v1.7,SHORT_CIRCUIT,0.8643,0.15781,0.50249,-0.05521,0.11716,0.10935,-0.03228,0.01942,-0.01741,0.06299,voltage_v (+0.502),power_mw (+0.117),panel_temp1_c (+0.109),0.0
REC-04226,2026-09-12T01:53:05Z,SITE-B,ESP32-B01,v1.7,SHORT_CIRCUIT,0.8608,0.15781,0.50188,-0.05559,0.11649,0.11062,-0.03314,0.01931,-0.01824,0.06165,voltage_v (+0.502),power_mw (+0.116),panel_temp1_c (+0.111),0.0
REC-04227,2026-09-12T01:53:10Z,SITE-B,ESP32-B01,v1.7,SHORT_CIRCUIT,0.8572,0.15781,0.49943,-0.0562,0.11667,0.11046,-0.03347,0.0186,-0.01795,0.06182,voltage_v (+0.499),power_mw (+0.117),panel_temp1_c (+0.110),-0.0
REC-04228,2026-09-12T01:53:15Z,SITE-B,ESP32-B01,v1.7,SHORT_CIRCUIT,0.8619,0.15781,0.50129,-0.05493,0.11664,0.11091,-0.03327,0.01965,-0.01814,0.06191,voltage_v (+0.501),power_mw (+0.117),panel_temp1_c (+0.111),-0.0
REC-04229,2026-09-12T01:53:20Z,SITE-B,ESP32-B01,v1.7,SHORT_CIRCUIT,0.8593,0.15781,0.50117,-0.05603,0.11639,0.11145,-0.03397,0.01922,-0.01806,0.06136,voltage_v (+0.501),power_mw (+0.116),panel_temp1_c (+0.111),0.0
REC-04230,2026-09-12T01:53:25Z,SITE-B,ESP32-B01,v1.7,SHORT_CIRCUIT,0.862,0.15781,0.50203,-0.05494,0.11618,0.11079,-0.03293,0.01942,-0.01782,0.0615,voltage_v (+0.502),power_mw (+0.116),panel_temp1_c (+0.111),0.0
REC-04231,2026-09-12T01:53:30Z,SITE-B,ESP32-B01,v1.7,SHORT_CIRCUIT,0.8618,0.15781,0.50186,-0.05512,0.11642,0.11096,-0.03312,0.01936,-0.01814,0.06172,voltage_v (+0.502),power_mw (+0.116),panel_temp1_c (+0.111),0.0
REC-04232,2026-09-12T01:53:35Z,SITE-B,ESP32-B01,v1.7,SHORT_CIRCUIT,0.8662,0.15781,0.50312,-0.05463,0.11726,0.10958,-0.0329,0.02065,-0.0175,0.06277,voltage_v (+0.503),power_mw (+0.117),panel_temp1_c (+0.110),-0.0
REC-04233,2026-09-12T01:53:40Z,SITE-B,ESP32-B01,v1.7,SHORT_CIRCUIT,0.8646,0.15781,0.5028,-0.05538,0.1172,0.10948,-0.03246,0.01962,-0.0174,0.06295,voltage_v (+0.503),power_mw (+0.117),panel_temp1_c (+0.109),0.0
REC-04234,2026-09-12T01:53:45Z,SITE-B,ESP32-B01,v1.7,SHORT_CIRCUIT,0.8558,0.15781,0.49744,-0.05633,0.11714,0.11091,-0.03452,0.0198,-0.01825,0.06178,voltage_v (+0.497),power_mw (+0.117),panel_temp1_c (+0.111),0.0
REC-04235,2026-09-12T01:53:50Z,SITE-B,ESP32-B01,v1.7,SHORT_CIRCUIT,0.8631,0.15781,0.50243,-0.05478,0.11658,0.11056,-0.03294,0.01943,-0.01798,0.06204,voltage_v (+0.502),power_mw (+0.117),panel_temp1_c (+0.111),0.0
REC-04236,2026-09-12T01:53:55Z,SITE-B,ESP32-B01,v1.7,SHORT_CIRCUIT,0.8625,0.15781,0.50234,-0.05465,0.11674,0.10999,-0.03356,0.0196,-0.01781,0.062,voltage_v (+0.502),power_mw (+0.117),panel_temp1_c (+0.110),0.0
REC-04237,2026-09-12T01:54:00Z,SITE-B,ESP32-B01,v1.7,SHORT_CIRCUIT,0.8618,0.15781,0.50219,-0.05455,0.11611,0.11103,-0.03395,0.0201,-0.0179,0.061,voltage_v (+0.502),power_mw (+0.116),panel_temp1_c (+0.111),-0.0
REC-04238,2026-09-12T01:54:05Z,SITE-B,ESP32-B01,v1.7,SHORT_CIRCUIT,0.8639,0.15781,0.50263,-0.05466,0.11632,0.11092,-0.03342,0.02031,-0.01756,0.06151,voltage_v (+0.503),power_mw (+0.116),panel_temp1_c (+0.111),0.0
REC-04239,2026-09-12T01:54:10Z,SITE-B,ESP32-B01,v1.7,SHORT_CIRCUIT,0.8585,0.15781,0.50122,-0.05648,0.11678,0.11014,-0.03325,0.0181,-0.01799,0.06214,voltage_v (+0.501),power_mw (+0.117),panel_temp1_c (+0.110),0.0
REC-04240,2026-09-12T01:54:15Z,SITE-B,ESP32-B01,v1.7,SHORT_CIRCUIT,0.8647,0.15781,0.50282,-0.05478,0.1169,0.10998,-0.03284,0.01983,-0.01754,0.0625,voltage_v (+0.503),power_mw (+0.117),panel_temp1_c (+0.110),-0.0
REC-04241,2026-09-12T01:54:20Z,SITE-B,ESP32-B01,v1.7,SHORT_CIRCUIT,0.8562,0.15781,0.49906,-0.05643,0.11651,0.11036,-0.03292,0.01817,-0.01809,0.06175,voltage_v (+0.499),power_mw (+0.117),panel_temp1_c (+0.110),-0.0
REC-04242,2026-09-12T01:54:25Z,SITE-B,ESP32-B01,v1.7,SHORT_CIRCUIT,0.8596,0.15781,0.50025,-0.05571,0.11671,0.11074,-0.03348,0.01961,-0.01812,0.06177,voltage_v (+0.500),power_mw (+0.117),panel_temp1_c (+0.111),-0.0
REC-04243,2026-09-12T01:54:30Z,SITE-B,ESP32-B01,v1.7,SHORT_CIRCUIT,0.8617,0.15781,0.50191,-0.05602,0.11662,0.1105,-0.03244,0.01891,-0.01782,0.06221,voltage_v (+0.502),power_mw (+0.117),panel_temp1_c (+0.111),0.0
REC-04244,2026-09-12T01:54:35Z,SITE-B,ESP32-B01,v1.7,SHORT_CIRCUIT,0.863,0.15781,0.50017,-0.05674,0.11764,0.10989,-0.03151,0.01942,-0.01736,0.06367,voltage_v (+0.500),power_mw (+0.118),panel_temp1_c (+0.110),0.0
REC-04245,2026-09-12T01:54:40Z,SITE-B,ESP32-B01,v1.7,SHORT_CIRCUIT,0.8627,0.15781,0.50236,-0.05541,0.11702,0.1096,-0.03277,0.01902,-0.01764,0.06267,voltage_v (+0.502),power_mw (+0.117),panel_temp1_c (+0.110),-0.0
REC-04246,2026-09-12T01:54:45Z,SITE-B,ESP32-B01,v1.7,SHORT_CIRCUIT,0.8622,0.15781,0.50243,-0.05514,0.11641,0.11029,-0.03315,0.01974,-0.01779,0.0616,voltage_v (+0.502),power_mw (+0.116),panel_temp1_c (+0.110),0.0
REC-04247,2026-09-12T01:54:50Z,SITE-B,ESP32-B01,v1.7,SHORT_CIRCUIT,0.8659,0.15781,0.50309,-0.0546,0.11717,0.10934,-0.0324,0.02013,-0.01748,0.06288,voltage_v (+0.503),power_mw (+0.117),panel_temp1_c (+0.109),-0.0
REC-04248,2026-09-12T01:54:55Z,SITE-B,ESP32-B01,v1.7,SHORT_CIRCUIT,0.8632,0.15781,0.50287,-0.0545,0.11642,0.10979,-0.033,0.01967,-0.01763,0.06176,voltage_v (+0.503),power_mw (+0.116),panel_temp1_c (+0.110),-0.0
REC-04249,2026-09-12T01:55:00Z,SITE-B,ESP32-B01,v1.7,SHORT_CIRCUIT,0.8631,0.15781,0.50298,-0.05526,0.11622,0.10989,-0.03197,0.01895,-0.01745,0.06191,voltage_v (+0.503),power_mw (+0.116),panel_temp1_c (+0.110),0.0
REC-04250,2026-09-12T01:55:05Z,SITE-B,ESP32-B01,v1.7,SHORT_CIRCUIT,0.8635,0.15781,0.50167,-0.05502,0.11698,0.10969,-0.03221,0.01939,-0.01759,0.06275,voltage_v (+0.502),power_mw (+0.117),panel_temp1_c (+0.110),-0.0
REC-04251,2026-09-12T01:55:10Z,SITE-B,ESP32-B01,v1.7,SHORT_CIRCUIT,0.8597,0.15781,0.50091,-0.05533,0.11656,0.11055,-0.03383,0.01961,-0.01809,0.0615,voltage_v (+0.501),power_mw (+0.117),panel_temp1_c (+0.111),0.0
REC-04252,2026-09-12T01:55:15Z,SITE-B,ESP32-B01,v1.7,SHORT_CIRCUIT,0.8623,0.15781,0.50237,-0.05553,0.11675,0.10991,-0.0328,0.01943,-0.0178,0.06214,voltage_v (+0.502),power_mw (+0.117),panel_temp1_c (+0.110),-0.0
REC-04253,2026-09-12T01:55:20Z,SITE-B,ESP32-B01,v1.7,SHORT_CIRCUIT,0.8633,0.15781,0.50149,-0.05528,0.11689,0.11057,-0.03301,0.02046,-0.01782,0.06215,voltage_v (+0.501),power_mw (+0.117),panel_temp1_c (+0.111),-0.0
REC-04254,2026-09-12T01:55:25Z,SITE-B,ESP32-B01,v1.7,SHORT_CIRCUIT,0.8637,0.15781,0.50167,-0.05583,0.11717,0.10999,-0.03213,0.02001,-0.01774,0.06277,voltage_v (+0.502),power_mw (+0.117),panel_temp1_c (+0.110),0.0
REC-04255,2026-09-12T01:55:30Z,SITE-B,ESP32-B01,v1.7,SHORT_CIRCUIT,0.8612,0.15781,0.50228,-0.05548,0.11617,0.11057,-0.03257,0.01939,-0.0183,0.06133,voltage_v (+0.502),power_mw (+0.116),panel_temp1_c (+0.111),0.0
REC-04256,2026-09-12T01:55:35Z,SITE-B,ESP32-B01,v1.7,SHORT_CIRCUIT,0.8661,0.15781,0.50301,-0.05512,0.11708,0.11023,-0.03211,0.02017,-0.0178,0.06281,voltage_v (+0.503),power_mw (+0.117),panel_temp1_c (+0.110),0.0
REC-04257,2026-09-12T01:55:40Z,SITE-B,ESP32-B01,v1.7,SHORT_CIRCUIT,0.8615,0.15781,0.50036,-0.05672,0.11724,0.11077,-0.03266,0.01959,-0.01769,0.06275,voltage_v (+0.500),power_mw (+0.117),panel_temp1_c (+0.111),-0.0
REC-04258,2026-09-12T01:55:45Z,SITE-B,ESP32-B01,v1.7,SHORT_CIRCUIT,0.8615,0.15781,0.50094,-0.05607,0.11698,0.11066,-0.0334,0.02049,-0.01788,0.06198,voltage_v (+0.501),power_mw (+0.117),panel_temp1_c (+0.111),-0.0
REC-04259,2026-09-12T01:55:50Z,SITE-B,ESP32-B01,v1.7,SHORT_CIRCUIT,0.8643,0.15781,0.50073,-0.05536,0.11719,0.11037,-0.03218,0.0207,-0.01766,0.06274,voltage_v (+0.501),power_mw (+0.117),panel_temp1_c (+0.110),-0.0
REC-04260,2026-09-12T01:55:55Z,SITE-B,ESP32-B01,v1.7,SHORT_CIRCUIT,0.8559,0.15781,0.4999,-0.05619,0.11616,0.11093,-0.03403,0.019,-0.01846,0.06072,voltage_v (+0.500),power_mw (+0.116),panel_temp1_c (+0.111),-0.0
REC-04261,2026-09-12T02:50:00Z,SITE-A,ESP32-A01,v1.7,DUST,0.9249,0.23843,0.05534,0.06557,-0.00986,0.07753,-0.04731,0.05456,0.0427,0.44793,dust_vo_v (+0.448),panel_temp1_c (+0.078),current_ma (+0.066),0.0
REC-04262,2026-09-12T02:50:05Z,SITE-A,ESP32-A01,v1.7,DUST,0.8479,0.23843,0.05595,0.07152,-0.004,0.09013,-0.05538,0.06217,0.04265,0.34637,dust_vo_v (+0.346),panel_temp1_c (+0.090),current_ma (+0.072),0.0
REC-04263,2026-09-12T02:50:10Z,SITE-A,ESP32-A01,v1.7,DUST,0.7843,0.23843,0.05324,0.07033,-0.00146,0.09132,-0.05992,0.06612,0.04247,0.28374,dust_vo_v (+0.284),panel_temp1_c (+0.091),current_ma (+0.070),-0.0
REC-04264,2026-09-12T02:50:15Z,SITE-A,ESP32-A01,v1.7,DUST,0.9217,0.23843,0.0562,0.06685,-0.0101,0.0819,-0.04733,0.05535,0.04255,0.43787,dust_vo_v (+0.438),panel_temp1_c (+0.082),current_ma (+0.067),-0.0
REC-04265,2026-09-12T02:50:20Z,SITE-A,ESP32-A01,v1.7,DUST,0.8334,0.23843,0.05495,0.07127,-0.00336,0.09014,-0.0577,0.06424,0.04359,0.33181,dust_vo_v (+0.332),panel_temp1_c (+0.090),current_ma (+0.071),0.0
REC-04266,2026-09-12T02:50:25Z,SITE-A,ESP32-A01,v1.7,DUST,0.8405,0.23843,0.05536,0.07142,-0.00241,0.0897,-0.05653,0.06319,0.04251,0.33878,dust_vo_v (+0.339),panel_temp1_c (+0.090),current_ma (+0.071),-0.0
REC-04267,2026-09-12T02:50:30Z,SITE-A,ESP32-A01,v1.7,DUST,0.6535,0.23843,0.04676,0.06355,0.00364,0.08801,-0.06646,0.06996,0.03913,0.1705,dust_vo_v (+0.171),panel_temp1_c (+0.088),ambient_temp_c (+0.070),-0.0
REC-04268,2026-09-12T02:50:35Z,SITE-A,ESP32-A01,v1.7,DUST,0.845,0.23843,0.05517,0.07131,-0.00432,0.09006,-0.05746,0.06412,0.04414,0.34356,dust_vo_v (+0.344),panel_temp1_c (+0.090),current_ma (+0.071),-0.0
REC-04269,2026-09-12T02:50:40Z,SITE-A,ESP32-A01,v1.7,DUST,0.8978,0.23843,0.05699,0.06908,-0.0083,0.08634,-0.04926,0.05698,0.04232,0.40524,dust_vo_v (+0.405),panel_temp1_c (+0.086),current_ma (+0.069),-0.0
REC-04270,2026-09-12T02:50:45Z,SITE-A,ESP32-A01,v1.7,DUST,0.8219,0.23843,0.05476,0.07135,-0.00305,0.09108,-0.0582,0.06483,0.0434,0.31933,dust_vo_v (+0.319),panel_temp1_c (+0.091),current_ma (+0.071),0.0
REC-04271,2026-09-12T02:50:50Z,SITE-A,ESP32-A01,v1.7,DUST,0.7394,0.23843,0.0513,0.06914,0.00151,0.09159,-0.06377,0.06918,0.04071,0.24132,dust_vo_v (+0.241),panel_temp1_c (+0.092),ambient_temp_c (+0.069),0.0
REC-04272,2026-09-12T02:50:55Z,SITE-A,ESP32-A01,v1.7,DUST,0.8196,0.23843,0.05477,0.07119,-0.00379,0.09226,-0.05687,0.06431,0.04369,0.3156,dust_vo_v (+0.316),panel_temp1_c (+0.092),current_ma (+0.071),0.0
REC-04273,2026-09-12T02:51:00Z,SITE-A,ESP32-A01,v1.7,DUST,0.8101,0.23843,0.05465,0.07144,-0.00221,0.0937,-0.05792,0.06527,0.04208,0.30471,dust_vo_v (+0.305),panel_temp1_c (+0.094),current_ma (+0.071),0.0
REC-04274,2026-09-12T02:51:05Z,SITE-A,ESP32-A01,v1.7,DUST,0.8392,0.23843,0.05545,0.07195,-0.00347,0.09199,-0.05715,0.06389,0.0428,0.33534,dust_vo_v (+0.335),panel_temp1_c (+0.092),current_ma (+0.072),0.0
REC-04275,2026-09-12T02:51:10Z,SITE-A,ESP32-A01,v1.7,DUST,0.8165,0.23843,0.0548,0.07178,-0.00271,0.09351,-0.05908,0.06555,0.04211,0.31212,dust_vo_v (+0.312),panel_temp1_c (+0.094),current_ma (+0.072),-0.0
REC-04276,2026-09-12T02:51:15Z,SITE-A,ESP32-A01,v1.7,DUST,0.9376,0.23843,0.05494,0.06409,-0.01304,0.07894,-0.04469,0.05312,0.04204,0.46377,dust_vo_v (+0.464),panel_temp1_c (+0.079),current_ma (+0.064),-0.0
REC-04277,2026-09-12T02:51:20Z,SITE-A,ESP32-A01,v1.7,DUST,0.8748,0.23843,0.05688,0.07077,-0.00741,0.08974,-0.05247,0.05933,0.04235,0.37718,dust_vo_v (+0.377),panel_temp1_c (+0.090),current_ma (+0.071),-0.0
REC-04278,2026-09-12T02:51:25Z,SITE-A,ESP32-A01,v1.7,DUST,0.6795,0.23843,0.04795,0.06432,0.00027,0.08852,-0.06385,0.06833,0.04095,0.19457,dust_vo_v (+0.195),panel_temp1_c (+0.089),ambient_temp_c (+0.068),-0.0
REC-04279,2026-09-12T02:51:30Z,SITE-A,ESP32-A01,v1.7,DUST,0.8615,0.23843,0.05641,0.07102,-0.00625,0.09115,-0.05328,0.06075,0.04285,0.3604,dust_vo_v (+0.360),panel_temp1_c (+0.091),current_ma (+0.071),-0.0
REC-04280,2026-09-12T02:51:35Z,SITE-A,ESP32-A01,v1.7,DUST,0.855,0.23843,0.05627,0.07142,-0.00612,0.09224,-0.05465,0.06208,0.04314,0.35214,dust_vo_v (+0.352),panel_temp1_c (+0.092),current_ma (+0.071),-0.0
REC-04281,2026-09-12T02:51:40Z,SITE-A,ESP32-A01,v1.7,DUST,0.9218,0.23843,0.05636,0.06695,-0.0099,0.08264,-0.0469,0.05449,0.04146,0.43832,dust_vo_v (+0.438),panel_temp1_c (+0.083),current_ma (+0.067),-0.0
REC-04282,2026-09-12T02:51:45Z,SITE-A,ESP32-A01,v1.7,DUST,0.8438,0.23843,0.05582,0.07131,-0.00516,0.09145,-0.05557,0.06229,0.04272,0.3425,dust_vo_v (+0.342),panel_temp1_c (+0.091),current_ma (+0.071),-0.0
REC-04283,2026-09-12T02:51:50Z,SITE-A,ESP32-A01,v1.7,DUST,0.8386,0.23843,0.05531,0.07075,-0.00666,0.09131,-0.05619,0.06309,0.04442,0.33812,dust_vo_v (+0.338),panel_temp1_c (+0.091),current_ma (+0.071),0.0
REC-04284,2026-09-12T02:51:55Z,SITE-A,ESP32-A01,v1.7,DUST,0.943,0.23843,0.05426,0.06308,-0.01415,0.07696,-0.04384,0.05219,0.04202,0.47409,dust_vo_v (+0.474),panel_temp1_c (+0.077),current_ma (+0.063),0.0
REC-04285,2026-09-12T02:52:00Z,SITE-A,ESP32-A01,v1.7,DUST,0.7626,0.23843,0.05219,0.0697,-1e-05,0.09231,-0.06184,0.06793,0.04163,0.26225,dust_vo_v (+0.262),panel_temp1_c (+0.092),current_ma (+0.070),-0.0
REC-04286,2026-09-12T02:52:05Z,SITE-A,ESP32-A01,v1.7,DUST,0.9037,0.23843,0.05665,0.0688,-0.00926,0.08583,-0.04937,0.05712,0.04319,0.4123,dust_vo_v (+0.412),panel_temp1_c (+0.086),current_ma (+0.069),0.0
REC-04287,2026-09-12T02:52:10Z,SITE-A,ESP32-A01,v1.7,DUST,0.8592,0.23843,0.05626,0.07129,-0.00637,0.09008,-0.05467,0.06142,0.04351,0.35925,dust_vo_v (+0.359),panel_temp1_c (+0.090),current_ma (+0.071),0.0
REC-04288,2026-09-12T02:52:15Z,SITE-A,ESP32-A01,v1.7,DUST,0.8197,0.23843,0.05489,0.07188,-0.00242,0.09321,-0.05806,0.06494,0.04223,0.31464,dust_vo_v (+0.315),panel_temp1_c (+0.093),current_ma (+0.072),-0.0
REC-04289,2026-09-12T02:52:20Z,SITE-A,ESP32-A01,v1.7,DUST,0.8049,0.23843,0.05395,0.07161,-0.00257,0.09331,-0.0603,0.06683,0.04349,0.30014,dust_vo_v (+0.300),panel_temp1_c (+0.093),current_ma (+0.072),0.0
REC-04290,2026-09-12T02:52:25Z,SITE-A,ESP32-A01,v1.7,DUST,0.9251,0.23843,0.05532,0.06545,-0.01276,0.08065,-0.04621,0.05448,0.044,0.44573,dust_vo_v (+0.446),panel_temp1_c (+0.081),current_ma (+0.065),0.0
REC-04291,2026-09-12T02:52:30Z,SITE-A,ESP32-A01,v1.7,DUST,0.8852,0.23843,0.05695,0.07034,-0.00894,0.08897,-0.0516,0.05892,0.04339,0.3887,dust_vo_v (+0.389),panel_temp1_c (+0.089),current_ma (+0.070),-0.0
REC-04292,2026-09-12T02:52:35Z,SITE-A,ESP32-A01,v1.7,DUST,0.8936,0.23843,0.05698,0.0699,-0.00814,0.08744,-0.05033,0.05752,0.04247,0.39928,dust_vo_v (+0.399),panel_temp1_c (+0.087),current_ma (+0.070),0.0
REC-04293,2026-09-12T02:52:40Z,SITE-A,ESP32-A01,v1.7,DUST,0.9098,0.23843,0.05651,0.06897,-0.00809,0.08563,-0.04986,0.05657,0.04165,0.41999,dust_vo_v (+0.420),panel_temp1_c (+0.086),current_ma (+0.069),-0.0
REC-04294,2026-09-12T02:52:45Z,SITE-A,ESP32-A01,v1.7,DUST,0.8779,0.23843,0.05692,0.07047,-0.00701,0.08892,-0.05209,0.05901,0.04201,0.38124,dust_vo_v (+0.381),panel_temp1_c (+0.089),current_ma (+0.070),-0.0
REC-04295,2026-09-12T02:52:50Z,SITE-A,ESP32-A01,v1.7,DUST,0.7599,0.23843,0.05221,0.06933,-0.00169,0.09263,-0.06105,0.06717,0.04184,0.26107,dust_vo_v (+0.261),panel_temp1_c (+0.093),current_ma (+0.069),0.0
REC-04296,2026-09-12T02:52:55Z,SITE-A,ESP32-A01,v1.7,DUST,0.7054,0.23843,0.0495,0.06721,0.00141,0.09165,-0.06527,0.07,0.0402,0.21228,dust_vo_v (+0.212),panel_temp1_c (+0.092),ambient_temp_c (+0.070),0.0
REC-04297,2026-09-12T02:53:00Z,SITE-A,ESP32-A01,v1.7,DUST,0.9327,0.23843,0.0549,0.06506,-0.01143,0.07914,-0.04659,0.05428,0.04242,0.45645,dust_vo_v (+0.456),panel_temp1_c (+0.079),current_ma (+0.065),0.0
REC-04298,2026-09-12T02:53:05Z,SITE-A,ESP32-A01,v1.7,DUST,0.8682,0.23843,0.0562,0.07025,-0.0083,0.08985,-0.05313,0.06066,0.04437,0.3699,dust_vo_v (+0.370),panel_temp1_c (+0.090),current_ma (+0.070),-0.0
REC-04299,2026-09-12T02:53:10Z,SITE-A,ESP32-A01,v1.7,DUST,0.8634,0.23843,0.05655,0.07143,-0.00559,0.09148,-0.05419,0.06126,0.04219,0.3618,dust_vo_v (+0.362),panel_temp1_c (+0.091),current_ma (+0.071),-0.0
REC-04300,2026-09-12T02:53:15Z,SITE-A,ESP32-A01,v1.7,DUST,0.9421,0.23843,0.05444,0.06339,-0.01196,0.07677,-0.04376,0.05151,0.04098,0.47232,dust_vo_v (+0.472),panel_temp1_c (+0.077),current_ma (+0.063),0.0
REC-04301,2026-09-12T02:53:20Z,SITE-A,ESP32-A01,v1.7,DUST,0.7619,0.23843,0.0524,0.06985,0.0008,0.09227,-0.06171,0.06744,0.03999,0.26244,dust_vo_v (+0.262),panel_temp1_c (+0.092),current_ma (+0.070),-0.0
REC-04302,2026-09-12T02:53:25Z,SITE-A,ESP32-A01,v1.7,DUST,0.5745,0.23843,0.04263,0.05792,0.00467,0.0821,-0.06793,0.06788,0.03555,0.11328,dust_vo_v (+0.113),panel_temp1_c (+0.082),panel_temp2_c (-0.068),-0.0
REC-04303,2026-09-12T02:53:30Z,SITE-A,ESP32-A01,v1.7,DUST,0.6707,0.23843,0.04737,0.06506,0.00431,0.0882,-0.06931,0.0713,0.03914,0.18624,dust_vo_v (+0.186),panel_temp1_c (+0.088),ambient_temp_c (+0.071),0.0
REC-04304,2026-09-12T02:53:35Z,SITE-A,ESP32-A01,v1.7,DUST,0.8167,0.23843,0.0548,0.07192,-0.00142,0.09277,-0.05866,0.06523,0.04164,0.31202,dust_vo_v (+0.312),panel_temp1_c (+0.093),current_ma (+0.072),0.0
REC-04305,2026-09-12T02:53:40Z,SITE-A,ESP32-A01,v1.7,DUST,0.865,0.23843,0.05634,0.07144,-0.0047,0.08986,-0.05452,0.06116,0.04229,0.36468,dust_vo_v (+0.365),panel_temp1_c (+0.090),current_ma (+0.071),0.0
REC-04306,2026-09-12T02:53:45Z,SITE-A,ESP32-A01,v1.7,DUST,0.9294,0.23843,0.05548,0.06556,-0.0113,0.08086,-0.04606,0.05439,0.04265,0.44938,dust_vo_v (+0.449),panel_temp1_c (+0.081),current_ma (+0.066),0.0
REC-04307,2026-09-12T02:53:50Z,SITE-A,ESP32-A01,v1.7,DUST,0.9067,0.23843,0.05696,0.06881,-0.00888,0.08615,-0.04938,0.05685,0.04172,0.41601,dust_vo_v (+0.416),panel_temp1_c (+0.086),current_ma (+0.069),-0.0
REC-04308,2026-09-12T02:53:55Z,SITE-A,ESP32-A01,v1.7,DUST,0.5699,0.23843,0.04215,0.05688,0.00298,0.08234,-0.06666,0.06778,0.0374,0.10863,dust_vo_v (+0.109),panel_temp1_c (+0.082),ambient_temp_c (+0.068),-0.0
REC-04309,2026-09-12T02:54:00Z,SITE-A,ESP32-A01,v1.7,DUST,0.9654,0.23843,0.04941,0.05768,-0.01518,0.06888,-0.03967,0.04723,0.03846,0.52012,dust_vo_v (+0.520),panel_temp1_c (+0.069),current_ma (+0.058),-0.0
REC-04310,2026-09-12T02:54:05Z,SITE-A,ESP32-A01,v1.7,DUST,0.8225,0.23843,0.05475,0.07101,-0.0033,0.09218,-0.05774,0.06429,0.04236,0.32053,dust_vo_v (+0.321),panel_temp1_c (+0.092),current_ma (+0.071),0.0
REC-04311,2026-09-12T02:54:10Z,SITE-A,ESP32-A01,v1.7,DUST,0.9223,0.23843,0.05633,0.06648,-0.01087,0.08338,-0.04652,0.05437,0.04118,0.4395,dust_vo_v (+0.439),panel_temp1_c (+0.083),current_ma (+0.066),0.0
REC-04312,2026-09-12T02:54:15Z,SITE-A,ESP32-A01,v1.7,DUST,0.8891,0.23843,0.05655,0.06918,-0.00921,0.08814,-0.05044,0.05834,0.04347,0.39461,dust_vo_v (+0.395),panel_temp1_c (+0.088),current_ma (+0.069),0.0
REC-04313,2026-09-12T02:54:20Z,SITE-A,ESP32-A01,v1.7,DUST,0.8571,0.23843,0.05656,0.07139,-0.00424,0.09188,-0.05447,0.06114,0.04044,0.35599,dust_vo_v (+0.356),panel_temp1_c (+0.092),current_ma (+0.071),-0.0
REC-04314,2026-09-12T02:54:25Z,SITE-A,ESP32-A01,v1.7,DUST,0.841,0.23843,0.05608,0.07167,-0.00409,0.09328,-0.0557,0.06292,0.0415,0.33694,dust_vo_v (+0.337),panel_temp1_c (+0.093),current_ma (+0.072),-0.0
REC-04315,2026-09-12T02:54:30Z,SITE-A,ESP32-A01,v1.7,DUST,0.7591,0.23843,0.05224,0.06995,0.00081,0.09385,-0.06201,0.06811,0.03977,0.25796,dust_vo_v (+0.258),panel_temp1_c (+0.094),current_ma (+0.070),0.0
REC-04316,2026-09-12T02:54:35Z,SITE-A,ESP32-A01,v1.7,DUST,0.7409,0.23843,0.05137,0.06895,0.00055,0.09416,-0.06291,0.06902,0.04005,0.24128,dust_vo_v (+0.241),panel_temp1_c (+0.094),ambient_temp_c (+0.069),-0.0
REC-04317,2026-09-12T02:54:40Z,SITE-A,ESP32-A01,v1.7,DUST,0.8423,0.23843,0.05566,0.07101,-0.00475,0.09226,-0.05531,0.06195,0.04167,0.34139,dust_vo_v (+0.341),panel_temp1_c (+0.092),current_ma (+0.071),0.0
REC-04318,2026-09-12T02:54:45Z,SITE-A,ESP32-A01,v1.7,DUST,0.7245,0.23843,0.05018,0.06782,0.00112,0.09241,-0.06526,0.06972,0.04008,0.22999,dust_vo_v (+0.230),panel_temp1_c (+0.092),ambient_temp_c (+0.070),0.0
REC-04319,2026-09-12T02:54:50Z,SITE-A,ESP32-A01,v1.7,DUST,0.9377,0.23843,0.05481,0.06426,-0.01295,0.08057,-0.04519,0.05346,0.04156,0.46272,dust_vo_v (+0.463),panel_temp1_c (+0.081),current_ma (+0.064),0.0
REC-04320,2026-09-12T02:54:55Z,SITE-A,ESP32-A01,v1.7,DUST,0.8631,0.23843,0.05628,0.07054,-0.00727,0.09239,-0.05312,0.06085,0.04284,0.36217,dust_vo_v (+0.362),panel_temp1_c (+0.092),current_ma (+0.071),-0.0
REC-04321,2026-09-12T03:11:00Z,SITE-A,ESP32-A01,v1.7,SHORT_CIRCUIT,0.9456,0.15781,0.53642,-0.02893,0.11568,0.07062,-0.00654,0.04432,-0.00494,0.06119,voltage_v (+0.536),power_mw (+0.116),panel_temp1_c (+0.071),-0.0
REC-04322,2026-09-12T03:11:05Z,SITE-A,ESP32-A01,v1.7,SHORT_CIRCUIT,0.9441,0.15781,0.53567,-0.02968,0.11655,0.07024,-0.00629,0.04345,-0.00483,0.06117,voltage_v (+0.536),power_mw (+0.117),panel_temp1_c (+0.070),0.0
REC-04323,2026-09-12T03:11:10Z,SITE-A,ESP32-A01,v1.7,SHORT_CIRCUIT,0.9459,0.15781,0.53766,-0.02861,0.11621,0.06954,-0.00673,0.04383,-0.00492,0.06107,voltage_v (+0.538),power_mw (+0.116),panel_temp1_c (+0.070),-0.0
REC-04324,2026-09-12T03:11:15Z,SITE-A,ESP32-A01,v1.7,SHORT_CIRCUIT,0.9453,0.15781,0.53634,-0.0285,0.11673,0.06972,-0.00698,0.04405,-0.00495,0.06114,voltage_v (+0.536),power_mw (+0.117),panel_temp1_c (+0.070),0.0
REC-04325,2026-09-12T03:11:20Z,SITE-A,ESP32-A01,v1.7,SHORT_CIRCUIT,0.9457,0.15781,0.53689,-0.02924,0.11624,0.07051,-0.00684,0.04429,-0.00507,0.06114,voltage_v (+0.537),power_mw (+0.116),panel_temp1_c (+0.071),-0.0
REC-04326,2026-09-12T03:11:25Z,SITE-A,ESP32-A01,v1.7,SHORT_CIRCUIT,0.9442,0.15781,0.53523,-0.02876,0.1168,0.06982,-0.00661,0.04373,-0.005,0.06119,voltage_v (+0.535),power_mw (+0.117),panel_temp1_c (+0.070),-0.0
REC-04327,2026-09-12T03:11:30Z,SITE-A,ESP32-A01,v1.7,SHORT_CIRCUIT,0.9451,0.15781,0.53552,-0.02809,0.11649,0.06973,-0.00659,0.04399,-0.00496,0.06121,voltage_v (+0.536),power_mw (+0.116),panel_temp1_c (+0.070),0.0
REC-04328,2026-09-12T03:11:35Z,SITE-A,ESP32-A01,v1.7,SHORT_CIRCUIT,0.9452,0.15781,0.53489,-0.02765,0.11518,0.0703,-0.00676,0.0451,-0.00499,0.06129,voltage_v (+0.535),power_mw (+0.115),panel_temp1_c (+0.070),-0.0
REC-04329,2026-09-12T03:11:40Z,SITE-A,ESP32-A01,v1.7,SHORT_CIRCUIT,0.944,0.15781,0.53438,-0.0287,0.11604,0.07015,-0.0069,0.04462,-0.00474,0.06131,voltage_v (+0.534),power_mw (+0.116),panel_temp1_c (+0.070),-0.0
REC-04330,2026-09-12T03:11:45Z,SITE-A,ESP32-A01,v1.7,SHORT_CIRCUIT,0.9451,0.15781,0.536,-0.0282,0.11588,0.06971,-0.00666,0.04418,-0.00484,0.06121,voltage_v (+0.536),power_mw (+0.116),panel_temp1_c (+0.070),0.0
REC-04331,2026-09-12T03:11:50Z,SITE-A,ESP32-A01,v1.7,SHORT_CIRCUIT,0.9455,0.15781,0.53656,-0.0288,0.11579,0.07009,-0.00658,0.04416,-0.00472,0.06117,voltage_v (+0.537),power_mw (+0.116),panel_temp1_c (+0.070),-0.0
REC-04332,2026-09-12T03:11:55Z,SITE-A,ESP32-A01,v1.7,SHORT_CIRCUIT,0.9458,0.15781,0.53574,-0.02809,0.11547,0.07026,-0.00665,0.04482,-0.00485,0.06124,voltage_v (+0.536),power_mw (+0.115),panel_temp1_c (+0.070),0.0
REC-04333,2026-09-12T03:12:00Z,SITE-A,ESP32-A01,v1.7,SHORT_CIRCUIT,0.9451,0.15781,0.53611,-0.0292,0.11614,0.07022,-0.0064,0.04395,-0.00473,0.06118,voltage_v (+0.536),power_mw (+0.116),panel_temp1_c (+0.070),-0.0
REC-04334,2026-09-12T03:12:05Z,SITE-A,ESP32-A01,v1.7,SHORT_CIRCUIT,0.9448,0.15781,0.53643,-0.02943,0.11576,0.07027,-0.00681,0.04435,-0.00474,0.06117,voltage_v (+0.536),power_mw (+0.116),panel_temp1_c (+0.070),0.0
REC-04335,2026-09-12T03:12:10Z,SITE-A,ESP32-A01,v1.7,SHORT_CIRCUIT,0.9452,0.15781,0.53603,-0.02901,0.11751,0.07022,-0.00711,0.04374,-0.00506,0.06105,voltage_v (+0.536),power_mw (+0.118),panel_temp1_c (+0.070),-0.0
REC-04336,2026-09-12T03:12:15Z,SITE-A,ESP32-A01,v1.7,SHORT_CIRCUIT,0.9455,0.15781,0.53667,-0.02858,0.11634,0.06983,-0.00692,0.04416,-0.00493,0.06114,voltage_v (+0.537),power_mw (+0.116),panel_temp1_c (+0.070),-0.0
REC-04337,2026-09-12T03:12:20Z,SITE-A,ESP32-A01,v1.7,SHORT_CIRCUIT,0.9446,0.15781,0.53413,-0.02841,0.1164,0.07031,-0.00643,0.04432,-0.00482,0.06131,voltage_v (+0.534),power_mw (+0.116),panel_temp1_c (+0.070),0.0
REC-04338,2026-09-12T03:12:25Z,SITE-A,ESP32-A01,v1.7,SHORT_CIRCUIT,0.9445,0.15781,0.53593,-0.0294,0.11633,0.07011,-0.00645,0.04376,-0.00476,0.06117,voltage_v (+0.536),power_mw (+0.116),panel_temp1_c (+0.070),0.0
REC-04339,2026-09-12T03:12:30Z,SITE-A,ESP32-A01,v1.7,SHORT_CIRCUIT,0.945,0.15781,0.53584,-0.02972,0.11581,0.0709,-0.00645,0.04434,-0.00479,0.06122,voltage_v (+0.536),power_mw (+0.116),panel_temp1_c (+0.071),0.0
REC-04340,2026-09-12T03:12:35Z,SITE-A,ESP32-A01,v1.7,SHORT_CIRCUIT,0.9456,0.15781,0.53541,-0.0281,0.1162,0.07,-0.00644,0.04426,-0.00476,0.06123,voltage_v (+0.535),power_mw (+0.116),panel_temp1_c (+0.070),-0.0
REC-04341,2026-09-12T03:12:40Z,SITE-A,ESP32-A01,v1.7,SHORT_CIRCUIT,0.9454,0.15781,0.53415,-0.02771,0.11634,0.07031,-0.00635,0.04447,-0.00495,0.06132,voltage_v (+0.534),power_mw (+0.116),panel_temp1_c (+0.070),0.0
REC-04342,2026-09-12T03:12:45Z,SITE-A,ESP32-A01,v1.7,SHORT_CIRCUIT,0.9442,0.15781,0.53571,-0.02957,0.11671,0.07002,-0.00648,0.04365,-0.00486,0.06117,voltage_v (+0.536),power_mw (+0.117),panel_temp1_c (+0.070),0.0
REC-04343,2026-09-12T03:12:50Z,SITE-A,ESP32-A01,v1.7,SHORT_CIRCUIT,0.9469,0.15781,0.53778,-0.02854,0.116,0.07003,-0.00614,0.04368,-0.00479,0.06106,voltage_v (+0.538),power_mw (+0.116),panel_temp1_c (+0.070),0.0
REC-04344,2026-09-12T03:12:55Z,SITE-A,ESP32-A01,v1.7,SHORT_CIRCUIT,0.9458,0.15781,0.53605,-0.02884,0.11707,0.07,-0.00619,0.04345,-0.00466,0.06107,voltage_v (+0.536),power_mw (+0.117),panel_temp1_c (+0.070),-0.0
REC-04345,2026-09-12T03:13:00Z,SITE-A,ESP32-A01,v1.7,SHORT_CIRCUIT,0.947,0.15781,0.53761,-0.0279,0.11596,0.06942,-0.00585,0.04356,-0.00465,0.06107,voltage_v (+0.538),power_mw (+0.116),panel_temp1_c (+0.069),-0.0
REC-04346,2026-09-12T03:13:05Z,SITE-A,ESP32-A01,v1.7,SHORT_CIRCUIT,0.9469,0.15781,0.53675,-0.02749,0.11665,0.06917,-0.00591,0.04346,-0.00462,0.06106,voltage_v (+0.537),power_mw (+0.117),panel_temp1_c (+0.069),-0.0
REC-04347,2026-09-12T03:13:10Z,SITE-A,ESP32-A01,v1.7,SHORT_CIRCUIT,0.9451,0.15781,0.53493,-0.0278,0.11568,0.06952,-0.00632,0.04466,-0.0046,0.06124,voltage_v (+0.535),power_mw (+0.116),panel_temp1_c (+0.070),0.0
REC-04348,2026-09-12T03:13:15Z,SITE-A,ESP32-A01,v1.7,SHORT_CIRCUIT,0.9462,0.15781,0.5371,-0.02809,0.11595,0.06922,-0.00646,0.04416,-0.00459,0.06111,voltage_v (+0.537),power_mw (+0.116),panel_temp1_c (+0.069),0.0
REC-04349,2026-09-12T03:13:20Z,SITE-A,ESP32-A01,v1.7,SHORT_CIRCUIT,0.9465,0.15781,0.53729,-0.02766,0.11554,0.06904,-0.00606,0.04399,-0.00449,0.06109,voltage_v (+0.537),power_mw (+0.116),panel_temp1_c (+0.069),-0.0
REC-04350,2026-09-12T03:13:25Z,SITE-A,ESP32-A01,v1.7,SHORT_CIRCUIT,0.9444,0.15781,0.53537,-0.02911,0.11726,0.06934,-0.00634,0.04357,-0.00459,0.06112,voltage_v (+0.535),power_mw (+0.117),panel_temp1_c (+0.069),-0.0
REC-04351,2026-09-12T03:13:30Z,SITE-A,ESP32-A01,v1.7,SHORT_CIRCUIT,0.9468,0.15781,0.53694,-0.02726,0.11605,0.06881,-0.00627,0.04423,-0.00458,0.06112,voltage_v (+0.537),power_mw (+0.116),panel_temp1_c (+0.069),0.0
REC-04352,2026-09-12T03:13:35Z,SITE-A,ESP32-A01,v1.7,SHORT_CIRCUIT,0.9463,0.15781,0.53587,-0.02734,0.11711,0.06877,-0.00659,0.04415,-0.00459,0.06113,voltage_v (+0.536),power_mw (+0.117),panel_temp1_c (+0.069),-0.0
REC-04353,2026-09-12T03:13:40Z,SITE-A,ESP32-A01,v1.7,SHORT_CIRCUIT,0.9471,0.15781,0.5372,-0.02766,0.11642,0.06894,-0.00648,0.04426,-0.00442,0.06108,voltage_v (+0.537),power_mw (+0.116),panel_temp1_c (+0.069),-0.0
REC-04354,2026-09-12T03:13:45Z,SITE-A,ESP32-A01,v1.7,SHORT_CIRCUIT,0.9461,0.15781,0.53626,-0.02771,0.11705,0.0687,-0.00689,0.04433,-0.00455,0.06111,voltage_v (+0.536),power_mw (+0.117),panel_temp1_c (+0.069),0.0
REC-04355,2026-09-12T03:13:50Z,SITE-A,ESP32-A01,v1.7,SHORT_CIRCUIT,0.9483,0.15781,0.53836,-0.02767,0.11728,0.06909,-0.00659,0.04379,-0.0047,0.06093,voltage_v (+0.538),power_mw (+0.117),panel_temp1_c (+0.069),0.0
REC-04356,2026-09-12T03:13:55Z,SITE-A,ESP32-A01,v1.7,SHORT_CIRCUIT,0.9475,0.15781,0.53766,-0.02764,0.11712,0.06887,-0.00637,0.04374,-0.00466,0.06099,voltage_v (+0.538),power_mw (+0.117),panel_temp1_c (+0.069),0.0
REC-04357,2026-09-12T03:14:00Z,SITE-A,ESP32-A01,v1.7,SHORT_CIRCUIT,0.9479,0.15781,0.5375,-0.02746,0.11655,0.06921,-0.0069,0.04475,-0.00464,0.06107,voltage_v (+0.537),power_mw (+0.117),panel_temp1_c (+0.069),0.0
REC-04358,2026-09-12T03:14:05Z,SITE-A,ESP32-A01,v1.7,SHORT_CIRCUIT,0.9471,0.15781,0.53723,-0.02814,0.11645,0.06944,-0.00662,0.04444,-0.00465,0.06109,voltage_v (+0.537),power_mw (+0.116),panel_temp1_c (+0.069),0.0
REC-04359,2026-09-12T03:14:10Z,SITE-A,ESP32-A01,v1.7,SHORT_CIRCUIT,0.9462,0.15781,0.53485,-0.02733,0.11801,0.06915,-0.00699,0.04443,-0.00489,0.06115,voltage_v (+0.535),power_mw (+0.118),panel_temp1_c (+0.069),0.0
REC-04360,2026-09-12T03:14:15Z,SITE-A,ESP32-A01,v1.7,SHORT_CIRCUIT,0.9463,0.15781,0.53588,-0.02746,0.11591,0.06918,-0.00614,0.04445,-0.00451,0.06116,voltage_v (+0.536),power_mw (+0.116),panel_temp1_c (+0.069),0.0
REC-04361,2026-09-12T03:14:20Z,SITE-A,ESP32-A01,v1.7,SHORT_CIRCUIT,0.9464,0.15781,0.53597,-0.02742,0.11669,0.06885,-0.00623,0.04403,-0.00445,0.06114,voltage_v (+0.536),power_mw (+0.117),panel_temp1_c (+0.069),0.0
REC-04362,2026-09-12T03:14:25Z,SITE-A,ESP32-A01,v1.7,SHORT_CIRCUIT,0.9464,0.15781,0.53641,-0.02806,0.11665,0.06915,-0.00554,0.04328,-0.00434,0.06107,voltage_v (+0.536),power_mw (+0.117),panel_temp1_c (+0.069),0.0
REC-04363,2026-09-12T03:14:30Z,SITE-A,ESP32-A01,v1.7,SHORT_CIRCUIT,0.9481,0.15781,0.53823,-0.02731,0.11649,0.06891,-0.0064,0.04392,-0.00454,0.06099,voltage_v (+0.538),power_mw (+0.116),panel_temp1_c (+0.069),-0.0
REC-04364,2026-09-12T03:14:35Z,SITE-A,ESP32-A01,v1.7,SHORT_CIRCUIT,0.9467,0.15781,0.53541,-0.02681,0.11711,0.06887,-0.00637,0.04404,-0.00449,0.06114,voltage_v (+0.535),power_mw (+0.117),panel_temp1_c (+0.069),-0.0
REC-04365,2026-09-12T03:14:40Z,SITE-A,ESP32-A01,v1.7,SHORT_CIRCUIT,0.9472,0.15781,0.53811,-0.02748,0.11645,0.0685,-0.00625,0.04356,-0.00444,0.06099,voltage_v (+0.538),power_mw (+0.116),panel_temp1_c (+0.068),-0.0
REC-04366,2026-09-12T03:14:45Z,SITE-A,ESP32-A01,v1.7,SHORT_CIRCUIT,0.9467,0.15781,0.53683,-0.02843,0.11648,0.06963,-0.00601,0.04378,-0.00451,0.06109,voltage_v (+0.537),power_mw (+0.116),panel_temp1_c (+0.070),0.0
REC-04367,2026-09-12T03:14:50Z,SITE-A,ESP32-A01,v1.7,SHORT_CIRCUIT,0.9466,0.15781,0.53629,-0.02759,0.11642,0.06929,-0.00664,0.04454,-0.00466,0.06116,voltage_v (+0.536),power_mw (+0.116),panel_temp1_c (+0.069),-0.0
REC-04368,2026-09-12T03:14:55Z,SITE-A,ESP32-A01,v1.7,SHORT_CIRCUIT,0.9454,0.15781,0.53422,-0.02762,0.11588,0.06952,-0.00586,0.04446,-0.00433,0.06131,voltage_v (+0.534),power_mw (+0.116),panel_temp1_c (+0.070),-0.0
REC-04369,2026-09-12T03:15:00Z,SITE-A,ESP32-A01,v1.7,SHORT_CIRCUIT,0.9456,0.15781,0.53479,-0.02748,0.11574,0.06948,-0.00582,0.04437,-0.00459,0.06126,voltage_v (+0.535),power_mw (+0.116),panel_temp1_c (+0.069),-0.0
REC-04370,2026-09-12T03:15:05Z,SITE-A,ESP32-A01,v1.7,SHORT_CIRCUIT,0.9458,0.15781,0.53594,-0.02781,0.11591,0.06909,-0.00615,0.04421,-0.00443,0.06119,voltage_v (+0.536),power_mw (+0.116),panel_temp1_c (+0.069),0.0
REC-04371,2026-09-12T03:15:10Z,SITE-A,ESP32-A01,v1.7,SHORT_CIRCUIT,0.9452,0.15781,0.53452,-0.02769,0.11747,0.06905,-0.00613,0.04363,-0.00461,0.06115,voltage_v (+0.535),power_mw (+0.117),panel_temp1_c (+0.069),0.0
REC-04372,2026-09-12T03:15:15Z,SITE-A,ESP32-A01,v1.7,SHORT_CIRCUIT,0.9472,0.15781,0.53724,-0.02735,0.11712,0.06868,-0.00639,0.04367,-0.00457,0.061,voltage_v (+0.537),power_mw (+0.117),panel_temp1_c (+0.069),0.0
REC-04373,2026-09-12T03:15:20Z,SITE-A,ESP32-A01,v1.7,SHORT_CIRCUIT,0.9459,0.15781,0.53635,-0.02767,0.11607,0.06876,-0.00648,0.04439,-0.0045,0.06113,voltage_v (+0.536),power_mw (+0.116),panel_temp1_c (+0.069),0.0
REC-04374,2026-09-12T03:15:25Z,SITE-A,ESP32-A01,v1.7,SHORT_CIRCUIT,0.9462,0.15781,0.53553,-0.02717,0.11686,0.06874,-0.00609,0.04395,-0.00461,0.06116,voltage_v (+0.536),power_mw (+0.117),panel_temp1_c (+0.069),-0.0
REC-04375,2026-09-12T03:15:30Z,SITE-A,ESP32-A01,v1.7,SHORT_CIRCUIT,0.9473,0.15781,0.53793,-0.02782,0.11643,0.06893,-0.00609,0.04373,-0.00461,0.06102,voltage_v (+0.538),power_mw (+0.116),panel_temp1_c (+0.069),-0.0
REC-04376,2026-09-12T03:15:35Z,SITE-A,ESP32-A01,v1.7,SHORT_CIRCUIT,0.9461,0.15781,0.53615,-0.02794,0.11608,0.06918,-0.00592,0.04404,-0.00449,0.06116,voltage_v (+0.536),power_mw (+0.116),panel_temp1_c (+0.069),-0.0
REC-04377,2026-09-12T03:15:40Z,SITE-A,ESP32-A01,v1.7,SHORT_CIRCUIT,0.9464,0.15781,0.53635,-0.02743,0.11576,0.06902,-0.00627,0.04449,-0.0044,0.06111,voltage_v (+0.536),power_mw (+0.116),panel_temp1_c (+0.069),0.0
REC-04378,2026-09-12T03:15:45Z,SITE-A,ESP32-A01,v1.7,SHORT_CIRCUIT,0.9464,0.15781,0.53619,-0.02831,0.11626,0.06971,-0.00597,0.04416,-0.0046,0.06117,voltage_v (+0.536),power_mw (+0.116),panel_temp1_c (+0.070),-0.0
REC-04379,2026-09-12T03:15:50Z,SITE-A,ESP32-A01,v1.7,SHORT_CIRCUIT,0.9476,0.15781,0.53789,-0.02759,0.11677,0.06865,-0.00615,0.04361,-0.00435,0.06098,voltage_v (+0.538),power_mw (+0.117),panel_temp1_c (+0.069),-0.0
REC-04380,2026-09-12T03:15:55Z,SITE-A,ESP32-A01,v1.7,SHORT_CIRCUIT,0.9461,0.15781,0.53618,-0.0276,0.11713,0.06843,-0.00593,0.04346,-0.00442,0.06106,voltage_v (+0.536),power_mw (+0.117),panel_temp1_c (+0.068),0.0
REC-04381,2026-09-12T03:46:00Z,SITE-C,ESP32-C01,v1.7,OPEN_CIRCUIT,0.9717,0.16009,0.20635,0.14074,0.24509,-0.02166,-0.04125,0.06865,0.16362,0.05008,power_mw (+0.245),voltage_v (+0.206),irradiance_lux (+0.164),0.0
REC-04382,2026-09-12T03:46:05Z,SITE-C,ESP32-C01,v1.7,OPEN_CIRCUIT,0.9706,0.16009,0.20815,0.14072,0.2475,-0.02196,-0.04182,0.06818,0.16479,0.04491,power_mw (+0.248),voltage_v (+0.208),irradiance_lux (+0.165),0.0
REC-04383,2026-09-12T03:46:10Z,SITE-C,ESP32-C01,v1.7,OPEN_CIRCUIT,0.9699,0.16009,0.20799,0.14123,0.24825,-0.02274,-0.04312,0.0682,0.16626,0.04376,power_mw (+0.248),voltage_v (+0.208),irradiance_lux (+0.166),0.0
REC-04384,2026-09-12T03:46:15Z,SITE-C,ESP32-C01,v1.7,OPEN_CIRCUIT,0.9678,0.16009,0.20846,0.14207,0.24913,-0.02261,-0.04477,0.06787,0.16671,0.04086,power_mw (+0.249),voltage_v (+0.208),irradiance_lux (+0.167),-0.0
REC-04385,2026-09-12T03:46:20Z,SITE-C,ESP32-C01,v1.7,OPEN_CIRCUIT,0.9683,0.16009,0.20778,0.14159,0.24728,-0.02241,-0.04339,0.06854,0.1654,0.04337,power_mw (+0.247),voltage_v (+0.208),irradiance_lux (+0.165),-0.0
REC-04386,2026-09-12T03:46:25Z,SITE-C,ESP32-C01,v1.7,OPEN_CIRCUIT,0.9661,0.16009,0.2078,0.14186,0.24538,-0.02228,-0.04414,0.06845,0.16689,0.04208,power_mw (+0.245),voltage_v (+0.208),irradiance_lux (+0.167),-0.0
REC-04387,2026-09-12T03:46:30Z,SITE-C,ESP32-C01,v1.7,OPEN_CIRCUIT,0.9667,0.16009,0.20751,0.14228,0.24869,-0.02295,-0.04435,0.06879,0.16586,0.04081,power_mw (+0.249),voltage_v (+0.208),irradiance_lux (+0.166),0.0
REC-04388,2026-09-12T03:46:35Z,SITE-C,ESP32-C01,v1.7,OPEN_CIRCUIT,0.97,0.16009,0.20828,0.14018,0.2441,-0.02172,-0.04129,0.06826,0.1659,0.04617,power_mw (+0.244),voltage_v (+0.208),irradiance_lux (+0.166),0.0
REC-04389,2026-09-12T03:46:40Z,SITE-C,ESP32-C01,v1.7,OPEN_CIRCUIT,0.9697,0.16009,0.2076,0.14131,0.24845,-0.02257,-0.04312,0.06807,0.16665,0.04316,power_mw (+0.248),voltage_v (+0.208),irradiance_lux (+0.167),0.0
REC-04390,2026-09-12T03:46:45Z,SITE-C,ESP32-C01,v1.7,OPEN_CIRCUIT,0.9701,0.16009,0.20635,0.14144,0.24539,-0.02217,-0.04294,0.06841,0.16572,0.04777,power_mw (+0.245),voltage_v (+0.206),irradiance_lux (+0.166),-0.0
REC-04391,2026-09-12T03:46:50Z,SITE-C,ESP32-C01,v1.7,OPEN_CIRCUIT,0.9693,0.16009,0.20819,0.14073,0.24554,-0.02285,-0.04274,0.06807,0.16875,0.04351,power_mw (+0.246),voltage_v (+0.208),irradiance_lux (+0.169),-0.0
REC-04392,2026-09-12T03:46:55Z,SITE-C,ESP32-C01,v1.7,OPEN_CIRCUIT,0.9715,0.16009,0.21072,0.14028,0.24675,-0.02279,-0.04317,0.06729,0.16772,0.0446,power_mw (+0.247),voltage_v (+0.211),irradiance_lux (+0.168),-0.0
REC-04393,2026-09-12T03:47:00Z,SITE-C,ESP32-C01,v1.7,OPEN_CIRCUIT,0.9689,0.16009,0.20761,0.14126,0.24466,-0.02295,-0.04386,0.06811,0.1689,0.04509,power_mw (+0.245),voltage_v (+0.208),irradiance_lux (+0.169),-0.0
REC-04394,2026-09-12T03:47:05Z,SITE-C,ESP32-C01,v1.7,OPEN_CIRCUIT,0.9714,0.16009,0.20909,0.14017,0.24524,-0.02245,-0.04238,0.06756,0.16799,0.04607,power_mw (+0.245),voltage_v (+0.209),irradiance_lux (+0.168),-0.0
REC-04395,2026-09-12T03:47:10Z,SITE-C,ESP32-C01,v1.7,OPEN_CIRCUIT,0.9682,0.16009,0.2048,0.14197,0.24944,-0.02265,-0.04375,0.06837,0.16795,0.04192,power_mw (+0.249),voltage_v (+0.205),irradiance_lux (+0.168),0.0
REC-04396,2026-09-12T03:47:15Z,SITE-C,ESP32-C01,v1.7,OPEN_CIRCUIT,0.9711,0.16009,0.20677,0.14143,0.24738,-0.02226,-0.0428,0.06856,0.16378,0.04817,power_mw (+0.247),voltage_v (+0.207),irradiance_lux (+0.164),0.0
REC-04397,2026-09-12T03:47:20Z,SITE-C,ESP32-C01,v1.7,OPEN_CIRCUIT,0.9695,0.16009,0.20856,0.14061,0.24974,-0.02222,-0.04178,0.0682,0.16552,0.04075,power_mw (+0.250),voltage_v (+0.209),irradiance_lux (+0.166),0.0
REC-04398,2026-09-12T03:47:25Z,SITE-C,ESP32-C01,v1.7,OPEN_CIRCUIT,0.9692,0.16009,0.20776,0.14134,0.24653,-0.02255,-0.04329,0.06846,0.16589,0.04493,power_mw (+0.247),voltage_v (+0.208),irradiance_lux (+0.166),-0.0
REC-04399,2026-09-12T03:47:30Z,SITE-C,ESP32-C01,v1.7,OPEN_CIRCUIT,0.9669,0.16009,0.20721,0.14221,0.24895,-0.02265,-0.04484,0.06812,0.16743,0.04043,power_mw (+0.249),voltage_v (+0.207),irradiance_lux (+0.167),0.0
REC-04400,2026-09-12T03:47:35Z,SITE-C,ESP32-C01,v1.7,OPEN_CIRCUIT,0.9687,0.16009,0.20785,0.14131,0.24573,-0.02216,-0.0431,0.06841,0.16564,0.04488,power_mw (+0.246),voltage_v (+0.208),irradiance_lux (+0.166),0.0
REC-04401,2026-09-12T03:47:40Z,SITE-C,ESP32-C01,v1.7,OPEN_CIRCUIT,0.9719,0.16009,0.20835,0.14062,0.24599,-0.02257,-0.04248,0.06802,0.16599,0.04788,power_mw (+0.246),voltage_v (+0.208),irradiance_lux (+0.166),0.0
REC-04402,2026-09-12T03:47:45Z,SITE-C,ESP32-C01,v1.7,OPEN_CIRCUIT,0.9718,0.16009,0.20946,0.14008,0.24573,-0.0222,-0.04196,0.06775,0.16604,0.04684,power_mw (+0.246),voltage_v (+0.209),irradiance_lux (+0.166),-0.0
REC-04403,2026-09-12T03:47:50Z,SITE-C,ESP32-C01,v1.7,OPEN_CIRCUIT,0.9728,0.16009,0.20806,0.14004,0.24671,-0.02195,-0.04086,0.06838,0.16353,0.04876,power_mw (+0.247),voltage_v (+0.208),irradiance_lux (+0.164),0.0
REC-04404,2026-09-12T03:47:55Z,SITE-C,ESP32-C01,v1.7,OPEN_CIRCUIT,0.9684,0.16009,0.2072,0.14119,0.24596,-0.02209,-0.04322,0.06812,0.16725,0.04389,power_mw (+0.246),voltage_v (+0.207),irradiance_lux (+0.167),-0.0
REC-04405,2026-09-12T03:48:00Z,SITE-C,ESP32-C01,v1.7,OPEN_CIRCUIT,0.9712,0.16009,0.20677,0.14032,0.24432,-0.02187,-0.04204,0.06777,0.16784,0.048,power_mw (+0.244),voltage_v (+0.207),irradiance_lux (+0.168),0.0
REC-04406,2026-09-12T03:48:05Z,SITE-C,ESP32-C01,v1.7,OPEN_CIRCUIT,0.9681,0.16009,0.2077,0.1414,0.24685,-0.02304,-0.04403,0.06812,0.16892,0.04209,power_mw (+0.247),voltage_v (+0.208),irradiance_lux (+0.169),0.0
REC-04407,2026-09-12T03:48:10Z,SITE-C,ESP32-C01,v1.7,OPEN_CIRCUIT,0.9686,0.16009,0.20675,0.1417,0.24836,-0.02335,-0.04447,0.06819,0.16892,0.04243,power_mw (+0.248),voltage_v (+0.207),irradiance_lux (+0.169),0.0
REC-04408,2026-09-12T03:48:15Z,SITE-C,ESP32-C01,v1.7,OPEN_CIRCUIT,0.9707,0.16009,0.20681,0.14092,0.24826,-0.02218,-0.04263,0.06796,0.16645,0.04499,power_mw (+0.248),voltage_v (+0.207),irradiance_lux (+0.166),0.0
REC-04409,2026-09-12T03:48:20Z,SITE-C,ESP32-C01,v1.7,OPEN_CIRCUIT,0.9718,0.16009,0.20654,0.1408,0.24734,-0.02224,-0.04203,0.06836,0.16503,0.04796,power_mw (+0.247),voltage_v (+0.207),irradiance_lux (+0.165),0.0
REC-04410,2026-09-12T03:48:25Z,SITE-C,ESP32-C01,v1.7,OPEN_CIRCUIT,0.9689,0.16009,0.20612,0.14166,0.24889,-0.02269,-0.04365,0.0683,0.16729,0.04285,power_mw (+0.249),voltage_v (+0.206),irradiance_lux (+0.167),-0.0
REC-04411,2026-09-12T03:48:30Z,SITE-C,ESP32-C01,v1.7,OPEN_CIRCUIT,0.9701,0.16009,0.20793,0.14074,0.24399,-0.02245,-0.04341,0.06779,0.16846,0.04697,power_mw (+0.244),voltage_v (+0.208),irradiance_lux (+0.168),0.0
REC-04412,2026-09-12T03:48:35Z,SITE-C,ESP32-C01,v1.7,OPEN_CIRCUIT,0.9705,0.16009,0.20755,0.14076,0.24666,-0.02296,-0.04335,0.06785,0.16895,0.0449,power_mw (+0.247),voltage_v (+0.208),irradiance_lux (+0.169),-0.0
REC-04413,2026-09-12T03:48:40Z,SITE-C,ESP32-C01,v1.7,OPEN_CIRCUIT,0.9706,0.16009,0.20623,0.14107,0.24777,-0.02286,-0.04352,0.06791,0.16868,0.04518,power_mw (+0.248),voltage_v (+0.206),irradiance_lux (+0.169),0.0
REC-04414,2026-09-12T03:48:45Z,SITE-C,ESP32-C01,v1.7,OPEN_CIRCUIT,0.969,0.16009,0.207,0.14105,0.24896,-0.02302,-0.04459,0.06711,0.17205,0.04035,power_mw (+0.249),voltage_v (+0.207),irradiance_lux (+0.172),-0.0
REC-04415,2026-09-12T03:48:50Z,SITE-C,ESP32-C01,v1.7,OPEN_CIRCUIT,0.9686,0.16009,0.20607,0.14199,0.24893,-0.02273,-0.04487,0.06783,0.16851,0.04278,power_mw (+0.249),voltage_v (+0.206),irradiance_lux (+0.169),-0.0
REC-04416,2026-09-12T03:48:55Z,SITE-C,ESP32-C01,v1.7,OPEN_CIRCUIT,0.9696,0.16009,0.20644,0.14154,0.24789,-0.02301,-0.04481,0.06741,0.17047,0.04359,power_mw (+0.248),voltage_v (+0.206),irradiance_lux (+0.170),0.0
REC-04417,2026-09-12T03:49:00Z,SITE-C,ESP32-C01,v1.7,OPEN_CIRCUIT,0.9701,0.16009,0.20805,0.14117,0.24664,-0.02309,-0.04417,0.06786,0.16837,0.04521,power_mw (+0.247),voltage_v (+0.208),irradiance_lux (+0.168),0.0
REC-04418,2026-09-12T03:49:05Z,SITE-C,ESP32-C01,v1.7,OPEN_CIRCUIT,0.9688,0.16009,0.2077,0.14138,0.24869,-0.02312,-0.04486,0.06736,0.17062,0.04097,power_mw (+0.249),voltage_v (+0.208),irradiance_lux (+0.171),0.0
REC-04419,2026-09-12T03:49:10Z,SITE-C,ESP32-C01,v1.7,OPEN_CIRCUIT,0.967,0.16009,0.20726,0.14216,0.24968,-0.02344,-0.04587,0.06776,0.17024,0.03914,power_mw (+0.250),voltage_v (+0.207),irradiance_lux (+0.170),-0.0
REC-04420,2026-09-12T03:49:15Z,SITE-C,ESP32-C01,v1.7,OPEN_CIRCUIT,0.9656,0.16009,0.20826,0.14219,0.25027,-0.02314,-0.04626,0.06747,0.17052,0.03616,power_mw (+0.250),voltage_v (+0.208),irradiance_lux (+0.171),-0.0
REC-04421,2026-09-12T03:49:20Z,SITE-C,ESP32-C01,v1.7,OPEN_CIRCUIT,0.9702,0.16009,0.20683,0.14116,0.24566,-0.02279,-0.04425,0.06768,0.16932,0.04651,power_mw (+0.246),voltage_v (+0.207),irradiance_lux (+0.169),-0.0
REC-04422,2026-09-12T03:49:25Z,SITE-C,ESP32-C01,v1.7,OPEN_CIRCUIT,0.9712,0.16009,0.20552,0.14082,0.2456,-0.02299,-0.04407,0.06726,0.17209,0.04684,power_mw (+0.246),voltage_v (+0.206),irradiance_lux (+0.172),-0.0
REC-04423,2026-09-12T03:49:30Z,SITE-C,ESP32-C01,v1.7,OPEN_CIRCUIT,0.9664,0.16009,0.20789,0.14203,0.2498,-0.02376,-0.04622,0.06734,0.17275,0.03644,power_mw (+0.250),voltage_v (+0.208),irradiance_lux (+0.173),-0.0
REC-04424,2026-09-12T03:49:35Z,SITE-C,ESP32-C01,v1.7,OPEN_CIRCUIT,0.9709,0.16009,0.20732,0.14059,0.247,-0.02369,-0.04452,0.06699,0.17353,0.04359,power_mw (+0.247),voltage_v (+0.207),irradiance_lux (+0.174),-0.0
REC-04425,2026-09-12T03:49:40Z,SITE-C,ESP32-C01,v1.7,OPEN_CIRCUIT,0.9683,0.16009,0.20739,0.14172,0.24716,-0.02313,-0.04599,0.06712,0.17175,0.04215,power_mw (+0.247),voltage_v (+0.207),irradiance_lux (+0.172),-0.0
REC-04426,2026-09-12T03:49:45Z,SITE-C,ESP32-C01,v1.7,OPEN_CIRCUIT,0.9709,0.16009,0.20473,0.14106,0.24489,-0.02323,-0.04451,0.06744,0.17262,0.04781,power_mw (+0.245),voltage_v (+0.205),irradiance_lux (+0.173),0.0
REC-04427,2026-09-12T03:49:50Z,SITE-C,ESP32-C01,v1.7,OPEN_CIRCUIT,0.9685,0.16009,0.20741,0.14178,0.24632,-0.02356,-0.04644,0.06698,0.17317,0.04278,power_mw (+0.246),voltage_v (+0.207),irradiance_lux (+0.173),0.0
REC-04428,2026-09-12T03:49:55Z,SITE-C,ESP32-C01,v1.7,OPEN_CIRCUIT,0.9699,0.16009,0.20675,0.14064,0.24338,-0.02312,-0.04501,0.06662,0.1753,0.04524,power_mw (+0.243),voltage_v (+0.207),irradiance_lux (+0.175),-0.0
REC-04429,2026-09-12T03:50:00Z,SITE-C,ESP32-C01,v1.7,OPEN_CIRCUIT,0.9688,0.16009,0.20522,0.1417,0.24794,-0.02425,-0.04621,0.06715,0.17559,0.04159,power_mw (+0.248),voltage_v (+0.205),irradiance_lux (+0.176),0.0
REC-04430,2026-09-12T03:50:05Z,SITE-C,ESP32-C01,v1.7,OPEN_CIRCUIT,0.9682,0.16009,0.20661,0.14123,0.24624,-0.02439,-0.04617,0.06692,0.17724,0.04044,power_mw (+0.246),voltage_v (+0.207),irradiance_lux (+0.177),0.0
REC-04431,2026-09-12T03:50:10Z,SITE-C,ESP32-C01,v1.7,OPEN_CIRCUIT,0.9686,0.16009,0.20763,0.14055,0.24001,-0.02326,-0.0457,0.06664,0.17649,0.04619,power_mw (+0.240),voltage_v (+0.208),irradiance_lux (+0.176),-0.0
REC-04432,2026-09-12T03:50:15Z,SITE-C,ESP32-C01,v1.7,OPEN_CIRCUIT,0.9722,0.16009,0.20737,0.14003,0.24517,-0.02307,-0.044,0.06672,0.17299,0.04692,power_mw (+0.245),voltage_v (+0.207),irradiance_lux (+0.173),-0.0
REC-04433,2026-09-12T03:50:20Z,SITE-C,ESP32-C01,v1.7,OPEN_CIRCUIT,0.9668,0.16009,0.2056,0.14194,0.24929,-0.02423,-0.0468,0.06723,0.17564,0.03807,power_mw (+0.249),voltage_v (+0.206),irradiance_lux (+0.176),0.0
REC-04434,2026-09-12T03:50:25Z,SITE-C,ESP32-C01,v1.7,OPEN_CIRCUIT,0.9709,0.16009,0.20744,0.14091,0.24495,-0.02302,-0.04514,0.06701,0.17146,0.04719,power_mw (+0.245),voltage_v (+0.207),irradiance_lux (+0.171),0.0
REC-04435,2026-09-12T03:50:30Z,SITE-C,ESP32-C01,v1.7,OPEN_CIRCUIT,0.967,0.16009,0.20545,0.14241,0.24937,-0.02393,-0.04671,0.0676,0.17299,0.03972,power_mw (+0.249),voltage_v (+0.205),irradiance_lux (+0.173),-0.0
REC-04436,2026-09-12T03:50:35Z,SITE-C,ESP32-C01,v1.7,OPEN_CIRCUIT,0.9655,0.16009,0.20954,0.1421,0.24963,-0.02353,-0.04716,0.06685,0.17292,0.03505,power_mw (+0.250),voltage_v (+0.210),irradiance_lux (+0.173),0.0
REC-04437,2026-09-12T03:50:40Z,SITE-C,ESP32-C01,v1.7,OPEN_CIRCUIT,0.9698,0.16009,0.20676,0.14086,0.24656,-0.02327,-0.04451,0.06726,0.17252,0.04354,power_mw (+0.247),voltage_v (+0.207),irradiance_lux (+0.173),-0.0
REC-04438,2026-09-12T03:50:45Z,SITE-C,ESP32-C01,v1.7,OPEN_CIRCUIT,0.9716,0.16009,0.20566,0.14042,0.24687,-0.0234,-0.04395,0.06698,0.17392,0.04498,power_mw (+0.247),voltage_v (+0.206),irradiance_lux (+0.174),-0.0
REC-04439,2026-09-12T03:50:50Z,SITE-C,ESP32-C01,v1.7,OPEN_CIRCUIT,0.9652,0.16009,0.20831,0.14206,0.24622,-0.02412,-0.04823,0.06656,0.17696,0.03737,power_mw (+0.246),voltage_v (+0.208),irradiance_lux (+0.177),-0.0
REC-04440,2026-09-12T03:50:55Z,SITE-C,ESP32-C01,v1.7,OPEN_CIRCUIT,0.9649,0.16009,0.207,0.1419,0.24775,-0.02371,-0.04694,0.06699,0.17591,0.0359,power_mw (+0.248),voltage_v (+0.207),irradiance_lux (+0.176),-0.0
REC-04441,2026-09-12T06:39:00Z,SITE-E,ESP32-E01,v1.8,DUST,0.9969,0.23987,0.01782,0.00908,0.09617,-0.02992,0.02784,-0.01453,-0.04409,0.69466,dust_vo_v (+0.695),power_mw (+0.096),irradiance_lux (-0.044),0.0
REC-04442,2026-09-12T06:39:05Z,SITE-E,ESP32-E01,v1.8,DUST,0.9973,0.23987,0.0166,0.00944,0.09204,-0.02873,0.02715,-0.01501,-0.04352,0.69942,dust_vo_v (+0.699),power_mw (+0.092),irradiance_lux (-0.044),0.0
REC-04443,2026-09-12T06:39:10Z,SITE-E,ESP32-E01,v1.8,DUST,0.9984,0.23987,0.01302,0.00956,0.07084,-0.02528,0.02441,-0.01574,-0.03943,0.72117,dust_vo_v (+0.721),power_mw (+0.071),irradiance_lux (-0.039),0.0
REC-04444,2026-09-12T06:39:15Z,SITE-E,ESP32-E01,v1.8,DUST,0.9971,0.23987,0.01733,0.00917,0.09321,-0.02918,0.02752,-0.0147,-0.04347,0.69735,dust_vo_v (+0.697),power_mw (+0.093),irradiance_lux (-0.043),0.0
REC-04445,2026-09-12T06:39:20Z,SITE-E,ESP32-E01,v1.8,DUST,0.9958,0.23987,0.01997,0.00788,0.11162,-0.03195,0.03054,-0.01337,-0.04658,0.67787,dust_vo_v (+0.678),power_mw (+0.112),irradiance_lux (-0.047),0.0
REC-04446,2026-09-12T06:39:25Z,SITE-E,ESP32-E01,v1.8,DUST,0.9977,0.23987,0.01554,0.00935,0.08356,-0.02726,0.02605,-0.01536,-0.04148,0.70741,dust_vo_v (+0.707),power_mw (+0.084),irradiance_lux (-0.041),-0.0
REC-04447,2026-09-12T06:39:30Z,SITE-E,ESP32-E01,v1.8,DUST,0.9978,0.23987,0.01524,0.00951,0.08241,-0.02745,0.02591,-0.01529,-0.04183,0.70943,dust_vo_v (+0.709),power_mw (+0.082),irradiance_lux (-0.042),-0.0
REC-04448,2026-09-12T06:39:35Z,SITE-E,ESP32-E01,v1.8,DUST,0.9974,0.23987,0.01631,0.00959,0.09274,-0.02938,0.02705,-0.0151,-0.04343,0.69971,dust_vo_v (+0.700),power_mw (+0.093),irradiance_lux (-0.043),-0.0
REC-04449,2026-09-12T06:39:40Z,SITE-E,ESP32-E01,v1.8,DUST,0.9949,0.23987,0.02182,0.00762,0.1163,-0.03278,0.03129,-0.01304,-0.04594,0.66977,dust_vo_v (+0.670),power_mw (+0.116),irradiance_lux (-0.046),0.0
REC-04450,2026-09-12T06:39:45Z,SITE-E,ESP32-E01,v1.8,DUST,0.998,0.23987,0.01471,0.00943,0.07686,-0.02674,0.02515,-0.01532,-0.04074,0.7148,dust_vo_v (+0.715),power_mw (+0.077),irradiance_lux (-0.041),-0.0
REC-04451,2026-09-12T06:39:50Z,SITE-E,ESP32-E01,v1.8,DUST,0.9973,0.23987,0.01645,0.00959,0.09004,-0.02851,0.02677,-0.01523,-0.04283,0.70118,dust_vo_v (+0.701),power_mw (+0.090),irradiance_lux (-0.043),-0.0
REC-04452,2026-09-12T06:39:55Z,SITE-E,ESP32-E01,v1.8,DUST,0.9969,0.23987,0.01746,0.00926,0.09684,-0.02925,0.02799,-0.01483,-0.04412,0.69371,dust_vo_v (+0.694),power_mw (+0.097),irradiance_lux (-0.044),-0.0
REC-04453,2026-09-12T06:40:00Z,SITE-E,ESP32-E01,v1.8,DUST,0.998,0.23987,0.01463,0.00961,0.07802,-0.0266,0.02519,-0.01557,-0.04058,0.71342,dust_vo_v (+0.713),power_mw (+0.078),irradiance_lux (-0.041),-0.0
REC-04454,2026-09-12T06:40:05Z,SITE-E,ESP32-E01,v1.8,DUST,0.9947,0.23987,0.02223,0.00726,0.11786,-0.03284,0.03162,-0.01299,-0.04569,0.66734,dust_vo_v (+0.667),power_mw (+0.118),irradiance_lux (-0.046),-0.0
REC-04455,2026-09-12T06:40:10Z,SITE-E,ESP32-E01,v1.8,DUST,0.9973,0.23987,0.01684,0.00944,0.0914,-0.02914,0.02712,-0.01498,-0.04295,0.69967,dust_vo_v (+0.700),power_mw (+0.091),irradiance_lux (-0.043),-0.0
REC-04456,2026-09-12T06:40:15Z,SITE-E,ESP32-E01,v1.8,DUST,0.9966,0.23987,0.01846,0.00881,0.0988,-0.03008,0.02815,-0.01455,-0.04378,0.69093,dust_vo_v (+0.691),power_mw (+0.099),irradiance_lux (-0.044),0.0
REC-04457,2026-09-12T06:40:20Z,SITE-E,ESP32-E01,v1.8,DUST,0.9982,0.23987,0.01397,0.00965,0.07441,-0.02586,0.02458,-0.01579,-0.03956,0.71689,dust_vo_v (+0.717),power_mw (+0.074),irradiance_lux (-0.040),0.0
REC-04458,2026-09-12T06:40:25Z,SITE-E,ESP32-E01,v1.8,DUST,0.9973,0.23987,0.01675,0.00928,0.08738,-0.02801,0.02635,-0.01529,-0.04133,0.7023,dust_vo_v (+0.702),power_mw (+0.087),irradiance_lux (-0.041),-0.0
REC-04459,2026-09-12T06:40:30Z,SITE-E,ESP32-E01,v1.8,DUST,0.9963,0.23987,0.0188,0.00907,0.10324,-0.03016,0.02858,-0.01466,-0.04452,0.68607,dust_vo_v (+0.686),power_mw (+0.103),irradiance_lux (-0.045),0.0
REC-04460,2026-09-12T06:40:35Z,SITE-E,ESP32-E01,v1.8,DUST,0.998,0.23987,0.01455,0.00978,0.07843,-0.02656,0.02509,-0.01577,-0.04021,0.71278,dust_vo_v (+0.713),power_mw (+0.078),irradiance_lux (-0.040),-0.0
REC-04461,2026-09-12T06:40:40Z,SITE-E,ESP32-E01,v1.8,DUST,0.9938,0.23987,0.02364,0.00669,0.12362,-0.0339,0.033,-0.01218,-0.04641,0.65952,dust_vo_v (+0.660),power_mw (+0.124),irradiance_lux (-0.046),0.0
REC-04462,2026-09-12T06:40:45Z,SITE-E,ESP32-E01,v1.8,DUST,0.9975,0.23987,0.01625,0.0091,0.08474,-0.02764,0.02618,-0.01525,-0.04131,0.70555,dust_vo_v (+0.706),power_mw (+0.085),irradiance_lux (-0.041),-0.0
REC-04463,2026-09-12T06:40:50Z,SITE-E,ESP32-E01,v1.8,DUST,0.9959,0.23987,0.01997,0.00839,0.10915,-0.03171,0.02983,-0.0139,-0.04534,0.67959,dust_vo_v (+0.680),power_mw (+0.109),irradiance_lux (-0.045),-0.0
REC-04464,2026-09-12T06:40:55Z,SITE-E,ESP32-E01,v1.8,DUST,0.9967,0.23987,0.01826,0.00903,0.09694,-0.02943,0.0278,-0.01478,-0.04341,0.69238,dust_vo_v (+0.692),power_mw (+0.097),irradiance_lux (-0.043),-0.0
REC-04465,2026-09-12T06:41:00Z,SITE-E,ESP32-E01,v1.8,DUST,0.9969,0.23987,0.01764,0.00935,0.09437,-0.02883,0.0274,-0.015,-0.04325,0.69535,dust_vo_v (+0.695),power_mw (+0.094),irradiance_lux (-0.043),-0.0
REC-04466,2026-09-12T06:41:05Z,SITE-E,ESP32-E01,v1.8,DUST,0.9978,0.23987,0.01496,0.00969,0.08104,-0.02666,0.02548,-0.01571,-0.04085,0.70999,dust_vo_v (+0.710),power_mw (+0.081),irradiance_lux (-0.041),-0.0
REC-04467,2026-09-12T06:41:10Z,SITE-E,ESP32-E01,v1.8,DUST,0.9985,0.23987,0.01272,0.00954,0.06689,-0.02475,0.02355,-0.01582,-0.03811,0.7246,dust_vo_v (+0.725),power_mw (+0.067),irradiance_lux (-0.038),0.0
REC-04468,2026-09-12T06:41:15Z,SITE-E,ESP32-E01,v1.8,DUST,0.995,0.23987,0.02191,0.00761,0.11509,-0.03293,0.03102,-0.01292,-0.04618,0.67148,dust_vo_v (+0.671),power_mw (+0.115),irradiance_lux (-0.046),0.0
REC-04469,2026-09-12T06:41:20Z,SITE-E,ESP32-E01,v1.8,DUST,0.9975,0.23987,0.01587,0.00948,0.08782,-0.02807,0.02654,-0.01533,-0.04245,0.7038,dust_vo_v (+0.704),power_mw (+0.088),irradiance_lux (-0.042),-0.0
REC-04470,2026-09-12T06:41:25Z,SITE-E,ESP32-E01,v1.8,DUST,0.9985,0.23987,0.01301,0.00908,0.06655,-0.02494,0.02388,-0.01548,-0.03838,0.7249,dust_vo_v (+0.725),power_mw (+0.067),irradiance_lux (-0.038),-0.0
REC-04471,2026-09-12T06:41:30Z,SITE-E,ESP32-E01,v1.8,DUST,0.9967,0.23987,0.01819,0.00877,0.10119,-0.03045,0.02868,-0.01436,-0.04485,0.68965,dust_vo_v (+0.690),power_mw (+0.101),irradiance_lux (-0.045),0.0
REC-04472,2026-09-12T06:41:35Z,SITE-E,ESP32-E01,v1.8,DUST,0.9966,0.23987,0.01853,0.00858,0.1009,-0.0303,0.02867,-0.01427,-0.04468,0.68928,dust_vo_v (+0.689),power_mw (+0.101),irradiance_lux (-0.045),0.0
REC-04473,2026-09-12T06:41:40Z,SITE-E,ESP32-E01,v1.8,DUST,0.9974,0.23987,0.01678,0.00892,0.08905,-0.02855,0.02716,-0.01472,-0.04282,0.70168,dust_vo_v (+0.702),power_mw (+0.089),irradiance_lux (-0.043),-0.0
REC-04474,2026-09-12T06:41:45Z,SITE-E,ESP32-E01,v1.8,DUST,0.9978,0.23987,0.01522,0.00961,0.08478,-0.02834,0.02618,-0.01517,-0.04265,0.7083,dust_vo_v (+0.708),power_mw (+0.085),irradiance_lux (-0.043),0.0
REC-04475,2026-09-12T06:41:50Z,SITE-E,ESP32-E01,v1.8,DUST,0.9977,0.23987,0.01568,0.00936,0.08486,-0.02782,0.02643,-0.01509,-0.04232,0.70674,dust_vo_v (+0.707),power_mw (+0.085),irradiance_lux (-0.042),-0.0
REC-04476,2026-09-12T06:41:55Z,SITE-E,ESP32-E01,v1.8,DUST,0.9969,0.23987,0.0175,0.00908,0.09812,-0.02984,0.02807,-0.01473,-0.04402,0.69287,dust_vo_v (+0.693),power_mw (+0.098),irradiance_lux (-0.044),0.0
REC-04477,2026-09-12T06:42:00Z,SITE-E,ESP32-E01,v1.8,DUST,0.9964,0.23987,0.01888,0.00852,0.10326,-0.03069,0.02918,-0.01404,-0.04502,0.68649,dust_vo_v (+0.686),power_mw (+0.103),irradiance_lux (-0.045),0.0
REC-04478,2026-09-12T06:42:05Z,SITE-E,ESP32-E01,v1.8,DUST,0.9981,0.23987,0.01432,0.00937,0.07657,-0.02619,0.02526,-0.01548,-0.04052,0.71488,dust_vo_v (+0.715),power_mw (+0.077),irradiance_lux (-0.041),-0.0
REC-04479,2026-09-12T06:42:10Z,SITE-E,ESP32-E01,v1.8,DUST,0.9965,0.23987,0.01873,0.00862,0.10271,-0.03039,0.02908,-0.01414,-0.04501,0.687,dust_vo_v (+0.687),power_mw (+0.103),irradiance_lux (-0.045),0.0
REC-04480,2026-09-12T06:42:15Z,SITE-E,ESP32-E01,v1.8,DUST,0.9949,0.23987,0.02181,0.0072,0.11762,-0.0331,0.03176,-0.0127,-0.04632,0.66881,dust_vo_v (+0.669),power_mw (+0.118),irradiance_lux (-0.046),-0.0
REC-04481,2026-09-12T06:42:20Z,SITE-E,ESP32-E01,v1.8,DUST,0.9957,0.23987,0.02039,0.00796,0.11143,-0.03162,0.03062,-0.01345,-0.04589,0.67635,dust_vo_v (+0.676),power_mw (+0.111),irradiance_lux (-0.046),-0.0
REC-04482,2026-09-12T06:42:25Z,SITE-E,ESP32-E01,v1.8,DUST,0.9966,0.23987,0.01846,0.00899,0.1007,-0.03074,0.02841,-0.01426,-0.0448,0.68999,dust_vo_v (+0.690),power_mw (+0.101),irradiance_lux (-0.045),0.0
REC-04483,2026-09-12T06:42:30Z,SITE-E,ESP32-E01,v1.8,DUST,0.9982,0.23987,0.01372,0.0097,0.07623,-0.02641,0.02517,-0.01559,-0.04066,0.71621,dust_vo_v (+0.716),power_mw (+0.076),irradiance_lux (-0.041),0.0
REC-04484,2026-09-12T06:42:35Z,SITE-E,ESP32-E01,v1.8,DUST,0.996,0.23987,0.01995,0.00755,0.10835,-0.03148,0.03017,-0.01337,-0.04563,0.68055,dust_vo_v (+0.681),power_mw (+0.108),irradiance_lux (-0.046),-0.0
REC-04485,2026-09-12T06:42:40Z,SITE-E,ESP32-E01,v1.8,DUST,0.9983,0.23987,0.0135,0.00978,0.07736,-0.0268,0.02508,-0.01567,-0.04106,0.7162,dust_vo_v (+0.716),power_mw (+0.077),irradiance_lux (-0.041),0.0
REC-04486,2026-09-12T06:42:45Z,SITE-E,ESP32-E01,v1.8,DUST,0.9981,0.23987,0.01445,0.00939,0.0761,-0.02622,0.02508,-0.01549,-0.04009,0.71497,dust_vo_v (+0.715),power_mw (+0.076),irradiance_lux (-0.040),-0.0
REC-04487,2026-09-12T06:42:50Z,SITE-E,ESP32-E01,v1.8,DUST,0.9973,0.23987,0.01687,0.00892,0.08779,-0.0282,0.02678,-0.01491,-0.04181,0.70201,dust_vo_v (+0.702),power_mw (+0.088),irradiance_lux (-0.042),0.0
REC-04488,2026-09-12T06:42:55Z,SITE-E,ESP32-E01,v1.8,DUST,0.9938,0.23987,0.02362,0.00672,0.12566,-0.03426,0.03349,-0.01181,-0.04711,0.65759,dust_vo_v (+0.658),power_mw (+0.126),irradiance_lux (-0.047),0.0
REC-04489,2026-09-12T06:43:00Z,SITE-E,ESP32-E01,v1.8,DUST,0.996,0.23987,0.01924,0.0088,0.10932,-0.03121,0.02961,-0.01409,-0.04603,0.68049,dust_vo_v (+0.680),power_mw (+0.109),irradiance_lux (-0.046),0.0
REC-04490,2026-09-12T06:43:05Z,SITE-E,ESP32-E01,v1.8,DUST,0.9966,0.23987,0.01817,0.00911,0.10158,-0.03036,0.02836,-0.01455,-0.04471,0.68912,dust_vo_v (+0.689),power_mw (+0.102),irradiance_lux (-0.045),0.0
REC-04491,2026-09-12T06:43:10Z,SITE-E,ESP32-E01,v1.8,DUST,0.9983,0.23987,0.01352,0.00921,0.07178,-0.02517,0.02464,-0.01563,-0.03932,0.71942,dust_vo_v (+0.719),power_mw (+0.072),irradiance_lux (-0.039),-0.0
REC-04492,2026-09-12T06:43:15Z,SITE-E,ESP32-E01,v1.8,DUST,0.9967,0.23987,0.01782,0.00884,0.09993,-0.02956,0.02813,-0.01486,-0.04361,0.69011,dust_vo_v (+0.690),power_mw (+0.100),irradiance_lux (-0.044),0.0
REC-04493,2026-09-12T06:43:20Z,SITE-E,ESP32-E01,v1.8,DUST,0.9964,0.23987,0.01889,0.00872,0.1004,-0.02945,0.0287,-0.01434,-0.04423,0.68781,dust_vo_v (+0.688),power_mw (+0.100),irradiance_lux (-0.044),-0.0
REC-04494,2026-09-12T06:43:25Z,SITE-E,ESP32-E01,v1.8,DUST,0.9973,0.23987,0.01667,0.00927,0.08805,-0.0279,0.02653,-0.01522,-0.04155,0.70156,dust_vo_v (+0.702),power_mw (+0.088),irradiance_lux (-0.042),0.0
REC-04495,2026-09-12T06:43:30Z,SITE-E,ESP32-E01,v1.8,DUST,0.9956,0.23987,0.02056,0.00798,0.10849,-0.03095,0.03005,-0.01363,-0.04483,0.67805,dust_vo_v (+0.678),power_mw (+0.108),irradiance_lux (-0.045),0.0
REC-04496,2026-09-12T06:43:35Z,SITE-E,ESP32-E01,v1.8,DUST,0.9971,0.23987,0.01688,0.00936,0.09141,-0.02811,0.02702,-0.01519,-0.04242,0.69833,dust_vo_v (+0.698),power_mw (+0.091),irradiance_lux (-0.042),-0.0
REC-04497,2026-09-12T06:43:40Z,SITE-E,ESP32-E01,v1.8,DUST,0.9964,0.23987,0.01852,0.0091,0.10162,-0.02977,0.02856,-0.01463,-0.04407,0.68723,dust_vo_v (+0.687),power_mw (+0.102),irradiance_lux (-0.044),0.0
REC-04498,2026-09-12T06:43:45Z,SITE-E,ESP32-E01,v1.8,DUST,0.9987,0.23987,0.0119,0.00878,0.06072,-0.02317,0.02317,-0.01569,-0.03649,0.72964,dust_vo_v (+0.730),power_mw (+0.061),irradiance_lux (-0.036),-0.0
REC-04499,2026-09-12T06:43:50Z,SITE-E,ESP32-E01,v1.8,DUST,0.9962,0.23987,0.01909,0.00884,0.10165,-0.02965,0.02872,-0.01441,-0.04387,0.686,dust_vo_v (+0.686),power_mw (+0.102),irradiance_lux (-0.044),0.0
REC-04500,2026-09-12T06:43:55Z,SITE-E,ESP32-E01,v1.8,DUST,0.9984,0.23987,0.01312,0.00946,0.06911,-0.02476,0.02403,-0.01581,-0.03835,0.72172,dust_vo_v (+0.722),power_mw (+0.069),irradiance_lux (-0.038),-0.0
REC-04501,2026-09-12T06:46:00Z,SITE-D,ESP32-D01,v1.8,NORMAL,0.8717,0.24802,0.06405,0.08086,0.29401,-0.02722,0.02288,0.04084,0.00676,0.14153,power_mw (+0.294),dust_vo_v (+0.142),current_ma (+0.081),-0.0
REC-04502,2026-09-12T06:46:05Z,SITE-D,ESP32-D01,v1.8,NORMAL,0.8746,0.24802,0.06425,0.08112,0.29017,-0.02766,0.02748,0.04165,0.00564,0.14396,power_mw (+0.290),dust_vo_v (+0.144),current_ma (+0.081),-0.0
REC-04503,2026-09-12T06:46:10Z,SITE-D,ESP32-D01,v1.8,NORMAL,0.8704,0.24802,0.06507,0.08093,0.29096,-0.02753,0.02108,0.04076,0.00697,0.14415,power_mw (+0.291),dust_vo_v (+0.144),current_ma (+0.081),0.0
REC-04504,2026-09-12T06:46:15Z,SITE-D,ESP32-D01,v1.8,NORMAL,0.8669,0.24802,0.06397,0.0811,0.28951,-0.02977,0.02423,0.04375,0.00704,0.13908,power_mw (+0.290),dust_vo_v (+0.139),current_ma (+0.081),0.0
REC-04505,2026-09-12T06:46:20Z,SITE-D,ESP32-D01,v1.8,NORMAL,0.8653,0.24802,0.06347,0.08084,0.28883,-0.02861,0.02568,0.04286,0.00501,0.1392,power_mw (+0.289),dust_vo_v (+0.139),current_ma (+0.081),0.0
REC-04506,2026-09-12T06:46:25Z,SITE-D,ESP32-D01,v1.8,NORMAL,0.8665,0.24802,0.06379,0.07987,0.29144,-0.02747,0.024,0.04186,0.00634,0.13867,power_mw (+0.291),dust_vo_v (+0.139),current_ma (+0.080),0.0
REC-04507,2026-09-12T06:46:30Z,SITE-D,ESP32-D01,v1.8,NORMAL,0.8779,0.24802,0.06449,0.07949,0.29281,-0.02736,0.02996,0.04219,0.00656,0.14175,power_mw (+0.293),dust_vo_v (+0.142),current_ma (+0.079),0.0
REC-04508,2026-09-12T06:46:35Z,SITE-D,ESP32-D01,v1.8,NORMAL,0.8727,0.24802,0.06528,0.07901,0.28851,-0.02858,0.02783,0.04249,0.00736,0.1428,power_mw (+0.289),dust_vo_v (+0.143),current_ma (+0.079),0.0
REC-04509,2026-09-12T06:46:40Z,SITE-D,ESP32-D01,v1.8,NORMAL,0.8734,0.24802,0.0643,0.07977,0.29337,-0.02589,0.02446,0.04057,0.00671,0.14204,power_mw (+0.293),dust_vo_v (+0.142),current_ma (+0.080),0.0
REC-04510,2026-09-12T06:46:45Z,SITE-D,ESP32-D01,v1.8,NORMAL,0.8769,0.24802,0.06428,0.0782,0.29053,-0.02595,0.03172,0.04153,0.00653,0.142,power_mw (+0.291),dust_vo_v (+0.142),current_ma (+0.078),-0.0
REC-04511,2026-09-12T06:46:50Z,SITE-D,ESP32-D01,v1.8,NORMAL,0.8685,0.24802,0.06461,0.07821,0.28567,-0.02679,0.0264,0.04155,0.00827,0.14252,power_mw (+0.286),dust_vo_v (+0.143),current_ma (+0.078),0.0
REC-04512,2026-09-12T06:46:55Z,SITE-D,ESP32-D01,v1.8,NORMAL,0.8672,0.24802,0.06334,0.07988,0.28797,-0.02715,0.02626,0.04263,0.00718,0.13911,power_mw (+0.288),dust_vo_v (+0.139),current_ma (+0.080),0.0
REC-04513,2026-09-12T06:47:00Z,SITE-D,ESP32-D01,v1.8,NORMAL,0.8648,0.24802,0.06424,0.0786,0.28969,-0.02768,0.02305,0.04196,0.00859,0.13833,power_mw (+0.290),dust_vo_v (+0.138),current_ma (+0.079),0.0
REC-04514,2026-09-12T06:47:05Z,SITE-D,ESP32-D01,v1.8,NORMAL,0.8697,0.24802,0.06437,0.07874,0.29036,-0.02693,0.02861,0.0415,0.00426,0.14077,power_mw (+0.290),dust_vo_v (+0.141),current_ma (+0.079),0.0
REC-04515,2026-09-12T06:47:10Z,SITE-D,ESP32-D01,v1.8,NORMAL,0.8682,0.24802,0.06472,0.08134,0.29282,-0.02921,0.02218,0.04238,0.00523,0.1407,power_mw (+0.293),dust_vo_v (+0.141),current_ma (+0.081),-0.0
REC-04516,2026-09-12T06:47:15Z,SITE-D,ESP32-D01,v1.8,NORMAL,0.8725,0.24802,0.06384,0.08234,0.2926,-0.02686,0.0257,0.04185,0.00267,0.14237,power_mw (+0.293),dust_vo_v (+0.142),current_ma (+0.082),-0.0
REC-04517,2026-09-12T06:47:20Z,SITE-D,ESP32-D01,v1.8,NORMAL,0.8715,0.24802,0.06416,0.08267,0.29831,-0.02897,0.02385,0.04255,0.00199,0.13896,power_mw (+0.298),dust_vo_v (+0.139),current_ma (+0.083),-0.0
REC-04518,2026-09-12T06:47:25Z,SITE-D,ESP32-D01,v1.8,NORMAL,0.8767,0.24802,0.06474,0.0835,0.30046,-0.02959,0.02515,0.04281,0.00093,0.14073,power_mw (+0.300),dust_vo_v (+0.141),current_ma (+0.084),-0.0
REC-04519,2026-09-12T06:47:30Z,SITE-D,ESP32-D01,v1.8,NORMAL,0.8746,0.24802,0.06471,0.08285,0.29948,-0.02886,0.02468,0.04192,0.00063,0.14118,power_mw (+0.299),dust_vo_v (+0.141),current_ma (+0.083),-0.0
REC-04520,2026-09-12T06:47:35Z,SITE-D,ESP32-D01,v1.8,NORMAL,0.8737,0.24802,0.06387,0.08439,0.30151,-0.02848,0.02161,0.04177,0.00091,0.14007,power_mw (+0.302),dust_vo_v (+0.140),current_ma (+0.084),0.0
REC-04521,2026-09-12T06:47:40Z,SITE-D,ESP32-D01,v1.8,NORMAL,0.8769,0.24802,0.06462,0.0828,0.30217,-0.02787,0.02465,0.04075,0.0,0.14174,power_mw (+0.302),dust_vo_v (+0.142),current_ma (+0.083),-0.0
REC-04522,2026-09-12T06:47:45Z,SITE-D,ESP32-D01,v1.8,NORMAL,0.8717,0.24802,0.06414,0.08417,0.29966,-0.02904,0.02092,0.04202,0.00144,0.14038,power_mw (+0.300),dust_vo_v (+0.140),current_ma (+0.084),0.0
REC-04523,2026-09-12T06:47:50Z,SITE-D,ESP32-D01,v1.8,NORMAL,0.8701,0.24802,0.06407,0.08353,0.29514,-0.02844,0.02362,0.0419,0.00036,0.14195,power_mw (+0.295),dust_vo_v (+0.142),current_ma (+0.084),0.0
REC-04524,2026-09-12T06:47:55Z,SITE-D,ESP32-D01,v1.8,NORMAL,0.8816,0.24802,0.06446,0.08355,0.30459,-0.02876,0.02583,0.04243,0.00156,0.13998,power_mw (+0.305),dust_vo_v (+0.140),current_ma (+0.084),0.0
REC-04525,2026-09-12T06:48:00Z,SITE-D,ESP32-D01,v1.8,NORMAL,0.8723,0.24802,0.06382,0.0834,0.2972,-0.02776,0.02391,0.04188,0.00101,0.14085,power_mw (+0.297),dust_vo_v (+0.141),current_ma (+0.083),0.0
REC-04526,2026-09-12T06:48:05Z,SITE-D,ESP32-D01,v1.8,NORMAL,0.8724,0.24802,0.06551,0.08095,0.30062,-0.02946,0.0231,0.04155,0.00251,0.1396,power_mw (+0.301),dust_vo_v (+0.140),current_ma (+0.081),-0.0
REC-04527,2026-09-12T06:48:10Z,SITE-D,ESP32-D01,v1.8,NORMAL,0.8734,0.24802,0.06454,0.08278,0.2986,-0.02882,0.02384,0.04184,0.00158,0.14103,power_mw (+0.299),dust_vo_v (+0.141),current_ma (+0.083),0.0
REC-04528,2026-09-12T06:48:15Z,SITE-D,ESP32-D01,v1.8,NORMAL,0.8725,0.24802,0.06433,0.08289,0.29694,-0.0288,0.02344,0.04227,0.00253,0.14086,power_mw (+0.297),dust_vo_v (+0.141),current_ma (+0.083),0.0
REC-04529,2026-09-12T06:48:20Z,SITE-D,ESP32-D01,v1.8,NORMAL,0.8742,0.24802,0.0644,0.08367,0.29599,-0.02902,0.02341,0.04281,0.0029,0.14197,power_mw (+0.296),dust_vo_v (+0.142),current_ma (+0.084),-0.0
REC-04530,2026-09-12T06:48:25Z,SITE-D,ESP32-D01,v1.8,NORMAL,0.8735,0.24802,0.06407,0.08184,0.29711,-0.02751,0.02386,0.04171,0.00415,0.1402,power_mw (+0.297),dust_vo_v (+0.140),current_ma (+0.082),0.0
REC-04531,2026-09-12T06:48:30Z,SITE-D,ESP32-D01,v1.8,NORMAL,0.8756,0.24802,0.06459,0.08028,0.29374,-0.02677,0.02673,0.04128,0.00523,0.14253,power_mw (+0.294),dust_vo_v (+0.143),current_ma (+0.080),-0.0
REC-04532,2026-09-12T06:48:35Z,SITE-D,ESP32-D01,v1.8,NORMAL,0.8737,0.24802,0.06468,0.07937,0.29093,-0.02692,0.02831,0.04186,0.00541,0.1421,power_mw (+0.291),dust_vo_v (+0.142),current_ma (+0.079),0.0
REC-04533,2026-09-12T06:48:40Z,SITE-D,ESP32-D01,v1.8,NORMAL,0.8738,0.24802,0.06436,0.08086,0.29291,-0.02723,0.02626,0.04228,0.00509,0.14131,power_mw (+0.293),dust_vo_v (+0.141),current_ma (+0.081),-0.0
REC-04534,2026-09-12T06:48:45Z,SITE-D,ESP32-D01,v1.8,NORMAL,0.8705,0.24802,0.0646,0.08032,0.29152,-0.02764,0.02488,0.04224,0.0055,0.14103,power_mw (+0.292),dust_vo_v (+0.141),current_ma (+0.080),-0.0
REC-04535,2026-09-12T06:48:50Z,SITE-D,ESP32-D01,v1.8,NORMAL,0.8779,0.24802,0.06504,0.08061,0.29335,-0.02672,0.02797,0.04196,0.00427,0.14344,power_mw (+0.293),dust_vo_v (+0.143),current_ma (+0.081),0.0
REC-04536,2026-09-12T06:48:55Z,SITE-D,ESP32-D01,v1.8,NORMAL,0.8782,0.24802,0.06499,0.07996,0.29677,-0.02616,0.02687,0.04116,0.00456,0.14207,power_mw (+0.297),dust_vo_v (+0.142),current_ma (+0.080),-0.0
REC-04537,2026-09-12T06:49:00Z,SITE-D,ESP32-D01,v1.8,NORMAL,0.8699,0.24802,0.06443,0.08154,0.29479,-0.02797,0.02577,0.04234,0.00108,0.13993,power_mw (+0.295),dust_vo_v (+0.140),current_ma (+0.082),0.0
REC-04538,2026-09-12T06:49:05Z,SITE-D,ESP32-D01,v1.8,NORMAL,0.8752,0.24802,0.0648,0.08256,0.29735,-0.02827,0.02498,0.04246,0.0018,0.14145,power_mw (+0.297),dust_vo_v (+0.141),current_ma (+0.083),-0.0
REC-04539,2026-09-12T06:49:10Z,SITE-D,ESP32-D01,v1.8,NORMAL,0.8769,0.24802,0.06523,0.08146,0.29836,-0.02807,0.026,0.04204,0.0023,0.14154,power_mw (+0.298),dust_vo_v (+0.142),current_ma (+0.081),0.0
REC-04540,2026-09-12T06:49:15Z,SITE-D,ESP32-D01,v1.8,NORMAL,0.8749,0.24802,0.06574,0.08209,0.30139,-0.02911,0.02308,0.0419,0.00099,0.1408,power_mw (+0.301),dust_vo_v (+0.141),current_ma (+0.082),-0.0
REC-04541,2026-09-12T06:49:20Z,SITE-D,ESP32-D01,v1.8,NORMAL,0.8782,0.24802,0.06532,0.08243,0.29828,-0.02981,0.0266,0.04346,0.00271,0.14121,power_mw (+0.298),dust_vo_v (+0.141),current_ma (+0.082),0.0
REC-04542,2026-09-12T06:49:25Z,SITE-D,ESP32-D01,v1.8,NORMAL,0.8829,0.24802,0.06587,0.08178,0.30159,-0.02868,0.02663,0.04213,0.00291,0.14267,power_mw (+0.302),dust_vo_v (+0.143),current_ma (+0.082),-0.0
REC-04543,2026-09-12T06:49:30Z,SITE-D,ESP32-D01,v1.8,NORMAL,0.8736,0.24802,0.06575,0.08239,0.30036,-0.02981,0.02345,0.04232,0.00028,0.1408,power_mw (+0.300),dust_vo_v (+0.141),current_ma (+0.082),0.0
REC-04544,2026-09-12T06:49:35Z,SITE-D,ESP32-D01,v1.8,NORMAL,0.8741,0.24802,0.06442,0.08274,0.29734,-0.02879,0.0248,0.04319,0.00268,0.13975,power_mw (+0.297),dust_vo_v (+0.140),current_ma (+0.083),0.0
REC-04545,2026-09-12T06:49:40Z,SITE-D,ESP32-D01,v1.8,NORMAL,0.8783,0.24802,0.0658,0.08143,0.29788,-0.02913,0.02739,0.04255,0.00194,0.14247,power_mw (+0.298),dust_vo_v (+0.142),current_ma (+0.081),-0.0
REC-04546,2026-09-12T06:49:45Z,SITE-D,ESP32-D01,v1.8,NORMAL,0.8736,0.24802,0.06538,0.08168,0.29638,-0.02949,0.0258,0.0427,0.00178,0.14137,power_mw (+0.296),dust_vo_v (+0.141),current_ma (+0.082),0.0
REC-04547,2026-09-12T06:49:50Z,SITE-D,ESP32-D01,v1.8,NORMAL,0.8794,0.24802,0.06512,0.08327,0.30114,-0.02848,0.02538,0.04187,0.00047,0.14259,power_mw (+0.301),dust_vo_v (+0.143),current_ma (+0.083),-0.0
REC-04548,2026-09-12T06:49:55Z,SITE-D,ESP32-D01,v1.8,NORMAL,0.8739,0.24802,0.06459,0.08274,0.30018,-0.02922,0.02455,0.04223,0.00099,0.13979,power_mw (+0.300),dust_vo_v (+0.140),current_ma (+0.083),-0.0
REC-04549,2026-09-12T06:50:00Z,SITE-D,ESP32-D01,v1.8,NORMAL,0.8726,0.24802,0.06498,0.08169,0.29911,-0.02815,0.02407,0.04109,0.00069,0.1411,power_mw (+0.299),dust_vo_v (+0.141),current_ma (+0.082),0.0
REC-04550,2026-09-12T06:50:05Z,SITE-D,ESP32-D01,v1.8,NORMAL,0.8842,0.24802,0.06536,0.08306,0.3068,-0.02796,0.02526,0.04092,0.00024,0.14247,power_mw (+0.307),dust_vo_v (+0.142),current_ma (+0.083),-0.0
REC-04551,2026-09-12T06:50:10Z,SITE-D,ESP32-D01,v1.8,NORMAL,0.8692,0.24802,0.06457,0.08288,0.29845,-0.02836,0.02117,0.04143,0.00056,0.14047,power_mw (+0.298),dust_vo_v (+0.140),current_ma (+0.083),0.0
REC-04552,2026-09-12T06:50:15Z,SITE-D,ESP32-D01,v1.8,NORMAL,0.8734,0.24802,0.06424,0.08368,0.29584,-0.02842,0.02359,0.04253,0.00199,0.14197,power_mw (+0.296),dust_vo_v (+0.142),current_ma (+0.084),0.0
REC-04553,2026-09-12T06:50:20Z,SITE-D,ESP32-D01,v1.8,NORMAL,0.8773,0.24802,0.06517,0.08153,0.29951,-0.02728,0.02626,0.04099,0.0007,0.14246,power_mw (+0.300),dust_vo_v (+0.142),current_ma (+0.082),0.0
REC-04554,2026-09-12T06:50:25Z,SITE-D,ESP32-D01,v1.8,NORMAL,0.8792,0.24802,0.06544,0.08145,0.30039,-0.02728,0.02517,0.0407,0.00217,0.14312,power_mw (+0.300),dust_vo_v (+0.143),current_ma (+0.081),0.0
REC-04555,2026-09-12T06:50:30Z,SITE-D,ESP32-D01,v1.8,NORMAL,0.8742,0.24802,0.06412,0.08159,0.29663,-0.02586,0.02533,0.0403,0.00156,0.14249,power_mw (+0.297),dust_vo_v (+0.142),current_ma (+0.082),-0.0
REC-04556,2026-09-12T06:50:35Z,SITE-D,ESP32-D01,v1.8,NORMAL,0.8728,0.24802,0.0643,0.08311,0.29843,-0.02958,0.02277,0.04308,0.00358,0.13908,power_mw (+0.298),dust_vo_v (+0.139),current_ma (+0.083),0.0
REC-04557,2026-09-12T06:50:40Z,SITE-D,ESP32-D01,v1.8,NORMAL,0.8765,0.24802,0.06497,0.08145,0.29869,-0.02766,0.02616,0.04118,0.00161,0.14207,power_mw (+0.299),dust_vo_v (+0.142),current_ma (+0.081),-0.0
REC-04558,2026-09-12T06:50:45Z,SITE-D,ESP32-D01,v1.8,NORMAL,0.8738,0.24802,0.06516,0.08165,0.30118,-0.02864,0.02315,0.04114,0.0017,0.14048,power_mw (+0.301),dust_vo_v (+0.140),current_ma (+0.082),-0.0
REC-04559,2026-09-12T06:50:50Z,SITE-D,ESP32-D01,v1.8,NORMAL,0.8734,0.24802,0.06498,0.08223,0.29687,-0.02915,0.02461,0.04214,0.00203,0.14172,power_mw (+0.297),dust_vo_v (+0.142),current_ma (+0.082),-0.0
REC-04560,2026-09-12T06:50:55Z,SITE-D,ESP32-D01,v1.8,NORMAL,0.8666,0.24802,0.06372,0.08337,0.29545,-0.02874,0.02179,0.04241,0.00122,0.13939,power_mw (+0.295),dust_vo_v (+0.139),current_ma (+0.083),-0.0
REC-04561,2026-09-12T07:06:00Z,SITE-B,ESP32-B01,v1.8,DUST,0.9949,0.23987,0.01442,0.01621,0.02439,0.00451,-0.00356,-0.00781,-0.0008,0.70764,dust_vo_v (+0.708),power_mw (+0.024),current_ma (+0.016),0.0
REC-04562,2026-09-12T07:06:05Z,SITE-B,ESP32-B01,v1.8,DUST,0.9951,0.23987,0.01442,0.01595,0.02327,0.00475,-0.00367,-0.00788,-0.00106,0.70947,dust_vo_v (+0.709),power_mw (+0.023),current_ma (+0.016),-0.0
REC-04563,2026-09-12T07:06:10Z,SITE-B,ESP32-B01,v1.8,DUST,0.9964,0.23987,0.01342,0.01411,0.01868,0.00452,-0.0036,-0.00746,-0.00116,0.71797,dust_vo_v (+0.718),power_mw (+0.019),current_ma (+0.014),-0.0
REC-04564,2026-09-12T07:06:15Z,SITE-B,ESP32-B01,v1.8,DUST,0.9948,0.23987,0.01501,0.01668,0.0237,0.00472,-0.00378,-0.0077,-0.00047,0.7068,dust_vo_v (+0.707),power_mw (+0.024),current_ma (+0.017),0.0
REC-04565,2026-09-12T07:06:20Z,SITE-B,ESP32-B01,v1.8,DUST,0.995,0.23987,0.01489,0.01604,0.02319,0.00467,-0.00375,-0.00782,-0.00094,0.70889,dust_vo_v (+0.709),power_mw (+0.023),current_ma (+0.016),-0.0
REC-04566,2026-09-12T07:06:25Z,SITE-B,ESP32-B01,v1.8,DUST,0.9956,0.23987,0.01388,0.01535,0.02149,0.00469,-0.00385,-0.00775,-0.00084,0.71278,dust_vo_v (+0.713),power_mw (+0.021),current_ma (+0.015),-0.0
REC-04567,2026-09-12T07:06:30Z,SITE-B,ESP32-B01,v1.8,DUST,0.9961,0.23987,0.0135,0.01481,0.01973,0.00457,-0.0037,-0.00764,-0.00064,0.7156,dust_vo_v (+0.716),power_mw (+0.020),current_ma (+0.015),0.0
REC-04568,2026-09-12T07:06:35Z,SITE-B,ESP32-B01,v1.8,DUST,0.9968,0.23987,0.01239,0.01369,0.01754,0.00414,-0.00353,-0.00754,-0.00077,0.72102,dust_vo_v (+0.721),power_mw (+0.018),current_ma (+0.014),-0.0
REC-04569,2026-09-12T07:06:40Z,SITE-B,ESP32-B01,v1.8,DUST,0.9967,0.23987,0.01264,0.01353,0.01744,0.00421,-0.00355,-0.00762,-0.00087,0.72108,dust_vo_v (+0.721),power_mw (+0.017),current_ma (+0.014),-0.0
REC-04570,2026-09-12T07:06:45Z,SITE-B,ESP32-B01,v1.8,DUST,0.9921,0.23987,0.01659,0.01863,0.03137,0.005,-0.00428,-0.00865,-0.00064,0.69423,dust_vo_v (+0.694),power_mw (+0.031),current_ma (+0.019),-0.0
REC-04571,2026-09-12T07:06:50Z,SITE-B,ESP32-B01,v1.8,DUST,0.9977,0.23987,0.01128,0.01186,0.01355,0.00413,-0.00388,-0.00736,-0.00111,0.72937,dust_vo_v (+0.729),power_mw (+0.014),current_ma (+0.012),0.0
REC-04572,2026-09-12T07:06:55Z,SITE-B,ESP32-B01,v1.8,DUST,0.9961,0.23987,0.01332,0.01496,0.02002,0.00461,-0.0037,-0.0076,-0.0005,0.7151,dust_vo_v (+0.715),power_mw (+0.020),current_ma (+0.015),-0.0
REC-04573,2026-09-12T07:07:00Z,SITE-B,ESP32-B01,v1.8,DUST,0.9953,0.23987,0.01392,0.01592,0.02241,0.00501,-0.00398,-0.00784,-0.00032,0.71034,dust_vo_v (+0.710),power_mw (+0.022),current_ma (+0.016),-0.0
REC-04574,2026-09-12T07:07:05Z,SITE-B,ESP32-B01,v1.8,DUST,0.9939,0.23987,0.01527,0.01712,0.02645,0.00504,-0.00427,-0.00831,-0.00047,0.70325,dust_vo_v (+0.703),power_mw (+0.026),current_ma (+0.017),0.0
REC-04575,2026-09-12T07:07:10Z,SITE-B,ESP32-B01,v1.8,DUST,0.9982,0.23987,0.01056,0.01086,0.01098,0.00421,-0.00365,-0.00724,-0.00112,0.73375,dust_vo_v (+0.734),power_mw (+0.011),current_ma (+0.011),0.0
REC-04576,2026-09-12T07:07:15Z,SITE-B,ESP32-B01,v1.8,DUST,0.9985,0.23987,0.00953,0.01007,0.00993,0.00427,-0.00374,-0.00726,-0.00102,0.73682,dust_vo_v (+0.737),current_ma (+0.010),power_mw (+0.010),0.0
REC-04577,2026-09-12T07:07:20Z,SITE-B,ESP32-B01,v1.8,DUST,0.9981,0.23987,0.01036,0.01111,0.01168,0.0042,-0.00378,-0.0073,-0.00091,0.73288,dust_vo_v (+0.733),power_mw (+0.012),current_ma (+0.011),-0.0
REC-04578,2026-09-12T07:07:25Z,SITE-B,ESP32-B01,v1.8,DUST,0.9962,0.23987,0.01322,0.01493,0.01919,0.00478,-0.00382,-0.0076,3e-05,0.71563,dust_vo_v (+0.716),power_mw (+0.019),current_ma (+0.015),-0.0
REC-04579,2026-09-12T07:07:30Z,SITE-B,ESP32-B01,v1.8,DUST,0.9965,0.23987,0.01329,0.01418,0.01762,0.0046,-0.0042,-0.00753,-0.00029,0.71893,dust_vo_v (+0.719),power_mw (+0.018),current_ma (+0.014),-0.0
REC-04580,2026-09-12T07:07:35Z,SITE-B,ESP32-B01,v1.8,DUST,0.9978,0.23987,0.01091,0.01177,0.01281,0.00436,-0.00377,-0.00732,-0.00053,0.72973,dust_vo_v (+0.730),power_mw (+0.013),current_ma (+0.012),0.0
REC-04581,2026-09-12T07:07:40Z,SITE-B,ESP32-B01,v1.8,DUST,0.9956,0.23987,0.01419,0.01562,0.02063,0.00477,-0.00412,-0.00751,0.00019,0.712,dust_vo_v (+0.712),power_mw (+0.021),current_ma (+0.016),0.0
REC-04582,2026-09-12T07:07:45Z,SITE-B,ESP32-B01,v1.8,DUST,0.9968,0.23987,0.01268,0.01374,0.01638,0.00478,-0.0043,-0.00733,-6e-05,0.72107,dust_vo_v (+0.721),power_mw (+0.016),current_ma (+0.014),-0.0
REC-04583,2026-09-12T07:07:50Z,SITE-B,ESP32-B01,v1.8,DUST,0.9964,0.23987,0.01304,0.01475,0.01812,0.00478,-0.00427,-0.00736,0.00026,0.71727,dust_vo_v (+0.717),power_mw (+0.018),current_ma (+0.015),0.0
REC-04584,2026-09-12T07:07:55Z,SITE-B,ESP32-B01,v1.8,DUST,0.9982,0.23987,0.0105,0.01098,0.01052,0.00454,-0.00389,-0.00699,-0.00049,0.73319,dust_vo_v (+0.733),current_ma (+0.011),power_mw (+0.011),-0.0
REC-04585,2026-09-12T07:08:00Z,SITE-B,ESP32-B01,v1.8,DUST,0.9978,0.23987,0.01134,0.01183,0.01227,0.00445,-0.00407,-0.00701,-0.00035,0.72948,dust_vo_v (+0.729),power_mw (+0.012),current_ma (+0.012),0.0
REC-04586,2026-09-12T07:08:05Z,SITE-B,ESP32-B01,v1.8,DUST,0.9959,0.23987,0.01383,0.0153,0.01939,0.00491,-0.00449,-0.00714,0.00062,0.71364,dust_vo_v (+0.714),power_mw (+0.019),current_ma (+0.015),-0.0
REC-04587,2026-09-12T07:08:10Z,SITE-B,ESP32-B01,v1.8,DUST,0.998,0.23987,0.01101,0.01166,0.01172,0.00453,-0.00431,-0.00686,-0.00016,0.73049,dust_vo_v (+0.730),power_mw (+0.012),current_ma (+0.012),0.0
REC-04588,2026-09-12T07:08:15Z,SITE-B,ESP32-B01,v1.8,DUST,0.9963,0.23987,0.01344,0.0151,0.01834,0.00514,-0.00447,-0.00693,0.00077,0.71497,dust_vo_v (+0.715),power_mw (+0.018),current_ma (+0.015),-0.0
REC-04589,2026-09-12T07:08:20Z,SITE-B,ESP32-B01,v1.8,DUST,0.9953,0.23987,0.01487,0.01658,0.02121,0.00527,-0.00478,-0.00706,0.00097,0.70835,dust_vo_v (+0.708),power_mw (+0.021),current_ma (+0.017),-0.0
REC-04590,2026-09-12T07:08:25Z,SITE-B,ESP32-B01,v1.8,DUST,0.9958,0.23987,0.01424,0.01579,0.01952,0.00546,-0.00413,-0.00707,0.00088,0.71121,dust_vo_v (+0.711),power_mw (+0.020),current_ma (+0.016),0.0
REC-04591,2026-09-12T07:08:30Z,SITE-B,ESP32-B01,v1.8,DUST,0.9964,0.23987,0.0131,0.01475,0.01776,0.00529,-0.00475,-0.00708,0.00063,0.71686,dust_vo_v (+0.717),power_mw (+0.018),current_ma (+0.015),-0.0
REC-04592,2026-09-12T07:08:35Z,SITE-B,ESP32-B01,v1.8,DUST,0.9948,0.23987,0.01486,0.01704,0.02316,0.00546,-0.00437,-0.00731,0.00115,0.70495,dust_vo_v (+0.705),power_mw (+0.023),current_ma (+0.017),0.0
REC-04593,2026-09-12T07:08:40Z,SITE-B,ESP32-B01,v1.8,DUST,0.9952,0.23987,0.01434,0.01646,0.02192,0.00512,-0.0049,-0.00728,0.00083,0.70884,dust_vo_v (+0.709),power_mw (+0.022),current_ma (+0.016),-0.0
REC-04594,2026-09-12T07:08:45Z,SITE-B,ESP32-B01,v1.8,DUST,0.993,0.23987,0.01648,0.01853,0.02817,0.00582,-0.00456,-0.00775,0.00069,0.69578,dust_vo_v (+0.696),power_mw (+0.028),current_ma (+0.019),-0.0
REC-04595,2026-09-12T07:08:50Z,SITE-B,ESP32-B01,v1.8,DUST,0.9946,0.23987,0.01482,0.0173,0.02407,0.00543,-0.00452,-0.00744,0.00076,0.70428,dust_vo_v (+0.704),power_mw (+0.024),current_ma (+0.017),-0.0
REC-04596,2026-09-12T07:08:55Z,SITE-B,ESP32-B01,v1.8,DUST,0.9965,0.23987,0.01282,0.01463,0.01781,0.00497,-0.00469,-0.00723,0.00058,0.71772,dust_vo_v (+0.718),power_mw (+0.018),current_ma (+0.015),0.0
REC-04597,2026-09-12T07:09:00Z,SITE-B,ESP32-B01,v1.8,DUST,0.9975,0.23987,0.01147,0.01285,0.01372,0.00503,-0.0044,-0.00704,0.00027,0.72576,dust_vo_v (+0.726),power_mw (+0.014),current_ma (+0.013),0.0
REC-04598,2026-09-12T07:09:05Z,SITE-B,ESP32-B01,v1.8,DUST,0.9974,0.23987,0.01171,0.01304,0.01379,0.00503,-0.00469,-0.00693,0.00074,0.72484,dust_vo_v (+0.725),power_mw (+0.014),current_ma (+0.013),0.0
REC-04599,2026-09-12T07:09:10Z,SITE-B,ESP32-B01,v1.8,DUST,0.9968,0.23987,0.01264,0.0141,0.01624,0.00499,-0.00458,-0.0071,0.00074,0.71991,dust_vo_v (+0.720),power_mw (+0.016),current_ma (+0.014),-0.0
REC-04600,2026-09-12T07:09:15Z,SITE-B,ESP32-B01,v1.8,DUST,0.9926,0.23987,0.01641,0.01913,0.0291,0.00579,-0.00496,-0.008,0.00123,0.69401,dust_vo_v (+0.694),power_mw (+0.029),current_ma (+0.019),0.0
REC-04601,2026-09-12T07:09:20Z,SITE-B,ESP32-B01,v1.8,DUST,0.9945,0.23987,0.01507,0.01756,0.02356,0.00559,-0.005,-0.00756,0.00153,0.70387,dust_vo_v (+0.704),power_mw (+0.024),current_ma (+0.018),0.0
REC-04602,2026-09-12T07:09:25Z,SITE-B,ESP32-B01,v1.8,DUST,0.9958,0.23987,0.01331,0.0157,0.01991,0.00549,-0.0049,-0.00738,0.00122,0.71262,dust_vo_v (+0.713),power_mw (+0.020),current_ma (+0.016),-0.0
REC-04603,2026-09-12T07:09:30Z,SITE-B,ESP32-B01,v1.8,DUST,0.9974,0.23987,0.01198,0.01295,0.01381,0.00488,-0.00435,-0.00707,0.00024,0.72509,dust_vo_v (+0.725),power_mw (+0.014),current_ma (+0.013),0.0
REC-04604,2026-09-12T07:09:35Z,SITE-B,ESP32-B01,v1.8,DUST,0.9952,0.23987,0.01463,0.01653,0.02155,0.00542,-0.00491,-0.00735,0.00105,0.70842,dust_vo_v (+0.708),power_mw (+0.022),current_ma (+0.017),-0.0
REC-04605,2026-09-12T07:09:40Z,SITE-B,ESP32-B01,v1.8,DUST,0.9935,0.23987,0.01561,0.01819,0.02707,0.00555,-0.00493,-0.00782,0.00092,0.69901,dust_vo_v (+0.699),power_mw (+0.027),current_ma (+0.018),0.0
REC-04606,2026-09-12T07:09:45Z,SITE-B,ESP32-B01,v1.8,DUST,0.9979,0.23987,0.01083,0.01182,0.01242,0.0047,-0.00406,-0.00705,-0.00011,0.72945,dust_vo_v (+0.729),power_mw (+0.012),current_ma (+0.012),0.0
REC-04607,2026-09-12T07:09:50Z,SITE-B,ESP32-B01,v1.8,DUST,0.9947,0.23987,0.01474,0.01687,0.02368,0.00525,-0.00447,-0.00752,0.0006,0.70571,dust_vo_v (+0.706),power_mw (+0.024),current_ma (+0.017),0.0
REC-04608,2026-09-12T07:09:55Z,SITE-B,ESP32-B01,v1.8,DUST,0.9937,0.23987,0.01621,0.01785,0.02588,0.00549,-0.00482,-0.0077,0.00048,0.70046,dust_vo_v (+0.700),power_mw (+0.026),current_ma (+0.018),0.0
REC-04609,2026-09-12T07:10:00Z,SITE-B,ESP32-B01,v1.8,DUST,0.9964,0.23987,0.01302,0.01466,0.01807,0.00486,-0.00443,-0.00738,0.00028,0.71748,dust_vo_v (+0.717),power_mw (+0.018),current_ma (+0.015),0.0
REC-04610,2026-09-12T07:10:05Z,SITE-B,ESP32-B01,v1.8,DUST,0.9959,0.23987,0.01349,0.01529,0.01971,0.00499,-0.0047,-0.0075,0.00034,0.71446,dust_vo_v (+0.714),power_mw (+0.020),current_ma (+0.015),-0.0
REC-04611,2026-09-12T07:10:10Z,SITE-B,ESP32-B01,v1.8,DUST,0.9952,0.23987,0.01469,0.01624,0.02185,0.00526,-0.00424,-0.00759,0.00042,0.70869,dust_vo_v (+0.709),power_mw (+0.022),current_ma (+0.016),0.0
REC-04612,2026-09-12T07:10:15Z,SITE-B,ESP32-B01,v1.8,DUST,0.9961,0.23987,0.01353,0.01505,0.01926,0.00523,-0.00416,-0.00749,0.00012,0.71466,dust_vo_v (+0.715),power_mw (+0.019),current_ma (+0.015),-0.0
REC-04613,2026-09-12T07:10:20Z,SITE-B,ESP32-B01,v1.8,DUST,0.9941,0.23987,0.01563,0.01734,0.02512,0.00496,-0.00457,-0.00794,0.0004,0.70333,dust_vo_v (+0.703),power_mw (+0.025),current_ma (+0.017),0.0
REC-04614,2026-09-12T07:10:25Z,SITE-B,ESP32-B01,v1.8,DUST,0.9951,0.23987,0.01462,0.01646,0.02276,0.00491,-0.00414,-0.0078,0.00021,0.70818,dust_vo_v (+0.708),power_mw (+0.023),current_ma (+0.016),-0.0
REC-04615,2026-09-12T07:10:30Z,SITE-B,ESP32-B01,v1.8,DUST,0.9959,0.23987,0.01386,0.01494,0.01945,0.00502,-0.00389,-0.00763,-3e-05,0.71433,dust_vo_v (+0.714),power_mw (+0.019),current_ma (+0.015),0.0
REC-04616,2026-09-12T07:10:35Z,SITE-B,ESP32-B01,v1.8,DUST,0.9904,0.23987,0.01823,0.02035,0.03402,0.00563,-0.00507,-0.00874,0.0004,0.68572,dust_vo_v (+0.686),power_mw (+0.034),current_ma (+0.020),-0.0
REC-04617,2026-09-12T07:10:40Z,SITE-B,ESP32-B01,v1.8,DUST,0.9973,0.23987,0.01215,0.01287,0.01401,0.00486,-0.00434,-0.00723,5e-05,0.72508,dust_vo_v (+0.725),power_mw (+0.014),current_ma (+0.013),0.0
REC-04618,2026-09-12T07:10:45Z,SITE-B,ESP32-B01,v1.8,DUST,0.9928,0.23987,0.01631,0.01867,0.02858,0.00559,-0.00501,-0.0082,0.00043,0.69655,dust_vo_v (+0.697),power_mw (+0.029),current_ma (+0.019),0.0
REC-04619,2026-09-12T07:10:50Z,SITE-B,ESP32-B01,v1.8,DUST,0.9942,0.23987,0.01525,0.01729,0.02549,0.00541,-0.00439,-0.00792,0.00029,0.70286,dust_vo_v (+0.703),power_mw (+0.025),current_ma (+0.017),-0.0
REC-04620,2026-09-12T07:10:55Z,SITE-B,ESP32-B01,v1.8,DUST,0.9974,0.23987,0.01144,0.01292,0.01478,0.00472,-0.0042,-0.00734,-7e-05,0.72526,dust_vo_v (+0.725),power_mw (+0.015),current_ma (+0.013),0.0
REC-04621,2026-09-12T10:04:00Z,SITE-B,ESP32-B01,v1.8,NORMAL,0.9271,0.24802,0.08038,-0.02288,-0.01379,0.18491,0.16768,-0.04059,0.13483,0.18858,dust_vo_v (+0.189),panel_temp1_c (+0.185),panel_temp2_c (+0.168),-0.0
REC-04622,2026-09-12T10:04:05Z,SITE-B,ESP32-B01,v1.8,NORMAL,0.9159,0.24802,0.07946,-0.02186,-0.01017,0.18672,0.16398,-0.04272,0.13386,0.17861,panel_temp1_c (+0.187),dust_vo_v (+0.179),panel_temp2_c (+0.164),0.0
REC-04623,2026-09-12T10:04:10Z,SITE-B,ESP32-B01,v1.8,NORMAL,0.9277,0.24802,0.08071,-0.02199,-0.01005,0.18499,0.16503,-0.04147,0.13485,0.18763,dust_vo_v (+0.188),panel_temp1_c (+0.185),panel_temp2_c (+0.165),-0.0
REC-04624,2026-09-12T10:04:15Z,SITE-B,ESP32-B01,v1.8,NORMAL,0.9242,0.24802,0.08049,-0.02242,-0.00935,0.18432,0.16429,-0.04211,0.13559,0.18535,dust_vo_v (+0.185),panel_temp1_c (+0.184),panel_temp2_c (+0.164),0.0
REC-04625,2026-09-12T10:04:20Z,SITE-B,ESP32-B01,v1.8,NORMAL,0.9319,0.24802,0.08054,-0.02119,-0.01084,0.18964,0.16638,-0.0423,0.13329,0.18835,panel_temp1_c (+0.190),dust_vo_v (+0.188),panel_temp2_c (+0.166),-0.0
REC-04626,2026-09-12T10:04:25Z,SITE-B,ESP32-B01,v1.8,NORMAL,0.9284,0.24802,0.08022,-0.02001,-0.00795,0.1904,0.16481,-0.04314,0.13091,0.18515,panel_temp1_c (+0.190),dust_vo_v (+0.185),panel_temp2_c (+0.165),-0.0
REC-04627,2026-09-12T10:04:30Z,SITE-B,ESP32-B01,v1.8,NORMAL,0.9228,0.24802,0.08018,-0.02261,-0.01225,0.1875,0.16546,-0.04245,0.1335,0.18549,panel_temp1_c (+0.187),dust_vo_v (+0.185),panel_temp2_c (+0.165),0.0
REC-04628,2026-09-12T10:04:35Z,SITE-B,ESP32-B01,v1.8,NORMAL,0.9265,0.24802,0.08058,-0.0234,-0.01406,0.18711,0.16681,-0.04254,0.13468,0.18926,dust_vo_v (+0.189),panel_temp1_c (+0.187),panel_temp2_c (+0.167),0.0
REC-04629,2026-09-12T10:04:40Z,SITE-B,ESP32-B01,v1.8,NORMAL,0.9094,0.24802,0.07895,-0.02334,-0.01312,0.18768,0.16506,-0.045,0.13441,0.17673,panel_temp1_c (+0.188),dust_vo_v (+0.177),panel_temp2_c (+0.165),-0.0
REC-04630,2026-09-12T10:04:45Z,SITE-B,ESP32-B01,v1.8,NORMAL,0.9225,0.24802,0.08041,-0.0232,-0.01239,0.18688,0.16518,-0.04316,0.13408,0.18673,panel_temp1_c (+0.187),dust_vo_v (+0.187),panel_temp2_c (+0.165),-0.0
REC-04631,2026-09-12T10:04:50Z,SITE-B,ESP32-B01,v1.8,NORMAL,0.9235,0.24802,0.08011,-0.02217,-0.0124,0.18676,0.16671,-0.04382,0.13392,0.18635,panel_temp1_c (+0.187),dust_vo_v (+0.186),panel_temp2_c (+0.167),0.0
REC-04632,2026-09-12T10:04:55Z,SITE-B,ESP32-B01,v1.8,NORMAL,0.9211,0.24802,0.07993,-0.02156,-0.00997,0.18893,0.16429,-0.04334,0.1324,0.18244,panel_temp1_c (+0.189),dust_vo_v (+0.182),panel_temp2_c (+0.164),0.0
REC-04633,2026-09-12T10:05:00Z,SITE-B,ESP32-B01,v1.8,NORMAL,0.9197,0.24802,0.07981,-0.02062,-0.00731,0.18766,0.16348,-0.04413,0.13255,0.18022,panel_temp1_c (+0.188),dust_vo_v (+0.180),panel_temp2_c (+0.163),0.0
REC-04634,2026-09-12T10:05:05Z,SITE-B,ESP32-B01,v1.8,NORMAL,0.9256,0.24802,0.08018,-0.02028,-0.00568,0.18838,0.16419,-0.04382,0.13218,0.18245,panel_temp1_c (+0.188),dust_vo_v (+0.182),panel_temp2_c (+0.164),-0.0
REC-04635,2026-09-12T10:05:10Z,SITE-B,ESP32-B01,v1.8,NORMAL,0.9283,0.24802,0.08069,-0.02095,-0.0082,0.18679,0.16563,-0.04407,0.13193,0.18846,dust_vo_v (+0.188),panel_temp1_c (+0.187),panel_temp2_c (+0.166),-0.0
REC-04636,2026-09-12T10:05:15Z,SITE-B,ESP32-B01,v1.8,NORMAL,0.928,0.24802,0.08074,-0.02004,-0.00423,0.18859,0.16267,-0.04401,0.1311,0.18515,panel_temp1_c (+0.189),dust_vo_v (+0.185),panel_temp2_c (+0.163),0.0
REC-04637,2026-09-12T10:05:20Z,SITE-B,ESP32-B01,v1.8,NORMAL,0.9294,0.24802,0.08092,-0.02122,-0.00887,0.18622,0.16574,-0.04393,0.1323,0.19026,dust_vo_v (+0.190),panel_temp1_c (+0.186),panel_temp2_c (+0.166),0.0
REC-04638,2026-09-12T10:05:25Z,SITE-B,ESP32-B01,v1.8,NORMAL,0.9194,0.24802,0.08009,-0.02286,-0.01086,0.18822,0.16352,-0.04393,0.13424,0.18294,panel_temp1_c (+0.188),dust_vo_v (+0.183),panel_temp2_c (+0.164),-0.0
REC-04639,2026-09-12T10:05:30Z,SITE-B,ESP32-B01,v1.8,NORMAL,0.9322,0.24802,0.08078,-0.01981,-0.00577,0.18664,0.16646,-0.04408,0.13054,0.18943,dust_vo_v (+0.189),panel_temp1_c (+0.187),panel_temp2_c (+0.166),0.0
REC-04640,2026-09-12T10:05:35Z,SITE-B,ESP32-B01,v1.8,NORMAL,0.9214,0.24802,0.08049,-0.02277,-0.01186,0.18612,0.16503,-0.04484,0.13383,0.18739,dust_vo_v (+0.187),panel_temp1_c (+0.186),panel_temp2_c (+0.165),0.0
REC-04641,2026-09-12T10:05:40Z,SITE-B,ESP32-B01,v1.8,NORMAL,0.9209,0.24802,0.08026,-0.02171,-0.0093,0.18731,0.16461,-0.04551,0.13203,0.18519,panel_temp1_c (+0.187),dust_vo_v (+0.185),panel_temp2_c (+0.165),0.0
REC-04642,2026-09-12T10:05:45Z,SITE-B,ESP32-B01,v1.8,NORMAL,0.9238,0.24802,0.08035,-0.02088,-0.00643,0.18885,0.16407,-0.04541,0.13088,0.18433,panel_temp1_c (+0.189),dust_vo_v (+0.184),panel_temp2_c (+0.164),0.0
REC-04643,2026-09-12T10:05:50Z,SITE-B,ESP32-B01,v1.8,NORMAL,0.9243,0.24802,0.08023,-0.02092,-0.00854,0.18852,0.16557,-0.04548,0.13103,0.1859,panel_temp1_c (+0.189),dust_vo_v (+0.186),panel_temp2_c (+0.166),0.0
REC-04644,2026-09-12T10:05:55Z,SITE-B,ESP32-B01,v1.8,NORMAL,0.9176,0.24802,0.07995,-0.02148,-0.0073,0.18862,0.1627,-0.0452,0.13119,0.18114,panel_temp1_c (+0.189),dust_vo_v (+0.181),panel_temp2_c (+0.163),-0.0
REC-04645,2026-09-12T10:06:00Z,SITE-B,ESP32-B01,v1.8,NORMAL,0.9199,0.24802,0.08018,-0.02243,-0.00975,0.18825,0.1632,-0.04363,0.13256,0.18351,panel_temp1_c (+0.188),dust_vo_v (+0.184),panel_temp2_c (+0.163),0.0
REC-04646,2026-09-12T10:06:05Z,SITE-B,ESP32-B01,v1.8,NORMAL,0.9206,0.24802,0.08024,-0.0213,-0.00621,0.18508,0.16369,-0.04349,0.13074,0.18379,panel_temp1_c (+0.185),dust_vo_v (+0.184),panel_temp2_c (+0.164),-0.0
REC-04647,2026-09-12T10:06:10Z,SITE-B,ESP32-B01,v1.8,NORMAL,0.9292,0.24802,0.08108,-0.02049,-0.0054,0.1841,0.1639,-0.04281,0.13198,0.18878,dust_vo_v (+0.189),panel_temp1_c (+0.184),panel_temp2_c (+0.164),-0.0
REC-04648,2026-09-12T10:06:15Z,SITE-B,ESP32-B01,v1.8,NORMAL,0.9194,0.24802,0.07972,-0.02082,-0.00698,0.18602,0.1646,-0.04351,0.13186,0.18047,panel_temp1_c (+0.186),dust_vo_v (+0.180),panel_temp2_c (+0.165),0.0
REC-04649,2026-09-12T10:06:20Z,SITE-B,ESP32-B01,v1.8,NORMAL,0.9265,0.24802,0.08058,-0.02107,-0.00765,0.1845,0.16559,-0.04262,0.13173,0.18746,dust_vo_v (+0.187),panel_temp1_c (+0.184),panel_temp2_c (+0.166),-0.0
REC-04650,2026-09-12T10:06:25Z,SITE-B,ESP32-B01,v1.8,NORMAL,0.9171,0.24802,0.07954,-0.02164,-0.00902,0.18645,0.16509,-0.04334,0.13169,0.18032,panel_temp1_c (+0.186),dust_vo_v (+0.180),panel_temp2_c (+0.165),-0.0
REC-04651,2026-09-12T10:06:30Z,SITE-B,ESP32-B01,v1.8,NORMAL,0.9168,0.24802,0.07971,-0.02213,-0.00764,0.18554,0.16308,-0.04284,0.13324,0.17978,panel_temp1_c (+0.186),dust_vo_v (+0.180),panel_temp2_c (+0.163),0.0
REC-04652,2026-09-12T10:06:35Z,SITE-B,ESP32-B01,v1.8,NORMAL,0.9255,0.24802,0.08034,-0.02005,-0.00614,0.18762,0.1631,-0.04201,0.13061,0.18402,panel_temp1_c (+0.188),dust_vo_v (+0.184),panel_temp2_c (+0.163),0.0
REC-04653,2026-09-12T10:06:40Z,SITE-B,ESP32-B01,v1.8,NORMAL,0.9237,0.24802,0.08028,-0.02036,-0.00672,0.18679,0.16251,-0.04191,0.13241,0.18271,panel_temp1_c (+0.187),dust_vo_v (+0.183),panel_temp2_c (+0.163),0.0
REC-04654,2026-09-12T10:06:45Z,SITE-B,ESP32-B01,v1.8,NORMAL,0.9367,0.24802,0.08151,-0.02118,-0.00784,0.18554,0.1657,-0.03996,0.13148,0.19346,dust_vo_v (+0.193),panel_temp1_c (+0.186),panel_temp2_c (+0.166),-0.0
REC-04655,2026-09-12T10:06:50Z,SITE-B,ESP32-B01,v1.8,NORMAL,0.9242,0.24802,0.08001,-0.02203,-0.01241,0.18796,0.16637,-0.04159,0.13237,0.18554,panel_temp1_c (+0.188),dust_vo_v (+0.186),panel_temp2_c (+0.166),0.0
REC-04656,2026-09-12T10:06:55Z,SITE-B,ESP32-B01,v1.8,NORMAL,0.9239,0.24802,0.08024,-0.02073,-0.00563,0.18424,0.16322,-0.04071,0.13267,0.18256,panel_temp1_c (+0.184),dust_vo_v (+0.183),panel_temp2_c (+0.163),0.0
REC-04657,2026-09-12T10:07:00Z,SITE-B,ESP32-B01,v1.8,NORMAL,0.9213,0.24802,0.08004,-0.02152,-0.00908,0.18624,0.16404,-0.0418,0.13255,0.18283,panel_temp1_c (+0.186),dust_vo_v (+0.183),panel_temp2_c (+0.164),0.0
REC-04658,2026-09-12T10:07:05Z,SITE-B,ESP32-B01,v1.8,NORMAL,0.9284,0.24802,0.08072,-0.02098,-0.00686,0.18064,0.1665,-0.04088,0.13268,0.18859,dust_vo_v (+0.189),panel_temp1_c (+0.181),panel_temp2_c (+0.167),0.0
REC-04659,2026-09-12T10:07:10Z,SITE-B,ESP32-B01,v1.8,NORMAL,0.9281,0.24802,0.08059,-0.02238,-0.00921,0.18551,0.16434,-0.03952,0.13421,0.18652,dust_vo_v (+0.187),panel_temp1_c (+0.186),panel_temp2_c (+0.164),-0.0
REC-04660,2026-09-12T10:07:15Z,SITE-B,ESP32-B01,v1.8,NORMAL,0.9321,0.24802,0.08106,-0.02221,-0.01187,0.18616,0.16614,-0.0408,0.13379,0.19178,dust_vo_v (+0.192),panel_temp1_c (+0.186),panel_temp2_c (+0.166),-0.0
REC-04661,2026-09-12T10:07:20Z,SITE-B,ESP32-B01,v1.8,NORMAL,0.927,0.24802,0.08015,-0.02092,-0.00933,0.18836,0.16527,-0.0418,0.13304,0.18418,panel_temp1_c (+0.188),dust_vo_v (+0.184),panel_temp2_c (+0.165),-0.0
REC-04662,2026-09-12T10:07:25Z,SITE-B,ESP32-B01,v1.8,NORMAL,0.9366,0.24802,0.08104,-0.01924,-0.00511,0.1866,0.16586,-0.04242,0.13154,0.19026,dust_vo_v (+0.190),panel_temp1_c (+0.187),panel_temp2_c (+0.166),-0.0
REC-04663,2026-09-12T10:07:30Z,SITE-B,ESP32-B01,v1.8,NORMAL,0.9239,0.24802,0.08006,-0.02097,-0.00882,0.18779,0.16423,-0.04278,0.13408,0.18232,panel_temp1_c (+0.188),dust_vo_v (+0.182),panel_temp2_c (+0.164),0.0
REC-04664,2026-09-12T10:07:35Z,SITE-B,ESP32-B01,v1.8,NORMAL,0.9195,0.24802,0.07974,-0.02143,-0.00989,0.18732,0.16487,-0.04349,0.13261,0.18176,panel_temp1_c (+0.187),dust_vo_v (+0.182),panel_temp2_c (+0.165),0.0
REC-04665,2026-09-12T10:07:40Z,SITE-B,ESP32-B01,v1.8,NORMAL,0.9289,0.24802,0.08061,-0.02173,-0.00946,0.18724,0.16532,-0.04222,0.13423,0.18685,panel_temp1_c (+0.187),dust_vo_v (+0.187),panel_temp2_c (+0.165),0.0
REC-04666,2026-09-12T10:07:45Z,SITE-B,ESP32-B01,v1.8,NORMAL,0.9212,0.24802,0.07992,-0.02355,-0.01441,0.18835,0.16576,-0.04193,0.13525,0.18384,panel_temp1_c (+0.188),dust_vo_v (+0.184),panel_temp2_c (+0.166),-0.0
REC-04667,2026-09-12T10:07:50Z,SITE-B,ESP32-B01,v1.8,NORMAL,0.9246,0.24802,0.08015,-0.02234,-0.0126,0.18892,0.16587,-0.04241,0.13331,0.18569,panel_temp1_c (+0.189),dust_vo_v (+0.186),panel_temp2_c (+0.166),0.0
REC-04668,2026-09-12T10:07:55Z,SITE-B,ESP32-B01,v1.8,NORMAL,0.921,0.24802,0.07994,-0.02361,-0.01594,0.19071,0.16521,-0.04211,0.13428,0.18454,panel_temp1_c (+0.191),dust_vo_v (+0.185),panel_temp2_c (+0.165),0.0
REC-04669,2026-09-12T10:08:00Z,SITE-B,ESP32-B01,v1.8,NORMAL,0.9328,0.24802,0.08109,-0.02112,-0.00702,0.18676,0.16448,-0.0423,0.13425,0.18868,dust_vo_v (+0.189),panel_temp1_c (+0.187),panel_temp2_c (+0.164),-0.0
REC-04670,2026-09-12T10:08:00Z,SITE-E,ESP32-E01,v1.8,SHORT_CIRCUIT,0.9396,0.16121,0.52994,0.04129,0.11858,0.01167,0.01966,-0.01247,0.01448,0.05518,voltage_v (+0.530),power_mw (+0.119),dust_vo_v (+0.055),0.0
REC-04671,2026-09-12T10:08:05Z,SITE-B,ESP32-B01,v1.8,NORMAL,0.9257,0.24802,0.08021,-0.02062,-0.00766,0.18875,0.1646,-0.04398,0.13272,0.1837,panel_temp1_c (+0.189),dust_vo_v (+0.184),panel_temp2_c (+0.165),0.0
REC-04672,2026-09-12T10:08:05Z,SITE-E,ESP32-E01,v1.8,SHORT_CIRCUIT,0.9405,0.16121,0.52879,0.04266,0.12099,0.01034,0.01966,-0.01341,0.01511,0.0552,voltage_v (+0.529),power_mw (+0.121),dust_vo_v (+0.055),0.0
REC-04673,2026-09-12T10:08:10Z,SITE-B,ESP32-B01,v1.8,NORMAL,0.9308,0.24802,0.08078,-0.02118,-0.00995,0.18707,0.1656,-0.0418,0.13287,0.18944,dust_vo_v (+0.189),panel_temp1_c (+0.187),panel_temp2_c (+0.166),-0.0
REC-04674,2026-09-12T10:08:10Z,SITE-E,ESP32-E01,v1.8,SHORT_CIRCUIT,0.9409,0.16121,0.52939,0.04303,0.11972,0.01047,0.01964,-0.01253,0.01478,0.0552,voltage_v (+0.529),power_mw (+0.120),dust_vo_v (+0.055),-0.0
REC-04675,2026-09-12T10:08:15Z,SITE-B,ESP32-B01,v1.8,NORMAL,0.9316,0.24802,0.08084,-0.02157,-0.00986,0.18525,0.16668,-0.04121,0.13337,0.19005,dust_vo_v (+0.190),panel_temp1_c (+0.185),panel_temp2_c (+0.167),-0.0
REC-04676,2026-09-12T10:08:15Z,SITE-E,ESP32-E01,v1.8,SHORT_CIRCUIT,0.9408,0.16121,0.53026,0.04195,0.11939,0.01097,0.0196,-0.01238,0.01466,0.05518,voltage_v (+0.530),power_mw (+0.119),dust_vo_v (+0.055),-0.0
REC-04677,2026-09-12T10:08:20Z,SITE-B,ESP32-B01,v1.8,NORMAL,0.9233,0.24802,0.07985,-0.02272,-0.01406,0.18847,0.16741,-0.04221,0.13334,0.18522,panel_temp1_c (+0.188),dust_vo_v (+0.185),panel_temp2_c (+0.167),-0.0
REC-04678,2026-09-12T10:08:20Z,SITE-E,ESP32-E01,v1.8,SHORT_CIRCUIT,0.9412,0.16121,0.52939,0.04338,0.11954,0.01051,0.01962,-0.0123,0.01475,0.05511,voltage_v (+0.529),power_mw (+0.120),dust_vo_v (+0.055),0.0
REC-04679,2026-09-12T10:08:25Z,SITE-B,ESP32-B01,v1.8,NORMAL,0.9259,0.24802,0.08052,-0.02277,-0.01068,0.18636,0.16458,-0.04147,0.13522,0.18616,panel_temp1_c (+0.186),dust_vo_v (+0.186),panel_temp2_c (+0.165),0.0
REC-04680,2026-09-12T10:08:25Z,SITE-E,ESP32-E01,v1.8,SHORT_CIRCUIT,0.9404,0.16121,0.52894,0.04286,0.11967,0.0106,0.01966,-0.01257,0.01487,0.05515,voltage_v (+0.529),power_mw (+0.120),dust_vo_v (+0.055),-0.0
REC-04681,2026-09-12T10:08:30Z,SITE-B,ESP32-B01,v1.8,NORMAL,0.9303,0.24802,0.08051,-0.02028,-0.00778,0.18956,0.1637,-0.04216,0.13405,0.18469,panel_temp1_c (+0.190),dust_vo_v (+0.185),panel_temp2_c (+0.164),-0.0
REC-04682,2026-09-12T10:08:30Z,SITE-E,ESP32-E01,v1.8,SHORT_CIRCUIT,0.9415,0.16121,0.52834,0.04158,0.12104,0.01195,0.01988,-0.01331,0.01509,0.05571,voltage_v (+0.528),power_mw (+0.121),dust_vo_v (+0.056),-0.0
REC-04683,2026-09-12T10:08:35Z,SITE-B,ESP32-B01,v1.8,NORMAL,0.9267,0.24802,0.08054,-0.022,-0.01008,0.1861,0.16535,-0.04172,0.13346,0.18703,dust_vo_v (+0.187),panel_temp1_c (+0.186),panel_temp2_c (+0.165),-0.0
REC-04684,2026-09-12T10:08:35Z,SITE-E,ESP32-E01,v1.8,SHORT_CIRCUIT,0.9392,0.16121,0.52966,0.04187,0.1181,0.0117,0.01973,-0.01252,0.01441,0.05502,voltage_v (+0.530),power_mw (+0.118),dust_vo_v (+0.055),0.0
REC-04685,2026-09-12T10:08:40Z,SITE-B,ESP32-B01,v1.8,NORMAL,0.918,0.24802,0.07966,-0.02307,-0.01155,0.1883,0.16393,-0.04274,0.13545,0.18,panel_temp1_c (+0.188),dust_vo_v (+0.180),panel_temp2_c (+0.164),0.0
REC-04686,2026-09-12T10:08:40Z,SITE-E,ESP32-E01,v1.8,SHORT_CIRCUIT,0.9436,0.16121,0.53132,0.04336,0.12047,0.00985,0.01938,-0.01178,0.01473,0.05508,voltage_v (+0.531),power_mw (+0.120),dust_vo_v (+0.055),-0.0
REC-04687,2026-09-12T10:08:45Z,SITE-B,ESP32-B01,v1.8,NORMAL,0.9212,0.24802,0.08003,-0.02371,-0.01359,0.18575,0.16625,-0.04213,0.1358,0.18475,panel_temp1_c (+0.186),dust_vo_v (+0.185),panel_temp2_c (+0.166),0.0
REC-04688,2026-09-12T10:08:45Z,SITE-E,ESP32-E01,v1.8,SHORT_CIRCUIT,0.9422,0.16121,0.53017,0.04211,0.12059,0.01041,0.01955,-0.01211,0.01502,0.05525,voltage_v (+0.530),power_mw (+0.121),dust_vo_v (+0.055),0.0
REC-04689,2026-09-12T10:08:50Z,SITE-B,ESP32-B01,v1.8,NORMAL,0.9248,0.24802,0.08041,-0.02114,-0.0075,0.18509,0.16464,-0.04295,0.13329,0.18491,panel_temp1_c (+0.185),dust_vo_v (+0.185),panel_temp2_c (+0.165),0.0
REC-04690,2026-09-12T10:08:50Z,SITE-E,ESP32-E01,v1.8,SHORT_CIRCUIT,0.9401,0.16121,0.52759,0.04347,0.11913,0.01097,0.01977,-0.01212,0.01485,0.05522,voltage_v (+0.528),power_mw (+0.119),dust_vo_v (+0.055),0.0
REC-04691,2026-09-12T10:08:55Z,SITE-B,ESP32-B01,v1.8,NORMAL,0.9229,0.24802,0.08027,-0.0223,-0.01071,0.18794,0.16436,-0.04276,0.13323,0.18483,panel_temp1_c (+0.188),dust_vo_v (+0.185),panel_temp2_c (+0.164),-0.0
REC-04692,2026-09-12T10:08:55Z,SITE-E,ESP32-E01,v1.8,SHORT_CIRCUIT,0.9423,0.16121,0.53008,0.04251,0.12,0.01062,0.01957,-0.01183,0.01484,0.05529,voltage_v (+0.530),power_mw (+0.120),dust_vo_v (+0.055),-0.0
REC-04693,2026-09-12T10:09:00Z,SITE-E,ESP32-E01,v1.8,SHORT_CIRCUIT,0.9391,0.16121,0.52845,0.04271,0.1184,0.01089,0.01962,-0.01184,0.01457,0.0551,voltage_v (+0.528),power_mw (+0.118),dust_vo_v (+0.055),-0.0
REC-04694,2026-09-12T10:09:05Z,SITE-E,ESP32-E01,v1.8,SHORT_CIRCUIT,0.9412,0.16121,0.52955,0.04251,0.11991,0.01031,0.01959,-0.01204,0.01494,0.0552,voltage_v (+0.530),power_mw (+0.120),dust_vo_v (+0.055),-0.0
REC-04695,2026-09-12T10:09:10Z,SITE-E,ESP32-E01,v1.8,SHORT_CIRCUIT,0.9405,0.16121,0.52841,0.04275,0.11937,0.01127,0.01976,-0.01244,0.01476,0.05538,voltage_v (+0.528),power_mw (+0.119),dust_vo_v (+0.055),0.0
REC-04696,2026-09-12T10:09:15Z,SITE-E,ESP32-E01,v1.8,SHORT_CIRCUIT,0.9398,0.16121,0.5288,0.04266,0.11927,0.01101,0.0197,-0.01277,0.01474,0.05514,voltage_v (+0.529),power_mw (+0.119),dust_vo_v (+0.055),-0.0
REC-04697,2026-09-12T10:09:20Z,SITE-E,ESP32-E01,v1.8,SHORT_CIRCUIT,0.9404,0.16121,0.53081,0.0426,0.11847,0.01109,0.01959,-0.01264,0.01436,0.05489,voltage_v (+0.531),power_mw (+0.118),dust_vo_v (+0.055),-0.0
REC-04698,2026-09-12T10:09:25Z,SITE-E,ESP32-E01,v1.8,SHORT_CIRCUIT,0.9416,0.16121,0.53039,0.04221,0.11996,0.01095,0.01959,-0.0127,0.01473,0.05521,voltage_v (+0.530),power_mw (+0.120),dust_vo_v (+0.055),-0.0
REC-04699,2026-09-12T10:09:30Z,SITE-E,ESP32-E01,v1.8,SHORT_CIRCUIT,0.9435,0.16121,0.53066,0.04239,0.12099,0.01089,0.01957,-0.01246,0.0149,0.05533,voltage_v (+0.531),power_mw (+0.121),dust_vo_v (+0.055),0.0
REC-04700,2026-09-12T10:09:35Z,SITE-E,ESP32-E01,v1.8,SHORT_CIRCUIT,0.9406,0.16121,0.52801,0.04253,0.12011,0.01077,0.01975,-0.01231,0.01509,0.05544,voltage_v (+0.528),power_mw (+0.120),dust_vo_v (+0.055),0.0
REC-04701,2026-09-12T10:09:40Z,SITE-E,ESP32-E01,v1.8,SHORT_CIRCUIT,0.9403,0.16121,0.53068,0.04269,0.11829,0.01128,0.01964,-0.01267,0.01433,0.05487,voltage_v (+0.531),power_mw (+0.118),dust_vo_v (+0.055),-0.0
REC-04702,2026-09-12T10:09:45Z,SITE-E,ESP32-E01,v1.8,SHORT_CIRCUIT,0.9409,0.16121,0.52965,0.04282,0.11904,0.01116,0.01966,-0.01238,0.01457,0.05515,voltage_v (+0.530),power_mw (+0.119),dust_vo_v (+0.055),-0.0
REC-04703,2026-09-12T10:09:50Z,SITE-E,ESP32-E01,v1.8,SHORT_CIRCUIT,0.9405,0.16121,0.52846,0.04403,0.11955,0.00995,0.01962,-0.01221,0.0149,0.055,voltage_v (+0.528),power_mw (+0.120),dust_vo_v (+0.055),-0.0
REC-04704,2026-09-12T10:09:55Z,SITE-E,ESP32-E01,v1.8,SHORT_CIRCUIT,0.9407,0.16121,0.52914,0.04287,0.11916,0.01131,0.0197,-0.01254,0.01462,0.05522,voltage_v (+0.529),power_mw (+0.119),dust_vo_v (+0.055),-0.0
REC-04705,2026-09-12T10:10:00Z,SITE-E,ESP32-E01,v1.8,SHORT_CIRCUIT,0.9416,0.16121,0.52974,0.04255,0.11953,0.01082,0.01961,-0.01188,0.01479,0.05523,voltage_v (+0.530),power_mw (+0.120),dust_vo_v (+0.055),0.0
REC-04706,2026-09-12T10:10:05Z,SITE-E,ESP32-E01,v1.8,SHORT_CIRCUIT,0.9408,0.16121,0.53105,0.04141,0.11865,0.01179,0.01955,-0.01226,0.0143,0.05512,voltage_v (+0.531),power_mw (+0.119),dust_vo_v (+0.055),0.0
REC-04707,2026-09-12T10:10:10Z,SITE-E,ESP32-E01,v1.8,SHORT_CIRCUIT,0.9409,0.16121,0.53012,0.04271,0.11929,0.01063,0.0196,-0.01243,0.01463,0.05511,voltage_v (+0.530),power_mw (+0.119),dust_vo_v (+0.055),0.0
REC-04708,2026-09-12T10:10:15Z,SITE-E,ESP32-E01,v1.8,SHORT_CIRCUIT,0.9406,0.16121,0.52944,0.04334,0.11966,0.01011,0.01957,-0.01252,0.01482,0.05496,voltage_v (+0.529),power_mw (+0.120),dust_vo_v (+0.055),0.0
REC-04709,2026-09-12T10:10:20Z,SITE-E,ESP32-E01,v1.8,SHORT_CIRCUIT,0.9414,0.16121,0.53206,0.04195,0.11851,0.01105,0.01948,-0.01206,0.01434,0.05485,voltage_v (+0.532),power_mw (+0.119),dust_vo_v (+0.055),-0.0
REC-04710,2026-09-12T10:10:25Z,SITE-E,ESP32-E01,v1.8,SHORT_CIRCUIT,0.9391,0.16121,0.52883,0.04235,0.11818,0.01133,0.01973,-0.01221,0.01455,0.05511,voltage_v (+0.529),power_mw (+0.118),dust_vo_v (+0.055),-0.0
REC-04711,2026-09-12T10:10:30Z,SITE-E,ESP32-E01,v1.8,SHORT_CIRCUIT,0.9403,0.16121,0.528,0.04299,0.12025,0.01042,0.01972,-0.01264,0.0151,0.0553,voltage_v (+0.528),power_mw (+0.120),dust_vo_v (+0.055),-0.0
REC-04712,2026-09-12T10:10:35Z,SITE-E,ESP32-E01,v1.8,SHORT_CIRCUIT,0.9416,0.16121,0.52992,0.04256,0.12024,0.01075,0.0196,-0.01269,0.01486,0.05518,voltage_v (+0.530),power_mw (+0.120),dust_vo_v (+0.055),-0.0
REC-04713,2026-09-12T10:10:40Z,SITE-E,ESP32-E01,v1.8,SHORT_CIRCUIT,0.935,0.16121,0.52697,0.04198,0.11738,0.01126,0.01985,-0.01301,0.01445,0.05492,voltage_v (+0.527),power_mw (+0.117),dust_vo_v (+0.055),0.0
REC-04714,2026-09-12T10:10:45Z,SITE-E,ESP32-E01,v1.8,SHORT_CIRCUIT,0.9394,0.16121,0.52908,0.04141,0.11919,0.012,0.01984,-0.01334,0.01465,0.05536,voltage_v (+0.529),power_mw (+0.119),dust_vo_v (+0.055),-0.0
REC-04715,2026-09-12T10:10:50Z,SITE-E,ESP32-E01,v1.8,SHORT_CIRCUIT,0.9371,0.16121,0.52794,0.04191,0.11793,0.01142,0.01981,-0.01273,0.01455,0.05507,voltage_v (+0.528),power_mw (+0.118),dust_vo_v (+0.055),0.0
REC-04716,2026-09-12T10:10:55Z,SITE-E,ESP32-E01,v1.8,SHORT_CIRCUIT,0.9379,0.16121,0.52784,0.04189,0.11885,0.01083,0.01977,-0.01259,0.01483,0.05525,voltage_v (+0.528),power_mw (+0.119),dust_vo_v (+0.055),-0.0
REC-04717,2026-09-12T10:11:00Z,SITE-E,ESP32-E01,v1.8,SHORT_CIRCUIT,0.9397,0.16121,0.52927,0.04146,0.11906,0.01158,0.0197,-0.01249,0.01463,0.05533,voltage_v (+0.529),power_mw (+0.119),dust_vo_v (+0.055),-0.0
REC-04718,2026-09-12T10:11:05Z,SITE-E,ESP32-E01,v1.8,SHORT_CIRCUIT,0.944,0.16121,0.53145,0.04139,0.12158,0.0113,0.01956,-0.01285,0.01493,0.05541,voltage_v (+0.531),power_mw (+0.122),dust_vo_v (+0.055),-0.0
REC-04719,2026-09-12T10:11:10Z,SITE-E,ESP32-E01,v1.8,SHORT_CIRCUIT,0.9426,0.16121,0.52956,0.04188,0.12061,0.01174,0.01971,-0.01264,0.01485,0.05563,voltage_v (+0.530),power_mw (+0.121),dust_vo_v (+0.056),-0.0
REC-04720,2026-09-12T10:11:15Z,SITE-E,ESP32-E01,v1.8,SHORT_CIRCUIT,0.9395,0.16121,0.52909,0.04107,0.11877,0.01219,0.01968,-0.01236,0.01445,0.05543,voltage_v (+0.529),power_mw (+0.119),dust_vo_v (+0.055),0.0
REC-04721,2026-09-12T10:11:20Z,SITE-E,ESP32-E01,v1.8,SHORT_CIRCUIT,0.9424,0.16121,0.53019,0.04111,0.1206,0.01174,0.01969,-0.01262,0.01484,0.05567,voltage_v (+0.530),power_mw (+0.121),dust_vo_v (+0.056),0.0
REC-04722,2026-09-12T10:11:25Z,SITE-E,ESP32-E01,v1.8,SHORT_CIRCUIT,0.9412,0.16121,0.5297,0.04003,0.11994,0.01304,0.01988,-0.01313,0.0147,0.05583,voltage_v (+0.530),power_mw (+0.120),dust_vo_v (+0.056),-0.0
REC-04723,2026-09-12T10:11:30Z,SITE-E,ESP32-E01,v1.8,SHORT_CIRCUIT,0.9394,0.16121,0.52963,0.04027,0.11907,0.0127,0.01981,-0.01333,0.01447,0.05554,voltage_v (+0.530),power_mw (+0.119),dust_vo_v (+0.056),0.0
REC-04724,2026-09-12T10:11:35Z,SITE-E,ESP32-E01,v1.8,SHORT_CIRCUIT,0.9408,0.16121,0.53063,0.0399,0.11976,0.01236,0.01967,-0.01286,0.01459,0.05559,voltage_v (+0.531),power_mw (+0.120),dust_vo_v (+0.056),0.0
REC-04725,2026-09-12T10:11:40Z,SITE-E,ESP32-E01,v1.8,SHORT_CIRCUIT,0.9394,0.16121,0.52913,0.04087,0.11958,0.0116,0.01977,-0.01304,0.01477,0.05549,voltage_v (+0.529),power_mw (+0.120),dust_vo_v (+0.055),0.0
REC-04726,2026-09-12T10:11:45Z,SITE-E,ESP32-E01,v1.8,SHORT_CIRCUIT,0.9378,0.16121,0.52905,0.0412,0.11875,0.01154,0.01983,-0.01361,0.0146,0.05518,voltage_v (+0.529),power_mw (+0.119),dust_vo_v (+0.055),-0.0
REC-04727,2026-09-12T10:11:50Z,SITE-E,ESP32-E01,v1.8,SHORT_CIRCUIT,0.9373,0.16121,0.52844,0.0401,0.11882,0.01279,0.02003,-0.01417,0.01461,0.0555,voltage_v (+0.528),power_mw (+0.119),dust_vo_v (+0.055),0.0
REC-04728,2026-09-12T10:11:55Z,SITE-E,ESP32-E01,v1.8,SHORT_CIRCUIT,0.9405,0.16121,0.53002,0.0402,0.12025,0.0127,0.01986,-0.01413,0.01468,0.05571,voltage_v (+0.530),power_mw (+0.120),dust_vo_v (+0.056),0.0
REC-04729,2026-09-12T10:12:00Z,SITE-E,ESP32-E01,v1.8,SHORT_CIRCUIT,0.9386,0.16121,0.52976,0.0402,0.11891,0.01248,0.01989,-0.01377,0.01455,0.05537,voltage_v (+0.530),power_mw (+0.119),dust_vo_v (+0.055),0.0
REC-04730,2026-09-12T10:12:05Z,SITE-E,ESP32-E01,v1.8,SHORT_CIRCUIT,0.9419,0.16121,0.53067,0.04028,0.1212,0.01204,0.01977,-0.01393,0.01488,0.05572,voltage_v (+0.531),power_mw (+0.121),dust_vo_v (+0.056),0.0
REC-04731,2026-09-12T10:12:10Z,SITE-E,ESP32-E01,v1.8,SHORT_CIRCUIT,0.9368,0.16121,0.52616,0.04113,0.12012,0.01199,0.02011,-0.01475,0.01508,0.05579,voltage_v (+0.526),power_mw (+0.120),dust_vo_v (+0.056),-0.0
REC-04732,2026-09-12T10:12:15Z,SITE-E,ESP32-E01,v1.8,SHORT_CIRCUIT,0.9385,0.16121,0.52904,0.0404,0.11972,0.01255,0.01997,-0.01465,0.0147,0.05553,voltage_v (+0.529),power_mw (+0.120),dust_vo_v (+0.056),-0.0
REC-04733,2026-09-12T10:12:20Z,SITE-E,ESP32-E01,v1.8,SHORT_CIRCUIT,0.9389,0.16121,0.52952,0.04058,0.12061,0.01236,0.01992,-0.01556,0.01472,0.05555,voltage_v (+0.530),power_mw (+0.121),dust_vo_v (+0.056),-0.0
REC-04734,2026-09-12T10:12:25Z,SITE-E,ESP32-E01,v1.8,SHORT_CIRCUIT,0.9372,0.16121,0.52736,0.04082,0.12066,0.01201,0.02004,-0.01557,0.01502,0.05564,voltage_v (+0.527),power_mw (+0.121),dust_vo_v (+0.056),-0.0
REC-04735,2026-09-12T10:12:30Z,SITE-E,ESP32-E01,v1.8,SHORT_CIRCUIT,0.9383,0.16121,0.52762,0.04125,0.12162,0.01185,0.02002,-0.01612,0.0151,0.0557,voltage_v (+0.528),power_mw (+0.122),dust_vo_v (+0.056),0.0
REC-04736,2026-09-12T10:12:35Z,SITE-E,ESP32-E01,v1.8,SHORT_CIRCUIT,0.9367,0.16121,0.52724,0.04194,0.12039,0.01179,0.02002,-0.0162,0.01483,0.05542,voltage_v (+0.527),power_mw (+0.120),dust_vo_v (+0.055),0.0
REC-04737,2026-09-12T10:12:40Z,SITE-E,ESP32-E01,v1.8,SHORT_CIRCUIT,0.9375,0.16121,0.52692,0.04177,0.12201,0.0117,0.02005,-0.01688,0.01516,0.05559,voltage_v (+0.527),power_mw (+0.122),dust_vo_v (+0.056),0.0
REC-04738,2026-09-12T10:12:45Z,SITE-E,ESP32-E01,v1.8,SHORT_CIRCUIT,0.9362,0.16121,0.52662,0.04093,0.12071,0.01259,0.02017,-0.01664,0.01493,0.05571,voltage_v (+0.527),power_mw (+0.121),dust_vo_v (+0.056),0.0
REC-04739,2026-09-12T10:12:50Z,SITE-E,ESP32-E01,v1.8,SHORT_CIRCUIT,0.9362,0.16121,0.52845,0.04083,0.12085,0.01162,0.01996,-0.01692,0.01485,0.05538,voltage_v (+0.528),power_mw (+0.121),dust_vo_v (+0.055),-0.0
REC-04740,2026-09-12T10:12:55Z,SITE-E,ESP32-E01,v1.8,SHORT_CIRCUIT,0.9352,0.16121,0.527,0.04095,0.12024,0.01229,0.02017,-0.01698,0.01482,0.0555,voltage_v (+0.527),power_mw (+0.120),dust_vo_v (+0.056),-0.0
REC-04741,2026-09-12T10:15:00Z,SITE-E,ESP32-E01,v1.8,NORMAL,0.8343,0.24802,0.06401,0.05269,0.2003,-0.02256,0.04164,0.0506,0.05578,0.14377,power_mw (+0.200),dust_vo_v (+0.144),voltage_v (+0.064),0.0
REC-04742,2026-09-12T10:15:05Z,SITE-E,ESP32-E01,v1.8,NORMAL,0.8324,0.24802,0.06308,0.05395,0.19875,-0.0187,0.03918,0.04937,0.05452,0.14422,power_mw (+0.199),dust_vo_v (+0.144),voltage_v (+0.063),-0.0
REC-04743,2026-09-12T10:15:10Z,SITE-E,ESP32-E01,v1.8,NORMAL,0.8091,0.24802,0.06199,0.05022,0.18596,-0.01984,0.03583,0.04993,0.05518,0.14185,power_mw (+0.186),dust_vo_v (+0.142),voltage_v (+0.062),-0.0
REC-04744,2026-09-12T10:15:15Z,SITE-E,ESP32-E01,v1.8,NORMAL,0.8202,0.24802,0.06283,0.05058,0.19128,-0.02064,0.0388,0.04975,0.05652,0.14312,power_mw (+0.191),dust_vo_v (+0.143),voltage_v (+0.063),0.0
REC-04745,2026-09-12T10:15:20Z,SITE-E,ESP32-E01,v1.8,NORMAL,0.8228,0.24802,0.06301,0.04981,0.18948,-0.02092,0.04017,0.05041,0.05947,0.14339,power_mw (+0.189),dust_vo_v (+0.143),voltage_v (+0.063),-0.0
REC-04746,2026-09-12T10:15:25Z,SITE-E,ESP32-E01,v1.8,NORMAL,0.8164,0.24802,0.06245,0.05045,0.18744,-0.02202,0.03901,0.05087,0.05684,0.14329,power_mw (+0.187),dust_vo_v (+0.143),voltage_v (+0.062),0.0
REC-04747,2026-09-12T10:15:30Z,SITE-E,ESP32-E01,v1.8,NORMAL,0.8269,0.24802,0.06384,0.05066,0.19303,-0.02184,0.03909,0.04972,0.05883,0.14554,power_mw (+0.193),dust_vo_v (+0.146),voltage_v (+0.064),-0.0
REC-04748,2026-09-12T10:15:35Z,SITE-E,ESP32-E01,v1.8,NORMAL,0.8288,0.24802,0.06373,0.05164,0.19624,-0.02122,0.03924,0.04894,0.0565,0.14575,power_mw (+0.196),dust_vo_v (+0.146),voltage_v (+0.064),-0.0
REC-04749,2026-09-12T10:15:40Z,SITE-E,ESP32-E01,v1.8,NORMAL,0.8048,0.24802,0.06234,0.05033,0.18743,-0.0233,0.03169,0.05081,0.05653,0.1409,power_mw (+0.187),dust_vo_v (+0.141),voltage_v (+0.062),0.0
REC-04750,2026-09-12T10:15:45Z,SITE-E,ESP32-E01,v1.8,NORMAL,0.8184,0.24802,0.06319,0.05081,0.19118,-0.02239,0.03703,0.05043,0.05675,0.14338,power_mw (+0.191),dust_vo_v (+0.143),voltage_v (+0.063),0.0
REC-04751,2026-09-12T10:15:50Z,SITE-E,ESP32-E01,v1.8,NORMAL,0.8126,0.24802,0.06225,0.05134,0.18776,-0.02165,0.03519,0.05065,0.05584,0.14318,power_mw (+0.188),dust_vo_v (+0.143),voltage_v (+0.062),-0.0
REC-04752,2026-09-12T10:15:55Z,SITE-E,ESP32-E01,v1.8,NORMAL,0.8166,0.24802,0.06331,0.04974,0.18883,-0.02243,0.03819,0.05097,0.05707,0.14294,power_mw (+0.189),dust_vo_v (+0.143),voltage_v (+0.063),0.0
REC-04753,2026-09-12T10:16:00Z,SITE-E,ESP32-E01,v1.8,NORMAL,0.8257,0.24802,0.06288,0.05261,0.19467,-0.02169,0.03827,0.05128,0.05736,0.14228,power_mw (+0.195),dust_vo_v (+0.142),voltage_v (+0.063),-0.0
REC-04754,2026-09-12T10:16:05Z,SITE-E,ESP32-E01,v1.8,NORMAL,0.8205,0.24802,0.06356,0.04964,0.19249,-0.02134,0.03863,0.04955,0.05681,0.14315,power_mw (+0.192),dust_vo_v (+0.143),voltage_v (+0.064),0.0
REC-04755,2026-09-12T10:16:10Z,SITE-E,ESP32-E01,v1.8,NORMAL,0.8317,0.24802,0.06369,0.05149,0.19357,-0.02179,0.04309,0.05119,0.05756,0.14487,power_mw (+0.194),dust_vo_v (+0.145),voltage_v (+0.064),-0.0
REC-04756,2026-09-12T10:16:15Z,SITE-E,ESP32-E01,v1.8,NORMAL,0.8171,0.24802,0.06245,0.05115,0.18825,-0.02189,0.03925,0.05236,0.05642,0.14109,power_mw (+0.188),dust_vo_v (+0.141),voltage_v (+0.062),-0.0
REC-04757,2026-09-12T10:16:20Z,SITE-E,ESP32-E01,v1.8,NORMAL,0.834,0.24802,0.06311,0.05391,0.19986,-0.02143,0.0417,0.05149,0.05567,0.14168,power_mw (+0.200),dust_vo_v (+0.142),voltage_v (+0.063),-0.0
REC-04758,2026-09-12T10:16:25Z,SITE-E,ESP32-E01,v1.8,NORMAL,0.83,0.24802,0.06375,0.0521,0.19692,-0.02339,0.04139,0.05147,0.0567,0.14299,power_mw (+0.197),dust_vo_v (+0.143),voltage_v (+0.064),0.0
REC-04759,2026-09-12T10:16:30Z,SITE-E,ESP32-E01,v1.8,NORMAL,0.8247,0.24802,0.06299,0.05088,0.1942,-0.01928,0.04009,0.0494,0.05607,0.14233,power_mw (+0.194),dust_vo_v (+0.142),voltage_v (+0.063),0.0
REC-04760,2026-09-12T10:16:35Z,SITE-E,ESP32-E01,v1.8,NORMAL,0.8208,0.24802,0.06264,0.05158,0.19318,-0.01974,0.03612,0.04991,0.05745,0.14162,power_mw (+0.193),dust_vo_v (+0.142),voltage_v (+0.063),-0.0
REC-04761,2026-09-12T10:16:40Z,SITE-E,ESP32-E01,v1.8,NORMAL,0.8147,0.24802,0.06283,0.04889,0.18861,-0.02076,0.03739,0.05001,0.05818,0.14149,power_mw (+0.189),dust_vo_v (+0.141),voltage_v (+0.063),0.0
REC-04762,2026-09-12T10:16:45Z,SITE-E,ESP32-E01,v1.8,NORMAL,0.8192,0.24802,0.06311,0.05125,0.195,-0.02136,0.03537,0.04946,0.05607,0.14232,power_mw (+0.195),dust_vo_v (+0.142),voltage_v (+0.063),-0.0
REC-04763,2026-09-12T10:16:50Z,SITE-E,ESP32-E01,v1.8,NORMAL,0.8179,0.24802,0.06285,0.0505,0.19108,-0.02112,0.03741,0.05016,0.05673,0.14224,power_mw (+0.191),dust_vo_v (+0.142),voltage_v (+0.063),0.0
REC-04764,2026-09-12T10:16:55Z,SITE-E,ESP32-E01,v1.8,NORMAL,0.8189,0.24802,0.06284,0.04985,0.18934,-0.01933,0.03755,0.04969,0.05829,0.14267,power_mw (+0.189),dust_vo_v (+0.143),voltage_v (+0.063),0.0
REC-04765,2026-09-12T10:17:00Z,SITE-E,ESP32-E01,v1.8,NORMAL,0.825,0.24802,0.06262,0.05101,0.18599,-0.01872,0.04133,0.05102,0.05877,0.14499,power_mw (+0.186),dust_vo_v (+0.145),voltage_v (+0.063),0.0
REC-04766,2026-09-12T10:17:05Z,SITE-E,ESP32-E01,v1.8,NORMAL,0.8155,0.24802,0.06272,0.04917,0.18869,-0.02062,0.03719,0.04972,0.05852,0.14211,power_mw (+0.189),dust_vo_v (+0.142),voltage_v (+0.063),-0.0
REC-04767,2026-09-12T10:17:10Z,SITE-E,ESP32-E01,v1.8,NORMAL,0.8251,0.24802,0.06357,0.0523,0.19384,-0.0232,0.03724,0.05072,0.05761,0.14502,power_mw (+0.194),dust_vo_v (+0.145),voltage_v (+0.064),-0.0
REC-04768,2026-09-12T10:17:15Z,SITE-E,ESP32-E01,v1.8,NORMAL,0.8251,0.24802,0.06391,0.05104,0.19388,-0.02272,0.03965,0.05042,0.0564,0.1445,power_mw (+0.194),dust_vo_v (+0.144),voltage_v (+0.064),-0.0
REC-04769,2026-09-12T10:17:20Z,SITE-E,ESP32-E01,v1.8,NORMAL,0.8233,0.24802,0.06269,0.05203,0.19392,-0.02071,0.03757,0.05071,0.05749,0.14153,power_mw (+0.194),dust_vo_v (+0.142),voltage_v (+0.063),0.0
REC-04770,2026-09-12T10:17:25Z,SITE-E,ESP32-E01,v1.8,NORMAL,0.8201,0.24802,0.06295,0.05053,0.19292,-0.02081,0.03766,0.04969,0.05693,0.14219,power_mw (+0.193),dust_vo_v (+0.142),voltage_v (+0.063),0.0
REC-04771,2026-09-12T10:17:30Z,SITE-E,ESP32-E01,v1.8,NORMAL,0.8281,0.24802,0.06283,0.05172,0.19373,-0.01951,0.04055,0.05078,0.05827,0.14172,power_mw (+0.194),dust_vo_v (+0.142),voltage_v (+0.063),0.0
REC-04772,2026-09-12T10:17:35Z,SITE-E,ESP32-E01,v1.8,NORMAL,0.8279,0.24802,0.06287,0.05139,0.18998,-0.01812,0.04182,0.05036,0.05736,0.14427,power_mw (+0.190),dust_vo_v (+0.144),voltage_v (+0.063),-0.0
REC-04773,2026-09-12T10:17:40Z,SITE-E,ESP32-E01,v1.8,NORMAL,0.8361,0.24802,0.06388,0.05128,0.19573,-0.01967,0.04296,0.04947,0.05832,0.14609,power_mw (+0.196),dust_vo_v (+0.146),voltage_v (+0.064),-0.0
REC-04774,2026-09-12T10:17:45Z,SITE-E,ESP32-E01,v1.8,NORMAL,0.8125,0.24802,0.06245,0.0503,0.18748,-0.02022,0.03739,0.04989,0.05427,0.1429,power_mw (+0.187),dust_vo_v (+0.143),voltage_v (+0.062),0.0
REC-04775,2026-09-12T10:17:50Z,SITE-E,ESP32-E01,v1.8,NORMAL,0.8298,0.24802,0.06334,0.05268,0.19779,-0.02096,0.03821,0.04999,0.0571,0.14366,power_mw (+0.198),dust_vo_v (+0.144),voltage_v (+0.063),-0.0
REC-04776,2026-09-12T10:17:55Z,SITE-E,ESP32-E01,v1.8,NORMAL,0.8339,0.24802,0.06387,0.05199,0.20253,-0.0197,0.04072,0.04799,0.05425,0.14426,power_mw (+0.203),dust_vo_v (+0.144),voltage_v (+0.064),-0.0
REC-04777,2026-09-12T10:18:00Z,SITE-E,ESP32-E01,v1.8,NORMAL,0.8207,0.24802,0.06335,0.05006,0.19514,-0.02091,0.03835,0.04911,0.05567,0.14192,power_mw (+0.195),dust_vo_v (+0.142),voltage_v (+0.063),-0.0
REC-04778,2026-09-12T10:18:05Z,SITE-E,ESP32-E01,v1.8,NORMAL,0.831,0.24802,0.06364,0.05318,0.2009,-0.02111,0.03783,0.04911,0.05509,0.14439,power_mw (+0.201),dust_vo_v (+0.144),voltage_v (+0.064),0.0
REC-04779,2026-09-12T10:18:10Z,SITE-E,ESP32-E01,v1.8,NORMAL,0.8266,0.24802,0.0627,0.05428,0.19777,-0.02141,0.03725,0.05068,0.05458,0.14271,power_mw (+0.198),dust_vo_v (+0.143),voltage_v (+0.063),0.0
REC-04780,2026-09-12T10:18:15Z,SITE-E,ESP32-E01,v1.8,NORMAL,0.8237,0.24802,0.06321,0.05356,0.19779,-0.02173,0.03479,0.04946,0.05417,0.14441,power_mw (+0.198),dust_vo_v (+0.144),voltage_v (+0.063),0.0
REC-04781,2026-09-12T10:18:20Z,SITE-E,ESP32-E01,v1.8,NORMAL,0.8215,0.24802,0.06329,0.05236,0.19921,-0.02093,0.03445,0.04862,0.05392,0.14258,power_mw (+0.199),dust_vo_v (+0.143),voltage_v (+0.063),0.0
REC-04782,2026-09-12T10:18:25Z,SITE-E,ESP32-E01,v1.8,NORMAL,0.8246,0.24802,0.06289,0.05399,0.1981,-0.02281,0.03864,0.05068,0.05212,0.143,power_mw (+0.198),dust_vo_v (+0.143),voltage_v (+0.063),-0.0
REC-04783,2026-09-12T10:18:30Z,SITE-E,ESP32-E01,v1.8,NORMAL,0.8224,0.24802,0.06271,0.05481,0.19851,-0.02126,0.03314,0.04956,0.0531,0.14377,power_mw (+0.199),dust_vo_v (+0.144),voltage_v (+0.063),-0.0
REC-04784,2026-09-12T10:18:35Z,SITE-E,ESP32-E01,v1.8,NORMAL,0.8272,0.24802,0.0635,0.05414,0.20074,-0.02246,0.0378,0.05018,0.05172,0.14355,power_mw (+0.201),dust_vo_v (+0.144),voltage_v (+0.063),0.0
REC-04785,2026-09-12T10:18:40Z,SITE-E,ESP32-E01,v1.8,NORMAL,0.8327,0.24802,0.06371,0.05541,0.205,-0.0216,0.03549,0.04969,0.05308,0.14394,power_mw (+0.205),dust_vo_v (+0.144),voltage_v (+0.064),-0.0
REC-04786,2026-09-12T10:18:45Z,SITE-E,ESP32-E01,v1.8,NORMAL,0.8298,0.24802,0.06347,0.05381,0.19971,-0.01986,0.03759,0.04951,0.05341,0.14412,power_mw (+0.200),dust_vo_v (+0.144),voltage_v (+0.063),0.0
REC-04787,2026-09-12T10:18:50Z,SITE-E,ESP32-E01,v1.8,NORMAL,0.8253,0.24802,0.06386,0.05169,0.20006,-0.0219,0.03795,0.05007,0.05456,0.14103,power_mw (+0.200),dust_vo_v (+0.141),voltage_v (+0.064),-0.0
REC-04788,2026-09-12T10:18:55Z,SITE-E,ESP32-E01,v1.8,NORMAL,0.835,0.24802,0.06368,0.05405,0.20041,-0.02134,0.0418,0.05084,0.05344,0.14409,power_mw (+0.200),dust_vo_v (+0.144),voltage_v (+0.064),-0.0
REC-04789,2026-09-12T10:19:00Z,SITE-E,ESP32-E01,v1.8,NORMAL,0.8322,0.24802,0.06361,0.0538,0.20069,-0.02111,0.0397,0.05002,0.0534,0.14408,power_mw (+0.201),dust_vo_v (+0.144),voltage_v (+0.064),-0.0
REC-04790,2026-09-12T10:19:05Z,SITE-E,ESP32-E01,v1.8,NORMAL,0.8414,0.24802,0.06421,0.05457,0.20087,-0.01959,0.04252,0.05002,0.05365,0.14709,power_mw (+0.201),dust_vo_v (+0.147),voltage_v (+0.064),-0.0
REC-04791,2026-09-12T10:19:10Z,SITE-E,ESP32-E01,v1.8,NORMAL,0.832,0.24802,0.0639,0.05533,0.20284,-0.02231,0.03633,0.05041,0.05281,0.1447,power_mw (+0.203),dust_vo_v (+0.145),voltage_v (+0.064),0.0
REC-04792,2026-09-12T10:19:15Z,SITE-E,ESP32-E01,v1.8,NORMAL,0.8238,0.24802,0.06267,0.05596,0.19916,-0.02248,0.0339,0.05118,0.05229,0.1431,power_mw (+0.199),dust_vo_v (+0.143),voltage_v (+0.063),0.0
REC-04793,2026-09-12T10:19:20Z,SITE-E,ESP32-E01,v1.8,NORMAL,0.8319,0.24802,0.06407,0.05369,0.20245,-0.02128,0.03911,0.04929,0.05184,0.14476,power_mw (+0.202),dust_vo_v (+0.145),voltage_v (+0.064),0.0
REC-04794,2026-09-12T10:19:25Z,SITE-E,ESP32-E01,v1.8,NORMAL,0.8284,0.24802,0.06402,0.05409,0.20487,-0.02299,0.03628,0.05026,0.05231,0.14152,power_mw (+0.205),dust_vo_v (+0.142),voltage_v (+0.064),0.0
REC-04795,2026-09-12T10:19:30Z,SITE-E,ESP32-E01,v1.8,NORMAL,0.8262,0.24802,0.06316,0.0554,0.19893,-0.02352,0.03774,0.05207,0.05128,0.14314,power_mw (+0.199),dust_vo_v (+0.143),voltage_v (+0.063),0.0
REC-04796,2026-09-12T10:19:35Z,SITE-E,ESP32-E01,v1.8,NORMAL,0.8329,0.24802,0.06361,0.05651,0.20619,-0.02368,0.03825,0.05185,0.05057,0.14161,power_mw (+0.206),dust_vo_v (+0.142),voltage_v (+0.064),0.0
REC-04797,2026-09-12T10:19:40Z,SITE-E,ESP32-E01,v1.8,NORMAL,0.8289,0.24802,0.06394,0.05427,0.20516,-0.02058,0.03578,0.04861,0.05016,0.1435,power_mw (+0.205),dust_vo_v (+0.144),voltage_v (+0.064),0.0
REC-04798,2026-09-12T10:19:45Z,SITE-E,ESP32-E01,v1.8,NORMAL,0.83,0.24802,0.06308,0.05654,0.20342,-0.02029,0.03749,0.0501,0.04835,0.1433,power_mw (+0.203),dust_vo_v (+0.143),voltage_v (+0.063),-0.0
REC-04799,2026-09-12T10:19:50Z,SITE-E,ESP32-E01,v1.8,NORMAL,0.8144,0.24802,0.06333,0.05359,0.1969,-0.02377,0.0322,0.05058,0.05116,0.14235,power_mw (+0.197),dust_vo_v (+0.142),voltage_v (+0.063),0.0
REC-04800,2026-09-12T10:19:55Z,SITE-E,ESP32-E01,v1.8,NORMAL,0.8288,0.24802,0.06338,0.05422,0.20107,-0.02019,0.03895,0.04949,0.05034,0.14356,power_mw (+0.201),dust_vo_v (+0.144),voltage_v (+0.063),0.0
REC-04801,2026-09-12T11:39:00Z,SITE-E,ESP32-E01,v1.9,DUST,0.5995,0.24085,0.04885,0.0658,-0.02247,0.04758,-0.05178,0.02413,0.07809,0.1684,dust_vo_v (+0.168),irradiance_lux (+0.078),current_ma (+0.066),-0.0
REC-04802,2026-09-12T11:39:05Z,SITE-E,ESP32-E01,v1.9,DUST,0.6244,0.24085,0.05035,0.06624,-0.02779,0.04936,-0.04934,0.02612,0.08316,0.18544,dust_vo_v (+0.185),irradiance_lux (+0.083),current_ma (+0.066),0.0
REC-04803,2026-09-12T11:39:10Z,SITE-E,ESP32-E01,v1.9,DUST,0.8378,0.24085,0.05832,0.0731,-0.03978,0.05412,-0.04077,0.03337,0.10496,0.35363,dust_vo_v (+0.354),irradiance_lux (+0.105),current_ma (+0.073),0.0
REC-04804,2026-09-12T11:39:15Z,SITE-E,ESP32-E01,v1.9,DUST,0.7419,0.24085,0.05668,0.07116,-0.03606,0.05353,-0.0426,0.03157,0.09703,0.26975,dust_vo_v (+0.270),irradiance_lux (+0.097),current_ma (+0.071),0.0
REC-04805,2026-09-12T11:39:20Z,SITE-E,ESP32-E01,v1.9,DUST,0.6316,0.24085,0.05146,0.06815,-0.02404,0.0494,-0.04923,0.02577,0.0809,0.18837,dust_vo_v (+0.188),irradiance_lux (+0.081),current_ma (+0.068),0.0
REC-04806,2026-09-12T11:39:25Z,SITE-E,ESP32-E01,v1.9,DUST,0.4442,0.24085,0.03944,0.05125,-0.01652,0.03876,-0.05406,0.01512,0.06046,0.06889,dust_vo_v (+0.069),irradiance_lux (+0.060),panel_temp2_c (-0.054),0.0
REC-04807,2026-09-12T11:39:30Z,SITE-E,ESP32-E01,v1.9,DUST,0.4697,0.24085,0.04177,0.05319,-0.01944,0.04041,-0.05286,0.01691,0.06397,0.08488,dust_vo_v (+0.085),irradiance_lux (+0.064),current_ma (+0.053),0.0
REC-04808,2026-09-12T11:39:35Z,SITE-E,ESP32-E01,v1.9,NORMAL,0.3309,0.24751,0.05319,-0.13487,-0.20714,0.1051,0.13714,0.01282,0.16795,-0.0508,power_mw (-0.207),irradiance_lux (+0.168),panel_temp2_c (+0.137),0.0
REC-04809,2026-09-12T11:39:40Z,SITE-E,ESP32-E01,v1.9,DUST,0.5029,0.24085,0.0439,0.05756,-0.01898,0.04212,-0.05304,0.01829,0.06672,0.10553,dust_vo_v (+0.106),irradiance_lux (+0.067),current_ma (+0.058),0.0
REC-04810,2026-09-12T11:39:45Z,SITE-E,ESP32-E01,v1.9,DUST,0.6777,0.24085,0.05236,0.07103,-0.02414,0.05023,-0.0489,0.02681,0.08657,0.22287,dust_vo_v (+0.223),irradiance_lux (+0.087),current_ma (+0.071),-0.0
REC-04811,2026-09-12T11:39:50Z,SITE-E,ESP32-E01,v1.9,DUST,0.6664,0.24085,0.05218,0.06892,-0.02862,0.05056,-0.04832,0.02684,0.08782,0.21619,dust_vo_v (+0.216),irradiance_lux (+0.088),current_ma (+0.069),0.0
REC-04812,2026-09-12T11:39:55Z,SITE-E,ESP32-E01,v1.9,DUST,0.6651,0.24085,0.05286,0.06886,-0.02992,0.05084,-0.04729,0.027,0.08775,0.21415,dust_vo_v (+0.214),irradiance_lux (+0.088),current_ma (+0.069),-0.0
REC-04813,2026-09-12T11:40:00Z,SITE-E,ESP32-E01,v1.9,DUST,0.4799,0.24085,0.042,0.05463,-0.01815,0.04087,-0.05376,0.01783,0.06442,0.09118,dust_vo_v (+0.091),irradiance_lux (+0.064),current_ma (+0.055),0.0
REC-04814,2026-09-12T11:40:05Z,SITE-E,ESP32-E01,v1.9,DUST,0.6606,0.24085,0.05334,0.06863,-0.0296,0.05076,-0.04685,0.02738,0.08638,0.2097,dust_vo_v (+0.210),irradiance_lux (+0.086),current_ma (+0.069),0.0
REC-04815,2026-09-12T11:40:10Z,SITE-E,ESP32-E01,v1.9,DUST,0.7007,0.24085,0.05506,0.07102,-0.03031,0.05179,-0.04556,0.02871,0.09045,0.2387,dust_vo_v (+0.239),irradiance_lux (+0.090),current_ma (+0.071),0.0
REC-04816,2026-09-12T11:40:15Z,SITE-E,ESP32-E01,v1.9,NORMAL,0.3612,0.24751,0.05586,-0.13514,-0.21478,0.10812,0.1403,0.01437,0.1723,-0.02733,power_mw (-0.215),irradiance_lux (+0.172),panel_temp2_c (+0.140),-0.0
REC-04817,2026-09-12T11:40:20Z,SITE-E,ESP32-E01,v1.9,DUST,0.6179,0.24085,0.05083,0.06536,-0.02723,0.04839,-0.04803,0.02415,0.08169,0.18191,dust_vo_v (+0.182),irradiance_lux (+0.082),current_ma (+0.065),-0.0
REC-04818,2026-09-12T11:40:25Z,SITE-E,ESP32-E01,v1.9,DUST,0.8379,0.24085,0.05817,0.07405,-0.03858,0.05349,-0.04112,0.03159,0.10493,0.35454,dust_vo_v (+0.355),irradiance_lux (+0.105),current_ma (+0.074),0.0
REC-04819,2026-09-12T11:40:30Z,SITE-E,ESP32-E01,v1.9,DUST,0.5201,0.24085,0.04525,0.05929,-0.01911,0.04314,-0.05186,0.01875,0.06812,0.11572,dust_vo_v (+0.116),irradiance_lux (+0.068),current_ma (+0.059),0.0
REC-04820,2026-09-12T11:40:35Z,SITE-E,ESP32-E01,v1.9,NORMAL,0.417,0.24751,0.05928,-0.12962,-0.21017,0.11417,0.14606,0.01658,0.18207,-0.00884,power_mw (-0.210),irradiance_lux (+0.182),panel_temp2_c (+0.146),-0.0
REC-04821,2026-09-12T11:40:40Z,SITE-E,ESP32-E01,v1.9,DUST,0.4271,0.24085,0.03936,0.04969,-0.01592,0.03739,-0.05307,0.01331,0.0577,0.05778,dust_vo_v (+0.058),irradiance_lux (+0.058),panel_temp2_c (-0.053),-0.0
REC-04822,2026-09-12T11:40:45Z,SITE-E,ESP32-E01,v1.9,NORMAL,0.3478,0.24751,0.05431,-0.1324,-0.20305,0.10708,0.13899,0.01336,0.17223,-0.05021,power_mw (-0.203),irradiance_lux (+0.172),panel_temp2_c (+0.139),0.0
REC-04823,2026-09-12T11:40:50Z,SITE-E,ESP32-E01,v1.9,DUST,0.4501,0.24085,0.04019,0.0518,-0.01793,0.039,-0.05422,0.01433,0.06169,0.07439,dust_vo_v (+0.074),irradiance_lux (+0.062),panel_temp2_c (-0.054),0.0
REC-04824,2026-09-12T11:40:55Z,SITE-E,ESP32-E01,v1.9,DUST,0.3578,0.24085,0.03452,0.04222,-0.01275,0.03291,-0.05307,0.00934,0.04955,0.01427,panel_temp2_c (-0.053),irradiance_lux (+0.050),current_ma (+0.042),-0.0
REC-04825,2026-09-12T11:41:00Z,SITE-E,ESP32-E01,v1.9,DUST,0.7109,0.24085,0.05436,0.07173,-0.02996,0.05155,-0.04633,0.02808,0.0925,0.24811,dust_vo_v (+0.248),irradiance_lux (+0.093),current_ma (+0.072),0.0
REC-04826,2026-09-12T11:41:05Z,SITE-E,ESP32-E01,v1.9,DUST,0.6935,0.24085,0.05448,0.07125,-0.02948,0.05177,-0.04568,0.02726,0.08973,0.23331,dust_vo_v (+0.233),irradiance_lux (+0.090),current_ma (+0.071),-0.0
REC-04827,2026-09-12T11:41:10Z,SITE-E,ESP32-E01,v1.9,DUST,0.6209,0.24085,0.05053,0.06611,-0.02702,0.04838,-0.04995,0.02502,0.08234,0.18462,dust_vo_v (+0.185),irradiance_lux (+0.082),current_ma (+0.066),0.0
REC-04828,2026-09-12T11:41:15Z,SITE-E,ESP32-E01,v1.9,DUST,0.7552,0.24085,0.05601,0.07344,-0.03101,0.05332,-0.04506,0.03102,0.09621,0.28037,dust_vo_v (+0.280),irradiance_lux (+0.096),current_ma (+0.073),-0.0
REC-04829,2026-09-12T11:41:20Z,SITE-E,ESP32-E01,v1.9,DUST,0.4677,0.24085,0.04259,0.05307,-0.02055,0.04085,-0.05377,0.01699,0.06365,0.08398,dust_vo_v (+0.084),irradiance_lux (+0.064),panel_temp2_c (-0.054),-0.0
REC-04830,2026-09-12T11:41:25Z,SITE-E,ESP32-E01,v1.9,DUST,0.5879,0.24085,0.04913,0.0658,-0.02044,0.04714,-0.05164,0.0235,0.07488,0.1587,dust_vo_v (+0.159),irradiance_lux (+0.075),current_ma (+0.066),-0.0
REC-04831,2026-09-12T11:41:30Z,SITE-E,ESP32-E01,v1.9,DUST,0.8519,0.24085,0.05797,0.07423,-0.03695,0.05347,-0.04118,0.03267,0.1045,0.36637,dust_vo_v (+0.366),irradiance_lux (+0.105),current_ma (+0.074),0.0
REC-04832,2026-09-12T11:41:35Z,SITE-E,ESP32-E01,v1.9,DUST,0.6676,0.24085,0.05359,0.06969,-0.02806,0.05085,-0.04686,0.02703,0.08625,0.2143,dust_vo_v (+0.214),irradiance_lux (+0.086),current_ma (+0.070),0.0
REC-04833,2026-09-12T11:41:40Z,SITE-E,ESP32-E01,v1.9,DUST,0.6633,0.24085,0.05317,0.0695,-0.02706,0.05007,-0.04838,0.02736,0.08555,0.21221,dust_vo_v (+0.212),irradiance_lux (+0.086),current_ma (+0.069),-0.0
REC-04834,2026-09-12T11:41:45Z,SITE-E,ESP32-E01,v1.9,DUST,0.4378,0.24085,0.03956,0.04926,-0.01796,0.03876,-0.05165,0.01569,0.06016,0.06309,dust_vo_v (+0.063),irradiance_lux (+0.060),panel_temp2_c (-0.052),-0.0
REC-04835,2026-09-12T11:41:50Z,SITE-E,ESP32-E01,v1.9,DUST,0.4972,0.24085,0.04402,0.05697,-0.01898,0.04246,-0.05387,0.01941,0.06563,0.10071,dust_vo_v (+0.101),irradiance_lux (+0.066),current_ma (+0.057),0.0
REC-04836,2026-09-12T11:41:55Z,SITE-E,ESP32-E01,v1.9,DUST,0.3946,0.24085,0.03718,0.04523,-0.01595,0.03607,-0.05388,0.01333,0.05475,0.03704,irradiance_lux (+0.055),panel_temp2_c (-0.054),current_ma (+0.045),0.0
REC-04837,2026-09-12T11:42:00Z,SITE-E,ESP32-E01,v1.9,DUST,0.8089,0.24085,0.05787,0.07443,-0.03367,0.05433,-0.04245,0.03305,0.10089,0.32364,dust_vo_v (+0.324),irradiance_lux (+0.101),current_ma (+0.074),0.0
REC-04838,2026-09-12T11:42:05Z,SITE-E,ESP32-E01,v1.9,NORMAL,0.3161,0.24751,0.0521,-0.13267,-0.19914,0.10362,0.13565,0.00987,0.165,-0.06589,power_mw (-0.199),irradiance_lux (+0.165),panel_temp2_c (+0.136),0.0
REC-04839,2026-09-12T11:42:10Z,SITE-E,ESP32-E01,v1.9,DUST,0.7128,0.24085,0.05513,0.07155,-0.02937,0.05195,-0.04652,0.0298,0.09116,0.2482,dust_vo_v (+0.248),irradiance_lux (+0.091),current_ma (+0.072),0.0
REC-04840,2026-09-12T11:42:15Z,SITE-E,ESP32-E01,v1.9,DUST,0.6656,0.24085,0.05242,0.06935,-0.02525,0.04998,-0.0486,0.02757,0.08535,0.21392,dust_vo_v (+0.214),irradiance_lux (+0.085),current_ma (+0.069),0.0
REC-04841,2026-09-12T11:42:20Z,SITE-E,ESP32-E01,v1.9,NORMAL,0.3156,0.24751,0.05228,-0.13343,-0.20175,0.10202,0.13614,0.01085,0.16459,-0.06256,power_mw (-0.202),irradiance_lux (+0.165),panel_temp2_c (+0.136),-0.0
REC-04842,2026-09-12T11:42:25Z,SITE-E,ESP32-E01,v1.9,DUST,0.7483,0.24085,0.05656,0.07293,-0.03136,0.05355,-0.04304,0.03061,0.09502,0.2732,dust_vo_v (+0.273),irradiance_lux (+0.095),current_ma (+0.073),-0.0
REC-04843,2026-09-12T11:42:30Z,SITE-E,ESP32-E01,v1.9,DUST,0.5156,0.24085,0.04394,0.05636,-0.0236,0.04308,-0.05281,0.02006,0.07111,0.1166,dust_vo_v (+0.117),irradiance_lux (+0.071),current_ma (+0.056),0.0
REC-04844,2026-09-12T11:42:35Z,SITE-E,ESP32-E01,v1.9,DUST,0.3369,0.24085,0.0321,0.03971,-0.01193,0.03113,-0.05504,0.00892,0.04789,0.00329,panel_temp2_c (-0.055),irradiance_lux (+0.048),current_ma (+0.040),0.0
REC-04845,2026-09-12T11:42:40Z,SITE-E,ESP32-E01,v1.9,DUST,0.6314,0.24085,0.05135,0.0679,-0.02504,0.04933,-0.04957,0.02588,0.08165,0.18909,dust_vo_v (+0.189),irradiance_lux (+0.082),current_ma (+0.068),0.0
REC-04846,2026-09-12T11:42:45Z,SITE-E,ESP32-E01,v1.9,DUST,0.4226,0.24085,0.03867,0.04911,-0.01589,0.03758,-0.05528,0.01424,0.0576,0.05573,irradiance_lux (+0.058),dust_vo_v (+0.056),panel_temp2_c (-0.055),-0.0
REC-04847,2026-09-12T11:42:50Z,SITE-E,ESP32-E01,v1.9,DUST,0.5264,0.24085,0.04455,0.05869,-0.02142,0.04356,-0.05407,0.02034,0.07101,0.1229,dust_vo_v (+0.123),irradiance_lux (+0.071),current_ma (+0.059),0.0
REC-04848,2026-09-12T11:42:55Z,SITE-E,ESP32-E01,v1.9,DUST,0.4817,0.24085,0.04265,0.05442,-0.01951,0.04169,-0.05284,0.01807,0.06491,0.09149,dust_vo_v (+0.091),irradiance_lux (+0.065),current_ma (+0.054),0.0
REC-04849,2026-09-12T11:43:00Z,SITE-E,ESP32-E01,v1.9,DUST,0.4198,0.24085,0.03847,0.04993,-0.01279,0.03715,-0.0557,0.01454,0.05521,0.05215,panel_temp2_c (-0.056),irradiance_lux (+0.055),dust_vo_v (+0.052),0.0
REC-04850,2026-09-12T11:43:05Z,SITE-E,ESP32-E01,v1.9,DUST,0.3608,0.24085,0.03437,0.04255,-0.01301,0.03311,-0.0551,0.01068,0.05031,0.01708,panel_temp2_c (-0.055),irradiance_lux (+0.050),current_ma (+0.043),-0.0
REC-04851,2026-09-12T11:43:10Z,SITE-E,ESP32-E01,v1.9,DUST,0.6975,0.24085,0.05475,0.07144,-0.02813,0.05161,-0.04727,0.02905,0.08891,0.23625,dust_vo_v (+0.236),irradiance_lux (+0.089),current_ma (+0.071),0.0
REC-04852,2026-09-12T11:43:15Z,SITE-E,ESP32-E01,v1.9,DUST,0.6201,0.24085,0.05018,0.06493,-0.02804,0.04866,-0.04883,0.02592,0.08281,0.18366,dust_vo_v (+0.184),irradiance_lux (+0.083),current_ma (+0.065),-0.0
REC-04853,2026-09-12T11:43:20Z,SITE-E,ESP32-E01,v1.9,DUST,0.6125,0.24085,0.04968,0.06592,-0.02394,0.04808,-0.05046,0.02461,0.07999,0.17772,dust_vo_v (+0.178),irradiance_lux (+0.080),current_ma (+0.066),-0.0
REC-04854,2026-09-12T11:43:25Z,SITE-E,ESP32-E01,v1.9,DUST,0.5058,0.24085,0.0438,0.05689,-0.02022,0.04272,-0.05288,0.01915,0.06788,0.1076,dust_vo_v (+0.108),irradiance_lux (+0.068),current_ma (+0.057),-0.0
REC-04855,2026-09-12T11:43:30Z,SITE-E,ESP32-E01,v1.9,DUST,0.582,0.24085,0.04905,0.06449,-0.02222,0.04723,-0.05164,0.02327,0.07527,0.15571,dust_vo_v (+0.156),irradiance_lux (+0.075),current_ma (+0.064),-0.0
REC-04856,2026-09-12T11:43:35Z,SITE-E,ESP32-E01,v1.9,DUST,0.4386,0.24085,0.03925,0.05024,-0.01632,0.03845,-0.05486,0.01574,0.05967,0.06556,dust_vo_v (+0.066),irradiance_lux (+0.060),panel_temp2_c (-0.055),-0.0
REC-04857,2026-09-12T11:43:40Z,SITE-E,ESP32-E01,v1.9,DUST,0.4377,0.24085,0.04014,0.05053,-0.0167,0.03863,-0.05471,0.01613,0.05897,0.06384,dust_vo_v (+0.064),irradiance_lux (+0.059),panel_temp2_c (-0.055),-0.0
REC-04858,2026-09-12T11:43:45Z,SITE-E,ESP32-E01,v1.9,DUST,0.8105,0.24085,0.05784,0.07394,-0.03537,0.05473,-0.04252,0.03359,0.10196,0.32546,dust_vo_v (+0.325),irradiance_lux (+0.102),current_ma (+0.074),0.0
REC-04859,2026-09-12T11:43:50Z,SITE-E,ESP32-E01,v1.9,DUST,0.7066,0.24085,0.05463,0.06951,-0.03375,0.05265,-0.04586,0.03115,0.09309,0.2443,dust_vo_v (+0.244),irradiance_lux (+0.093),current_ma (+0.070),-0.0
REC-04860,2026-09-12T11:43:55Z,SITE-E,ESP32-E01,v1.9,DUST,0.4683,0.24085,0.04108,0.05366,-0.01832,0.04069,-0.05639,0.01847,0.06361,0.08465,dust_vo_v (+0.085),irradiance_lux (+0.064),panel_temp2_c (-0.056),0.0
REC-04861,2026-09-13T01:02:00Z,SITE-D,ESP32-D01,v1.11,DUST,0.6348,0.24212,0.0286,0.07711,-0.02971,0.16929,-0.08378,0.06411,0.01315,0.15396,panel_temp1_c (+0.169),dust_vo_v (+0.154),panel_temp2_c (-0.084),0.0
REC-04862,2026-09-13T01:02:05Z,SITE-D,ESP32-D01,v1.11,DUST,0.7043,0.24212,0.03379,0.08149,-0.03553,0.18179,-0.0835,0.06439,0.01429,0.20546,dust_vo_v (+0.205),panel_temp1_c (+0.182),panel_temp2_c (-0.083),-0.0
REC-04863,2026-09-13T01:02:10Z,SITE-D,ESP32-D01,v1.11,DUST,0.6885,0.24212,0.03334,0.08079,-0.03251,0.1775,-0.08535,0.066,0.01321,0.19341,dust_vo_v (+0.193),panel_temp1_c (+0.177),panel_temp2_c (-0.085),0.0
REC-04864,2026-09-13T01:02:15Z,SITE-D,ESP32-D01,v1.11,DUST,0.8897,0.24212,0.04901,0.08543,-0.04892,0.19338,-0.06483,0.04474,0.01778,0.37099,dust_vo_v (+0.371),panel_temp1_c (+0.193),current_ma (+0.085),0.0
REC-04865,2026-09-13T01:02:20Z,SITE-D,ESP32-D01,v1.11,DUST,0.8837,0.24212,0.04879,0.0857,-0.04718,0.19346,-0.06631,0.04674,0.01727,0.36311,dust_vo_v (+0.363),panel_temp1_c (+0.193),current_ma (+0.086),-0.0
REC-04866,2026-09-13T01:02:25Z,SITE-D,ESP32-D01,v1.11,DUST,0.9034,0.24212,0.05044,0.08438,-0.04829,0.19367,-0.0635,0.04398,0.01802,0.38261,dust_vo_v (+0.383),panel_temp1_c (+0.194),current_ma (+0.084),-0.0
REC-04867,2026-09-13T01:02:30Z,SITE-D,ESP32-D01,v1.11,DUST,0.6994,0.24212,0.0338,0.08126,-0.03356,0.18026,-0.08418,0.06501,0.01345,0.20125,dust_vo_v (+0.201),panel_temp1_c (+0.180),panel_temp2_c (-0.084),0.0
REC-04868,2026-09-13T01:02:35Z,SITE-D,ESP32-D01,v1.11,DUST,0.9013,0.24212,0.04976,0.08434,-0.05133,0.19252,-0.06185,0.0408,0.01862,0.38635,dust_vo_v (+0.386),panel_temp1_c (+0.193),current_ma (+0.084),-0.0
REC-04869,2026-09-13T01:02:40Z,SITE-D,ESP32-D01,v1.11,DUST,0.6841,0.24212,0.03184,0.08093,-0.03467,0.17661,-0.08377,0.06215,0.01261,0.19627,dust_vo_v (+0.196),panel_temp1_c (+0.177),panel_temp2_c (-0.084),0.0
REC-04870,2026-09-13T01:02:45Z,SITE-D,ESP32-D01,v1.11,DUST,0.7003,0.24212,0.03405,0.08128,-0.03383,0.18011,-0.08423,0.06397,0.01289,0.20398,dust_vo_v (+0.204),panel_temp1_c (+0.180),panel_temp2_c (-0.084),0.0
REC-04871,2026-09-13T01:02:50Z,SITE-D,ESP32-D01,v1.11,DUST,0.7056,0.24212,0.03414,0.08152,-0.03631,0.18109,-0.08361,0.06422,0.0145,0.20788,dust_vo_v (+0.208),panel_temp1_c (+0.181),panel_temp2_c (-0.084),0.0
REC-04872,2026-09-13T01:02:55Z,SITE-D,ESP32-D01,v1.11,DUST,0.7105,0.24212,0.03392,0.08203,-0.03578,0.18191,-0.08335,0.0637,0.01401,0.21192,dust_vo_v (+0.212),panel_temp1_c (+0.182),panel_temp2_c (-0.083),-0.0
REC-04873,2026-09-13T01:03:00Z,SITE-D,ESP32-D01,v1.11,DUST,0.7711,0.24212,0.03888,0.08548,-0.04175,0.18825,-0.07731,0.05616,0.01479,0.26445,dust_vo_v (+0.264),panel_temp1_c (+0.188),current_ma (+0.085),0.0
REC-04874,2026-09-13T01:03:05Z,SITE-D,ESP32-D01,v1.11,DUST,0.6859,0.24212,0.0326,0.08012,-0.0348,0.17803,-0.08313,0.06216,0.01365,0.1952,dust_vo_v (+0.195),panel_temp1_c (+0.178),panel_temp2_c (-0.083),0.0
REC-04875,2026-09-13T01:03:10Z,SITE-D,ESP32-D01,v1.11,DUST,0.8179,0.24212,0.04257,0.08722,-0.04116,0.19337,-0.07586,0.05771,0.01455,0.29735,dust_vo_v (+0.297),panel_temp1_c (+0.193),current_ma (+0.087),0.0
REC-04876,2026-09-13T01:03:15Z,SITE-D,ESP32-D01,v1.11,DUST,0.4866,0.24212,0.01878,0.06303,-0.00568,0.13998,-0.07868,0.06773,0.01454,0.02478,panel_temp1_c (+0.140),panel_temp2_c (-0.079),ambient_temp_c (+0.068),-0.0
REC-04877,2026-09-13T01:03:20Z,SITE-D,ESP32-D01,v1.11,DUST,0.8121,0.24212,0.04258,0.08649,-0.04344,0.19236,-0.07476,0.05511,0.0156,0.29608,dust_vo_v (+0.296),panel_temp1_c (+0.192),current_ma (+0.086),0.0
REC-04878,2026-09-13T01:03:25Z,SITE-D,ESP32-D01,v1.11,DUST,0.6627,0.24212,0.03105,0.07913,-0.02951,0.17408,-0.08488,0.0665,0.01297,0.17119,panel_temp1_c (+0.174),dust_vo_v (+0.171),panel_temp2_c (-0.085),0.0
REC-04879,2026-09-13T01:03:30Z,SITE-D,ESP32-D01,v1.11,DUST,0.7071,0.24212,0.03393,0.0818,-0.03554,0.18132,-0.08316,0.06212,0.01301,0.2115,dust_vo_v (+0.212),panel_temp1_c (+0.181),panel_temp2_c (-0.083),0.0
REC-04880,2026-09-13T01:03:35Z,SITE-D,ESP32-D01,v1.11,DUST,0.7075,0.24212,0.03415,0.08191,-0.0361,0.18059,-0.08427,0.06334,0.01399,0.21177,dust_vo_v (+0.212),panel_temp1_c (+0.181),panel_temp2_c (-0.084),0.0
REC-04881,2026-09-13T01:03:40Z,SITE-D,ESP32-D01,v1.11,DUST,0.8805,0.24212,0.04885,0.08565,-0.04792,0.19465,-0.06723,0.04862,0.01843,0.35737,dust_vo_v (+0.357),panel_temp1_c (+0.195),current_ma (+0.086),0.0
REC-04882,2026-09-13T01:03:45Z,SITE-D,ESP32-D01,v1.11,DUST,0.84,0.24212,0.04492,0.0869,-0.04434,0.19335,-0.07271,0.05377,0.01607,0.31997,dust_vo_v (+0.320),panel_temp1_c (+0.193),current_ma (+0.087),0.0
REC-04883,2026-09-13T01:03:50Z,SITE-D,ESP32-D01,v1.11,DUST,0.7722,0.24212,0.03863,0.08561,-0.04073,0.18934,-0.07836,0.05985,0.01593,0.25985,dust_vo_v (+0.260),panel_temp1_c (+0.189),current_ma (+0.086),0.0
REC-04884,2026-09-13T01:03:55Z,SITE-D,ESP32-D01,v1.11,DUST,0.7002,0.24212,0.03246,0.08201,-0.03529,0.17978,-0.0831,0.06294,0.01326,0.20599,dust_vo_v (+0.206),panel_temp1_c (+0.180),panel_temp2_c (-0.083),-0.0
REC-04885,2026-09-13T01:04:00Z,SITE-D,ESP32-D01,v1.11,DUST,0.8654,0.24212,0.04647,0.08692,-0.04764,0.19467,-0.06854,0.05026,0.01785,0.34333,dust_vo_v (+0.343),panel_temp1_c (+0.195),current_ma (+0.087),0.0
REC-04886,2026-09-13T01:04:05Z,SITE-D,ESP32-D01,v1.11,DUST,0.9285,0.24212,0.05108,0.08216,-0.04981,0.18738,-0.05951,0.03843,0.01769,0.419,dust_vo_v (+0.419),panel_temp1_c (+0.187),current_ma (+0.082),-0.0
REC-04887,2026-09-13T01:04:10Z,SITE-D,ESP32-D01,v1.11,DUST,0.7894,0.24212,0.0399,0.08652,-0.03948,0.19089,-0.07832,0.06022,0.01444,0.27314,dust_vo_v (+0.273),panel_temp1_c (+0.191),current_ma (+0.087),0.0
REC-04888,2026-09-13T01:04:15Z,SITE-D,ESP32-D01,v1.11,DUST,0.6057,0.24212,0.02599,0.07522,-0.02178,0.1642,-0.08481,0.07038,0.01415,0.12023,panel_temp1_c (+0.164),dust_vo_v (+0.120),panel_temp2_c (-0.085),-0.0
REC-04889,2026-09-13T01:04:20Z,SITE-D,ESP32-D01,v1.11,DUST,0.7085,0.24212,0.03493,0.08139,-0.0353,0.18038,-0.0844,0.06548,0.01486,0.20901,dust_vo_v (+0.209),panel_temp1_c (+0.180),panel_temp2_c (-0.084),0.0
REC-04890,2026-09-13T01:04:25Z,SITE-D,ESP32-D01,v1.11,DUST,0.8516,0.24212,0.04658,0.08667,-0.04508,0.19411,-0.07221,0.05591,0.01832,0.32521,dust_vo_v (+0.325),panel_temp1_c (+0.194),current_ma (+0.087),0.0
REC-04891,2026-09-13T01:04:30Z,SITE-D,ESP32-D01,v1.11,DUST,0.7414,0.24212,0.03618,0.08435,-0.0361,0.1846,-0.0819,0.0638,0.01443,0.23388,dust_vo_v (+0.234),panel_temp1_c (+0.185),current_ma (+0.084),0.0
REC-04892,2026-09-13T01:04:35Z,SITE-D,ESP32-D01,v1.11,DUST,0.6893,0.24212,0.0335,0.08089,-0.03147,0.17677,-0.08629,0.06791,0.0135,0.1924,dust_vo_v (+0.192),panel_temp1_c (+0.177),panel_temp2_c (-0.086),-0.0
REC-04893,2026-09-13T01:04:40Z,SITE-D,ESP32-D01,v1.11,DUST,0.6874,0.24212,0.03343,0.08047,-0.03238,0.17715,-0.08535,0.06796,0.01464,0.18936,dust_vo_v (+0.189),panel_temp1_c (+0.177),panel_temp2_c (-0.085),0.0
REC-04894,2026-09-13T01:04:45Z,SITE-D,ESP32-D01,v1.11,DUST,0.7966,0.24212,0.04208,0.08494,-0.04577,0.19063,-0.07641,0.05815,0.01905,0.28182,dust_vo_v (+0.282),panel_temp1_c (+0.191),current_ma (+0.085),-0.0
REC-04895,2026-09-13T01:04:50Z,SITE-D,ESP32-D01,v1.11,DUST,0.6109,0.24212,0.02713,0.0754,-0.02221,0.16413,-0.08539,0.0695,0.01351,0.12672,panel_temp1_c (+0.164),dust_vo_v (+0.127),panel_temp2_c (-0.085),-0.0
REC-04896,2026-09-13T01:04:55Z,SITE-D,ESP32-D01,v1.11,DUST,0.7935,0.24212,0.04164,0.08585,-0.04056,0.19091,-0.07786,0.06099,0.0166,0.27383,dust_vo_v (+0.274),panel_temp1_c (+0.191),current_ma (+0.086),0.0
REC-04897,2026-09-13T01:05:00Z,SITE-D,ESP32-D01,v1.11,DUST,0.8035,0.24212,0.04124,0.08679,-0.04132,0.19231,-0.07664,0.05933,0.01577,0.28395,dust_vo_v (+0.284),panel_temp1_c (+0.192),current_ma (+0.087),-0.0
REC-04898,2026-09-13T01:05:05Z,SITE-D,ESP32-D01,v1.11,DUST,0.7464,0.24212,0.03785,0.08421,-0.03531,0.18497,-0.08357,0.06684,0.01502,0.23429,dust_vo_v (+0.234),panel_temp1_c (+0.185),current_ma (+0.084),-0.0
REC-04899,2026-09-13T01:05:10Z,SITE-D,ESP32-D01,v1.11,DUST,0.6758,0.24212,0.03269,0.07977,-0.02944,0.17543,-0.08614,0.07058,0.01492,0.17583,dust_vo_v (+0.176),panel_temp1_c (+0.175),panel_temp2_c (-0.086),-0.0
REC-04900,2026-09-13T01:05:15Z,SITE-D,ESP32-D01,v1.11,DUST,0.8861,0.24212,0.0488,0.08589,-0.04807,0.19272,-0.06613,0.04868,0.01886,0.36328,dust_vo_v (+0.363),panel_temp1_c (+0.193),current_ma (+0.086),-0.0
REC-04901,2026-09-13T01:05:20Z,SITE-D,ESP32-D01,v1.11,DUST,0.6454,0.24212,0.02918,0.07872,-0.02401,0.17108,-0.08648,0.073,0.01396,0.14781,panel_temp1_c (+0.171),dust_vo_v (+0.148),panel_temp2_c (-0.086),-0.0
REC-04902,2026-09-13T01:05:25Z,SITE-D,ESP32-D01,v1.11,DUST,0.8116,0.24212,0.04224,0.08702,-0.0415,0.19146,-0.07623,0.05927,0.01578,0.29146,dust_vo_v (+0.291),panel_temp1_c (+0.191),current_ma (+0.087),-0.0
REC-04903,2026-09-13T01:05:30Z,SITE-D,ESP32-D01,v1.11,DUST,0.8699,0.24212,0.04761,0.087,-0.04396,0.19325,-0.07109,0.05557,0.01756,0.34181,dust_vo_v (+0.342),panel_temp1_c (+0.193),current_ma (+0.087),-0.0
REC-04904,2026-09-13T01:05:35Z,SITE-D,ESP32-D01,v1.11,DUST,0.8198,0.24212,0.04426,0.08662,-0.0397,0.1916,-0.07756,0.06252,0.01651,0.29346,dust_vo_v (+0.293),panel_temp1_c (+0.192),current_ma (+0.087),0.0
REC-04905,2026-09-13T01:05:40Z,SITE-D,ESP32-D01,v1.11,DUST,0.8999,0.24212,0.04912,0.08558,-0.04775,0.19172,-0.06425,0.04573,0.01761,0.37999,dust_vo_v (+0.380),panel_temp1_c (+0.192),current_ma (+0.086),0.0
REC-04906,2026-09-13T01:05:45Z,SITE-D,ESP32-D01,v1.11,DUST,0.6676,0.24212,0.03147,0.07964,-0.02767,0.17365,-0.08603,0.07153,0.01483,0.16807,panel_temp1_c (+0.174),dust_vo_v (+0.168),panel_temp2_c (-0.086),0.0
REC-04907,2026-09-13T01:05:50Z,SITE-D,ESP32-D01,v1.11,DUST,0.7003,0.24212,0.03435,0.08127,-0.03272,0.17774,-0.08481,0.06748,0.01446,0.20039,dust_vo_v (+0.200),panel_temp1_c (+0.178),panel_temp2_c (-0.085),-0.0
REC-04908,2026-09-13T01:05:55Z,SITE-D,ESP32-D01,v1.11,DUST,0.7464,0.24212,0.03776,0.08359,-0.03719,0.18471,-0.08159,0.06591,0.01706,0.23406,dust_vo_v (+0.234),panel_temp1_c (+0.185),current_ma (+0.084),0.0
REC-04909,2026-09-13T01:06:00Z,SITE-D,ESP32-D01,v1.11,DUST,0.9748,0.24212,0.04946,0.06954,-0.05012,0.1607,-0.04873,0.02879,0.01838,0.50467,dust_vo_v (+0.505),panel_temp1_c (+0.161),current_ma (+0.070),-0.0
REC-04910,2026-09-13T01:06:05Z,SITE-D,ESP32-D01,v1.11,DUST,0.851,0.24212,0.04621,0.0872,-0.04324,0.19326,-0.07283,0.058,0.01785,0.32245,dust_vo_v (+0.322),panel_temp1_c (+0.193),current_ma (+0.087),0.0
REC-04911,2026-09-13T01:06:10Z,SITE-D,ESP32-D01,v1.11,DUST,0.866,0.24212,0.04691,0.08714,-0.04526,0.19351,-0.06944,0.05376,0.01813,0.33909,dust_vo_v (+0.339),panel_temp1_c (+0.194),current_ma (+0.087),0.0
REC-04912,2026-09-13T01:06:15Z,SITE-D,ESP32-D01,v1.11,DUST,0.8664,0.24212,0.04773,0.08693,-0.04476,0.19339,-0.07158,0.05797,0.01949,0.33506,dust_vo_v (+0.335),panel_temp1_c (+0.193),current_ma (+0.087),-0.0
REC-04913,2026-09-13T01:06:20Z,SITE-D,ESP32-D01,v1.11,DUST,0.8103,0.24212,0.04239,0.08683,-0.04029,0.19081,-0.0762,0.06135,0.01692,0.28637,dust_vo_v (+0.286),panel_temp1_c (+0.191),current_ma (+0.087),0.0
REC-04914,2026-09-13T01:06:25Z,SITE-D,ESP32-D01,v1.11,DUST,0.8981,0.24212,0.05025,0.08579,-0.04577,0.19265,-0.06786,0.05368,0.0195,0.36769,dust_vo_v (+0.368),panel_temp1_c (+0.193),current_ma (+0.086),0.0
REC-04915,2026-09-13T01:06:30Z,SITE-D,ESP32-D01,v1.11,DUST,0.5849,0.24212,0.0249,0.07317,-0.01607,0.15936,-0.08351,0.07316,0.01441,0.09741,panel_temp1_c (+0.159),dust_vo_v (+0.097),panel_temp2_c (-0.084),-0.0
REC-04916,2026-09-13T01:06:35Z,SITE-D,ESP32-D01,v1.11,DUST,0.8332,0.24212,0.04551,0.0866,-0.04336,0.19273,-0.07492,0.06146,0.01969,0.30339,dust_vo_v (+0.303),panel_temp1_c (+0.193),current_ma (+0.087),-0.0
REC-04917,2026-09-13T01:06:40Z,SITE-D,ESP32-D01,v1.11,DUST,0.8502,0.24212,0.04652,0.08701,-0.04297,0.19381,-0.07319,0.05993,0.0191,0.31786,dust_vo_v (+0.318),panel_temp1_c (+0.194),current_ma (+0.087),-0.0
REC-04918,2026-09-13T01:06:45Z,SITE-D,ESP32-D01,v1.11,DUST,0.8963,0.24212,0.0509,0.08539,-0.04603,0.1913,-0.06842,0.05513,0.02067,0.36523,dust_vo_v (+0.365),panel_temp1_c (+0.191),current_ma (+0.085),-0.0
REC-04919,2026-09-13T01:06:50Z,SITE-D,ESP32-D01,v1.11,DUST,0.6692,0.24212,0.03192,0.07961,-0.0268,0.17293,-0.08619,0.07274,0.01524,0.16761,panel_temp1_c (+0.173),dust_vo_v (+0.168),panel_temp2_c (-0.086),0.0
REC-04920,2026-09-13T01:06:55Z,SITE-D,ESP32-D01,v1.11,DUST,0.6717,0.24212,0.03145,0.07985,-0.02889,0.17364,-0.08562,0.07074,0.01547,0.17297,panel_temp1_c (+0.174),dust_vo_v (+0.173),panel_temp2_c (-0.086),-0.0
REC-04921,2026-09-13T01:15:00Z,SITE-B,ESP32-B01,v1.11,DUST,0.9978,0.24212,0.02552,0.03718,-0.03157,0.05674,-0.03196,0.0288,0.02203,0.64895,dust_vo_v (+0.649),panel_temp1_c (+0.057),current_ma (+0.037),-0.0
REC-04922,2026-09-13T01:15:05Z,SITE-B,ESP32-B01,v1.11,DUST,0.999,0.24212,0.01957,0.03016,-0.029,0.04394,-0.02991,0.02501,0.01997,0.67713,dust_vo_v (+0.677),panel_temp1_c (+0.044),current_ma (+0.030),0.0
REC-04923,2026-09-13T01:15:10Z,SITE-B,ESP32-B01,v1.11,DUST,0.999,0.24212,0.01948,0.03018,-0.02826,0.04351,-0.02972,0.02438,0.01933,0.678,dust_vo_v (+0.678),panel_temp1_c (+0.044),current_ma (+0.030),-0.0
REC-04924,2026-09-13T01:15:15Z,SITE-B,ESP32-B01,v1.11,DUST,0.9992,0.24212,0.01773,0.02776,-0.02825,0.04013,-0.02909,0.02329,0.01879,0.68675,dust_vo_v (+0.687),panel_temp1_c (+0.040),panel_temp2_c (-0.029),-0.0
REC-04925,2026-09-13T01:15:20Z,SITE-B,ESP32-B01,v1.11,DUST,0.9994,0.24212,0.01621,0.02564,-0.02636,0.03684,-0.02902,0.0221,0.01748,0.69442,dust_vo_v (+0.694),panel_temp1_c (+0.037),panel_temp2_c (-0.029),-0.0
REC-04926,2026-09-13T01:15:25Z,SITE-B,ESP32-B01,v1.11,DUST,0.9987,0.24212,0.02133,0.03244,-0.03086,0.04833,-0.03053,0.02656,0.02117,0.66813,dust_vo_v (+0.668),panel_temp1_c (+0.048),current_ma (+0.032),0.0
REC-04927,2026-09-13T01:15:30Z,SITE-B,ESP32-B01,v1.11,DUST,0.9981,0.24212,0.02393,0.03567,-0.03082,0.05373,-0.03146,0.02736,0.02113,0.65647,dust_vo_v (+0.656),panel_temp1_c (+0.054),current_ma (+0.036),-0.0
REC-04928,2026-09-13T01:15:35Z,SITE-B,ESP32-B01,v1.11,DUST,0.9956,0.24212,0.03352,0.04342,-0.03513,0.07321,-0.03452,0.03326,0.02443,0.61524,dust_vo_v (+0.615),panel_temp1_c (+0.073),current_ma (+0.043),0.0
REC-04929,2026-09-13T01:15:40Z,SITE-B,ESP32-B01,v1.11,DUST,0.9973,0.24212,0.02723,0.03869,-0.03236,0.06036,-0.03297,0.03023,0.02282,0.64124,dust_vo_v (+0.641),panel_temp1_c (+0.060),current_ma (+0.039),-0.0
REC-04930,2026-09-13T01:15:45Z,SITE-B,ESP32-B01,v1.11,DUST,0.9986,0.24212,0.02182,0.03321,-0.03041,0.04924,-0.0307,0.02633,0.02077,0.66618,dust_vo_v (+0.666),panel_temp1_c (+0.049),current_ma (+0.033),-0.0
REC-04931,2026-09-13T01:15:50Z,SITE-B,ESP32-B01,v1.11,DUST,0.997,0.24212,0.02873,0.03942,-0.03393,0.0635,-0.03274,0.03122,0.02384,0.63485,dust_vo_v (+0.635),panel_temp1_c (+0.063),current_ma (+0.039),0.0
REC-04932,2026-09-13T01:15:55Z,SITE-B,ESP32-B01,v1.11,DUST,0.9963,0.24212,0.03121,0.04205,-0.03449,0.06911,-0.03376,0.032,0.02372,0.62432,dust_vo_v (+0.624),panel_temp1_c (+0.069),current_ma (+0.042),0.0
REC-04933,2026-09-13T01:16:00Z,SITE-B,ESP32-B01,v1.11,DUST,0.9985,0.24212,0.02232,0.03381,-0.03019,0.04972,-0.03129,0.02713,0.02118,0.66365,dust_vo_v (+0.664),panel_temp1_c (+0.050),current_ma (+0.034),-0.0
REC-04934,2026-09-13T01:16:05Z,SITE-B,ESP32-B01,v1.11,DUST,0.9989,0.24212,0.01969,0.03042,-0.02856,0.04353,-0.03038,0.02544,0.02016,0.67653,dust_vo_v (+0.677),panel_temp1_c (+0.044),current_ma (+0.030),-0.0
REC-04935,2026-09-13T01:16:10Z,SITE-B,ESP32-B01,v1.11,DUST,0.9982,0.24212,0.02366,0.03534,-0.03083,0.05231,-0.03201,0.0284,0.02197,0.65719,dust_vo_v (+0.657),panel_temp1_c (+0.052),current_ma (+0.035),0.0
REC-04936,2026-09-13T01:16:15Z,SITE-B,ESP32-B01,v1.11,DUST,0.999,0.24212,0.01934,0.02981,-0.02908,0.0429,-0.03,0.02539,0.02037,0.67813,dust_vo_v (+0.678),panel_temp1_c (+0.043),panel_temp2_c (-0.030),0.0
REC-04937,2026-09-13T01:16:20Z,SITE-B,ESP32-B01,v1.11,DUST,0.9989,0.24212,0.02022,0.03113,-0.02828,0.04448,-0.03006,0.02505,0.01973,0.67448,dust_vo_v (+0.674),panel_temp1_c (+0.044),current_ma (+0.031),0.0
REC-04938,2026-09-13T01:16:25Z,SITE-B,ESP32-B01,v1.11,DUST,0.9992,0.24212,0.01836,0.02899,-0.02779,0.04117,-0.03005,0.02427,0.01907,0.68303,dust_vo_v (+0.683),panel_temp1_c (+0.041),panel_temp2_c (-0.030),0.0
REC-04939,2026-09-13T01:16:30Z,SITE-B,ESP32-B01,v1.11,DUST,0.9995,0.24212,0.01555,0.02468,-0.02637,0.03564,-0.02892,0.02194,0.01731,0.69757,dust_vo_v (+0.698),panel_temp1_c (+0.036),panel_temp2_c (-0.029),0.0
REC-04940,2026-09-13T01:16:35Z,SITE-B,ESP32-B01,v1.11,DUST,0.9996,0.24212,0.01446,0.02298,-0.02514,0.03373,-0.02857,0.02079,0.01612,0.70312,dust_vo_v (+0.703),panel_temp1_c (+0.034),panel_temp2_c (-0.029),0.0
REC-04941,2026-09-13T01:16:40Z,SITE-B,ESP32-B01,v1.11,DUST,0.9989,0.24212,0.01984,0.03086,-0.02877,0.04468,-0.03011,0.02492,0.01963,0.67578,dust_vo_v (+0.676),panel_temp1_c (+0.045),current_ma (+0.031),0.0
REC-04942,2026-09-13T01:16:45Z,SITE-B,ESP32-B01,v1.11,DUST,0.998,0.24212,0.02473,0.03616,-0.03148,0.05465,-0.03177,0.02897,0.02245,0.65218,dust_vo_v (+0.652),panel_temp1_c (+0.055),current_ma (+0.036),-0.0
REC-04943,2026-09-13T01:16:50Z,SITE-B,ESP32-B01,v1.11,DUST,0.9985,0.24212,0.0224,0.03392,-0.03047,0.05007,-0.03092,0.02694,0.02111,0.66331,dust_vo_v (+0.663),panel_temp1_c (+0.050),current_ma (+0.034),0.0
REC-04944,2026-09-13T01:16:55Z,SITE-B,ESP32-B01,v1.11,DUST,0.9993,0.24212,0.01713,0.02714,-0.02672,0.0385,-0.02962,0.02309,0.01815,0.68954,dust_vo_v (+0.690),panel_temp1_c (+0.039),panel_temp2_c (-0.030),0.0
REC-04945,2026-09-13T01:17:00Z,SITE-B,ESP32-B01,v1.11,DUST,0.9975,0.24212,0.02692,0.03853,-0.03147,0.05932,-0.03276,0.02959,0.02222,0.64298,dust_vo_v (+0.643),panel_temp1_c (+0.059),current_ma (+0.039),0.0
REC-04946,2026-09-13T01:17:05Z,SITE-B,ESP32-B01,v1.11,DUST,0.9993,0.24212,0.01767,0.0274,-0.02844,0.04006,-0.02905,0.02374,0.01918,0.68659,dust_vo_v (+0.687),panel_temp1_c (+0.040),panel_temp2_c (-0.029),0.0
REC-04947,2026-09-13T01:17:10Z,SITE-B,ESP32-B01,v1.11,DUST,0.9982,0.24212,0.02347,0.03471,-0.03032,0.05133,-0.03141,0.02777,0.02168,0.65885,dust_vo_v (+0.659),panel_temp1_c (+0.051),current_ma (+0.035),0.0
REC-04948,2026-09-13T01:17:15Z,SITE-B,ESP32-B01,v1.11,DUST,0.9986,0.24212,0.02171,0.03292,-0.02987,0.04833,-0.03104,0.027,0.02116,0.6663,dust_vo_v (+0.666),panel_temp1_c (+0.048),current_ma (+0.033),0.0
REC-04949,2026-09-13T01:17:20Z,SITE-B,ESP32-B01,v1.11,DUST,0.9975,0.24212,0.02653,0.03788,-0.03217,0.05805,-0.03242,0.03006,0.02305,0.64445,dust_vo_v (+0.644),panel_temp1_c (+0.058),current_ma (+0.038),0.0
REC-04950,2026-09-13T01:17:25Z,SITE-B,ESP32-B01,v1.11,DUST,0.9968,0.24212,0.0294,0.04076,-0.0326,0.06403,-0.03392,0.03159,0.02334,0.63204,dust_vo_v (+0.632),panel_temp1_c (+0.064),current_ma (+0.041),0.0
REC-04951,2026-09-13T01:17:30Z,SITE-B,ESP32-B01,v1.11,DUST,0.9982,0.24212,0.02396,0.03523,-0.03256,0.05403,-0.0312,0.02853,0.02256,0.65551,dust_vo_v (+0.656),panel_temp1_c (+0.054),current_ma (+0.035),-0.0
REC-04952,2026-09-13T01:17:35Z,SITE-B,ESP32-B01,v1.11,DUST,0.9992,0.24212,0.01797,0.02818,-0.02732,0.04066,-0.02967,0.02353,0.01855,0.68521,dust_vo_v (+0.685),panel_temp1_c (+0.041),panel_temp2_c (-0.030),-0.0
REC-04953,2026-09-13T01:17:40Z,SITE-B,ESP32-B01,v1.11,DUST,0.9976,0.24212,0.02598,0.03752,-0.03134,0.05722,-0.03281,0.02951,0.02237,0.64705,dust_vo_v (+0.647),panel_temp1_c (+0.057),current_ma (+0.038),-0.0
REC-04954,2026-09-13T01:17:45Z,SITE-B,ESP32-B01,v1.11,DUST,0.9993,0.24212,0.01711,0.02695,-0.02748,0.03919,-0.02955,0.02311,0.01841,0.68947,dust_vo_v (+0.689),panel_temp1_c (+0.039),panel_temp2_c (-0.030),0.0
REC-04955,2026-09-13T01:17:50Z,SITE-B,ESP32-B01,v1.11,DUST,0.9978,0.24212,0.02539,0.03678,-0.03261,0.05677,-0.03213,0.02937,0.02284,0.64924,dust_vo_v (+0.649),panel_temp1_c (+0.057),current_ma (+0.037),-0.0
REC-04956,2026-09-13T01:17:55Z,SITE-B,ESP32-B01,v1.11,DUST,0.9971,0.24212,0.02811,0.03922,-0.03205,0.0617,-0.03281,0.02989,0.02247,0.63845,dust_vo_v (+0.638),panel_temp1_c (+0.062),current_ma (+0.039),-0.0
REC-04957,2026-09-13T01:18:00Z,SITE-B,ESP32-B01,v1.11,DUST,0.9986,0.24212,0.02166,0.03266,-0.03074,0.04879,-0.03111,0.02729,0.02165,0.66631,dust_vo_v (+0.666),panel_temp1_c (+0.049),current_ma (+0.033),0.0
REC-04958,2026-09-13T01:18:05Z,SITE-B,ESP32-B01,v1.11,DUST,0.9989,0.24212,0.02011,0.03092,-0.02885,0.04508,-0.0301,0.02482,0.01977,0.67501,dust_vo_v (+0.675),panel_temp1_c (+0.045),current_ma (+0.031),-0.0
REC-04959,2026-09-13T01:18:10Z,SITE-B,ESP32-B01,v1.11,DUST,0.9985,0.24212,0.02188,0.03327,-0.02954,0.04927,-0.03082,0.02582,0.0202,0.66637,dust_vo_v (+0.666),panel_temp1_c (+0.049),current_ma (+0.033),0.0
REC-04960,2026-09-13T01:18:15Z,SITE-B,ESP32-B01,v1.11,DUST,0.9986,0.24212,0.02201,0.03339,-0.02989,0.05002,-0.03098,0.02615,0.02042,0.66532,dust_vo_v (+0.665),panel_temp1_c (+0.050),current_ma (+0.033),-0.0
REC-04961,2026-09-13T01:18:20Z,SITE-B,ESP32-B01,v1.11,DUST,0.9993,0.24212,0.01713,0.02693,-0.02687,0.03917,-0.02924,0.02245,0.01783,0.68981,dust_vo_v (+0.690),panel_temp1_c (+0.039),panel_temp2_c (-0.029),0.0
REC-04962,2026-09-13T01:18:25Z,SITE-B,ESP32-B01,v1.11,DUST,0.9985,0.24212,0.02233,0.03371,-0.03044,0.05046,-0.03081,0.02637,0.02075,0.66399,dust_vo_v (+0.664),panel_temp1_c (+0.050),current_ma (+0.034),-0.0
REC-04963,2026-09-13T01:18:30Z,SITE-B,ESP32-B01,v1.11,DUST,0.9979,0.24212,0.02487,0.03645,-0.03135,0.05595,-0.03178,0.0279,0.02148,0.65227,dust_vo_v (+0.652),panel_temp1_c (+0.056),current_ma (+0.036),-0.0
REC-04964,2026-09-13T01:18:35Z,SITE-B,ESP32-B01,v1.11,DUST,0.9971,0.24212,0.0283,0.03968,-0.03347,0.06405,-0.03289,0.03019,0.02271,0.6364,dust_vo_v (+0.636),panel_temp1_c (+0.064),current_ma (+0.040),0.0
REC-04965,2026-09-13T01:18:40Z,SITE-B,ESP32-B01,v1.11,DUST,0.9992,0.24212,0.01816,0.02827,-0.02811,0.04129,-0.02954,0.02356,0.01893,0.68451,dust_vo_v (+0.685),panel_temp1_c (+0.041),panel_temp2_c (-0.030),-0.0
REC-04966,2026-09-13T01:18:45Z,SITE-B,ESP32-B01,v1.11,DUST,0.9979,0.24212,0.0247,0.0361,-0.03154,0.05579,-0.03156,0.02763,0.02146,0.65324,dust_vo_v (+0.653),panel_temp1_c (+0.056),current_ma (+0.036),0.0
REC-04967,2026-09-13T01:18:50Z,SITE-B,ESP32-B01,v1.11,DUST,0.998,0.24212,0.02428,0.03536,-0.03217,0.05485,-0.03146,0.02815,0.02215,0.65475,dust_vo_v (+0.655),panel_temp1_c (+0.055),current_ma (+0.035),-0.0
REC-04968,2026-09-13T01:18:55Z,SITE-B,ESP32-B01,v1.11,DUST,0.9991,0.24212,0.01885,0.02912,-0.02799,0.04277,-0.02959,0.02363,0.01891,0.68128,dust_vo_v (+0.681),panel_temp1_c (+0.043),panel_temp2_c (-0.030),-0.0
REC-04969,2026-09-13T01:19:00Z,SITE-B,ESP32-B01,v1.11,DUST,0.9995,0.24212,0.01599,0.02497,-0.02744,0.0372,-0.02877,0.02203,0.01787,0.6955,dust_vo_v (+0.695),panel_temp1_c (+0.037),panel_temp2_c (-0.029),0.0
REC-04970,2026-09-13T01:19:05Z,SITE-B,ESP32-B01,v1.11,DUST,0.9986,0.24212,0.02169,0.03282,-0.02968,0.04859,-0.03059,0.02589,0.02044,0.66732,dust_vo_v (+0.667),panel_temp1_c (+0.049),current_ma (+0.033),-0.0
REC-04971,2026-09-13T01:19:10Z,SITE-B,ESP32-B01,v1.11,DUST,0.9982,0.24212,0.0233,0.03491,-0.03043,0.05239,-0.0315,0.02697,0.02092,0.65954,dust_vo_v (+0.660),panel_temp1_c (+0.052),current_ma (+0.035),-0.0
REC-04972,2026-09-13T01:19:15Z,SITE-B,ESP32-B01,v1.11,DUST,0.9984,0.24212,0.02283,0.03382,-0.03091,0.05129,-0.03117,0.02734,0.0216,0.66146,dust_vo_v (+0.661),panel_temp1_c (+0.051),current_ma (+0.034),-0.0
REC-04973,2026-09-13T01:19:20Z,SITE-B,ESP32-B01,v1.11,DUST,0.998,0.24212,0.02488,0.03595,-0.03217,0.05627,-0.03166,0.02853,0.02225,0.65179,dust_vo_v (+0.652),panel_temp1_c (+0.056),current_ma (+0.036),0.0
REC-04974,2026-09-13T01:19:25Z,SITE-B,ESP32-B01,v1.11,DUST,0.998,0.24212,0.02429,0.03583,-0.03132,0.0549,-0.03195,0.02805,0.02164,0.65449,dust_vo_v (+0.654),panel_temp1_c (+0.055),current_ma (+0.036),-0.0
REC-04975,2026-09-13T01:19:30Z,SITE-B,ESP32-B01,v1.11,DUST,0.998,0.24212,0.02418,0.03593,-0.03076,0.05471,-0.03189,0.02739,0.02101,0.65535,dust_vo_v (+0.655),panel_temp1_c (+0.055),current_ma (+0.036),-0.0
REC-04976,2026-09-13T01:19:35Z,SITE-B,ESP32-B01,v1.11,DUST,0.999,0.24212,0.01928,0.02998,-0.02833,0.04393,-0.03029,0.02424,0.01923,0.67886,dust_vo_v (+0.679),panel_temp1_c (+0.044),panel_temp2_c (-0.030),-0.0
REC-04977,2026-09-13T01:19:40Z,SITE-B,ESP32-B01,v1.11,DUST,0.9983,0.24212,0.02318,0.03427,-0.03127,0.05211,-0.03141,0.02773,0.02186,0.6597,dust_vo_v (+0.660),panel_temp1_c (+0.052),current_ma (+0.034),0.0
REC-04978,2026-09-13T01:19:45Z,SITE-B,ESP32-B01,v1.11,DUST,0.9992,0.24212,0.01787,0.02794,-0.02752,0.04089,-0.02975,0.02332,0.01856,0.68581,dust_vo_v (+0.686),panel_temp1_c (+0.041),panel_temp2_c (-0.030),0.0
REC-04979,2026-09-13T01:19:50Z,SITE-B,ESP32-B01,v1.11,DUST,0.9983,0.24212,0.0232,0.03454,-0.03046,0.05223,-0.03159,0.02727,0.02121,0.65978,dust_vo_v (+0.660),panel_temp1_c (+0.052),current_ma (+0.035),0.0
REC-04980,2026-09-13T01:19:55Z,SITE-B,ESP32-B01,v1.11,DUST,0.998,0.24212,0.02432,0.03572,-0.0311,0.05465,-0.03199,0.02812,0.02171,0.65451,dust_vo_v (+0.655),panel_temp1_c (+0.055),current_ma (+0.036),-0.0
REC-04981,2026-09-13T01:27:00Z,SITE-E,ESP32-E01,v1.11,SHORT_CIRCUIT,0.9462,0.16832,0.57585,-0.05649,0.11335,0.08534,-0.01247,0.02391,-0.00735,0.05575,voltage_v (+0.576),power_mw (+0.113),panel_temp1_c (+0.085),-0.0
REC-04982,2026-09-13T01:27:05Z,SITE-E,ESP32-E01,v1.11,SHORT_CIRCUIT,0.9467,0.16832,0.57543,-0.05557,0.11361,0.08516,-0.01286,0.02438,-0.00755,0.05575,voltage_v (+0.575),power_mw (+0.114),panel_temp1_c (+0.085),0.0
REC-04983,2026-09-13T01:27:10Z,SITE-E,ESP32-E01,v1.11,SHORT_CIRCUIT,0.9456,0.16832,0.57589,-0.05611,0.11394,0.08408,-0.01207,0.02331,-0.00712,0.05533,voltage_v (+0.576),power_mw (+0.114),panel_temp1_c (+0.084),0.0
REC-04984,2026-09-13T01:27:15Z,SITE-E,ESP32-E01,v1.11,SHORT_CIRCUIT,0.9441,0.16832,0.57461,-0.05662,0.11379,0.08534,-0.01259,0.02309,-0.00771,0.05584,voltage_v (+0.575),power_mw (+0.114),panel_temp1_c (+0.085),-0.0
REC-04985,2026-09-13T01:27:20Z,SITE-E,ESP32-E01,v1.11,SHORT_CIRCUIT,0.9465,0.16832,0.57649,-0.05665,0.11334,0.08518,-0.01195,0.02357,-0.00731,0.05548,voltage_v (+0.576),power_mw (+0.113),panel_temp1_c (+0.085),0.0
REC-04986,2026-09-13T01:27:25Z,SITE-E,ESP32-E01,v1.11,SHORT_CIRCUIT,0.9471,0.16832,0.57691,-0.05555,0.11323,0.08461,-0.01242,0.02381,-0.00748,0.05568,voltage_v (+0.577),power_mw (+0.113),panel_temp1_c (+0.085),0.0
REC-04987,2026-09-13T01:27:30Z,SITE-E,ESP32-E01,v1.11,SHORT_CIRCUIT,0.9469,0.16832,0.57711,-0.05572,0.11356,0.08448,-0.01275,0.0238,-0.00749,0.05559,voltage_v (+0.577),power_mw (+0.114),panel_temp1_c (+0.084),0.0
REC-04988,2026-09-13T01:27:35Z,SITE-E,ESP32-E01,v1.11,SHORT_CIRCUIT,0.9486,0.16832,0.57763,-0.05489,0.11334,0.08443,-0.01303,0.0249,-0.00766,0.05558,voltage_v (+0.578),power_mw (+0.113),panel_temp1_c (+0.084),0.0
REC-04989,2026-09-13T01:27:40Z,SITE-E,ESP32-E01,v1.11,SHORT_CIRCUIT,0.9461,0.16832,0.57673,-0.05729,0.11316,0.08571,-0.01236,0.02357,-0.00744,0.05567,voltage_v (+0.577),power_mw (+0.113),panel_temp1_c (+0.086),0.0
REC-04990,2026-09-13T01:27:45Z,SITE-E,ESP32-E01,v1.11,SHORT_CIRCUIT,0.9462,0.16832,0.57506,-0.05648,0.11347,0.08612,-0.01293,0.02448,-0.00767,0.0558,voltage_v (+0.575),power_mw (+0.113),panel_temp1_c (+0.086),0.0
REC-04991,2026-09-13T01:27:50Z,SITE-E,ESP32-E01,v1.11,SHORT_CIRCUIT,0.9447,0.16832,0.57442,-0.05702,0.11376,0.08614,-0.0127,0.02359,-0.00758,0.0558,voltage_v (+0.574),power_mw (+0.114),panel_temp1_c (+0.086),0.0
REC-04992,2026-09-13T01:27:55Z,SITE-E,ESP32-E01,v1.11,SHORT_CIRCUIT,0.9458,0.16832,0.57719,-0.0565,0.1129,0.08481,-0.01207,0.02278,-0.00738,0.0557,voltage_v (+0.577),power_mw (+0.113),panel_temp1_c (+0.085),0.0
REC-04993,2026-09-13T01:28:00Z,SITE-E,ESP32-E01,v1.11,SHORT_CIRCUIT,0.9452,0.16832,0.57433,-0.05732,0.11409,0.0859,-0.01211,0.02396,-0.00739,0.05541,voltage_v (+0.574),power_mw (+0.114),panel_temp1_c (+0.086),0.0
REC-04994,2026-09-13T01:28:05Z,SITE-E,ESP32-E01,v1.11,SHORT_CIRCUIT,0.9455,0.16832,0.57681,-0.05712,0.11333,0.08499,-0.01221,0.02316,-0.00739,0.05566,voltage_v (+0.577),power_mw (+0.113),panel_temp1_c (+0.085),-0.0
REC-04995,2026-09-13T01:28:10Z,SITE-E,ESP32-E01,v1.11,SHORT_CIRCUIT,0.9457,0.16832,0.57688,-0.05659,0.11322,0.0848,-0.01247,0.02333,-0.00749,0.05569,voltage_v (+0.577),power_mw (+0.113),panel_temp1_c (+0.085),-0.0
REC-04996,2026-09-13T01:28:15Z,SITE-E,ESP32-E01,v1.11,SHORT_CIRCUIT,0.9461,0.16832,0.57605,-0.05755,0.1136,0.0857,-0.01225,0.024,-0.00748,0.05568,voltage_v (+0.576),power_mw (+0.114),panel_temp1_c (+0.086),-0.0
REC-04997,2026-09-13T01:28:20Z,SITE-E,ESP32-E01,v1.11,SHORT_CIRCUIT,0.9431,0.16832,0.57426,-0.05785,0.11359,0.08634,-0.01334,0.02376,-0.00784,0.05586,voltage_v (+0.574),power_mw (+0.114),panel_temp1_c (+0.086),0.0
REC-04998,2026-09-13T01:28:25Z,SITE-E,ESP32-E01,v1.11,SHORT_CIRCUIT,0.9458,0.16832,0.5742,-0.05664,0.11382,0.0857,-0.01232,0.0242,-0.00734,0.05583,voltage_v (+0.574),power_mw (+0.114),panel_temp1_c (+0.086),0.0
REC-04999,2026-09-13T01:28:30Z,SITE-E,ESP32-E01,v1.11,SHORT_CIRCUIT,0.9482,0.16832,0.57701,-0.05478,0.11364,0.08402,-0.01269,0.02449,-0.00735,0.0555,voltage_v (+0.577),power_mw (+0.114),panel_temp1_c (+0.084),0.0
REC-05000,2026-09-13T01:28:35Z,SITE-E,ESP32-E01,v1.11,SHORT_CIRCUIT,0.9468,0.16832,0.57635,-0.0564,0.11321,0.08521,-0.0121,0.0239,-0.00746,0.05574,voltage_v (+0.576),power_mw (+0.113),panel_temp1_c (+0.085),-0.0
REC-05001,2026-09-13T01:28:40Z,SITE-E,ESP32-E01,v1.11,SHORT_CIRCUIT,0.9461,0.16832,0.57465,-0.05667,0.11416,0.08556,-0.0128,0.02459,-0.00745,0.05571,voltage_v (+0.575),power_mw (+0.114),panel_temp1_c (+0.086),-0.0
REC-05002,2026-09-13T01:28:45Z,SITE-E,ESP32-E01,v1.11,SHORT_CIRCUIT,0.9448,0.16832,0.57356,-0.05676,0.1142,0.08515,-0.01199,0.02398,-0.00716,0.05551,voltage_v (+0.574),power_mw (+0.114),panel_temp1_c (+0.085),0.0
REC-05003,2026-09-13T01:28:50Z,SITE-E,ESP32-E01,v1.11,SHORT_CIRCUIT,0.9453,0.16832,0.57449,-0.05621,0.11418,0.08533,-0.01315,0.02434,-0.00777,0.05577,voltage_v (+0.574),power_mw (+0.114),panel_temp1_c (+0.085),-0.0
REC-05004,2026-09-13T01:28:55Z,SITE-E,ESP32-E01,v1.11,SHORT_CIRCUIT,0.9466,0.16832,0.57726,-0.0563,0.11282,0.08549,-0.01333,0.02453,-0.00784,0.0557,voltage_v (+0.577),power_mw (+0.113),panel_temp1_c (+0.085),-0.0
REC-05005,2026-09-13T01:29:00Z,SITE-E,ESP32-E01,v1.11,SHORT_CIRCUIT,0.9453,0.16832,0.57478,-0.05711,0.11381,0.08574,-0.01223,0.02371,-0.00748,0.05577,voltage_v (+0.575),power_mw (+0.114),panel_temp1_c (+0.086),-0.0
REC-05006,2026-09-13T01:29:05Z,SITE-E,ESP32-E01,v1.11,SHORT_CIRCUIT,0.945,0.16832,0.57623,-0.05755,0.11292,0.08599,-0.01243,0.02337,-0.0076,0.05578,voltage_v (+0.576),power_mw (+0.113),panel_temp1_c (+0.086),0.0
REC-05007,2026-09-13T01:29:10Z,SITE-E,ESP32-E01,v1.11,SHORT_CIRCUIT,0.9446,0.16832,0.57462,-0.05637,0.11338,0.08566,-0.01271,0.02354,-0.00776,0.0559,voltage_v (+0.575),power_mw (+0.113),panel_temp1_c (+0.086),0.0
REC-05008,2026-09-13T01:29:15Z,SITE-E,ESP32-E01,v1.11,SHORT_CIRCUIT,0.9443,0.16832,0.57533,-0.05692,0.11265,0.0865,-0.01328,0.02377,-0.00798,0.05589,voltage_v (+0.575),power_mw (+0.113),panel_temp1_c (+0.086),0.0
REC-05009,2026-09-13T01:29:20Z,SITE-E,ESP32-E01,v1.11,SHORT_CIRCUIT,0.9463,0.16832,0.57711,-0.0564,0.11291,0.08503,-0.01234,0.02351,-0.00754,0.05572,voltage_v (+0.577),power_mw (+0.113),panel_temp1_c (+0.085),0.0
REC-05010,2026-09-13T01:29:25Z,SITE-E,ESP32-E01,v1.11,SHORT_CIRCUIT,0.9451,0.16832,0.5752,-0.05629,0.11343,0.08495,-0.01215,0.02336,-0.00754,0.05585,voltage_v (+0.575),power_mw (+0.113),panel_temp1_c (+0.085),-0.0
REC-05011,2026-09-13T01:29:30Z,SITE-E,ESP32-E01,v1.11,SHORT_CIRCUIT,0.9459,0.16832,0.57549,-0.05686,0.1135,0.0855,-0.0125,0.02403,-0.00733,0.05575,voltage_v (+0.575),power_mw (+0.114),panel_temp1_c (+0.085),0.0
REC-05012,2026-09-13T01:29:35Z,SITE-E,ESP32-E01,v1.11,SHORT_CIRCUIT,0.9456,0.16832,0.57522,-0.05751,0.11366,0.08582,-0.0125,0.02423,-0.00744,0.05576,voltage_v (+0.575),power_mw (+0.114),panel_temp1_c (+0.086),-0.0
REC-05013,2026-09-13T01:29:40Z,SITE-E,ESP32-E01,v1.11,SHORT_CIRCUIT,0.9465,0.16832,0.57601,-0.05688,0.11345,0.08512,-0.01206,0.02411,-0.00723,0.05565,voltage_v (+0.576),power_mw (+0.113),panel_temp1_c (+0.085),-0.0
REC-05014,2026-09-13T01:29:45Z,SITE-E,ESP32-E01,v1.11,SHORT_CIRCUIT,0.9479,0.16832,0.57653,-0.05648,0.11344,0.08547,-0.01237,0.02494,-0.00749,0.05554,voltage_v (+0.577),power_mw (+0.113),panel_temp1_c (+0.085),0.0
REC-05015,2026-09-13T01:29:50Z,SITE-E,ESP32-E01,v1.11,SHORT_CIRCUIT,0.9472,0.16832,0.5757,-0.05606,0.11354,0.08536,-0.01297,0.02525,-0.00766,0.05576,voltage_v (+0.576),power_mw (+0.114),panel_temp1_c (+0.085),0.0
REC-05016,2026-09-13T01:29:55Z,SITE-E,ESP32-E01,v1.11,SHORT_CIRCUIT,0.9456,0.16832,0.57359,-0.05707,0.11425,0.0857,-0.01248,0.02483,-0.0073,0.05573,voltage_v (+0.574),power_mw (+0.114),panel_temp1_c (+0.086),0.0
REC-05017,2026-09-13T01:30:00Z,SITE-E,ESP32-E01,v1.11,SHORT_CIRCUIT,0.945,0.16832,0.57369,-0.05718,0.11457,0.08504,-0.0122,0.02479,-0.00733,0.05535,voltage_v (+0.574),power_mw (+0.115),panel_temp1_c (+0.085),0.0
REC-05018,2026-09-13T01:30:05Z,SITE-E,ESP32-E01,v1.11,SHORT_CIRCUIT,0.9463,0.16832,0.57585,-0.05694,0.11401,0.08471,-0.01225,0.02448,-0.0073,0.0554,voltage_v (+0.576),power_mw (+0.114),panel_temp1_c (+0.085),-0.0
REC-05019,2026-09-13T01:30:10Z,SITE-E,ESP32-E01,v1.11,SHORT_CIRCUIT,0.9469,0.16832,0.5777,-0.05615,0.11261,0.0849,-0.01283,0.02438,-0.00772,0.05573,voltage_v (+0.578),power_mw (+0.113),panel_temp1_c (+0.085),-0.0
REC-05020,2026-09-13T01:30:15Z,SITE-E,ESP32-E01,v1.11,SHORT_CIRCUIT,0.9485,0.16832,0.5771,-0.0557,0.11334,0.08463,-0.01231,0.02515,-0.00757,0.05558,voltage_v (+0.577),power_mw (+0.113),panel_temp1_c (+0.085),0.0
REC-05021,2026-09-13T01:30:20Z,SITE-E,ESP32-E01,v1.11,SHORT_CIRCUIT,0.9473,0.16832,0.57698,-0.05516,0.11301,0.08411,-0.01265,0.02453,-0.00761,0.05577,voltage_v (+0.577),power_mw (+0.113),panel_temp1_c (+0.084),0.0
REC-05022,2026-09-13T01:30:25Z,SITE-E,ESP32-E01,v1.11,SHORT_CIRCUIT,0.948,0.16832,0.5766,-0.05528,0.11364,0.08375,-0.01229,0.02507,-0.00737,0.05556,voltage_v (+0.577),power_mw (+0.114),panel_temp1_c (+0.084),0.0
REC-05023,2026-09-13T01:30:30Z,SITE-E,ESP32-E01,v1.11,SHORT_CIRCUIT,0.9471,0.16832,0.57592,-0.05642,0.11307,0.08516,-0.01214,0.02478,-0.0074,0.05584,voltage_v (+0.576),power_mw (+0.113),panel_temp1_c (+0.085),-0.0
REC-05024,2026-09-13T01:30:35Z,SITE-E,ESP32-E01,v1.11,SHORT_CIRCUIT,0.9465,0.16832,0.57575,-0.05672,0.11349,0.08493,-0.01222,0.02458,-0.00738,0.05578,voltage_v (+0.576),power_mw (+0.113),panel_temp1_c (+0.085),0.0
REC-05025,2026-09-13T01:30:40Z,SITE-E,ESP32-E01,v1.11,SHORT_CIRCUIT,0.9468,0.16832,0.57618,-0.05648,0.1128,0.08533,-0.01261,0.02515,-0.00773,0.05588,voltage_v (+0.576),power_mw (+0.113),panel_temp1_c (+0.085),-0.0
REC-05026,2026-09-13T01:30:45Z,SITE-E,ESP32-E01,v1.11,SHORT_CIRCUIT,0.9465,0.16832,0.57673,-0.05694,0.11321,0.08516,-0.01288,0.02486,-0.00767,0.05573,voltage_v (+0.577),power_mw (+0.113),panel_temp1_c (+0.085),0.0
REC-05027,2026-09-13T01:30:50Z,SITE-E,ESP32-E01,v1.11,SHORT_CIRCUIT,0.9478,0.16832,0.57714,-0.05609,0.11302,0.08491,-0.01249,0.02484,-0.00751,0.05571,voltage_v (+0.577),power_mw (+0.113),panel_temp1_c (+0.085),0.0
REC-05028,2026-09-13T01:30:55Z,SITE-E,ESP32-E01,v1.11,SHORT_CIRCUIT,0.9481,0.16832,0.57727,-0.05667,0.11346,0.08472,-0.01232,0.0252,-0.00724,0.0554,voltage_v (+0.577),power_mw (+0.113),panel_temp1_c (+0.085),-0.0
REC-05029,2026-09-13T01:31:00Z,SITE-E,ESP32-E01,v1.11,SHORT_CIRCUIT,0.946,0.16832,0.57547,-0.05726,0.11405,0.08479,-0.0121,0.02461,-0.00728,0.0554,voltage_v (+0.575),power_mw (+0.114),panel_temp1_c (+0.085),-0.0
REC-05030,2026-09-13T01:31:05Z,SITE-E,ESP32-E01,v1.11,SHORT_CIRCUIT,0.9455,0.16832,0.57523,-0.05719,0.11377,0.08486,-0.01202,0.02401,-0.00721,0.05576,voltage_v (+0.575),power_mw (+0.114),panel_temp1_c (+0.085),-0.0
REC-05031,2026-09-13T01:31:10Z,SITE-E,ESP32-E01,v1.11,SHORT_CIRCUIT,0.9477,0.16832,0.57582,-0.05564,0.11349,0.08459,-0.01232,0.02502,-0.00731,0.05576,voltage_v (+0.576),power_mw (+0.113),panel_temp1_c (+0.085),0.0
REC-05032,2026-09-13T01:31:15Z,SITE-E,ESP32-E01,v1.11,SHORT_CIRCUIT,0.9487,0.16832,0.57773,-0.05595,0.11328,0.08419,-0.01226,0.02522,-0.00731,0.05546,voltage_v (+0.578),power_mw (+0.113),panel_temp1_c (+0.084),-0.0
REC-05033,2026-09-13T01:31:20Z,SITE-E,ESP32-E01,v1.11,SHORT_CIRCUIT,0.9456,0.16832,0.57564,-0.05708,0.11357,0.08504,-0.0127,0.02441,-0.00738,0.05576,voltage_v (+0.576),power_mw (+0.114),panel_temp1_c (+0.085),0.0
REC-05034,2026-09-13T01:31:25Z,SITE-E,ESP32-E01,v1.11,SHORT_CIRCUIT,0.9485,0.16832,0.57778,-0.05562,0.11309,0.08408,-0.01221,0.02472,-0.00734,0.05564,voltage_v (+0.578),power_mw (+0.113),panel_temp1_c (+0.084),-0.0
REC-05035,2026-09-13T01:31:30Z,SITE-E,ESP32-E01,v1.11,SHORT_CIRCUIT,0.9471,0.16832,0.57618,-0.05566,0.11346,0.08417,-0.01219,0.02447,-0.00736,0.05576,voltage_v (+0.576),power_mw (+0.113),panel_temp1_c (+0.084),0.0
REC-05036,2026-09-13T01:31:35Z,SITE-E,ESP32-E01,v1.11,SHORT_CIRCUIT,0.9465,0.16832,0.57766,-0.05637,0.11273,0.08429,-0.01259,0.02422,-0.00743,0.05573,voltage_v (+0.578),power_mw (+0.113),panel_temp1_c (+0.084),0.0
REC-05037,2026-09-13T01:31:40Z,SITE-E,ESP32-E01,v1.11,SHORT_CIRCUIT,0.9469,0.16832,0.57588,-0.05653,0.1132,0.0847,-0.01171,0.02439,-0.00712,0.05573,voltage_v (+0.576),power_mw (+0.113),panel_temp1_c (+0.085),0.0
REC-05038,2026-09-13T01:31:45Z,SITE-E,ESP32-E01,v1.11,SHORT_CIRCUIT,0.9461,0.16832,0.57666,-0.05686,0.11338,0.08409,-0.01126,0.02363,-0.00718,0.05532,voltage_v (+0.577),power_mw (+0.113),panel_temp1_c (+0.084),-0.0
REC-05039,2026-09-13T01:31:50Z,SITE-E,ESP32-E01,v1.11,SHORT_CIRCUIT,0.9474,0.16832,0.57748,-0.05579,0.11271,0.08437,-0.01212,0.02425,-0.00759,0.05578,voltage_v (+0.577),power_mw (+0.113),panel_temp1_c (+0.084),-0.0
REC-05040,2026-09-13T01:31:55Z,SITE-E,ESP32-E01,v1.11,SHORT_CIRCUIT,0.9481,0.16832,0.57632,-0.05553,0.1128,0.08481,-0.01185,0.02464,-0.00711,0.05575,voltage_v (+0.576),power_mw (+0.113),panel_temp1_c (+0.085),-0.0
REC-05041,2026-09-13T02:08:00Z,SITE-A,ESP32-A01,v1.11,NORMAL,0.825,0.2454,0.07539,0.03495,0.16702,0.1337,0.11748,-0.14504,0.0588,0.13733,power_mw (+0.167),ambient_temp_c (-0.145),dust_vo_v (+0.137),-0.0
REC-05042,2026-09-13T02:08:05Z,SITE-A,ESP32-A01,v1.11,NORMAL,0.8407,0.2454,0.07906,0.03362,0.17059,0.13264,0.11739,-0.14109,0.05951,0.14358,power_mw (+0.171),dust_vo_v (+0.144),ambient_temp_c (-0.141),-0.0
REC-05043,2026-09-13T02:08:10Z,SITE-A,ESP32-A01,v1.11,NORMAL,0.8041,0.2454,0.0763,0.03402,0.16673,0.13025,0.11319,-0.14952,0.05926,0.12845,power_mw (+0.167),ambient_temp_c (-0.150),panel_temp1_c (+0.130),-0.0
REC-05044,2026-09-13T02:08:15Z,SITE-A,ESP32-A01,v1.11,NORMAL,0.8185,0.2454,0.07719,0.0347,0.17047,0.12955,0.11492,-0.14623,0.05866,0.13382,power_mw (+0.170),ambient_temp_c (-0.146),dust_vo_v (+0.134),0.0
REC-05045,2026-09-13T02:08:20Z,SITE-A,ESP32-A01,v1.11,NORMAL,0.8263,0.2454,0.0781,0.03539,0.17346,0.13021,0.11269,-0.14357,0.05746,0.13714,power_mw (+0.173),ambient_temp_c (-0.144),dust_vo_v (+0.137),0.0
REC-05046,2026-09-13T02:08:25Z,SITE-A,ESP32-A01,v1.11,NORMAL,0.831,0.2454,0.07825,0.03582,0.17574,0.12815,0.11493,-0.14256,0.05684,0.13846,power_mw (+0.176),ambient_temp_c (-0.143),dust_vo_v (+0.138),0.0
REC-05047,2026-09-13T02:08:30Z,SITE-A,ESP32-A01,v1.11,NORMAL,0.8304,0.2454,0.07705,0.03731,0.17718,0.1304,0.11384,-0.14202,0.0575,0.13377,power_mw (+0.177),ambient_temp_c (-0.142),dust_vo_v (+0.134),0.0
REC-05048,2026-09-13T02:08:35Z,SITE-A,ESP32-A01,v1.11,NORMAL,0.8219,0.2454,0.07833,0.0332,0.16726,0.12956,0.11307,-0.14205,0.05905,0.13808,power_mw (+0.167),ambient_temp_c (-0.142),dust_vo_v (+0.138),0.0
REC-05049,2026-09-13T02:08:40Z,SITE-A,ESP32-A01,v1.11,NORMAL,0.8415,0.2454,0.07913,0.0357,0.17764,0.13337,0.11527,-0.13908,0.05927,0.13479,power_mw (+0.178),ambient_temp_c (-0.139),dust_vo_v (+0.135),-0.0
REC-05050,2026-09-13T02:08:45Z,SITE-A,ESP32-A01,v1.11,NORMAL,0.8091,0.2454,0.07536,0.03418,0.16546,0.12684,0.11718,-0.14807,0.0591,0.13361,power_mw (+0.165),ambient_temp_c (-0.148),dust_vo_v (+0.134),0.0
REC-05051,2026-09-13T02:08:50Z,SITE-A,ESP32-A01,v1.11,NORMAL,0.8247,0.2454,0.07811,0.03444,0.17105,0.13042,0.11377,-0.14364,0.05911,0.13607,power_mw (+0.171),ambient_temp_c (-0.144),dust_vo_v (+0.136),-0.0
REC-05052,2026-09-13T02:08:55Z,SITE-A,ESP32-A01,v1.11,NORMAL,0.824,0.2454,0.07659,0.03461,0.16865,0.13094,0.11662,-0.14427,0.05913,0.1363,power_mw (+0.169),ambient_temp_c (-0.144),dust_vo_v (+0.136),-0.0
REC-05053,2026-09-13T02:09:00Z,SITE-A,ESP32-A01,v1.11,NORMAL,0.825,0.2454,0.07753,0.03273,0.16469,0.13465,0.11567,-0.14352,0.06045,0.13736,power_mw (+0.165),ambient_temp_c (-0.144),dust_vo_v (+0.137),0.0
REC-05054,2026-09-13T02:09:05Z,SITE-A,ESP32-A01,v1.11,NORMAL,0.8186,0.2454,0.07668,0.03423,0.16788,0.13287,0.11537,-0.1462,0.05948,0.13285,power_mw (+0.168),ambient_temp_c (-0.146),panel_temp1_c (+0.133),0.0
REC-05055,2026-09-13T02:09:10Z,SITE-A,ESP32-A01,v1.11,NORMAL,0.822,0.2454,0.07737,0.03419,0.16826,0.1284,0.11491,-0.14586,0.06012,0.13923,power_mw (+0.168),ambient_temp_c (-0.146),dust_vo_v (+0.139),-0.0
REC-05056,2026-09-13T02:09:15Z,SITE-A,ESP32-A01,v1.11,NORMAL,0.8293,0.2454,0.07656,0.03504,0.16897,0.13079,0.11666,-0.14439,0.05831,0.14197,power_mw (+0.169),ambient_temp_c (-0.144),dust_vo_v (+0.142),-0.0
REC-05057,2026-09-13T02:09:20Z,SITE-A,ESP32-A01,v1.11,NORMAL,0.8189,0.2454,0.07551,0.0353,0.16824,0.13427,0.11476,-0.14684,0.058,0.13421,power_mw (+0.168),ambient_temp_c (-0.147),panel_temp1_c (+0.134),-0.0
REC-05058,2026-09-13T02:09:25Z,SITE-A,ESP32-A01,v1.11,NORMAL,0.8131,0.2454,0.07567,0.0359,0.17028,0.12852,0.11403,-0.14883,0.05844,0.13366,power_mw (+0.170),ambient_temp_c (-0.149),dust_vo_v (+0.134),0.0
REC-05059,2026-09-13T02:09:30Z,SITE-A,ESP32-A01,v1.11,NORMAL,0.8206,0.2454,0.07692,0.03488,0.17037,0.13068,0.11507,-0.14462,0.05723,0.13469,power_mw (+0.170),ambient_temp_c (-0.145),dust_vo_v (+0.135),-0.0
REC-05060,2026-09-13T02:09:35Z,SITE-A,ESP32-A01,v1.11,NORMAL,0.8155,0.2454,0.07679,0.03517,0.17097,0.12695,0.1147,-0.14728,0.05832,0.13452,power_mw (+0.171),ambient_temp_c (-0.147),dust_vo_v (+0.135),-0.0
REC-05061,2026-09-13T02:09:40Z,SITE-A,ESP32-A01,v1.11,NORMAL,0.8241,0.2454,0.07608,0.03567,0.17045,0.13229,0.11567,-0.14684,0.05789,0.13748,power_mw (+0.170),ambient_temp_c (-0.147),dust_vo_v (+0.137),0.0
REC-05062,2026-09-13T02:09:45Z,SITE-A,ESP32-A01,v1.11,NORMAL,0.821,0.2454,0.07754,0.03403,0.16981,0.13147,0.11619,-0.14632,0.05923,0.13367,power_mw (+0.170),ambient_temp_c (-0.146),dust_vo_v (+0.134),0.0
REC-05063,2026-09-13T02:09:50Z,SITE-A,ESP32-A01,v1.11,NORMAL,0.8213,0.2454,0.07787,0.03349,0.16839,0.13027,0.11601,-0.14626,0.05983,0.13628,power_mw (+0.168),ambient_temp_c (-0.146),dust_vo_v (+0.136),-0.0
REC-05064,2026-09-13T02:09:55Z,SITE-A,ESP32-A01,v1.11,NORMAL,0.8215,0.2454,0.07722,0.03269,0.16432,0.13442,0.11603,-0.14637,0.05988,0.13789,power_mw (+0.164),ambient_temp_c (-0.146),dust_vo_v (+0.138),-0.0
REC-05065,2026-09-13T02:10:00Z,SITE-A,ESP32-A01,v1.11,NORMAL,0.8172,0.2454,0.07797,0.03157,0.16319,0.13366,0.1159,-0.14736,0.06009,0.13683,power_mw (+0.163),ambient_temp_c (-0.147),dust_vo_v (+0.137),-0.0
REC-05066,2026-09-13T02:10:05Z,SITE-A,ESP32-A01,v1.11,NORMAL,0.7943,0.2454,0.07518,0.03295,0.16224,0.1312,0.11481,-0.15384,0.05934,0.12707,power_mw (+0.162),ambient_temp_c (-0.154),panel_temp1_c (+0.131),0.0
REC-05067,2026-09-13T02:10:10Z,SITE-A,ESP32-A01,v1.11,NORMAL,0.817,0.2454,0.07779,0.03258,0.16517,0.12943,0.1156,-0.14822,0.05817,0.1411,power_mw (+0.165),ambient_temp_c (-0.148),dust_vo_v (+0.141),0.0
REC-05068,2026-09-13T02:10:15Z,SITE-A,ESP32-A01,v1.11,NORMAL,0.8194,0.2454,0.07538,0.03547,0.16865,0.13393,0.11555,-0.14792,0.0584,0.13454,power_mw (+0.169),ambient_temp_c (-0.148),dust_vo_v (+0.135),0.0
REC-05069,2026-09-13T02:10:20Z,SITE-A,ESP32-A01,v1.11,NORMAL,0.8354,0.2454,0.07828,0.03456,0.17099,0.13436,0.11462,-0.14348,0.05789,0.14277,power_mw (+0.171),ambient_temp_c (-0.143),dust_vo_v (+0.143),0.0
REC-05070,2026-09-13T02:10:25Z,SITE-A,ESP32-A01,v1.11,NORMAL,0.812,0.2454,0.07852,0.03293,0.16787,0.12842,0.11284,-0.14918,0.05951,0.13571,power_mw (+0.168),ambient_temp_c (-0.149),dust_vo_v (+0.136),0.0
REC-05071,2026-09-13T02:10:30Z,SITE-A,ESP32-A01,v1.11,NORMAL,0.8258,0.2454,0.07811,0.03401,0.17017,0.13231,0.11517,-0.14609,0.05878,0.13792,power_mw (+0.170),ambient_temp_c (-0.146),dust_vo_v (+0.138),0.0
REC-05072,2026-09-13T02:10:35Z,SITE-A,ESP32-A01,v1.11,NORMAL,0.8286,0.2454,0.07742,0.03447,0.16874,0.13237,0.11517,-0.14724,0.05896,0.1433,power_mw (+0.169),ambient_temp_c (-0.147),dust_vo_v (+0.143),0.0
REC-05073,2026-09-13T02:10:40Z,SITE-A,ESP32-A01,v1.11,NORMAL,0.8152,0.2454,0.07675,0.03371,0.1667,0.13399,0.11458,-0.14886,0.05854,0.13442,power_mw (+0.167),ambient_temp_c (-0.149),dust_vo_v (+0.134),0.0
REC-05074,2026-09-13T02:10:45Z,SITE-A,ESP32-A01,v1.11,NORMAL,0.8046,0.2454,0.07609,0.03248,0.16192,0.13203,0.11474,-0.15234,0.0583,0.13596,power_mw (+0.162),ambient_temp_c (-0.152),dust_vo_v (+0.136),-0.0
REC-05075,2026-09-13T02:10:50Z,SITE-A,ESP32-A01,v1.11,NORMAL,0.8265,0.2454,0.07817,0.03374,0.16814,0.13204,0.11435,-0.14785,0.0594,0.14312,power_mw (+0.168),ambient_temp_c (-0.148),dust_vo_v (+0.143),0.0
REC-05076,2026-09-13T02:10:55Z,SITE-A,ESP32-A01,v1.11,NORMAL,0.7994,0.2454,0.07693,0.03235,0.16349,0.12826,0.11382,-0.15364,0.06114,0.13161,power_mw (+0.163),ambient_temp_c (-0.154),dust_vo_v (+0.132),0.0
REC-05077,2026-09-13T02:11:00Z,SITE-A,ESP32-A01,v1.11,NORMAL,0.8049,0.2454,0.0773,0.03201,0.16395,0.13124,0.11555,-0.15137,0.06077,0.13007,power_mw (+0.164),ambient_temp_c (-0.151),panel_temp1_c (+0.131),0.0
REC-05078,2026-09-13T02:11:05Z,SITE-A,ESP32-A01,v1.11,NORMAL,0.7846,0.2454,0.07534,0.03229,0.16057,0.12595,0.11356,-0.15592,0.05949,0.12791,power_mw (+0.161),ambient_temp_c (-0.156),dust_vo_v (+0.128),-0.0
REC-05079,2026-09-13T02:11:10Z,SITE-A,ESP32-A01,v1.11,NORMAL,0.7897,0.2454,0.07387,0.03241,0.15724,0.13156,0.11387,-0.15638,0.0596,0.13209,power_mw (+0.157),ambient_temp_c (-0.156),dust_vo_v (+0.132),-0.0
REC-05080,2026-09-13T02:11:15Z,SITE-A,ESP32-A01,v1.11,NORMAL,0.7927,0.2454,0.07573,0.03077,0.15675,0.13107,0.1149,-0.1558,0.06024,0.13358,power_mw (+0.157),ambient_temp_c (-0.156),dust_vo_v (+0.134),-0.0
REC-05081,2026-09-13T02:11:20Z,SITE-A,ESP32-A01,v1.11,NORMAL,0.7816,0.2454,0.07428,0.03342,0.16136,0.12617,0.11276,-0.15912,0.05907,0.12831,power_mw (+0.161),ambient_temp_c (-0.159),dust_vo_v (+0.128),-0.0
REC-05082,2026-09-13T02:11:25Z,SITE-A,ESP32-A01,v1.11,NORMAL,0.78,0.2454,0.07436,0.03223,0.15888,0.128,0.11406,-0.15919,0.05952,0.12673,ambient_temp_c (-0.159),power_mw (+0.159),panel_temp1_c (+0.128),-0.0
REC-05083,2026-09-13T02:11:30Z,SITE-A,ESP32-A01,v1.11,NORMAL,0.8118,0.2454,0.07551,0.03563,0.1702,0.13211,0.11536,-0.15247,0.05832,0.13174,power_mw (+0.170),ambient_temp_c (-0.152),panel_temp1_c (+0.132),-0.0
REC-05084,2026-09-13T02:11:35Z,SITE-A,ESP32-A01,v1.11,NORMAL,0.8011,0.2454,0.0764,0.03142,0.15942,0.13021,0.11482,-0.15311,0.05931,0.13724,power_mw (+0.159),ambient_temp_c (-0.153),dust_vo_v (+0.137),0.0
REC-05085,2026-09-13T02:11:40Z,SITE-A,ESP32-A01,v1.11,NORMAL,0.7892,0.2454,0.07444,0.032,0.15807,0.12753,0.11654,-0.15622,0.05884,0.13264,power_mw (+0.158),ambient_temp_c (-0.156),dust_vo_v (+0.133),0.0
REC-05086,2026-09-13T02:11:45Z,SITE-A,ESP32-A01,v1.11,NORMAL,0.7986,0.2454,0.0755,0.03372,0.16443,0.12725,0.11464,-0.1544,0.05919,0.13286,power_mw (+0.164),ambient_temp_c (-0.154),dust_vo_v (+0.133),0.0
REC-05087,2026-09-13T02:11:50Z,SITE-A,ESP32-A01,v1.11,NORMAL,0.8146,0.2454,0.07469,0.0351,0.16501,0.13285,0.11443,-0.15204,0.05797,0.14116,power_mw (+0.165),ambient_temp_c (-0.152),dust_vo_v (+0.141),0.0
REC-05088,2026-09-13T02:11:55Z,SITE-A,ESP32-A01,v1.11,NORMAL,0.7999,0.2454,0.07696,0.03199,0.16339,0.12958,0.11555,-0.15531,0.05984,0.13253,power_mw (+0.163),ambient_temp_c (-0.155),dust_vo_v (+0.133),0.0
REC-05089,2026-09-13T02:12:00Z,SITE-A,ESP32-A01,v1.11,NORMAL,0.7876,0.2454,0.0753,0.03332,0.16373,0.12842,0.11417,-0.15773,0.05964,0.12531,power_mw (+0.164),ambient_temp_c (-0.158),panel_temp1_c (+0.128),0.0
REC-05090,2026-09-13T02:12:05Z,SITE-A,ESP32-A01,v1.11,NORMAL,0.7856,0.2454,0.07354,0.03268,0.15826,0.13069,0.11499,-0.15844,0.05752,0.13098,ambient_temp_c (-0.158),power_mw (+0.158),dust_vo_v (+0.131),-0.0
REC-05091,2026-09-13T02:12:10Z,SITE-A,ESP32-A01,v1.11,NORMAL,0.7849,0.2454,0.07365,0.03431,0.16268,0.12828,0.11318,-0.15838,0.05784,0.12794,power_mw (+0.163),ambient_temp_c (-0.158),panel_temp1_c (+0.128),-0.0
REC-05092,2026-09-13T02:12:15Z,SITE-A,ESP32-A01,v1.11,NORMAL,0.7985,0.2454,0.0759,0.03367,0.16521,0.12794,0.11358,-0.15393,0.05727,0.13349,power_mw (+0.165),ambient_temp_c (-0.154),dust_vo_v (+0.133),0.0
REC-05093,2026-09-13T02:12:20Z,SITE-A,ESP32-A01,v1.11,NORMAL,0.7864,0.2454,0.07459,0.03322,0.16082,0.12558,0.11236,-0.15676,0.05775,0.13343,power_mw (+0.161),ambient_temp_c (-0.157),dust_vo_v (+0.133),0.0
REC-05094,2026-09-13T02:12:25Z,SITE-A,ESP32-A01,v1.11,NORMAL,0.7932,0.2454,0.07603,0.03417,0.16678,0.12601,0.11205,-0.15742,0.05789,0.13232,power_mw (+0.167),ambient_temp_c (-0.157),dust_vo_v (+0.132),-0.0
REC-05095,2026-09-13T02:12:30Z,SITE-A,ESP32-A01,v1.11,NORMAL,0.7885,0.2454,0.07509,0.0325,0.15997,0.12789,0.11295,-0.15856,0.05754,0.13576,power_mw (+0.160),ambient_temp_c (-0.159),dust_vo_v (+0.136),0.0
REC-05096,2026-09-13T02:12:35Z,SITE-A,ESP32-A01,v1.11,NORMAL,0.7984,0.2454,0.07667,0.03235,0.16264,0.12801,0.11335,-0.15449,0.05725,0.13726,power_mw (+0.163),ambient_temp_c (-0.154),dust_vo_v (+0.137),0.0
REC-05097,2026-09-13T02:12:40Z,SITE-A,ESP32-A01,v1.11,NORMAL,0.7804,0.2454,0.07465,0.03393,0.16376,0.12542,0.11176,-0.16016,0.05745,0.12816,power_mw (+0.164),ambient_temp_c (-0.160),dust_vo_v (+0.128),0.0
REC-05098,2026-09-13T02:12:45Z,SITE-A,ESP32-A01,v1.11,NORMAL,0.7838,0.2454,0.07586,0.03231,0.16211,0.12818,0.11298,-0.16065,0.0596,0.12803,power_mw (+0.162),ambient_temp_c (-0.161),panel_temp1_c (+0.128),0.0
REC-05099,2026-09-13T02:12:50Z,SITE-A,ESP32-A01,v1.11,NORMAL,0.7959,0.2454,0.07481,0.03452,0.16455,0.12704,0.1128,-0.1581,0.05788,0.13702,power_mw (+0.165),ambient_temp_c (-0.158),dust_vo_v (+0.137),0.0
REC-05100,2026-09-13T02:12:55Z,SITE-A,ESP32-A01,v1.11,NORMAL,0.7856,0.2454,0.07591,0.03248,0.16278,0.12739,0.11343,-0.15917,0.05786,0.12956,power_mw (+0.163),ambient_temp_c (-0.159),dust_vo_v (+0.130),0.0
REC-05101,2026-09-13T06:47:00Z,SITE-C,ESP32-C01,v1.12,SHORT_CIRCUIT,0.9875,0.16968,0.56307,0.07618,0.09743,-0.00505,0.01034,0.02581,0.00743,0.04257,voltage_v (+0.563),power_mw (+0.097),current_ma (+0.076),-0.0
REC-05102,2026-09-13T06:47:05Z,SITE-C,ESP32-C01,v1.12,SHORT_CIRCUIT,0.9877,0.16968,0.56453,0.07468,0.09765,-0.00468,0.01039,0.02587,0.00719,0.04234,voltage_v (+0.565),power_mw (+0.098),current_ma (+0.075),0.0
REC-05103,2026-09-13T06:47:10Z,SITE-C,ESP32-C01,v1.12,SHORT_CIRCUIT,0.9875,0.16968,0.56382,0.0755,0.09889,-0.00509,0.01031,0.02588,0.00721,0.04136,voltage_v (+0.564),power_mw (+0.099),current_ma (+0.076),0.0
REC-05104,2026-09-13T06:47:15Z,SITE-C,ESP32-C01,v1.12,SHORT_CIRCUIT,0.9876,0.16968,0.56424,0.07514,0.09821,-0.00482,0.01032,0.02588,0.00718,0.04181,voltage_v (+0.564),power_mw (+0.098),current_ma (+0.075),-0.0
REC-05105,2026-09-13T06:47:20Z,SITE-C,ESP32-C01,v1.12,SHORT_CIRCUIT,0.9872,0.16968,0.56316,0.07496,0.09818,-0.00442,0.01025,0.02614,0.00732,0.04195,voltage_v (+0.563),power_mw (+0.098),current_ma (+0.075),-0.0
REC-05106,2026-09-13T06:47:25Z,SITE-C,ESP32-C01,v1.12,SHORT_CIRCUIT,0.9883,0.16968,0.56547,0.07347,0.09854,-0.00354,0.01029,0.02584,0.0071,0.04142,voltage_v (+0.565),power_mw (+0.099),current_ma (+0.073),-0.0
REC-05107,2026-09-13T06:47:30Z,SITE-C,ESP32-C01,v1.12,SHORT_CIRCUIT,0.9872,0.16968,0.56247,0.07609,0.09917,-0.00484,0.01017,0.02602,0.00737,0.04106,voltage_v (+0.562),power_mw (+0.099),current_ma (+0.076),0.0
REC-05108,2026-09-13T06:47:35Z,SITE-C,ESP32-C01,v1.12,SHORT_CIRCUIT,0.9873,0.16968,0.5636,0.07419,0.09804,-0.00406,0.01031,0.02596,0.00733,0.04221,voltage_v (+0.564),power_mw (+0.098),current_ma (+0.074),-0.0
REC-05109,2026-09-13T06:47:40Z,SITE-C,ESP32-C01,v1.12,SHORT_CIRCUIT,0.9869,0.16968,0.56257,0.07484,0.09959,-0.00427,0.01027,0.02592,0.00738,0.04094,voltage_v (+0.563),power_mw (+0.100),current_ma (+0.075),-0.0
REC-05110,2026-09-13T06:47:45Z,SITE-C,ESP32-C01,v1.12,SHORT_CIRCUIT,0.9874,0.16968,0.56413,0.07489,0.09879,-0.00451,0.01019,0.0258,0.00716,0.04127,voltage_v (+0.564),power_mw (+0.099),current_ma (+0.075),-0.0
REC-05111,2026-09-13T06:47:50Z,SITE-C,ESP32-C01,v1.12,SHORT_CIRCUIT,0.9871,0.16968,0.56274,0.07578,0.09744,-0.00483,0.01044,0.02563,0.00749,0.04274,voltage_v (+0.563),power_mw (+0.097),current_ma (+0.076),0.0
REC-05112,2026-09-13T06:47:55Z,SITE-C,ESP32-C01,v1.12,SHORT_CIRCUIT,0.9878,0.16968,0.56422,0.0746,0.09857,-0.00429,0.01044,0.02533,0.00739,0.04192,voltage_v (+0.564),power_mw (+0.099),current_ma (+0.075),0.0
REC-05113,2026-09-13T06:48:00Z,SITE-C,ESP32-C01,v1.12,SHORT_CIRCUIT,0.9873,0.16968,0.56357,0.07491,0.09814,-0.00434,0.0103,0.02572,0.0073,0.04196,voltage_v (+0.564),power_mw (+0.098),current_ma (+0.075),0.0
REC-05114,2026-09-13T06:48:05Z,SITE-C,ESP32-C01,v1.12,SHORT_CIRCUIT,0.9866,0.16968,0.56145,0.07615,0.09884,-0.00474,0.01038,0.02567,0.00751,0.04164,voltage_v (+0.561),power_mw (+0.099),current_ma (+0.076),-0.0
REC-05115,2026-09-13T06:48:10Z,SITE-C,ESP32-C01,v1.12,SHORT_CIRCUIT,0.9873,0.16968,0.56445,0.07453,0.09982,-0.00466,0.01013,0.0254,0.00725,0.04068,voltage_v (+0.564),power_mw (+0.100),current_ma (+0.075),0.0
REC-05116,2026-09-13T06:48:15Z,SITE-C,ESP32-C01,v1.12,SHORT_CIRCUIT,0.9875,0.16968,0.5647,0.07401,0.09844,-0.00425,0.01027,0.02536,0.00732,0.04196,voltage_v (+0.565),power_mw (+0.098),current_ma (+0.074),0.0
REC-05117,2026-09-13T06:48:20Z,SITE-C,ESP32-C01,v1.12,SHORT_CIRCUIT,0.9877,0.16968,0.56619,0.07352,0.09852,-0.00441,0.01015,0.02489,0.00725,0.04189,voltage_v (+0.566),power_mw (+0.099),current_ma (+0.074),-0.0
REC-05118,2026-09-13T06:48:25Z,SITE-C,ESP32-C01,v1.12,SHORT_CIRCUIT,0.9877,0.16968,0.56439,0.07496,0.09824,-0.00437,0.01043,0.02499,0.00735,0.04203,voltage_v (+0.564),power_mw (+0.098),current_ma (+0.075),-0.0
REC-05119,2026-09-13T06:48:30Z,SITE-C,ESP32-C01,v1.12,SHORT_CIRCUIT,0.9875,0.16968,0.56433,0.07542,0.099,-0.00489,0.01022,0.02512,0.0073,0.04131,voltage_v (+0.564),power_mw (+0.099),current_ma (+0.075),0.0
REC-05120,2026-09-13T06:48:35Z,SITE-C,ESP32-C01,v1.12,SHORT_CIRCUIT,0.9879,0.16968,0.56642,0.07383,0.09921,-0.00463,0.01015,0.02484,0.00717,0.04125,voltage_v (+0.566),power_mw (+0.099),current_ma (+0.074),-0.0
REC-05121,2026-09-13T06:48:40Z,SITE-C,ESP32-C01,v1.12,SHORT_CIRCUIT,0.9875,0.16968,0.56443,0.07486,0.09837,-0.0045,0.01033,0.025,0.00736,0.04195,voltage_v (+0.564),power_mw (+0.098),current_ma (+0.075),-0.0
REC-05122,2026-09-13T06:48:45Z,SITE-C,ESP32-C01,v1.12,SHORT_CIRCUIT,0.9873,0.16968,0.56311,0.07631,0.09957,-0.00476,0.01036,0.02506,0.00732,0.04066,voltage_v (+0.563),power_mw (+0.100),current_ma (+0.076),-0.0
REC-05123,2026-09-13T06:48:50Z,SITE-C,ESP32-C01,v1.12,SHORT_CIRCUIT,0.9878,0.16968,0.56552,0.07526,0.09812,-0.00498,0.01031,0.02495,0.00714,0.04179,voltage_v (+0.566),power_mw (+0.098),current_ma (+0.075),-0.0
REC-05124,2026-09-13T06:48:55Z,SITE-C,ESP32-C01,v1.12,SHORT_CIRCUIT,0.9875,0.16968,0.56433,0.07608,0.09873,-0.00524,0.01031,0.02528,0.0071,0.0412,voltage_v (+0.564),power_mw (+0.099),current_ma (+0.076),0.0
REC-05125,2026-09-13T06:49:00Z,SITE-C,ESP32-C01,v1.12,SHORT_CIRCUIT,0.9873,0.16968,0.56243,0.07696,0.09833,-0.00515,0.01045,0.02558,0.00733,0.04168,voltage_v (+0.562),power_mw (+0.098),current_ma (+0.077),-0.0
REC-05126,2026-09-13T06:49:05Z,SITE-C,ESP32-C01,v1.12,SHORT_CIRCUIT,0.9883,0.16968,0.56567,0.07577,0.09668,-0.00479,0.01036,0.02522,0.00715,0.04255,voltage_v (+0.566),power_mw (+0.097),current_ma (+0.076),0.0
REC-05127,2026-09-13T06:49:10Z,SITE-C,ESP32-C01,v1.12,SHORT_CIRCUIT,0.9878,0.16968,0.5627,0.07848,0.09853,-0.00568,0.01034,0.02535,0.00729,0.04111,voltage_v (+0.563),power_mw (+0.099),current_ma (+0.078),-0.0
REC-05128,2026-09-13T06:49:15Z,SITE-C,ESP32-C01,v1.12,SHORT_CIRCUIT,0.9874,0.16968,0.56247,0.07792,0.09836,-0.00572,0.01043,0.02562,0.00724,0.04139,voltage_v (+0.562),power_mw (+0.098),current_ma (+0.078),-0.0
REC-05129,2026-09-13T06:49:20Z,SITE-C,ESP32-C01,v1.12,SHORT_CIRCUIT,0.9872,0.16968,0.56056,0.07941,0.09831,-0.00588,0.01045,0.02574,0.00749,0.04148,voltage_v (+0.561),power_mw (+0.098),current_ma (+0.079),-0.0
REC-05130,2026-09-13T06:49:25Z,SITE-C,ESP32-C01,v1.12,SHORT_CIRCUIT,0.9873,0.16968,0.56269,0.07777,0.09997,-0.00563,0.01037,0.02534,0.00715,0.03997,voltage_v (+0.563),power_mw (+0.100),current_ma (+0.078),-0.0
REC-05131,2026-09-13T06:49:30Z,SITE-C,ESP32-C01,v1.12,SHORT_CIRCUIT,0.9879,0.16968,0.56383,0.07833,0.09807,-0.00614,0.01035,0.02509,0.00723,0.04149,voltage_v (+0.564),power_mw (+0.098),current_ma (+0.078),-0.0
REC-05132,2026-09-13T06:49:35Z,SITE-C,ESP32-C01,v1.12,SHORT_CIRCUIT,0.9876,0.16968,0.56333,0.0786,0.10009,-0.006,0.01025,0.02496,0.00708,0.03959,voltage_v (+0.563),power_mw (+0.100),current_ma (+0.079),0.0
REC-05133,2026-09-13T06:49:40Z,SITE-C,ESP32-C01,v1.12,SHORT_CIRCUIT,0.988,0.16968,0.56303,0.08032,0.09783,-0.00686,0.01041,0.02496,0.00722,0.04137,voltage_v (+0.563),power_mw (+0.098),current_ma (+0.080),0.0
REC-05134,2026-09-13T06:49:45Z,SITE-C,ESP32-C01,v1.12,SHORT_CIRCUIT,0.9873,0.16968,0.56124,0.08089,0.09893,-0.00679,0.01044,0.02513,0.00723,0.04051,voltage_v (+0.561),power_mw (+0.099),current_ma (+0.081),0.0
REC-05135,2026-09-13T06:49:50Z,SITE-C,ESP32-C01,v1.12,SHORT_CIRCUIT,0.9874,0.16968,0.5617,0.08014,0.09898,-0.00625,0.01048,0.02493,0.00722,0.04053,voltage_v (+0.562),power_mw (+0.099),current_ma (+0.080),-0.0
REC-05136,2026-09-13T06:49:55Z,SITE-C,ESP32-C01,v1.12,SHORT_CIRCUIT,0.9877,0.16968,0.56308,0.07991,0.09885,-0.00685,0.01048,0.02456,0.00717,0.04081,voltage_v (+0.563),power_mw (+0.099),current_ma (+0.080),-0.0
REC-05137,2026-09-13T06:50:00Z,SITE-C,ESP32-C01,v1.12,SHORT_CIRCUIT,0.9878,0.16968,0.56303,0.07933,0.09969,-0.0062,0.01042,0.02452,0.00718,0.04011,voltage_v (+0.563),power_mw (+0.100),current_ma (+0.079),0.0
REC-05138,2026-09-13T06:50:05Z,SITE-C,ESP32-C01,v1.12,SHORT_CIRCUIT,0.988,0.16968,0.56367,0.07893,0.09873,-0.00609,0.01048,0.02464,0.00712,0.04082,voltage_v (+0.564),power_mw (+0.099),current_ma (+0.079),0.0
REC-05139,2026-09-13T06:50:10Z,SITE-C,ESP32-C01,v1.12,SHORT_CIRCUIT,0.9878,0.16968,0.56288,0.08014,0.09968,-0.0069,0.01039,0.02447,0.00722,0.04019,voltage_v (+0.563),power_mw (+0.100),current_ma (+0.080),-0.0
REC-05140,2026-09-13T06:50:15Z,SITE-C,ESP32-C01,v1.12,SHORT_CIRCUIT,0.9884,0.16968,0.56611,0.07704,0.09988,-0.00575,0.0103,0.02411,0.00696,0.04005,voltage_v (+0.566),power_mw (+0.100),current_ma (+0.077),-0.0
REC-05141,2026-09-13T06:50:20Z,SITE-C,ESP32-C01,v1.12,SHORT_CIRCUIT,0.9878,0.16968,0.56301,0.07899,0.09867,-0.00573,0.0104,0.0245,0.00734,0.04096,voltage_v (+0.563),power_mw (+0.099),current_ma (+0.079),-0.0
REC-05142,2026-09-13T06:50:25Z,SITE-C,ESP32-C01,v1.12,SHORT_CIRCUIT,0.9883,0.16968,0.56423,0.07914,0.09787,-0.00628,0.01046,0.02434,0.00726,0.04158,voltage_v (+0.564),power_mw (+0.098),current_ma (+0.079),-0.0
REC-05143,2026-09-13T06:50:30Z,SITE-C,ESP32-C01,v1.12,SHORT_CIRCUIT,0.9879,0.16968,0.5641,0.07901,0.09831,-0.00649,0.01039,0.02438,0.00723,0.04133,voltage_v (+0.564),power_mw (+0.098),current_ma (+0.079),0.0
REC-05144,2026-09-13T06:50:35Z,SITE-C,ESP32-C01,v1.12,SHORT_CIRCUIT,0.9868,0.16968,0.56117,0.08071,0.09891,-0.007,0.01035,0.025,0.00729,0.04073,voltage_v (+0.561),power_mw (+0.099),current_ma (+0.081),0.0
REC-05145,2026-09-13T06:50:40Z,SITE-C,ESP32-C01,v1.12,SHORT_CIRCUIT,0.9879,0.16968,0.56349,0.07974,0.0988,-0.00669,0.0104,0.02465,0.00711,0.0407,voltage_v (+0.563),power_mw (+0.099),current_ma (+0.080),0.0
REC-05146,2026-09-13T06:50:45Z,SITE-C,ESP32-C01,v1.12,SHORT_CIRCUIT,0.9878,0.16968,0.56388,0.07834,0.09902,-0.00579,0.01045,0.02456,0.00705,0.04057,voltage_v (+0.564),power_mw (+0.099),current_ma (+0.078),-0.0
REC-05147,2026-09-13T06:50:50Z,SITE-C,ESP32-C01,v1.12,SHORT_CIRCUIT,0.9877,0.16968,0.56278,0.07974,0.09962,-0.00629,0.01044,0.0244,0.00722,0.04014,voltage_v (+0.563),power_mw (+0.100),current_ma (+0.080),0.0
REC-05148,2026-09-13T06:50:55Z,SITE-C,ESP32-C01,v1.12,SHORT_CIRCUIT,0.9874,0.16968,0.56252,0.07929,0.09962,-0.00624,0.01047,0.02451,0.00719,0.04031,voltage_v (+0.563),power_mw (+0.100),current_ma (+0.079),0.0
REC-05149,2026-09-13T06:51:00Z,SITE-C,ESP32-C01,v1.12,SHORT_CIRCUIT,0.9882,0.16968,0.56463,0.07851,0.0985,-0.0059,0.01044,0.02421,0.00714,0.04102,voltage_v (+0.565),power_mw (+0.099),current_ma (+0.079),0.0
REC-05150,2026-09-13T06:51:05Z,SITE-C,ESP32-C01,v1.12,SHORT_CIRCUIT,0.9875,0.16968,0.5612,0.08194,0.09905,-0.00719,0.01048,0.02482,0.0072,0.04032,voltage_v (+0.561),power_mw (+0.099),current_ma (+0.082),-0.0
REC-05151,2026-09-13T06:51:10Z,SITE-C,ESP32-C01,v1.12,SHORT_CIRCUIT,0.9878,0.16968,0.56108,0.08307,0.0986,-0.00772,0.01056,0.02483,0.00718,0.04051,voltage_v (+0.561),power_mw (+0.099),current_ma (+0.083),0.0
REC-05152,2026-09-13T06:51:15Z,SITE-C,ESP32-C01,v1.12,SHORT_CIRCUIT,0.9877,0.16968,0.56122,0.08442,0.09926,-0.00851,0.01045,0.0246,0.00696,0.03963,voltage_v (+0.561),power_mw (+0.099),current_ma (+0.084),0.0
REC-05153,2026-09-13T06:51:20Z,SITE-C,ESP32-C01,v1.12,SHORT_CIRCUIT,0.9882,0.16968,0.56218,0.08324,0.09806,-0.00794,0.01058,0.02441,0.00714,0.04086,voltage_v (+0.562),power_mw (+0.098),current_ma (+0.083),-0.0
REC-05154,2026-09-13T06:51:25Z,SITE-C,ESP32-C01,v1.12,SHORT_CIRCUIT,0.9881,0.16968,0.56117,0.0838,0.09813,-0.00778,0.01067,0.02454,0.00719,0.04076,voltage_v (+0.561),power_mw (+0.098),current_ma (+0.084),0.0
REC-05155,2026-09-13T06:51:30Z,SITE-C,ESP32-C01,v1.12,SHORT_CIRCUIT,0.9879,0.16968,0.56051,0.08521,0.09733,-0.00854,0.01065,0.02451,0.00728,0.04126,voltage_v (+0.561),power_mw (+0.097),current_ma (+0.085),0.0
REC-05156,2026-09-13T06:51:35Z,SITE-C,ESP32-C01,v1.12,SHORT_CIRCUIT,0.988,0.16968,0.56094,0.08439,0.09756,-0.00801,0.0107,0.0244,0.00719,0.04114,voltage_v (+0.561),power_mw (+0.098),current_ma (+0.084),0.0
REC-05157,2026-09-13T06:51:40Z,SITE-C,ESP32-C01,v1.12,SHORT_CIRCUIT,0.9882,0.16968,0.56234,0.08352,0.09909,-0.00795,0.01043,0.02442,0.00693,0.0397,voltage_v (+0.562),power_mw (+0.099),current_ma (+0.084),-0.0
REC-05158,2026-09-13T06:51:45Z,SITE-C,ESP32-C01,v1.12,SHORT_CIRCUIT,0.9881,0.16968,0.56195,0.08364,0.0991,-0.00778,0.01053,0.02454,0.00686,0.03963,voltage_v (+0.562),power_mw (+0.099),current_ma (+0.084),0.0
REC-05159,2026-09-13T06:51:50Z,SITE-C,ESP32-C01,v1.12,SHORT_CIRCUIT,0.9879,0.16968,0.56084,0.08426,0.09823,-0.00797,0.01062,0.02452,0.00711,0.04057,voltage_v (+0.561),power_mw (+0.098),current_ma (+0.084),0.0
REC-05160,2026-09-13T06:51:55Z,SITE-C,ESP32-C01,v1.12,SHORT_CIRCUIT,0.9881,0.16968,0.56198,0.08329,0.09914,-0.00758,0.01047,0.02425,0.00709,0.03983,voltage_v (+0.562),power_mw (+0.099),current_ma (+0.083),0.0
REC-05161,2026-09-13T08:26:00Z,SITE-C,ESP32-C01,v1.12,OPEN_CIRCUIT,0.9921,0.15905,0.23013,0.10147,0.27542,-0.00229,0.00409,0.06365,0.12003,0.0406,power_mw (+0.275),voltage_v (+0.230),irradiance_lux (+0.120),0.0
REC-05162,2026-09-13T08:26:05Z,SITE-C,ESP32-C01,v1.12,OPEN_CIRCUIT,0.9942,0.15905,0.22897,0.09955,0.27195,-0.00222,0.00631,0.06267,0.11621,0.05174,power_mw (+0.272),voltage_v (+0.229),irradiance_lux (+0.116),-0.0
REC-05163,2026-09-13T08:26:10Z,SITE-C,ESP32-C01,v1.12,OPEN_CIRCUIT,0.9913,0.15905,0.23052,0.10214,0.27882,-0.00219,0.00406,0.06409,0.11889,0.03596,power_mw (+0.279),voltage_v (+0.231),irradiance_lux (+0.119),0.0
REC-05164,2026-09-13T08:26:15Z,SITE-C,ESP32-C01,v1.12,OPEN_CIRCUIT,0.9925,0.15905,0.22929,0.10172,0.27625,-0.00202,0.00458,0.06394,0.11553,0.04419,power_mw (+0.276),voltage_v (+0.229),irradiance_lux (+0.116),-0.0
REC-05165,2026-09-13T08:26:20Z,SITE-C,ESP32-C01,v1.12,OPEN_CIRCUIT,0.9929,0.15905,0.22926,0.10153,0.27525,-0.00213,0.00423,0.0637,0.1161,0.04589,power_mw (+0.275),voltage_v (+0.229),irradiance_lux (+0.116),-0.0
REC-05166,2026-09-13T08:26:25Z,SITE-C,ESP32-C01,v1.12,OPEN_CIRCUIT,0.9926,0.15905,0.22735,0.10146,0.27647,-0.0022,0.00511,0.06411,0.117,0.0443,power_mw (+0.276),voltage_v (+0.227),irradiance_lux (+0.117),0.0
REC-05167,2026-09-13T08:26:30Z,SITE-C,ESP32-C01,v1.12,OPEN_CIRCUIT,0.993,0.15905,0.23106,0.10093,0.27291,-0.00203,0.00488,0.06327,0.11659,0.04632,power_mw (+0.273),voltage_v (+0.231),irradiance_lux (+0.117),0.0
REC-05168,2026-09-13T08:26:35Z,SITE-C,ESP32-C01,v1.12,OPEN_CIRCUIT,0.9924,0.15905,0.22986,0.10128,0.27281,-0.00198,0.00518,0.06385,0.11743,0.04496,power_mw (+0.273),voltage_v (+0.230),irradiance_lux (+0.117),-0.0
REC-05169,2026-09-13T08:26:40Z,SITE-C,ESP32-C01,v1.12,OPEN_CIRCUIT,0.9926,0.15905,0.22916,0.10088,0.26642,-0.00187,0.00606,0.06408,0.11872,0.05011,power_mw (+0.266),voltage_v (+0.229),irradiance_lux (+0.119),-0.0
REC-05170,2026-09-13T08:26:45Z,SITE-C,ESP32-C01,v1.12,OPEN_CIRCUIT,0.9927,0.15905,0.22896,0.10089,0.27576,-0.00193,0.0056,0.06327,0.11726,0.04386,power_mw (+0.276),voltage_v (+0.229),irradiance_lux (+0.117),-0.0
REC-05171,2026-09-13T08:26:50Z,SITE-C,ESP32-C01,v1.12,OPEN_CIRCUIT,0.993,0.15905,0.23132,0.10091,0.27486,-0.00204,0.00517,0.06331,0.11529,0.04511,power_mw (+0.275),voltage_v (+0.231),irradiance_lux (+0.115),-0.0
REC-05172,2026-09-13T08:26:55Z,SITE-C,ESP32-C01,v1.12,OPEN_CIRCUIT,0.9937,0.15905,0.22849,0.10051,0.27284,-0.002,0.00549,0.06294,0.11537,0.05105,power_mw (+0.273),voltage_v (+0.228),irradiance_lux (+0.115),0.0
REC-05173,2026-09-13T08:27:00Z,SITE-C,ESP32-C01,v1.12,OPEN_CIRCUIT,0.9928,0.15905,0.22989,0.10102,0.26961,-0.00195,0.00528,0.06375,0.11737,0.04881,power_mw (+0.270),voltage_v (+0.230),irradiance_lux (+0.117),-0.0
REC-05174,2026-09-13T08:27:05Z,SITE-C,ESP32-C01,v1.12,OPEN_CIRCUIT,0.993,0.15905,0.23115,0.10066,0.27472,-0.00198,0.0054,0.06311,0.11625,0.04461,power_mw (+0.275),voltage_v (+0.231),irradiance_lux (+0.116),-0.0
REC-05175,2026-09-13T08:27:10Z,SITE-C,ESP32-C01,v1.12,OPEN_CIRCUIT,0.9929,0.15905,0.23025,0.10087,0.2716,-0.00202,0.00491,0.0633,0.11811,0.04688,power_mw (+0.272),voltage_v (+0.230),irradiance_lux (+0.118),0.0
REC-05176,2026-09-13T08:27:15Z,SITE-C,ESP32-C01,v1.12,OPEN_CIRCUIT,0.9939,0.15905,0.22822,0.1003,0.27276,-0.00215,0.0055,0.06297,0.11618,0.05104,power_mw (+0.273),voltage_v (+0.228),irradiance_lux (+0.116),0.0
REC-05177,2026-09-13T08:27:20Z,SITE-C,ESP32-C01,v1.12,OPEN_CIRCUIT,0.9917,0.15905,0.22809,0.10237,0.27753,-0.00235,0.00339,0.06426,0.11939,0.04001,power_mw (+0.278),voltage_v (+0.228),irradiance_lux (+0.119),-0.0
REC-05178,2026-09-13T08:27:25Z,SITE-C,ESP32-C01,v1.12,OPEN_CIRCUIT,0.9927,0.15905,0.22994,0.10056,0.27656,-0.00221,0.00575,0.06338,0.1185,0.04116,power_mw (+0.277),voltage_v (+0.230),irradiance_lux (+0.119),0.0
REC-05179,2026-09-13T08:27:30Z,SITE-C,ESP32-C01,v1.12,OPEN_CIRCUIT,0.9926,0.15905,0.22878,0.10126,0.27641,-0.00223,0.00467,0.06367,0.11818,0.04284,power_mw (+0.276),voltage_v (+0.229),irradiance_lux (+0.118),0.0
REC-05180,2026-09-13T08:27:35Z,SITE-C,ESP32-C01,v1.12,OPEN_CIRCUIT,0.9931,0.15905,0.22967,0.10086,0.27515,-0.00227,0.00507,0.06353,0.11667,0.04541,power_mw (+0.275),voltage_v (+0.230),irradiance_lux (+0.117),-0.0
REC-05181,2026-09-13T08:27:40Z,SITE-C,ESP32-C01,v1.12,OPEN_CIRCUIT,0.993,0.15905,0.22959,0.10104,0.27125,-0.00247,0.00474,0.06398,0.11797,0.0479,power_mw (+0.271),voltage_v (+0.230),irradiance_lux (+0.118),-0.0
REC-05182,2026-09-13T08:27:45Z,SITE-C,ESP32-C01,v1.12,OPEN_CIRCUIT,0.9925,0.15905,0.23007,0.10101,0.27437,-0.00237,0.00451,0.0635,0.12048,0.04184,power_mw (+0.274),voltage_v (+0.230),irradiance_lux (+0.120),-0.0
REC-05183,2026-09-13T08:27:50Z,SITE-C,ESP32-C01,v1.12,OPEN_CIRCUIT,0.9918,0.15905,0.23147,0.10124,0.27001,-0.0023,0.00486,0.06409,0.12152,0.04184,power_mw (+0.270),voltage_v (+0.231),irradiance_lux (+0.122),0.0
REC-05184,2026-09-13T08:27:55Z,SITE-C,ESP32-C01,v1.12,OPEN_CIRCUIT,0.9918,0.15905,0.22844,0.10196,0.27548,-0.00236,0.00383,0.06414,0.1208,0.04046,power_mw (+0.275),voltage_v (+0.228),irradiance_lux (+0.121),0.0
REC-05185,2026-09-13T08:28:00Z,SITE-C,ESP32-C01,v1.12,OPEN_CIRCUIT,0.9923,0.15905,0.2299,0.10138,0.27516,-0.00232,0.00435,0.06376,0.11925,0.04181,power_mw (+0.275),voltage_v (+0.230),irradiance_lux (+0.119),-0.0
REC-05186,2026-09-13T08:28:05Z,SITE-C,ESP32-C01,v1.12,OPEN_CIRCUIT,0.9924,0.15905,0.22958,0.10132,0.27463,-0.00205,0.00436,0.06346,0.11931,0.04275,power_mw (+0.275),voltage_v (+0.230),irradiance_lux (+0.119),-0.0
REC-05187,2026-09-13T08:28:10Z,SITE-C,ESP32-C01,v1.12,OPEN_CIRCUIT,0.9918,0.15905,0.22997,0.10126,0.27763,-0.00185,0.00564,0.06366,0.11835,0.03812,power_mw (+0.278),voltage_v (+0.230),irradiance_lux (+0.118),-0.0
REC-05188,2026-09-13T08:28:15Z,SITE-C,ESP32-C01,v1.12,OPEN_CIRCUIT,0.9922,0.15905,0.23035,0.10174,0.27397,-0.00189,0.00396,0.06356,0.11803,0.04345,power_mw (+0.274),voltage_v (+0.230),irradiance_lux (+0.118),-0.0
REC-05189,2026-09-13T08:28:20Z,SITE-C,ESP32-C01,v1.12,OPEN_CIRCUIT,0.9923,0.15905,0.22997,0.10145,0.27578,-0.00208,0.00475,0.0638,0.11773,0.04187,power_mw (+0.276),voltage_v (+0.230),irradiance_lux (+0.118),-0.0
REC-05190,2026-09-13T08:28:25Z,SITE-C,ESP32-C01,v1.12,OPEN_CIRCUIT,0.9925,0.15905,0.2296,0.10049,0.27071,-0.00223,0.00644,0.06402,0.11984,0.04461,power_mw (+0.271),voltage_v (+0.230),irradiance_lux (+0.120),-0.0
REC-05191,2026-09-13T08:28:30Z,SITE-C,ESP32-C01,v1.12,OPEN_CIRCUIT,0.9937,0.15905,0.22773,0.10065,0.2726,-0.00234,0.00435,0.06297,0.11841,0.05029,power_mw (+0.273),voltage_v (+0.228),irradiance_lux (+0.118),0.0
REC-05192,2026-09-13T08:28:35Z,SITE-C,ESP32-C01,v1.12,OPEN_CIRCUIT,0.9921,0.15905,0.22854,0.10162,0.27724,-0.00226,0.00426,0.06378,0.12013,0.03972,power_mw (+0.277),voltage_v (+0.229),irradiance_lux (+0.120),0.0
REC-05193,2026-09-13T08:28:40Z,SITE-C,ESP32-C01,v1.12,OPEN_CIRCUIT,0.9936,0.15905,0.22904,0.10039,0.27352,-0.00233,0.00506,0.06308,0.11773,0.04803,power_mw (+0.274),voltage_v (+0.229),irradiance_lux (+0.118),-0.0
REC-05194,2026-09-13T08:28:45Z,SITE-C,ESP32-C01,v1.12,OPEN_CIRCUIT,0.9933,0.15905,0.22986,0.10101,0.26958,-0.00216,0.0042,0.06329,0.11776,0.05074,power_mw (+0.270),voltage_v (+0.230),irradiance_lux (+0.118),-0.0
REC-05195,2026-09-13T08:28:50Z,SITE-C,ESP32-C01,v1.12,OPEN_CIRCUIT,0.9933,0.15905,0.22854,0.10093,0.27352,-0.0021,0.00434,0.06293,0.11777,0.04835,power_mw (+0.274),voltage_v (+0.229),irradiance_lux (+0.118),0.0
REC-05196,2026-09-13T08:28:55Z,SITE-C,ESP32-C01,v1.12,OPEN_CIRCUIT,0.9931,0.15905,0.23038,0.10075,0.27306,-0.00216,0.00475,0.06312,0.11797,0.04616,power_mw (+0.273),voltage_v (+0.230),irradiance_lux (+0.118),0.0
REC-05197,2026-09-13T08:29:00Z,SITE-C,ESP32-C01,v1.12,OPEN_CIRCUIT,0.9935,0.15905,0.22909,0.10078,0.27324,-0.00221,0.00496,0.06325,0.1159,0.04947,power_mw (+0.273),voltage_v (+0.229),irradiance_lux (+0.116),-0.0
REC-05198,2026-09-13T08:29:05Z,SITE-C,ESP32-C01,v1.12,OPEN_CIRCUIT,0.9933,0.15905,0.22931,0.10081,0.27413,-0.00231,0.00481,0.06338,0.11709,0.04701,power_mw (+0.274),voltage_v (+0.229),irradiance_lux (+0.117),-0.0
REC-05199,2026-09-13T08:29:10Z,SITE-C,ESP32-C01,v1.12,OPEN_CIRCUIT,0.9935,0.15905,0.22743,0.10024,0.27407,-0.00207,0.00643,0.06321,0.11637,0.04883,power_mw (+0.274),voltage_v (+0.227),irradiance_lux (+0.116),0.0
REC-05200,2026-09-13T08:29:15Z,SITE-C,ESP32-C01,v1.12,OPEN_CIRCUIT,0.9928,0.15905,0.22944,0.10097,0.27311,-0.00219,0.00522,0.06377,0.11791,0.04554,power_mw (+0.273),voltage_v (+0.229),irradiance_lux (+0.118),0.0
REC-05201,2026-09-13T08:29:20Z,SITE-C,ESP32-C01,v1.12,OPEN_CIRCUIT,0.9922,0.15905,0.23077,0.1018,0.27679,-0.00196,0.00456,0.06394,0.11545,0.04183,power_mw (+0.277),voltage_v (+0.231),irradiance_lux (+0.115),-0.0
REC-05202,2026-09-13T08:29:25Z,SITE-C,ESP32-C01,v1.12,OPEN_CIRCUIT,0.9937,0.15905,0.23054,0.10052,0.27277,-0.00236,0.00444,0.06294,0.11708,0.04868,power_mw (+0.273),voltage_v (+0.231),irradiance_lux (+0.117),0.0
REC-05203,2026-09-13T08:29:30Z,SITE-C,ESP32-C01,v1.12,OPEN_CIRCUIT,0.994,0.15905,0.22827,0.0999,0.26986,-0.00199,0.00619,0.06268,0.11647,0.05361,power_mw (+0.270),voltage_v (+0.228),irradiance_lux (+0.116),-0.0
REC-05204,2026-09-13T08:29:35Z,SITE-C,ESP32-C01,v1.12,OPEN_CIRCUIT,0.9929,0.15905,0.23022,0.10099,0.2754,-0.0022,0.00472,0.06341,0.11733,0.04398,power_mw (+0.275),voltage_v (+0.230),irradiance_lux (+0.117),0.0
REC-05205,2026-09-13T08:29:40Z,SITE-C,ESP32-C01,v1.12,OPEN_CIRCUIT,0.9933,0.15905,0.23033,0.09999,0.27439,-0.00215,0.00578,0.06273,0.11835,0.04485,power_mw (+0.274),voltage_v (+0.230),irradiance_lux (+0.118),-0.0
REC-05206,2026-09-13T08:29:45Z,SITE-C,ESP32-C01,v1.12,OPEN_CIRCUIT,0.9929,0.15905,0.22851,0.10141,0.27589,-0.00227,0.00487,0.06405,0.11596,0.0454,power_mw (+0.276),voltage_v (+0.229),irradiance_lux (+0.116),-0.0
REC-05207,2026-09-13T08:29:50Z,SITE-C,ESP32-C01,v1.12,OPEN_CIRCUIT,0.9923,0.15905,0.23011,0.10115,0.27734,-0.00229,0.00519,0.06379,0.1181,0.03984,power_mw (+0.277),voltage_v (+0.230),irradiance_lux (+0.118),-0.0
REC-05208,2026-09-13T08:29:55Z,SITE-C,ESP32-C01,v1.12,OPEN_CIRCUIT,0.9927,0.15905,0.22928,0.10088,0.2765,-0.00213,0.00518,0.06338,0.11841,0.04214,power_mw (+0.276),voltage_v (+0.229),irradiance_lux (+0.118),0.0
REC-05209,2026-09-13T08:30:00Z,SITE-C,ESP32-C01,v1.12,OPEN_CIRCUIT,0.9928,0.15905,0.23065,0.10087,0.27093,-0.00213,0.00449,0.0633,0.1197,0.04597,power_mw (+0.271),voltage_v (+0.231),irradiance_lux (+0.120),0.0
REC-05210,2026-09-13T08:30:05Z,SITE-C,ESP32-C01,v1.12,OPEN_CIRCUIT,0.993,0.15905,0.2288,0.10076,0.27465,-0.00254,0.00452,0.06338,0.12027,0.04413,power_mw (+0.275),voltage_v (+0.229),irradiance_lux (+0.120),-0.0
REC-05211,2026-09-13T08:30:10Z,SITE-C,ESP32-C01,v1.12,OPEN_CIRCUIT,0.9927,0.15905,0.23015,0.10088,0.27193,-0.00222,0.00482,0.06355,0.11968,0.04489,power_mw (+0.272),voltage_v (+0.230),irradiance_lux (+0.120),0.0
REC-05212,2026-09-13T08:30:15Z,SITE-C,ESP32-C01,v1.12,OPEN_CIRCUIT,0.9928,0.15905,0.2294,0.10118,0.27342,-0.0025,0.00354,0.06335,0.121,0.04437,power_mw (+0.273),voltage_v (+0.229),irradiance_lux (+0.121),-0.0
REC-05213,2026-09-13T08:30:20Z,SITE-C,ESP32-C01,v1.12,OPEN_CIRCUIT,0.9932,0.15905,0.22922,0.10041,0.27481,-0.00237,0.00449,0.06278,0.12094,0.04386,power_mw (+0.275),voltage_v (+0.229),irradiance_lux (+0.121),-0.0
REC-05214,2026-09-13T08:30:25Z,SITE-C,ESP32-C01,v1.12,OPEN_CIRCUIT,0.9926,0.15905,0.23056,0.10135,0.27639,-0.00226,0.00431,0.0636,0.11749,0.04206,power_mw (+0.276),voltage_v (+0.231),irradiance_lux (+0.117),0.0
REC-05215,2026-09-13T08:30:30Z,SITE-C,ESP32-C01,v1.12,OPEN_CIRCUIT,0.9934,0.15905,0.23016,0.10018,0.27403,-0.00224,0.00511,0.06277,0.11852,0.04587,power_mw (+0.274),voltage_v (+0.230),irradiance_lux (+0.119),-0.0
REC-05216,2026-09-13T08:30:35Z,SITE-C,ESP32-C01,v1.12,OPEN_CIRCUIT,0.9933,0.15905,0.23013,0.10055,0.27412,-0.00239,0.00494,0.06329,0.11806,0.04549,power_mw (+0.274),voltage_v (+0.230),irradiance_lux (+0.118),-0.0
REC-05217,2026-09-13T08:30:40Z,SITE-C,ESP32-C01,v1.12,OPEN_CIRCUIT,0.9917,0.15905,0.22908,0.10222,0.27362,-0.00237,0.00343,0.06434,0.12059,0.0417,power_mw (+0.274),voltage_v (+0.229),irradiance_lux (+0.121),-0.0
REC-05218,2026-09-13T08:30:45Z,SITE-C,ESP32-C01,v1.12,OPEN_CIRCUIT,0.9932,0.15905,0.22858,0.10092,0.27471,-0.0025,0.00424,0.0634,0.1191,0.04569,power_mw (+0.275),voltage_v (+0.229),irradiance_lux (+0.119),-0.0
REC-05219,2026-09-13T08:30:50Z,SITE-C,ESP32-C01,v1.12,OPEN_CIRCUIT,0.9927,0.15905,0.23014,0.10064,0.27365,-0.00223,0.00444,0.06293,0.12159,0.04253,power_mw (+0.274),voltage_v (+0.230),irradiance_lux (+0.122),0.0
REC-05220,2026-09-13T08:30:55Z,SITE-C,ESP32-C01,v1.12,OPEN_CIRCUIT,0.9928,0.15905,0.23,0.10123,0.2703,-0.00229,0.00393,0.06361,0.11997,0.04698,power_mw (+0.270),voltage_v (+0.230),irradiance_lux (+0.120),-0.0
REC-05221,2026-09-13T08:41:00Z,SITE-F,ESP32-F01,v1.12,OPEN_CIRCUIT,0.9615,0.15905,0.22614,0.12754,0.29335,-0.00558,-0.03752,0.04413,0.1456,0.00881,power_mw (+0.293),voltage_v (+0.226),irradiance_lux (+0.146),-0.0
REC-05222,2026-09-13T08:41:05Z,SITE-F,ESP32-F01,v1.12,OPEN_CIRCUIT,0.9605,0.15905,0.22768,0.12751,0.29553,-0.00564,-0.0379,0.04327,0.14697,0.00401,power_mw (+0.296),voltage_v (+0.228),irradiance_lux (+0.147),-0.0
REC-05223,2026-09-13T08:41:10Z,SITE-F,ESP32-F01,v1.12,OPEN_CIRCUIT,0.9648,0.15905,0.22572,0.12669,0.29721,-0.00562,-0.03659,0.04419,0.14429,0.00988,power_mw (+0.297),voltage_v (+0.226),irradiance_lux (+0.144),-0.0
REC-05224,2026-09-13T08:41:15Z,SITE-F,ESP32-F01,v1.12,OPEN_CIRCUIT,0.9572,0.15905,0.22803,0.12896,0.29589,-0.0058,-0.04068,0.04299,0.1479,0.00085,power_mw (+0.296),voltage_v (+0.228),irradiance_lux (+0.148),0.0
REC-05225,2026-09-13T08:41:20Z,SITE-F,ESP32-F01,v1.12,OPEN_CIRCUIT,0.963,0.15905,0.22655,0.12733,0.30009,-0.0058,-0.03848,0.04311,0.14674,0.00445,power_mw (+0.300),voltage_v (+0.227),irradiance_lux (+0.147),-0.0
REC-05226,2026-09-13T08:41:25Z,SITE-F,ESP32-F01,v1.12,OPEN_CIRCUIT,0.9637,0.15905,0.2258,0.1272,0.29987,-0.00602,-0.03849,0.04386,0.14676,0.00572,power_mw (+0.300),voltage_v (+0.226),irradiance_lux (+0.147),-0.0
REC-05227,2026-09-13T08:41:30Z,SITE-F,ESP32-F01,v1.12,OPEN_CIRCUIT,0.9669,0.15905,0.22459,0.12632,0.29803,-0.00581,-0.03651,0.04433,0.14409,0.01278,power_mw (+0.298),voltage_v (+0.225),irradiance_lux (+0.144),0.0
REC-05228,2026-09-13T08:41:35Z,SITE-F,ESP32-F01,v1.12,OPEN_CIRCUIT,0.9654,0.15905,0.22392,0.12674,0.30016,-0.00571,-0.03663,0.04407,0.14482,0.00894,power_mw (+0.300),voltage_v (+0.224),irradiance_lux (+0.145),0.0
REC-05229,2026-09-13T08:41:40Z,SITE-F,ESP32-F01,v1.12,OPEN_CIRCUIT,0.9636,0.15905,0.22472,0.12729,0.30026,-0.00571,-0.03792,0.0434,0.14649,0.00605,power_mw (+0.300),voltage_v (+0.225),irradiance_lux (+0.146),-0.0
REC-05230,2026-09-13T08:41:45Z,SITE-F,ESP32-F01,v1.12,OPEN_CIRCUIT,0.9626,0.15905,0.22569,0.12723,0.29657,-0.00576,-0.03693,0.04384,0.14526,0.00768,power_mw (+0.297),voltage_v (+0.226),irradiance_lux (+0.145),-0.0
REC-05231,2026-09-13T08:41:50Z,SITE-F,ESP32-F01,v1.12,OPEN_CIRCUIT,0.9642,0.15905,0.22654,0.12671,0.29585,-0.00546,-0.03647,0.04308,0.14479,0.01012,power_mw (+0.296),voltage_v (+0.227),irradiance_lux (+0.145),-0.0
REC-05232,2026-09-13T08:41:55Z,SITE-F,ESP32-F01,v1.12,OPEN_CIRCUIT,0.9638,0.15905,0.22509,0.1273,0.30063,-0.00552,-0.03692,0.04308,0.14401,0.00711,power_mw (+0.301),voltage_v (+0.225),irradiance_lux (+0.144),0.0
REC-05233,2026-09-13T08:42:00Z,SITE-F,ESP32-F01,v1.12,OPEN_CIRCUIT,0.9594,0.15905,0.22633,0.12809,0.29957,-0.00557,-0.03816,0.04252,0.14714,0.00042,power_mw (+0.300),voltage_v (+0.226),irradiance_lux (+0.147),0.0
REC-05234,2026-09-13T08:42:05Z,SITE-F,ESP32-F01,v1.12,OPEN_CIRCUIT,0.9634,0.15905,0.22419,0.12785,0.30073,-0.00576,-0.03721,0.0444,0.14205,0.00806,power_mw (+0.301),voltage_v (+0.224),irradiance_lux (+0.142),-0.0
REC-05235,2026-09-13T08:42:10Z,SITE-F,ESP32-F01,v1.12,OPEN_CIRCUIT,0.9639,0.15905,0.22679,0.12676,0.30066,-0.00549,-0.03547,0.0439,0.14201,0.00567,power_mw (+0.301),voltage_v (+0.227),irradiance_lux (+0.142),0.0
REC-05236,2026-09-13T08:42:15Z,SITE-F,ESP32-F01,v1.12,OPEN_CIRCUIT,0.9612,0.15905,0.22516,0.12794,0.30061,-0.0057,-0.03687,0.04451,0.1428,0.00368,power_mw (+0.301),voltage_v (+0.225),irradiance_lux (+0.143),-0.0
REC-05237,2026-09-13T08:42:20Z,SITE-F,ESP32-F01,v1.12,OPEN_CIRCUIT,0.9575,0.15905,0.22664,0.12881,0.29656,-0.00564,-0.03904,0.04384,0.14583,0.00142,power_mw (+0.297),voltage_v (+0.227),irradiance_lux (+0.146),-0.0
REC-05238,2026-09-13T08:42:25Z,SITE-F,ESP32-F01,v1.12,OPEN_CIRCUIT,0.966,0.15905,0.22621,0.12629,0.3,-0.00546,-0.03582,0.04456,0.14248,0.00864,power_mw (+0.300),voltage_v (+0.226),irradiance_lux (+0.142),0.0
REC-05239,2026-09-13T08:42:30Z,SITE-F,ESP32-F01,v1.12,OPEN_CIRCUIT,0.9651,0.15905,0.22613,0.12638,0.29909,-0.00533,-0.03506,0.04469,0.14177,0.00837,power_mw (+0.299),voltage_v (+0.226),irradiance_lux (+0.142),-0.0
REC-05240,2026-09-13T08:42:35Z,SITE-F,ESP32-F01,v1.12,OPEN_CIRCUIT,0.9593,0.15905,0.22555,0.12843,0.30039,-0.00564,-0.03791,0.04419,0.14433,0.00092,power_mw (+0.300),voltage_v (+0.226),irradiance_lux (+0.144),0.0
REC-05241,2026-09-13T08:42:40Z,SITE-F,ESP32-F01,v1.12,OPEN_CIRCUIT,0.9605,0.15905,0.22509,0.12776,0.3012,-0.00564,-0.03687,0.04429,0.14499,0.00059,power_mw (+0.301),voltage_v (+0.225),irradiance_lux (+0.145),0.0
REC-05242,2026-09-13T08:42:45Z,SITE-F,ESP32-F01,v1.12,OPEN_CIRCUIT,0.9677,0.15905,0.22407,0.12625,0.29892,-0.00552,-0.0355,0.04517,0.14091,0.0144,power_mw (+0.299),voltage_v (+0.224),irradiance_lux (+0.141),-0.0
REC-05243,2026-09-13T08:42:50Z,SITE-F,ESP32-F01,v1.12,OPEN_CIRCUIT,0.965,0.15905,0.22461,0.12676,0.29845,-0.00573,-0.03616,0.04536,0.14295,0.00971,power_mw (+0.298),voltage_v (+0.225),irradiance_lux (+0.143),0.0
REC-05244,2026-09-13T08:42:55Z,SITE-F,ESP32-F01,v1.12,OPEN_CIRCUIT,0.9634,0.15905,0.22413,0.12682,0.29894,-0.00555,-0.03544,0.04516,0.14396,0.00636,power_mw (+0.299),voltage_v (+0.224),irradiance_lux (+0.144),0.0
REC-05245,2026-09-13T08:43:00Z,SITE-F,ESP32-F01,v1.12,OPEN_CIRCUIT,0.9643,0.15905,0.22496,0.12665,0.29744,-0.00541,-0.03518,0.04577,0.14205,0.00898,power_mw (+0.297),voltage_v (+0.225),irradiance_lux (+0.142),-0.0
REC-05246,2026-09-13T08:43:05Z,SITE-F,ESP32-F01,v1.12,OPEN_CIRCUIT,0.9588,0.15905,0.22403,0.12826,0.29675,-0.00559,-0.03653,0.04547,0.14386,0.00345,power_mw (+0.297),voltage_v (+0.224),irradiance_lux (+0.144),0.0
REC-05247,2026-09-13T08:43:10Z,SITE-F,ESP32-F01,v1.12,OPEN_CIRCUIT,0.9604,0.15905,0.22813,0.12699,0.29304,-0.00544,-0.0365,0.04451,0.14604,0.00463,power_mw (+0.293),voltage_v (+0.228),irradiance_lux (+0.146),-0.0
REC-05248,2026-09-13T08:43:15Z,SITE-F,ESP32-F01,v1.12,OPEN_CIRCUIT,0.9646,0.15905,0.22657,0.12651,0.30027,-0.00565,-0.0358,0.04516,0.14256,0.00589,power_mw (+0.300),voltage_v (+0.227),irradiance_lux (+0.143),0.0
REC-05249,2026-09-13T08:43:20Z,SITE-F,ESP32-F01,v1.12,OPEN_CIRCUIT,0.9655,0.15905,0.22708,0.12621,0.29666,-0.00528,-0.03524,0.04481,0.14163,0.0106,power_mw (+0.297),voltage_v (+0.227),irradiance_lux (+0.142),-0.0
REC-05250,2026-09-13T08:43:25Z,SITE-F,ESP32-F01,v1.12,OPEN_CIRCUIT,0.9581,0.15905,0.22753,0.12793,0.29785,-0.00556,-0.03739,0.04359,0.14621,-0.00114,power_mw (+0.298),voltage_v (+0.228),irradiance_lux (+0.146),0.0
REC-05251,2026-09-13T08:43:30Z,SITE-F,ESP32-F01,v1.12,OPEN_CIRCUIT,0.9611,0.15905,0.22566,0.12748,0.30103,-0.00566,-0.03676,0.04408,0.14522,0.00096,power_mw (+0.301),voltage_v (+0.226),irradiance_lux (+0.145),0.0
REC-05252,2026-09-13T08:43:35Z,SITE-F,ESP32-F01,v1.12,OPEN_CIRCUIT,0.9609,0.15905,0.22732,0.12741,0.30097,-0.00549,-0.03672,0.04387,0.14426,0.00027,power_mw (+0.301),voltage_v (+0.227),irradiance_lux (+0.144),0.0
REC-05253,2026-09-13T08:43:40Z,SITE-F,ESP32-F01,v1.12,OPEN_CIRCUIT,0.9647,0.15905,0.22448,0.12654,0.29736,-0.00564,-0.03568,0.04454,0.14451,0.00952,power_mw (+0.297),voltage_v (+0.224),irradiance_lux (+0.145),0.0
REC-05254,2026-09-13T08:43:45Z,SITE-F,ESP32-F01,v1.12,OPEN_CIRCUIT,0.9616,0.15905,0.22453,0.12759,0.29856,-0.0058,-0.03703,0.04465,0.14522,0.00482,power_mw (+0.299),voltage_v (+0.225),irradiance_lux (+0.145),0.0
REC-05255,2026-09-13T08:43:50Z,SITE-F,ESP32-F01,v1.12,OPEN_CIRCUIT,0.9612,0.15905,0.22576,0.12756,0.30122,-0.00544,-0.03641,0.04384,0.14391,0.00169,power_mw (+0.301),voltage_v (+0.226),irradiance_lux (+0.144),-0.0
REC-05256,2026-09-13T08:43:55Z,SITE-F,ESP32-F01,v1.12,OPEN_CIRCUIT,0.9629,0.15905,0.22605,0.12737,0.30078,-0.00551,-0.03657,0.04417,0.14268,0.00484,power_mw (+0.301),voltage_v (+0.226),irradiance_lux (+0.143),-0.0
REC-05257,2026-09-13T08:44:00Z,SITE-F,ESP32-F01,v1.12,OPEN_CIRCUIT,0.9611,0.15905,0.22532,0.12743,0.29963,-0.00545,-0.03558,0.04436,0.14326,0.00308,power_mw (+0.300),voltage_v (+0.225),irradiance_lux (+0.143),-0.0
REC-05258,2026-09-13T08:44:05Z,SITE-F,ESP32-F01,v1.12,OPEN_CIRCUIT,0.9601,0.15905,0.22531,0.12756,0.30145,-0.00564,-0.03593,0.04458,0.14434,-0.00064,power_mw (+0.301),voltage_v (+0.225),irradiance_lux (+0.144),0.0
REC-05259,2026-09-13T08:44:10Z,SITE-F,ESP32-F01,v1.12,OPEN_CIRCUIT,0.9642,0.15905,0.22488,0.12759,0.2984,-0.00571,-0.03674,0.04495,0.14048,0.01134,power_mw (+0.298),voltage_v (+0.225),irradiance_lux (+0.140),-0.0
REC-05260,2026-09-13T08:44:15Z,SITE-F,ESP32-F01,v1.12,OPEN_CIRCUIT,0.9634,0.15905,0.22611,0.12675,0.30019,-0.00535,-0.03453,0.0444,0.14124,0.00558,power_mw (+0.300),voltage_v (+0.226),irradiance_lux (+0.141),0.0
REC-05261,2026-09-13T08:44:20Z,SITE-F,ESP32-F01,v1.12,OPEN_CIRCUIT,0.967,0.15905,0.22457,0.12615,0.30018,-0.00531,-0.03399,0.04506,0.13919,0.01209,power_mw (+0.300),voltage_v (+0.225),irradiance_lux (+0.139),-0.0
REC-05262,2026-09-13T08:44:25Z,SITE-F,ESP32-F01,v1.12,OPEN_CIRCUIT,0.9606,0.15905,0.22954,0.12736,0.30137,-0.00519,-0.03546,0.04374,0.14039,-0.00018,power_mw (+0.301),voltage_v (+0.230),irradiance_lux (+0.140),-0.0
REC-05263,2026-09-13T08:44:30Z,SITE-F,ESP32-F01,v1.12,OPEN_CIRCUIT,0.9654,0.15905,0.22517,0.12635,0.30136,-0.00515,-0.03248,0.04564,0.13645,0.00904,power_mw (+0.301),voltage_v (+0.225),irradiance_lux (+0.136),-0.0
REC-05264,2026-09-13T08:44:35Z,SITE-F,ESP32-F01,v1.12,OPEN_CIRCUIT,0.9602,0.15905,0.22724,0.12761,0.30193,-0.00505,-0.03466,0.04405,0.13985,0.00016,power_mw (+0.302),voltage_v (+0.227),irradiance_lux (+0.140),0.0
REC-05265,2026-09-13T08:44:40Z,SITE-F,ESP32-F01,v1.12,OPEN_CIRCUIT,0.9692,0.15905,0.22267,0.12539,0.29849,-0.00534,-0.03211,0.04657,0.13716,0.01727,power_mw (+0.298),voltage_v (+0.223),irradiance_lux (+0.137),0.0
REC-05266,2026-09-13T08:44:45Z,SITE-F,ESP32-F01,v1.12,OPEN_CIRCUIT,0.9584,0.15905,0.22753,0.12829,0.30181,-0.0054,-0.03607,0.0445,0.14039,-0.00171,power_mw (+0.302),voltage_v (+0.228),irradiance_lux (+0.140),-0.0
REC-05267,2026-09-13T08:44:50Z,SITE-F,ESP32-F01,v1.12,OPEN_CIRCUIT,0.9688,0.15905,0.22393,0.12519,0.29946,-0.00532,-0.03194,0.0463,0.1375,0.01464,power_mw (+0.299),voltage_v (+0.224),irradiance_lux (+0.137),0.0
REC-05268,2026-09-13T08:44:55Z,SITE-F,ESP32-F01,v1.12,OPEN_CIRCUIT,0.9642,0.15905,0.22545,0.12674,0.30114,-0.00527,-0.03412,0.04536,0.13923,0.00656,power_mw (+0.301),voltage_v (+0.225),irradiance_lux (+0.139),-0.0
REC-05269,2026-09-13T08:45:00Z,SITE-F,ESP32-F01,v1.12,OPEN_CIRCUIT,0.9638,0.15905,0.22778,0.12663,0.30007,-0.00536,-0.03472,0.04519,0.13973,0.00542,power_mw (+0.300),voltage_v (+0.228),irradiance_lux (+0.140),-0.0
REC-05270,2026-09-13T08:45:05Z,SITE-F,ESP32-F01,v1.12,OPEN_CIRCUIT,0.9647,0.15905,0.22497,0.12685,0.2997,-0.00555,-0.03498,0.04586,0.13988,0.00887,power_mw (+0.300),voltage_v (+0.225),irradiance_lux (+0.140),-0.0
REC-05271,2026-09-13T08:45:10Z,SITE-F,ESP32-F01,v1.12,OPEN_CIRCUIT,0.9602,0.15905,0.22519,0.12808,0.30184,-0.00562,-0.03504,0.04627,0.1383,0.00217,power_mw (+0.302),voltage_v (+0.225),irradiance_lux (+0.138),-0.0
REC-05272,2026-09-13T08:45:15Z,SITE-F,ESP32-F01,v1.12,OPEN_CIRCUIT,0.9651,0.15905,0.22408,0.12661,0.29963,-0.00541,-0.03329,0.04644,0.13781,0.01014,power_mw (+0.300),voltage_v (+0.224),irradiance_lux (+0.138),0.0
REC-05273,2026-09-13T08:45:20Z,SITE-F,ESP32-F01,v1.12,OPEN_CIRCUIT,0.9668,0.15905,0.22513,0.12595,0.3005,-0.00543,-0.03341,0.0461,0.13835,0.01052,power_mw (+0.300),voltage_v (+0.225),irradiance_lux (+0.138),0.0
REC-05274,2026-09-13T08:45:25Z,SITE-F,ESP32-F01,v1.12,OPEN_CIRCUIT,0.9637,0.15905,0.22572,0.12704,0.30098,-0.00536,-0.03512,0.045,0.14015,0.00626,power_mw (+0.301),voltage_v (+0.226),irradiance_lux (+0.140),-0.0
REC-05275,2026-09-13T08:45:30Z,SITE-F,ESP32-F01,v1.12,OPEN_CIRCUIT,0.9644,0.15905,0.22573,0.12603,0.29796,-0.00516,-0.03289,0.04538,0.14038,0.00792,power_mw (+0.298),voltage_v (+0.226),irradiance_lux (+0.140),-0.0
REC-05276,2026-09-13T08:45:35Z,SITE-F,ESP32-F01,v1.12,OPEN_CIRCUIT,0.9674,0.15905,0.22325,0.12667,0.30053,-0.00549,-0.03362,0.04708,0.13479,0.01511,power_mw (+0.301),voltage_v (+0.223),irradiance_lux (+0.135),-0.0
REC-05277,2026-09-13T08:45:40Z,SITE-F,ESP32-F01,v1.12,OPEN_CIRCUIT,0.9646,0.15905,0.22827,0.12606,0.29557,-0.00495,-0.03348,0.04503,0.13925,0.00982,power_mw (+0.296),voltage_v (+0.228),irradiance_lux (+0.139),0.0
REC-05278,2026-09-13T08:45:45Z,SITE-F,ESP32-F01,v1.12,OPEN_CIRCUIT,0.9619,0.15905,0.22798,0.12735,0.30139,-0.00525,-0.0347,0.04544,0.13764,0.00302,power_mw (+0.301),voltage_v (+0.228),irradiance_lux (+0.138),0.0
REC-05279,2026-09-13T08:45:50Z,SITE-F,ESP32-F01,v1.12,OPEN_CIRCUIT,0.9662,0.15905,0.22529,0.12618,0.30099,-0.00527,-0.03257,0.04638,0.13576,0.01042,power_mw (+0.301),voltage_v (+0.225),irradiance_lux (+0.136),0.0
REC-05280,2026-09-13T08:45:55Z,SITE-F,ESP32-F01,v1.12,OPEN_CIRCUIT,0.9592,0.15905,0.22571,0.12761,0.2959,-0.00519,-0.03336,0.04649,0.13855,0.00441,power_mw (+0.296),voltage_v (+0.226),irradiance_lux (+0.139),0.0
REC-05281,2026-09-13T08:52:00Z,SITE-C,ESP32-C01,v1.12,SHORT_CIRCUIT,0.9885,0.16968,0.57591,0.08263,0.10426,-0.00867,0.01065,0.0091,0.00675,0.03816,voltage_v (+0.576),power_mw (+0.104),current_ma (+0.083),0.0
REC-05282,2026-09-13T08:52:05Z,SITE-C,ESP32-C01,v1.12,SHORT_CIRCUIT,0.9885,0.16968,0.57504,0.08308,0.10578,-0.00868,0.01076,0.00906,0.00666,0.03718,voltage_v (+0.575),power_mw (+0.106),current_ma (+0.083),0.0
REC-05283,2026-09-13T08:52:10Z,SITE-C,ESP32-C01,v1.12,SHORT_CIRCUIT,0.9884,0.16968,0.57426,0.08465,0.10628,-0.00952,0.01075,0.00906,0.0066,0.03666,voltage_v (+0.574),power_mw (+0.106),current_ma (+0.085),0.0
REC-05284,2026-09-13T08:52:15Z,SITE-C,ESP32-C01,v1.12,SHORT_CIRCUIT,0.9882,0.16968,0.57551,0.08382,0.10435,-0.00911,0.01068,0.00915,0.00642,0.0377,voltage_v (+0.576),power_mw (+0.104),current_ma (+0.084),0.0
REC-05285,2026-09-13T08:52:20Z,SITE-C,ESP32-C01,v1.12,SHORT_CIRCUIT,0.9885,0.16968,0.5758,0.08358,0.10446,-0.0093,0.01064,0.00954,0.00646,0.03765,voltage_v (+0.576),power_mw (+0.104),current_ma (+0.084),0.0
REC-05286,2026-09-13T08:52:25Z,SITE-C,ESP32-C01,v1.12,SHORT_CIRCUIT,0.9888,0.16968,0.57411,0.08434,0.10534,-0.00883,0.01074,0.00962,0.00676,0.03704,voltage_v (+0.574),power_mw (+0.105),current_ma (+0.084),-0.0
REC-05287,2026-09-13T08:52:30Z,SITE-C,ESP32-C01,v1.12,SHORT_CIRCUIT,0.9885,0.16968,0.57424,0.08453,0.10414,-0.00938,0.01069,0.01001,0.00669,0.03786,voltage_v (+0.574),power_mw (+0.104),current_ma (+0.085),0.0
REC-05288,2026-09-13T08:52:35Z,SITE-C,ESP32-C01,v1.12,SHORT_CIRCUIT,0.9891,0.16968,0.5756,0.08349,0.10553,-0.00868,0.01067,0.00931,0.00662,0.03686,voltage_v (+0.576),power_mw (+0.106),current_ma (+0.083),0.0
REC-05289,2026-09-13T08:52:40Z,SITE-C,ESP32-C01,v1.12,SHORT_CIRCUIT,0.9889,0.16968,0.57363,0.08438,0.10503,-0.00892,0.01075,0.01012,0.00688,0.03733,voltage_v (+0.574),power_mw (+0.105),current_ma (+0.084),0.0
REC-05290,2026-09-13T08:52:45Z,SITE-C,ESP32-C01,v1.12,SHORT_CIRCUIT,0.9896,0.16968,0.57624,0.08255,0.10517,-0.0085,0.01059,0.0101,0.00667,0.03709,voltage_v (+0.576),power_mw (+0.105),current_ma (+0.083),-0.0
REC-05291,2026-09-13T08:52:50Z,SITE-C,ESP32-C01,v1.12,SHORT_CIRCUIT,0.9893,0.16968,0.57618,0.08192,0.1048,-0.00817,0.01065,0.01003,0.00668,0.03753,voltage_v (+0.576),power_mw (+0.105),current_ma (+0.082),-0.0
REC-05292,2026-09-13T08:52:55Z,SITE-C,ESP32-C01,v1.12,SHORT_CIRCUIT,0.9889,0.16968,0.57465,0.08396,0.1038,-0.00912,0.01062,0.01055,0.00678,0.03801,voltage_v (+0.575),power_mw (+0.104),current_ma (+0.084),-0.0
REC-05293,2026-09-13T08:53:00Z,SITE-C,ESP32-C01,v1.12,SHORT_CIRCUIT,0.9896,0.16968,0.57668,0.08239,0.10398,-0.00897,0.0105,0.01082,0.00663,0.03787,voltage_v (+0.577),power_mw (+0.104),current_ma (+0.082),0.0
REC-05294,2026-09-13T08:53:05Z,SITE-C,ESP32-C01,v1.12,SHORT_CIRCUIT,0.9892,0.16968,0.57361,0.08417,0.10451,-0.00881,0.01068,0.01093,0.00694,0.03751,voltage_v (+0.574),power_mw (+0.105),current_ma (+0.084),-0.0
REC-05295,2026-09-13T08:53:10Z,SITE-C,ESP32-C01,v1.12,SHORT_CIRCUIT,0.9896,0.16968,0.57642,0.08299,0.10363,-0.00853,0.01056,0.01073,0.0065,0.03759,voltage_v (+0.576),power_mw (+0.104),current_ma (+0.083),-0.0
REC-05296,2026-09-13T08:53:15Z,SITE-C,ESP32-C01,v1.12,SHORT_CIRCUIT,0.9895,0.16968,0.57687,0.08177,0.10365,-0.00824,0.01056,0.01078,0.00651,0.03792,voltage_v (+0.577),power_mw (+0.104),current_ma (+0.082),0.0
REC-05297,2026-09-13T08:53:20Z,SITE-C,ESP32-C01,v1.12,SHORT_CIRCUIT,0.9893,0.16968,0.5767,0.08186,0.10324,-0.00827,0.01055,0.01068,0.00663,0.03829,voltage_v (+0.577),power_mw (+0.103),current_ma (+0.082),-0.0
REC-05298,2026-09-13T08:53:25Z,SITE-C,ESP32-C01,v1.12,SHORT_CIRCUIT,0.9889,0.16968,0.57501,0.083,0.1041,-0.00855,0.01068,0.01026,0.00677,0.03798,voltage_v (+0.575),power_mw (+0.104),current_ma (+0.083),-0.0
REC-05299,2026-09-13T08:53:30Z,SITE-C,ESP32-C01,v1.12,SHORT_CIRCUIT,0.9891,0.16968,0.57646,0.08126,0.10382,-0.00802,0.0106,0.01025,0.00674,0.03832,voltage_v (+0.576),power_mw (+0.104),current_ma (+0.081),-0.0
REC-05300,2026-09-13T08:53:35Z,SITE-C,ESP32-C01,v1.12,SHORT_CIRCUIT,0.9892,0.16968,0.57562,0.08192,0.10414,-0.00805,0.01063,0.01036,0.00683,0.03806,voltage_v (+0.576),power_mw (+0.104),current_ma (+0.082),-0.0
REC-05301,2026-09-13T08:53:40Z,SITE-C,ESP32-C01,v1.12,SHORT_CIRCUIT,0.9895,0.16968,0.57656,0.08225,0.10508,-0.00868,0.01053,0.00998,0.00673,0.03736,voltage_v (+0.577),power_mw (+0.105),current_ma (+0.082),0.0
REC-05302,2026-09-13T08:53:45Z,SITE-C,ESP32-C01,v1.12,SHORT_CIRCUIT,0.9894,0.16968,0.57715,0.08043,0.10436,-0.00791,0.01054,0.01011,0.00684,0.03822,voltage_v (+0.577),power_mw (+0.104),current_ma (+0.080),-0.0
REC-05303,2026-09-13T08:53:50Z,SITE-C,ESP32-C01,v1.12,SHORT_CIRCUIT,0.9893,0.16968,0.57824,0.08073,0.10386,-0.00859,0.01047,0.0099,0.00661,0.03837,voltage_v (+0.578),power_mw (+0.104),current_ma (+0.081),-0.0
REC-05304,2026-09-13T08:53:55Z,SITE-C,ESP32-C01,v1.12,SHORT_CIRCUIT,0.9892,0.16968,0.57929,0.07954,0.10391,-0.00791,0.01045,0.00922,0.00653,0.03844,voltage_v (+0.579),power_mw (+0.104),current_ma (+0.080),0.0
REC-05305,2026-09-13T08:54:00Z,SITE-C,ESP32-C01,v1.12,SHORT_CIRCUIT,0.9891,0.16968,0.57601,0.08134,0.1074,-0.00802,0.01069,0.00867,0.00686,0.03646,voltage_v (+0.576),power_mw (+0.107),current_ma (+0.081),-0.0
REC-05306,2026-09-13T08:54:05Z,SITE-C,ESP32-C01,v1.12,SHORT_CIRCUIT,0.9891,0.16968,0.57752,0.07972,0.10451,-0.00758,0.0106,0.00934,0.00683,0.03843,voltage_v (+0.578),power_mw (+0.105),current_ma (+0.080),-0.0
REC-05307,2026-09-13T08:54:10Z,SITE-C,ESP32-C01,v1.12,SHORT_CIRCUIT,0.9893,0.16968,0.57746,0.07985,0.10542,-0.00752,0.01062,0.00911,0.00687,0.03783,voltage_v (+0.577),power_mw (+0.105),current_ma (+0.080),-0.0
REC-05308,2026-09-13T08:54:15Z,SITE-C,ESP32-C01,v1.12,SHORT_CIRCUIT,0.9892,0.16968,0.57792,0.07904,0.10458,-0.00739,0.01057,0.00951,0.00684,0.03845,voltage_v (+0.578),power_mw (+0.105),current_ma (+0.079),0.0
REC-05309,2026-09-13T08:54:20Z,SITE-C,ESP32-C01,v1.12,SHORT_CIRCUIT,0.9893,0.16968,0.57657,0.08067,0.10617,-0.00763,0.01071,0.00898,0.00691,0.03725,voltage_v (+0.577),power_mw (+0.106),current_ma (+0.081),0.0
REC-05310,2026-09-13T08:54:25Z,SITE-C,ESP32-C01,v1.12,SHORT_CIRCUIT,0.9894,0.16968,0.57868,0.07798,0.10557,-0.00674,0.01061,0.00861,0.00696,0.03809,voltage_v (+0.579),power_mw (+0.106),current_ma (+0.078),-0.0
REC-05311,2026-09-13T08:54:30Z,SITE-C,ESP32-C01,v1.12,SHORT_CIRCUIT,0.989,0.16968,0.57681,0.07845,0.10663,-0.00664,0.01071,0.00858,0.00708,0.03767,voltage_v (+0.577),power_mw (+0.107),current_ma (+0.078),0.0
REC-05312,2026-09-13T08:54:35Z,SITE-C,ESP32-C01,v1.12,SHORT_CIRCUIT,0.9893,0.16968,0.57856,0.07848,0.10569,-0.00733,0.01056,0.00871,0.00694,0.03805,voltage_v (+0.579),power_mw (+0.106),current_ma (+0.078),0.0
REC-05313,2026-09-13T08:54:40Z,SITE-C,ESP32-C01,v1.12,SHORT_CIRCUIT,0.9889,0.16968,0.57748,0.07939,0.10474,-0.00742,0.0106,0.00892,0.00698,0.03856,voltage_v (+0.577),power_mw (+0.105),current_ma (+0.079),0.0
REC-05314,2026-09-13T08:54:45Z,SITE-C,ESP32-C01,v1.12,SHORT_CIRCUIT,0.9895,0.16968,0.57997,0.07787,0.10462,-0.00687,0.01051,0.00893,0.0066,0.0382,voltage_v (+0.580),power_mw (+0.105),current_ma (+0.078),0.0
REC-05315,2026-09-13T08:54:50Z,SITE-C,ESP32-C01,v1.12,SHORT_CIRCUIT,0.9888,0.16968,0.57778,0.0802,0.10316,-0.00789,0.01056,0.00963,0.00671,0.03897,voltage_v (+0.578),power_mw (+0.103),current_ma (+0.080),0.0
REC-05316,2026-09-13T08:54:55Z,SITE-C,ESP32-C01,v1.12,SHORT_CIRCUIT,0.9895,0.16968,0.57757,0.0803,0.10525,-0.00775,0.01058,0.00929,0.00687,0.03771,voltage_v (+0.578),power_mw (+0.105),current_ma (+0.080),-0.0
REC-05317,2026-09-13T08:55:00Z,SITE-C,ESP32-C01,v1.12,SHORT_CIRCUIT,0.9886,0.16968,0.57526,0.08067,0.10618,-0.00768,0.01079,0.00878,0.00712,0.03783,voltage_v (+0.575),power_mw (+0.106),current_ma (+0.081),-0.0
REC-05318,2026-09-13T08:55:05Z,SITE-C,ESP32-C01,v1.12,SHORT_CIRCUIT,0.989,0.16968,0.57975,0.07776,0.10408,-0.00691,0.01054,0.00876,0.0066,0.03876,voltage_v (+0.580),power_mw (+0.104),current_ma (+0.078),0.0
REC-05319,2026-09-13T08:55:10Z,SITE-C,ESP32-C01,v1.12,SHORT_CIRCUIT,0.9893,0.16968,0.57702,0.07932,0.1068,-0.00706,0.01074,0.00848,0.00698,0.03729,voltage_v (+0.577),power_mw (+0.107),current_ma (+0.079),-0.0
REC-05320,2026-09-13T08:55:15Z,SITE-C,ESP32-C01,v1.12,SHORT_CIRCUIT,0.9894,0.16968,0.57971,0.07756,0.10511,-0.00701,0.0105,0.00875,0.0068,0.03833,voltage_v (+0.580),power_mw (+0.105),current_ma (+0.078),-0.0
REC-05321,2026-09-13T08:55:20Z,SITE-C,ESP32-C01,v1.12,SHORT_CIRCUIT,0.989,0.16968,0.57845,0.07935,0.1053,-0.00784,0.01057,0.00826,0.00692,0.03828,voltage_v (+0.578),power_mw (+0.105),current_ma (+0.079),-0.0
REC-05322,2026-09-13T08:55:25Z,SITE-C,ESP32-C01,v1.12,SHORT_CIRCUIT,0.9891,0.16968,0.57764,0.07901,0.10764,-0.00722,0.01066,0.0078,0.00698,0.03691,voltage_v (+0.578),power_mw (+0.108),current_ma (+0.079),-0.0
REC-05323,2026-09-13T08:55:30Z,SITE-C,ESP32-C01,v1.12,SHORT_CIRCUIT,0.989,0.16968,0.57744,0.0793,0.10655,-0.00748,0.01067,0.00822,0.00702,0.03764,voltage_v (+0.577),power_mw (+0.107),current_ma (+0.079),0.0
REC-05324,2026-09-13T08:55:35Z,SITE-C,ESP32-C01,v1.12,SHORT_CIRCUIT,0.9889,0.16968,0.57682,0.07953,0.10671,-0.00719,0.01074,0.00816,0.007,0.03747,voltage_v (+0.577),power_mw (+0.107),current_ma (+0.080),-0.0
REC-05325,2026-09-13T08:55:40Z,SITE-C,ESP32-C01,v1.12,SHORT_CIRCUIT,0.9889,0.16968,0.57851,0.07915,0.10511,-0.00791,0.01054,0.00836,0.00692,0.03851,voltage_v (+0.579),power_mw (+0.105),current_ma (+0.079),0.0
REC-05326,2026-09-13T08:55:45Z,SITE-C,ESP32-C01,v1.12,SHORT_CIRCUIT,0.989,0.16968,0.57824,0.07939,0.10627,-0.0076,0.01062,0.00784,0.00689,0.03769,voltage_v (+0.578),power_mw (+0.106),current_ma (+0.079),-0.0
REC-05327,2026-09-13T08:55:50Z,SITE-C,ESP32-C01,v1.12,SHORT_CIRCUIT,0.9884,0.16968,0.57691,0.07936,0.10615,-0.00719,0.01077,0.00774,0.00697,0.03803,voltage_v (+0.577),power_mw (+0.106),current_ma (+0.079),0.0
REC-05328,2026-09-13T08:55:55Z,SITE-C,ESP32-C01,v1.12,SHORT_CIRCUIT,0.9886,0.16968,0.57653,0.07987,0.10723,-0.00735,0.01076,0.00753,0.00705,0.03733,voltage_v (+0.577),power_mw (+0.107),current_ma (+0.080),-0.0
REC-05329,2026-09-13T08:56:00Z,SITE-C,ESP32-C01,v1.12,SHORT_CIRCUIT,0.9888,0.16968,0.57715,0.07948,0.10644,-0.00739,0.01076,0.00807,0.00693,0.03767,voltage_v (+0.577),power_mw (+0.106),current_ma (+0.079),-0.0
REC-05330,2026-09-13T08:56:05Z,SITE-C,ESP32-C01,v1.12,SHORT_CIRCUIT,0.9888,0.16968,0.57706,0.07961,0.10648,-0.00767,0.0107,0.00811,0.00705,0.03779,voltage_v (+0.577),power_mw (+0.106),current_ma (+0.080),0.0
REC-05331,2026-09-13T08:56:10Z,SITE-C,ESP32-C01,v1.12,SHORT_CIRCUIT,0.9886,0.16968,0.57706,0.07848,0.10596,-0.00702,0.01075,0.0082,0.00713,0.03838,voltage_v (+0.577),power_mw (+0.106),current_ma (+0.078),0.0
REC-05332,2026-09-13T08:56:15Z,SITE-C,ESP32-C01,v1.12,SHORT_CIRCUIT,0.9884,0.16968,0.57617,0.0792,0.10598,-0.00712,0.01079,0.00822,0.00719,0.03834,voltage_v (+0.576),power_mw (+0.106),current_ma (+0.079),-0.0
REC-05333,2026-09-13T08:56:20Z,SITE-C,ESP32-C01,v1.12,SHORT_CIRCUIT,0.9888,0.16968,0.57853,0.0788,0.10435,-0.00777,0.01051,0.00871,0.00697,0.03902,voltage_v (+0.579),power_mw (+0.104),current_ma (+0.079),0.0
REC-05334,2026-09-13T08:56:25Z,SITE-C,ESP32-C01,v1.12,SHORT_CIRCUIT,0.9887,0.16968,0.57845,0.07791,0.10518,-0.00684,0.01064,0.00805,0.00698,0.0387,voltage_v (+0.578),power_mw (+0.105),current_ma (+0.078),-0.0
REC-05335,2026-09-13T08:56:30Z,SITE-C,ESP32-C01,v1.12,SHORT_CIRCUIT,0.989,0.16968,0.5773,0.07873,0.10744,-0.00723,0.01072,0.00792,0.00711,0.03737,voltage_v (+0.577),power_mw (+0.107),current_ma (+0.079),0.0
REC-05336,2026-09-13T08:56:35Z,SITE-C,ESP32-C01,v1.12,SHORT_CIRCUIT,0.9893,0.16968,0.5797,0.07764,0.10473,-0.00704,0.01054,0.00845,0.00688,0.03867,voltage_v (+0.580),power_mw (+0.105),current_ma (+0.078),-0.0
REC-05337,2026-09-13T08:56:40Z,SITE-C,ESP32-C01,v1.12,SHORT_CIRCUIT,0.9888,0.16968,0.57792,0.07865,0.10487,-0.00728,0.01064,0.00856,0.00699,0.03874,voltage_v (+0.578),power_mw (+0.105),current_ma (+0.079),-0.0
REC-05338,2026-09-13T08:56:45Z,SITE-C,ESP32-C01,v1.12,SHORT_CIRCUIT,0.9885,0.16968,0.57681,0.07905,0.10582,-0.00748,0.01073,0.00831,0.00713,0.03847,voltage_v (+0.577),power_mw (+0.106),current_ma (+0.079),0.0
REC-05339,2026-09-13T08:56:50Z,SITE-C,ESP32-C01,v1.12,SHORT_CIRCUIT,0.9893,0.16968,0.58104,0.07515,0.10494,-0.00595,0.01052,0.00796,0.00691,0.03901,voltage_v (+0.581),power_mw (+0.105),current_ma (+0.075),-0.0
REC-05340,2026-09-13T08:56:55Z,SITE-C,ESP32-C01,v1.12,SHORT_CIRCUIT,0.9894,0.16968,0.58159,0.07508,0.10493,-0.00638,0.01046,0.00804,0.00692,0.03906,voltage_v (+0.582),power_mw (+0.105),current_ma (+0.075),-0.0
REC-05341,2026-09-13T09:15:00Z,SITE-A,ESP32-A01,v1.12,NORMAL,0.6576,0.24443,0.05707,-0.05344,-0.0878,0.07155,0.13051,0.0471,0.1148,0.13336,dust_vo_v (+0.133),panel_temp2_c (+0.131),irradiance_lux (+0.115),0.0
REC-05342,2026-09-13T09:15:05Z,SITE-A,ESP32-A01,v1.12,NORMAL,0.677,0.24443,0.05696,-0.05331,-0.08467,0.07397,0.1338,0.0478,0.1194,0.13865,dust_vo_v (+0.139),panel_temp2_c (+0.134),irradiance_lux (+0.119),-0.0
REC-05343,2026-09-13T09:15:10Z,SITE-A,ESP32-A01,v1.12,NORMAL,0.6513,0.24443,0.06098,-0.05667,-0.09168,0.0722,0.12891,0.04693,0.11551,0.13067,dust_vo_v (+0.131),panel_temp2_c (+0.129),irradiance_lux (+0.116),0.0
REC-05344,2026-09-13T09:15:15Z,SITE-A,ESP32-A01,v1.12,NORMAL,0.6463,0.24443,0.05768,-0.05642,-0.09297,0.07168,0.12926,0.04566,0.11537,0.13159,dust_vo_v (+0.132),panel_temp2_c (+0.129),irradiance_lux (+0.115),-0.0
REC-05345,2026-09-13T09:15:20Z,SITE-A,ESP32-A01,v1.12,NORMAL,0.6478,0.24443,0.05766,-0.05648,-0.09098,0.06878,0.13026,0.04521,0.11636,0.1326,dust_vo_v (+0.133),panel_temp2_c (+0.130),irradiance_lux (+0.116),-0.0
REC-05346,2026-09-13T09:15:25Z,SITE-A,ESP32-A01,v1.12,NORMAL,0.6677,0.24443,0.05722,-0.05403,-0.0842,0.07226,0.13079,0.04574,0.11769,0.13785,dust_vo_v (+0.138),panel_temp2_c (+0.131),irradiance_lux (+0.118),-0.0
REC-05347,2026-09-13T09:15:30Z,SITE-A,ESP32-A01,v1.12,NORMAL,0.6444,0.24443,0.05641,-0.05535,-0.09024,0.0711,0.1262,0.04525,0.11379,0.13284,dust_vo_v (+0.133),panel_temp2_c (+0.126),irradiance_lux (+0.114),-0.0
REC-05348,2026-09-13T09:15:35Z,SITE-A,ESP32-A01,v1.12,NORMAL,0.6595,0.24443,0.05852,-0.05572,-0.08814,0.07318,0.12944,0.04555,0.11691,0.1353,dust_vo_v (+0.135),panel_temp2_c (+0.129),irradiance_lux (+0.117),0.0
REC-05349,2026-09-13T09:15:40Z,SITE-A,ESP32-A01,v1.12,NORMAL,0.6653,0.24443,0.05611,-0.05257,-0.08419,0.07343,0.12863,0.04562,0.11765,0.1362,dust_vo_v (+0.136),panel_temp2_c (+0.129),irradiance_lux (+0.118),0.0
REC-05350,2026-09-13T09:15:45Z,SITE-A,ESP32-A01,v1.12,NORMAL,0.6316,0.24443,0.05777,-0.05992,-0.09652,0.06931,0.12472,0.0448,0.11547,0.1315,dust_vo_v (+0.131),panel_temp2_c (+0.125),irradiance_lux (+0.115),0.0
REC-05351,2026-09-13T09:15:50Z,SITE-A,ESP32-A01,v1.12,NORMAL,0.6328,0.24443,0.05577,-0.05852,-0.09567,0.06737,0.12857,0.04472,0.11395,0.13218,dust_vo_v (+0.132),panel_temp2_c (+0.129),irradiance_lux (+0.114),0.0
REC-05352,2026-09-13T09:15:55Z,SITE-A,ESP32-A01,v1.12,NORMAL,0.6357,0.24443,0.05857,-0.06048,-0.09702,0.07047,0.12686,0.04542,0.1149,0.13252,dust_vo_v (+0.133),panel_temp2_c (+0.127),irradiance_lux (+0.115),0.0
REC-05353,2026-09-13T09:16:00Z,SITE-A,ESP32-A01,v1.12,NORMAL,0.6635,0.24443,0.05812,-0.05296,-0.08602,0.07016,0.13116,0.04699,0.11917,0.13247,dust_vo_v (+0.132),panel_temp2_c (+0.131),irradiance_lux (+0.119),-0.0
REC-05354,2026-09-13T09:16:05Z,SITE-A,ESP32-A01,v1.12,NORMAL,0.6559,0.24443,0.05792,-0.05504,-0.09049,0.07114,0.13214,0.04691,0.11638,0.13246,dust_vo_v (+0.132),panel_temp2_c (+0.132),irradiance_lux (+0.116),-0.0
REC-05355,2026-09-13T09:16:10Z,SITE-A,ESP32-A01,v1.12,NORMAL,0.6659,0.24443,0.05695,-0.0532,-0.08669,0.07232,0.13065,0.04794,0.11873,0.13474,dust_vo_v (+0.135),panel_temp2_c (+0.131),irradiance_lux (+0.119),0.0
REC-05356,2026-09-13T09:16:15Z,SITE-A,ESP32-A01,v1.12,NORMAL,0.6602,0.24443,0.0584,-0.05557,-0.08906,0.07033,0.13223,0.0477,0.11724,0.13452,dust_vo_v (+0.135),panel_temp2_c (+0.132),irradiance_lux (+0.117),0.0
REC-05357,2026-09-13T09:16:20Z,SITE-A,ESP32-A01,v1.12,NORMAL,0.6688,0.24443,0.05857,-0.05359,-0.08515,0.07154,0.13073,0.04784,0.11927,0.13513,dust_vo_v (+0.135),panel_temp2_c (+0.131),irradiance_lux (+0.119),0.0
REC-05358,2026-09-13T09:16:25Z,SITE-A,ESP32-A01,v1.12,NORMAL,0.6739,0.24443,0.06024,-0.05412,-0.08665,0.07548,0.13338,0.04754,0.11859,0.13501,dust_vo_v (+0.135),panel_temp2_c (+0.133),irradiance_lux (+0.119),0.0
REC-05359,2026-09-13T09:16:30Z,SITE-A,ESP32-A01,v1.12,NORMAL,0.6733,0.24443,0.06123,-0.05351,-0.08586,0.07478,0.13067,0.04884,0.11936,0.13341,dust_vo_v (+0.133),panel_temp2_c (+0.131),irradiance_lux (+0.119),0.0
REC-05360,2026-09-13T09:16:35Z,SITE-A,ESP32-A01,v1.12,NORMAL,0.6699,0.24443,0.05905,-0.05382,-0.08544,0.07248,0.13297,0.04828,0.11591,0.13605,dust_vo_v (+0.136),panel_temp2_c (+0.133),irradiance_lux (+0.116),0.0
REC-05361,2026-09-13T09:16:40Z,SITE-A,ESP32-A01,v1.12,NORMAL,0.6566,0.24443,0.05995,-0.05378,-0.08819,0.07063,0.12851,0.04855,0.1163,0.13015,dust_vo_v (+0.130),panel_temp2_c (+0.129),irradiance_lux (+0.116),0.0
REC-05362,2026-09-13T09:16:45Z,SITE-A,ESP32-A01,v1.12,NORMAL,0.674,0.24443,0.06064,-0.05145,-0.08167,0.07038,0.13179,0.04931,0.11711,0.13346,dust_vo_v (+0.133),panel_temp2_c (+0.132),irradiance_lux (+0.117),-0.0
REC-05363,2026-09-13T09:16:50Z,SITE-A,ESP32-A01,v1.12,NORMAL,0.6559,0.24443,0.05868,-0.05809,-0.09059,0.07103,0.13045,0.04873,0.11339,0.13784,dust_vo_v (+0.138),panel_temp2_c (+0.130),irradiance_lux (+0.113),0.0
REC-05364,2026-09-13T09:16:55Z,SITE-A,ESP32-A01,v1.12,NORMAL,0.647,0.24443,0.05754,-0.05541,-0.0899,0.06726,0.12725,0.04833,0.11539,0.13207,dust_vo_v (+0.132),panel_temp2_c (+0.127),irradiance_lux (+0.115),-0.0
REC-05365,2026-09-13T09:17:00Z,SITE-A,ESP32-A01,v1.12,NORMAL,0.6665,0.24443,0.06099,-0.05303,-0.08618,0.07331,0.13064,0.04901,0.11536,0.13196,dust_vo_v (+0.132),panel_temp2_c (+0.131),irradiance_lux (+0.115),0.0
REC-05366,2026-09-13T09:17:05Z,SITE-A,ESP32-A01,v1.12,NORMAL,0.6653,0.24443,0.05944,-0.05328,-0.08649,0.0726,0.12985,0.04881,0.11688,0.13302,dust_vo_v (+0.133),panel_temp2_c (+0.130),irradiance_lux (+0.117),-0.0
REC-05367,2026-09-13T09:17:10Z,SITE-A,ESP32-A01,v1.12,NORMAL,0.6676,0.24443,0.06103,-0.05454,-0.08596,0.07217,0.13042,0.04958,0.11568,0.13481,dust_vo_v (+0.135),panel_temp2_c (+0.130),irradiance_lux (+0.116),-0.0
REC-05368,2026-09-13T09:17:15Z,SITE-A,ESP32-A01,v1.12,NORMAL,0.6618,0.24443,0.0593,-0.05424,-0.08722,0.07229,0.1286,0.04874,0.11622,0.13372,dust_vo_v (+0.134),panel_temp2_c (+0.129),irradiance_lux (+0.116),0.0
REC-05369,2026-09-13T09:17:20Z,SITE-A,ESP32-A01,v1.12,NORMAL,0.6658,0.24443,0.05824,-0.05143,-0.08264,0.06967,0.1288,0.04888,0.11631,0.1335,dust_vo_v (+0.133),panel_temp2_c (+0.129),irradiance_lux (+0.116),-0.0
REC-05370,2026-09-13T09:17:25Z,SITE-A,ESP32-A01,v1.12,NORMAL,0.6775,0.24443,0.06286,-0.05289,-0.08512,0.07744,0.1294,0.05077,0.11741,0.13325,dust_vo_v (+0.133),panel_temp2_c (+0.129),irradiance_lux (+0.117),-0.0
REC-05371,2026-09-13T09:17:30Z,SITE-A,ESP32-A01,v1.12,NORMAL,0.7014,0.24443,0.06055,-0.04842,-0.07515,0.07578,0.13426,0.05187,0.1188,0.13923,dust_vo_v (+0.139),panel_temp2_c (+0.134),irradiance_lux (+0.119),0.0
REC-05372,2026-09-13T09:17:35Z,SITE-A,ESP32-A01,v1.12,NORMAL,0.6633,0.24443,0.05787,-0.053,-0.08471,0.06889,0.12806,0.05018,0.11693,0.13462,dust_vo_v (+0.135),panel_temp2_c (+0.128),irradiance_lux (+0.117),-0.0
REC-05373,2026-09-13T09:17:40Z,SITE-A,ESP32-A01,v1.12,NORMAL,0.6669,0.24443,0.0619,-0.05312,-0.0862,0.07142,0.13059,0.05008,0.11708,0.13073,dust_vo_v (+0.131),panel_temp2_c (+0.131),irradiance_lux (+0.117),-0.0
REC-05374,2026-09-13T09:17:45Z,SITE-A,ESP32-A01,v1.12,NORMAL,0.6654,0.24443,0.05945,-0.0528,-0.08385,0.06916,0.13094,0.04882,0.1154,0.13387,dust_vo_v (+0.134),panel_temp2_c (+0.131),irradiance_lux (+0.115),0.0
REC-05375,2026-09-13T09:17:50Z,SITE-A,ESP32-A01,v1.12,NORMAL,0.6442,0.24443,0.05812,-0.05409,-0.08885,0.06519,0.12802,0.04776,0.11445,0.1292,dust_vo_v (+0.129),panel_temp2_c (+0.128),irradiance_lux (+0.114),0.0
REC-05376,2026-09-13T09:17:55Z,SITE-A,ESP32-A01,v1.12,NORMAL,0.6681,0.24443,0.06135,-0.04992,-0.08301,0.07166,0.12849,0.04987,0.11736,0.12791,panel_temp2_c (+0.128),dust_vo_v (+0.128),irradiance_lux (+0.117),0.0
REC-05377,2026-09-13T09:18:00Z,SITE-A,ESP32-A01,v1.12,NORMAL,0.6587,0.24443,0.05944,-0.05539,-0.08825,0.06879,0.13129,0.04932,0.11489,0.13412,dust_vo_v (+0.134),panel_temp2_c (+0.131),irradiance_lux (+0.115),0.0
REC-05378,2026-09-13T09:18:05Z,SITE-A,ESP32-A01,v1.12,NORMAL,0.6288,0.24443,0.05529,-0.05849,-0.0942,0.06387,0.12586,0.0467,0.11233,0.13296,dust_vo_v (+0.133),panel_temp2_c (+0.126),irradiance_lux (+0.112),0.0
REC-05379,2026-09-13T09:18:10Z,SITE-A,ESP32-A01,v1.12,NORMAL,0.6754,0.24443,0.06111,-0.05285,-0.0824,0.07227,0.13141,0.04897,0.11712,0.13538,dust_vo_v (+0.135),panel_temp2_c (+0.131),irradiance_lux (+0.117),0.0
REC-05380,2026-09-13T09:18:15Z,SITE-A,ESP32-A01,v1.12,NORMAL,0.6732,0.24443,0.06074,-0.05103,-0.08244,0.0729,0.13162,0.04882,0.11579,0.13239,dust_vo_v (+0.132),panel_temp2_c (+0.132),irradiance_lux (+0.116),0.0
REC-05381,2026-09-13T09:18:20Z,SITE-A,ESP32-A01,v1.12,NORMAL,0.6585,0.24443,0.05995,-0.05298,-0.08656,0.06995,0.12827,0.04966,0.11493,0.13084,dust_vo_v (+0.131),panel_temp2_c (+0.128),irradiance_lux (+0.115),0.0
REC-05382,2026-09-13T09:18:25Z,SITE-A,ESP32-A01,v1.12,NORMAL,0.6758,0.24443,0.063,-0.05104,-0.08262,0.07086,0.13233,0.05101,0.11789,0.12997,panel_temp2_c (+0.132),dust_vo_v (+0.130),irradiance_lux (+0.118),-0.0
REC-05383,2026-09-13T09:18:30Z,SITE-A,ESP32-A01,v1.12,NORMAL,0.6666,0.24443,0.0586,-0.05181,-0.08437,0.07252,0.12747,0.05048,0.11556,0.13375,dust_vo_v (+0.134),panel_temp2_c (+0.127),irradiance_lux (+0.116),-0.0
REC-05384,2026-09-13T09:18:35Z,SITE-A,ESP32-A01,v1.12,NORMAL,0.6531,0.24443,0.05946,-0.05502,-0.09067,0.07185,0.12951,0.04915,0.11278,0.13167,dust_vo_v (+0.132),panel_temp2_c (+0.130),irradiance_lux (+0.113),-0.0
REC-05385,2026-09-13T09:18:40Z,SITE-A,ESP32-A01,v1.12,NORMAL,0.675,0.24443,0.06012,-0.05244,-0.08177,0.07068,0.13199,0.04929,0.11673,0.136,dust_vo_v (+0.136),panel_temp2_c (+0.132),irradiance_lux (+0.117),-0.0
REC-05386,2026-09-13T09:18:45Z,SITE-A,ESP32-A01,v1.12,NORMAL,0.6864,0.24443,0.05769,-0.05063,-0.07936,0.07581,0.13143,0.04967,0.11746,0.13986,dust_vo_v (+0.140),panel_temp2_c (+0.131),irradiance_lux (+0.117),-0.0
REC-05387,2026-09-13T09:18:50Z,SITE-A,ESP32-A01,v1.12,NORMAL,0.6673,0.24443,0.05852,-0.0522,-0.08408,0.07058,0.13106,0.04875,0.11627,0.13395,dust_vo_v (+0.134),panel_temp2_c (+0.131),irradiance_lux (+0.116),0.0
REC-05388,2026-09-13T09:18:55Z,SITE-A,ESP32-A01,v1.12,NORMAL,0.6477,0.24443,0.05639,-0.05588,-0.09063,0.07062,0.12774,0.04724,0.11331,0.1345,dust_vo_v (+0.134),panel_temp2_c (+0.128),irradiance_lux (+0.113),0.0
REC-05389,2026-09-13T09:19:00Z,SITE-A,ESP32-A01,v1.12,NORMAL,0.6573,0.24443,0.05833,-0.0536,-0.08779,0.06877,0.13346,0.04749,0.11424,0.13199,panel_temp2_c (+0.133),dust_vo_v (+0.132),irradiance_lux (+0.114),0.0
REC-05390,2026-09-13T09:19:05Z,SITE-A,ESP32-A01,v1.12,NORMAL,0.68,0.24443,0.05594,-0.05104,-0.08294,0.07613,0.13369,0.04786,0.11764,0.13828,dust_vo_v (+0.138),panel_temp2_c (+0.134),irradiance_lux (+0.118),-0.0
REC-05391,2026-09-13T09:19:10Z,SITE-A,ESP32-A01,v1.12,NORMAL,0.6897,0.24443,0.05866,-0.04892,-0.07813,0.07701,0.13304,0.04829,0.11816,0.13719,dust_vo_v (+0.137),panel_temp2_c (+0.133),irradiance_lux (+0.118),0.0
REC-05392,2026-09-13T09:19:15Z,SITE-A,ESP32-A01,v1.12,NORMAL,0.6467,0.24443,0.0596,-0.05694,-0.09121,0.06913,0.12733,0.04762,0.11495,0.13182,dust_vo_v (+0.132),panel_temp2_c (+0.127),irradiance_lux (+0.115),0.0
REC-05393,2026-09-13T09:19:20Z,SITE-A,ESP32-A01,v1.12,NORMAL,0.6697,0.24443,0.05939,-0.05198,-0.08507,0.07565,0.13062,0.04803,0.11522,0.13343,dust_vo_v (+0.133),panel_temp2_c (+0.131),irradiance_lux (+0.115),0.0
REC-05394,2026-09-13T09:19:25Z,SITE-A,ESP32-A01,v1.12,NORMAL,0.6611,0.24443,0.05925,-0.0549,-0.08807,0.0726,0.12991,0.04711,0.11714,0.1336,dust_vo_v (+0.134),panel_temp2_c (+0.130),irradiance_lux (+0.117),0.0
REC-05395,2026-09-13T09:19:30Z,SITE-A,ESP32-A01,v1.12,NORMAL,0.6663,0.24443,0.06224,-0.05223,-0.08291,0.07059,0.12957,0.04794,0.11633,0.13039,dust_vo_v (+0.130),panel_temp2_c (+0.130),irradiance_lux (+0.116),-0.0
REC-05396,2026-09-13T09:19:35Z,SITE-A,ESP32-A01,v1.12,NORMAL,0.6814,0.24443,0.06288,-0.05059,-0.08184,0.07768,0.13144,0.04898,0.11634,0.1321,dust_vo_v (+0.132),panel_temp2_c (+0.131),irradiance_lux (+0.116),0.0
REC-05397,2026-09-13T09:19:40Z,SITE-A,ESP32-A01,v1.12,NORMAL,0.6762,0.24443,0.06022,-0.05309,-0.08339,0.07296,0.13503,0.04761,0.11629,0.13618,dust_vo_v (+0.136),panel_temp2_c (+0.135),irradiance_lux (+0.116),0.0
REC-05398,2026-09-13T09:19:45Z,SITE-A,ESP32-A01,v1.12,NORMAL,0.6557,0.24443,0.05916,-0.05259,-0.08612,0.0698,0.12785,0.04757,0.11562,0.13002,dust_vo_v (+0.130),panel_temp2_c (+0.128),irradiance_lux (+0.116),-0.0
REC-05399,2026-09-13T09:19:50Z,SITE-A,ESP32-A01,v1.12,NORMAL,0.6794,0.24443,0.06197,-0.05021,-0.08132,0.07406,0.13327,0.04865,0.11704,0.13152,panel_temp2_c (+0.133),dust_vo_v (+0.132),irradiance_lux (+0.117),0.0
REC-05400,2026-09-13T09:19:55Z,SITE-A,ESP32-A01,v1.12,NORMAL,0.6683,0.24443,0.05991,-0.05362,-0.08627,0.07537,0.13108,0.04749,0.11559,0.13436,dust_vo_v (+0.134),panel_temp2_c (+0.131),irradiance_lux (+0.116),-0.0
REC-05401,2026-09-13T10:32:00Z,SITE-A,ESP32-A01,v1.12,NORMAL,0.6527,0.24443,0.06727,-0.07001,-0.08093,0.10534,0.07038,0.04099,0.13574,0.13952,dust_vo_v (+0.140),irradiance_lux (+0.136),panel_temp1_c (+0.105),0.0
REC-05402,2026-09-13T10:32:05Z,SITE-A,ESP32-A01,v1.12,NORMAL,0.7,0.24443,0.06848,-0.06026,-0.06844,0.11212,0.07501,0.04409,0.1392,0.1454,dust_vo_v (+0.145),irradiance_lux (+0.139),panel_temp1_c (+0.112),0.0
REC-05403,2026-09-13T10:32:10Z,SITE-A,ESP32-A01,v1.12,NORMAL,0.6729,0.24443,0.06754,-0.06635,-0.07564,0.10724,0.07155,0.04343,0.13413,0.14658,dust_vo_v (+0.147),irradiance_lux (+0.134),panel_temp1_c (+0.107),-0.0
REC-05404,2026-09-13T10:32:15Z,SITE-A,ESP32-A01,v1.12,NORMAL,0.6744,0.24443,0.06779,-0.06402,-0.07292,0.1065,0.07188,0.04375,0.13536,0.14163,dust_vo_v (+0.142),irradiance_lux (+0.135),panel_temp1_c (+0.106),-0.0
REC-05405,2026-09-13T10:32:20Z,SITE-A,ESP32-A01,v1.12,NORMAL,0.6494,0.24443,0.06666,-0.06921,-0.08013,0.09988,0.07029,0.04251,0.1341,0.14088,dust_vo_v (+0.141),irradiance_lux (+0.134),panel_temp1_c (+0.100),-0.0
REC-05406,2026-09-13T10:32:25Z,SITE-A,ESP32-A01,v1.12,NORMAL,0.6774,0.24443,0.06789,-0.0622,-0.06896,0.10431,0.07425,0.04244,0.13538,0.13982,dust_vo_v (+0.140),irradiance_lux (+0.135),panel_temp1_c (+0.104),-0.0
REC-05407,2026-09-13T10:32:30Z,SITE-A,ESP32-A01,v1.12,NORMAL,0.6705,0.24443,0.0675,-0.06513,-0.07241,0.10494,0.07055,0.04227,0.13565,0.14267,dust_vo_v (+0.143),irradiance_lux (+0.136),panel_temp1_c (+0.105),-0.0
REC-05408,2026-09-13T10:32:35Z,SITE-A,ESP32-A01,v1.12,NORMAL,0.6677,0.24443,0.06711,-0.06476,-0.0766,0.10572,0.07279,0.04292,0.13396,0.14208,dust_vo_v (+0.142),irradiance_lux (+0.134),panel_temp1_c (+0.106),-0.0
REC-05409,2026-09-13T10:32:40Z,SITE-A,ESP32-A01,v1.12,NORMAL,0.6592,0.24443,0.06693,-0.066,-0.07603,0.1021,0.07218,0.04167,0.13322,0.1407,dust_vo_v (+0.141),irradiance_lux (+0.133),panel_temp1_c (+0.102),0.0
REC-05410,2026-09-13T10:32:45Z,SITE-A,ESP32-A01,v1.12,NORMAL,0.6894,0.24443,0.06834,-0.0629,-0.06898,0.1092,0.0736,0.04276,0.13738,0.14556,dust_vo_v (+0.146),irradiance_lux (+0.137),panel_temp1_c (+0.109),-0.0
REC-05411,2026-09-13T10:32:50Z,SITE-A,ESP32-A01,v1.12,NORMAL,0.6422,0.24443,0.0666,-0.07227,-0.08467,0.10413,0.06762,0.04148,0.13296,0.14192,dust_vo_v (+0.142),irradiance_lux (+0.133),panel_temp1_c (+0.104),-0.0
REC-05412,2026-09-13T10:32:55Z,SITE-A,ESP32-A01,v1.12,NORMAL,0.6636,0.24443,0.06741,-0.06745,-0.0773,0.10891,0.06714,0.04228,0.13575,0.14241,dust_vo_v (+0.142),irradiance_lux (+0.136),panel_temp1_c (+0.109),0.0
REC-05413,2026-09-13T10:33:00Z,SITE-A,ESP32-A01,v1.12,NORMAL,0.6698,0.24443,0.06721,-0.06576,-0.07587,0.10658,0.07002,0.04305,0.13565,0.14444,dust_vo_v (+0.144),irradiance_lux (+0.136),panel_temp1_c (+0.107),0.0
REC-05414,2026-09-13T10:33:05Z,SITE-A,ESP32-A01,v1.12,NORMAL,0.661,0.24443,0.06689,-0.06654,-0.07587,0.10499,0.06822,0.04116,0.13538,0.14234,dust_vo_v (+0.142),irradiance_lux (+0.135),panel_temp1_c (+0.105),-0.0
REC-05415,2026-09-13T10:33:10Z,SITE-A,ESP32-A01,v1.12,NORMAL,0.6859,0.24443,0.0681,-0.06016,-0.06749,0.11057,0.07269,0.04089,0.13749,0.13933,dust_vo_v (+0.139),irradiance_lux (+0.137),panel_temp1_c (+0.111),-0.0
REC-05416,2026-09-13T10:33:15Z,SITE-A,ESP32-A01,v1.12,NORMAL,0.6523,0.24443,0.06659,-0.06688,-0.07856,0.10375,0.06958,0.04026,0.13433,0.13876,dust_vo_v (+0.139),irradiance_lux (+0.134),panel_temp1_c (+0.104),-0.0
REC-05417,2026-09-13T10:33:20Z,SITE-A,ESP32-A01,v1.12,NORMAL,0.6652,0.24443,0.06695,-0.0644,-0.07415,0.10875,0.06704,0.0408,0.13428,0.14148,dust_vo_v (+0.141),irradiance_lux (+0.134),panel_temp1_c (+0.109),0.0
REC-05418,2026-09-13T10:33:25Z,SITE-A,ESP32-A01,v1.12,NORMAL,0.6806,0.24443,0.06798,-0.06203,-0.06955,0.10857,0.07509,0.03949,0.13682,0.13976,dust_vo_v (+0.140),irradiance_lux (+0.137),panel_temp1_c (+0.109),-0.0
REC-05419,2026-09-13T10:33:30Z,SITE-A,ESP32-A01,v1.12,NORMAL,0.6754,0.24443,0.0675,-0.0645,-0.07303,0.10771,0.07267,0.04117,0.13464,0.14483,dust_vo_v (+0.145),irradiance_lux (+0.135),panel_temp1_c (+0.108),0.0
REC-05420,2026-09-13T10:33:35Z,SITE-A,ESP32-A01,v1.12,NORMAL,0.6301,0.24443,0.06578,-0.06826,-0.08312,0.10086,0.06795,0.03958,0.1297,0.13318,dust_vo_v (+0.133),irradiance_lux (+0.130),panel_temp1_c (+0.101),0.0
REC-05421,2026-09-13T10:33:40Z,SITE-A,ESP32-A01,v1.12,NORMAL,0.6485,0.24443,0.0662,-0.06859,-0.08221,0.10727,0.06723,0.04011,0.13208,0.14193,dust_vo_v (+0.142),irradiance_lux (+0.132),panel_temp1_c (+0.107),0.0
REC-05422,2026-09-13T10:33:45Z,SITE-A,ESP32-A01,v1.12,NORMAL,0.6573,0.24443,0.06688,-0.06479,-0.07543,0.1049,0.0714,0.03923,0.13388,0.13679,dust_vo_v (+0.137),irradiance_lux (+0.134),panel_temp1_c (+0.105),-0.0
REC-05423,2026-09-13T10:33:50Z,SITE-A,ESP32-A01,v1.12,NORMAL,0.6571,0.24443,0.06684,-0.06446,-0.07284,0.10373,0.06861,0.03962,0.13432,0.13685,dust_vo_v (+0.137),irradiance_lux (+0.134),panel_temp1_c (+0.104),0.0
REC-05424,2026-09-13T10:33:55Z,SITE-A,ESP32-A01,v1.12,NORMAL,0.6746,0.24443,0.06737,-0.06555,-0.07318,0.10654,0.07065,0.04183,0.13551,0.14699,dust_vo_v (+0.147),irradiance_lux (+0.136),panel_temp1_c (+0.107),0.0
REC-05425,2026-09-13T10:34:00Z,SITE-A,ESP32-A01,v1.12,NORMAL,0.6621,0.24443,0.06691,-0.06391,-0.07408,0.10523,0.06916,0.04113,0.13497,0.13829,dust_vo_v (+0.138),irradiance_lux (+0.135),panel_temp1_c (+0.105),0.0
REC-05426,2026-09-13T10:34:05Z,SITE-A,ESP32-A01,v1.12,NORMAL,0.6853,0.24443,0.06743,-0.06051,-0.06795,0.10769,0.07158,0.04198,0.13634,0.14425,dust_vo_v (+0.144),irradiance_lux (+0.136),panel_temp1_c (+0.108),-0.0
REC-05427,2026-09-13T10:34:10Z,SITE-A,ESP32-A01,v1.12,NORMAL,0.6741,0.24443,0.06732,-0.06432,-0.07239,0.1081,0.06882,0.04135,0.13647,0.14427,dust_vo_v (+0.144),irradiance_lux (+0.136),panel_temp1_c (+0.108),-0.0
REC-05428,2026-09-13T10:34:15Z,SITE-A,ESP32-A01,v1.12,NORMAL,0.6416,0.24443,0.06624,-0.06928,-0.08155,0.10161,0.06874,0.04035,0.13195,0.13915,dust_vo_v (+0.139),irradiance_lux (+0.132),panel_temp1_c (+0.102),-0.0
REC-05429,2026-09-13T10:34:20Z,SITE-A,ESP32-A01,v1.12,NORMAL,0.6719,0.24443,0.06743,-0.06603,-0.07509,0.108,0.07091,0.04149,0.13569,0.14504,dust_vo_v (+0.145),irradiance_lux (+0.136),panel_temp1_c (+0.108),-0.0
REC-05430,2026-09-13T10:34:25Z,SITE-A,ESP32-A01,v1.12,NORMAL,0.6781,0.24443,0.06794,-0.06368,-0.06987,0.10756,0.07372,0.04031,0.13542,0.14229,dust_vo_v (+0.142),irradiance_lux (+0.135),panel_temp1_c (+0.108),-0.0
REC-05431,2026-09-13T10:34:30Z,SITE-A,ESP32-A01,v1.12,NORMAL,0.6641,0.24443,0.06669,-0.06568,-0.07797,0.10563,0.07261,0.04141,0.13307,0.14387,dust_vo_v (+0.144),irradiance_lux (+0.133),panel_temp1_c (+0.106),0.0
REC-05432,2026-09-13T10:34:35Z,SITE-A,ESP32-A01,v1.12,NORMAL,0.6739,0.24443,0.06707,-0.06241,-0.07181,0.10912,0.06848,0.04128,0.13542,0.14228,dust_vo_v (+0.142),irradiance_lux (+0.135),panel_temp1_c (+0.109),-0.0
REC-05433,2026-09-13T10:34:40Z,SITE-A,ESP32-A01,v1.12,NORMAL,0.6495,0.24443,0.06658,-0.06694,-0.07805,0.104,0.07012,0.0391,0.13236,0.13794,dust_vo_v (+0.138),irradiance_lux (+0.132),panel_temp1_c (+0.104),0.0
REC-05434,2026-09-13T10:34:45Z,SITE-A,ESP32-A01,v1.12,NORMAL,0.6685,0.24443,0.06716,-0.06479,-0.07421,0.10752,0.06934,0.04047,0.13704,0.14154,dust_vo_v (+0.142),irradiance_lux (+0.137),panel_temp1_c (+0.108),-0.0
REC-05435,2026-09-13T10:34:50Z,SITE-A,ESP32-A01,v1.12,NORMAL,0.6428,0.24443,0.06568,-0.0678,-0.08097,0.10133,0.06757,0.04097,0.13054,0.14105,dust_vo_v (+0.141),irradiance_lux (+0.131),panel_temp1_c (+0.101),-0.0
REC-05436,2026-09-13T10:34:55Z,SITE-A,ESP32-A01,v1.12,NORMAL,0.6467,0.24443,0.06599,-0.06726,-0.07872,0.10111,0.06657,0.04058,0.13456,0.13942,dust_vo_v (+0.139),irradiance_lux (+0.135),panel_temp1_c (+0.101),0.0
REC-05437,2026-09-13T10:35:00Z,SITE-A,ESP32-A01,v1.12,NORMAL,0.6784,0.24443,0.06747,-0.06463,-0.07446,0.10815,0.0743,0.04152,0.13537,0.14626,dust_vo_v (+0.146),irradiance_lux (+0.135),panel_temp1_c (+0.108),-0.0
REC-05438,2026-09-13T10:35:05Z,SITE-A,ESP32-A01,v1.12,NORMAL,0.6394,0.24443,0.0661,-0.07168,-0.08352,0.1028,0.06611,0.04006,0.13299,0.14213,dust_vo_v (+0.142),irradiance_lux (+0.133),panel_temp1_c (+0.103),0.0
REC-05439,2026-09-13T10:35:10Z,SITE-A,ESP32-A01,v1.12,NORMAL,0.6565,0.24443,0.06695,-0.06843,-0.07902,0.10476,0.06943,0.04167,0.13422,0.14247,dust_vo_v (+0.142),irradiance_lux (+0.134),panel_temp1_c (+0.105),0.0
REC-05440,2026-09-13T10:35:15Z,SITE-A,ESP32-A01,v1.12,NORMAL,0.6497,0.24443,0.06694,-0.06958,-0.08159,0.10424,0.06957,0.04136,0.13516,0.13912,dust_vo_v (+0.139),irradiance_lux (+0.135),panel_temp1_c (+0.104),-0.0
REC-05441,2026-09-13T10:35:20Z,SITE-A,ESP32-A01,v1.12,NORMAL,0.659,0.24443,0.06726,-0.06903,-0.07846,0.10396,0.06982,0.04136,0.13872,0.14093,dust_vo_v (+0.141),irradiance_lux (+0.139),panel_temp1_c (+0.104),0.0
REC-05442,2026-09-13T10:35:25Z,SITE-A,ESP32-A01,v1.12,NORMAL,0.6435,0.24443,0.06657,-0.07088,-0.08162,0.1027,0.0659,0.04121,0.1357,0.13945,dust_vo_v (+0.139),irradiance_lux (+0.136),panel_temp1_c (+0.103),0.0
REC-05443,2026-09-13T10:35:30Z,SITE-A,ESP32-A01,v1.12,NORMAL,0.6749,0.24443,0.06769,-0.06541,-0.07574,0.10963,0.07034,0.04275,0.13836,0.14289,dust_vo_v (+0.143),irradiance_lux (+0.138),panel_temp1_c (+0.110),0.0
REC-05444,2026-09-13T10:35:35Z,SITE-A,ESP32-A01,v1.12,NORMAL,0.6804,0.24443,0.06783,-0.06523,-0.07317,0.10628,0.07189,0.04313,0.14005,0.14518,dust_vo_v (+0.145),irradiance_lux (+0.140),panel_temp1_c (+0.106),-0.0
REC-05445,2026-09-13T10:35:40Z,SITE-A,ESP32-A01,v1.12,NORMAL,0.6647,0.24443,0.0677,-0.06661,-0.07583,0.10464,0.07227,0.04208,0.13738,0.13863,dust_vo_v (+0.139),irradiance_lux (+0.137),panel_temp1_c (+0.105),0.0
REC-05446,2026-09-13T10:35:45Z,SITE-A,ESP32-A01,v1.12,NORMAL,0.658,0.24443,0.06694,-0.06926,-0.08232,0.10473,0.07114,0.04277,0.13656,0.14305,dust_vo_v (+0.143),irradiance_lux (+0.137),panel_temp1_c (+0.105),-0.0
REC-05447,2026-09-13T10:35:50Z,SITE-A,ESP32-A01,v1.12,NORMAL,0.654,0.24443,0.06698,-0.06844,-0.07878,0.10392,0.06751,0.04264,0.1353,0.14038,dust_vo_v (+0.140),irradiance_lux (+0.135),panel_temp1_c (+0.104),0.0
REC-05448,2026-09-13T10:35:55Z,SITE-A,ESP32-A01,v1.12,NORMAL,0.6541,0.24443,0.06709,-0.06983,-0.08249,0.1043,0.0705,0.04308,0.13557,0.14146,dust_vo_v (+0.141),irradiance_lux (+0.136),panel_temp1_c (+0.104),0.0
REC-05449,2026-09-13T10:36:00Z,SITE-A,ESP32-A01,v1.12,NORMAL,0.6456,0.24443,0.06653,-0.06875,-0.07934,0.10109,0.0677,0.042,0.13269,0.13922,dust_vo_v (+0.139),irradiance_lux (+0.133),panel_temp1_c (+0.101),0.0
REC-05450,2026-09-13T10:36:05Z,SITE-A,ESP32-A01,v1.12,NORMAL,0.6562,0.24443,0.06668,-0.06776,-0.07612,0.10351,0.06448,0.04201,0.1361,0.14292,dust_vo_v (+0.143),irradiance_lux (+0.136),panel_temp1_c (+0.104),0.0
REC-05451,2026-09-13T10:36:10Z,SITE-A,ESP32-A01,v1.12,NORMAL,0.6522,0.24443,0.06653,-0.06616,-0.07618,0.10105,0.06743,0.04207,0.13464,0.13844,dust_vo_v (+0.138),irradiance_lux (+0.135),panel_temp1_c (+0.101),-0.0
REC-05452,2026-09-13T10:36:15Z,SITE-A,ESP32-A01,v1.12,NORMAL,0.6462,0.24443,0.06602,-0.06611,-0.07897,0.1026,0.0659,0.04159,0.13359,0.1371,dust_vo_v (+0.137),irradiance_lux (+0.134),panel_temp1_c (+0.103),0.0
REC-05453,2026-09-13T10:36:20Z,SITE-A,ESP32-A01,v1.12,NORMAL,0.6707,0.24443,0.06725,-0.06366,-0.07284,0.10575,0.07148,0.04073,0.13737,0.14023,dust_vo_v (+0.140),irradiance_lux (+0.137),panel_temp1_c (+0.106),-0.0
REC-05454,2026-09-13T10:36:25Z,SITE-A,ESP32-A01,v1.12,NORMAL,0.6571,0.24443,0.06671,-0.06679,-0.07687,0.10289,0.07031,0.04041,0.13488,0.14107,dust_vo_v (+0.141),irradiance_lux (+0.135),panel_temp1_c (+0.103),-0.0
REC-05455,2026-09-13T10:36:30Z,SITE-A,ESP32-A01,v1.12,NORMAL,0.6537,0.24443,0.06656,-0.06826,-0.08054,0.10757,0.06641,0.04092,0.13443,0.14217,dust_vo_v (+0.142),irradiance_lux (+0.134),panel_temp1_c (+0.108),0.0
REC-05456,2026-09-13T10:36:35Z,SITE-A,ESP32-A01,v1.12,NORMAL,0.6335,0.24443,0.0656,-0.06724,-0.08229,0.09948,0.06713,0.04032,0.13348,0.13256,irradiance_lux (+0.133),dust_vo_v (+0.133),panel_temp1_c (+0.099),-0.0
REC-05457,2026-09-13T10:36:40Z,SITE-A,ESP32-A01,v1.12,NORMAL,0.6637,0.24443,0.06654,-0.06599,-0.07722,0.10564,0.0673,0.04256,0.13638,0.14406,dust_vo_v (+0.144),irradiance_lux (+0.136),panel_temp1_c (+0.106),-0.0
REC-05458,2026-09-13T10:36:45Z,SITE-A,ESP32-A01,v1.12,NORMAL,0.6344,0.24443,0.06575,-0.07037,-0.08293,0.09828,0.06595,0.04054,0.13517,0.13754,dust_vo_v (+0.138),irradiance_lux (+0.135),panel_temp1_c (+0.098),0.0
REC-05459,2026-09-13T10:36:50Z,SITE-A,ESP32-A01,v1.12,NORMAL,0.6426,0.24443,0.06566,-0.06737,-0.08057,0.1051,0.0607,0.04222,0.133,0.13945,dust_vo_v (+0.139),irradiance_lux (+0.133),panel_temp1_c (+0.105),-0.0
REC-05460,2026-09-13T10:36:55Z,SITE-A,ESP32-A01,v1.12,NORMAL,0.6571,0.24443,0.06678,-0.06765,-0.07985,0.10653,0.06925,0.04117,0.13473,0.14171,dust_vo_v (+0.142),irradiance_lux (+0.135),panel_temp1_c (+0.107),0.0
REC-05461,2026-09-13T10:41:00Z,SITE-E,ESP32-E01,v1.12,OPEN_CIRCUIT,0.4851,0.15905,0.16575,0.12649,0.2326,0.02043,0.06058,-0.08742,-0.20213,0.00977,power_mw (+0.233),irradiance_lux (-0.202),voltage_v (+0.166),0.0
REC-05462,2026-09-13T10:41:05Z,SITE-E,ESP32-E01,v1.12,OPEN_CIRCUIT,0.488,0.15905,0.16532,0.12709,0.23752,0.02002,0.06324,-0.08801,-0.20076,0.00456,power_mw (+0.238),irradiance_lux (-0.201),voltage_v (+0.165),-0.0
REC-05463,2026-09-13T10:41:10Z,SITE-E,ESP32-E01,v1.12,OPEN_CIRCUIT,0.4819,0.15905,0.1634,0.12688,0.23665,0.02002,0.06154,-0.08753,-0.2017,0.00356,power_mw (+0.237),irradiance_lux (-0.202),voltage_v (+0.163),0.0
REC-05464,2026-09-13T10:41:15Z,SITE-E,ESP32-E01,v1.12,OPEN_CIRCUIT,0.5012,0.15905,0.16704,0.12901,0.23971,0.02144,0.06197,-0.08616,-0.20115,0.01026,power_mw (+0.240),irradiance_lux (-0.201),voltage_v (+0.167),-0.0
REC-05465,2026-09-13T10:41:20Z,SITE-E,ESP32-E01,v1.12,OPEN_CIRCUIT,0.4907,0.15905,0.16574,0.12722,0.23098,0.02026,0.05875,-0.08475,-0.20143,0.01489,power_mw (+0.231),irradiance_lux (-0.201),voltage_v (+0.166),0.0
REC-05466,2026-09-13T10:41:25Z,SITE-E,ESP32-E01,v1.12,OPEN_CIRCUIT,0.4515,0.15905,0.15971,0.12042,0.21706,0.01933,0.0584,-0.08601,-0.20557,0.0091,power_mw (+0.217),irradiance_lux (-0.206),voltage_v (+0.160),-0.0
REC-05467,2026-09-13T10:41:30Z,SITE-E,ESP32-E01,v1.12,OPEN_CIRCUIT,0.4881,0.15905,0.16786,0.12653,0.2306,0.01984,0.05983,-0.08514,-0.20277,0.01234,power_mw (+0.231),irradiance_lux (-0.203),voltage_v (+0.168),0.0
REC-05468,2026-09-13T10:41:35Z,SITE-E,ESP32-E01,v1.12,OPEN_CIRCUIT,0.5037,0.15905,0.16745,0.12963,0.24056,0.02019,0.06215,-0.08487,-0.19724,0.00676,power_mw (+0.241),irradiance_lux (-0.197),voltage_v (+0.167),-0.0
REC-05469,2026-09-13T10:41:40Z,SITE-E,ESP32-E01,v1.12,OPEN_CIRCUIT,0.4965,0.15905,0.16549,0.12872,0.2393,0.02033,0.06169,-0.0862,-0.20154,0.00961,power_mw (+0.239),irradiance_lux (-0.202),voltage_v (+0.165),0.0
REC-05470,2026-09-13T10:41:45Z,SITE-E,ESP32-E01,v1.12,OPEN_CIRCUIT,0.5031,0.15905,0.16786,0.12922,0.24028,0.02031,0.0628,-0.08548,-0.19874,0.00776,power_mw (+0.240),irradiance_lux (-0.199),voltage_v (+0.168),0.0
REC-05471,2026-09-13T10:41:50Z,SITE-E,ESP32-E01,v1.12,OPEN_CIRCUIT,0.481,0.15905,0.16349,0.12645,0.23339,0.01861,0.06079,-0.08416,-0.20009,0.00347,power_mw (+0.233),irradiance_lux (-0.200),voltage_v (+0.163),0.0
REC-05472,2026-09-13T10:41:55Z,SITE-E,ESP32-E01,v1.12,OPEN_CIRCUIT,0.4666,0.15905,0.16244,0.12365,0.22522,0.01817,0.05908,-0.08371,-0.20371,0.00643,power_mw (+0.225),irradiance_lux (-0.204),voltage_v (+0.162),0.0
REC-05473,2026-09-13T10:42:00Z,SITE-E,ESP32-E01,v1.12,OPEN_CIRCUIT,0.4704,0.15905,0.16547,0.12461,0.22902,0.01662,0.06018,-0.08256,-0.204,0.002,power_mw (+0.229),irradiance_lux (-0.204),voltage_v (+0.165),-0.0
REC-05474,2026-09-13T10:42:05Z,SITE-E,ESP32-E01,v1.12,OPEN_CIRCUIT,0.4872,0.15905,0.16511,0.12788,0.23697,0.0186,0.06031,-0.08274,-0.20175,0.00381,power_mw (+0.237),irradiance_lux (-0.202),voltage_v (+0.165),0.0
REC-05475,2026-09-13T10:42:10Z,SITE-E,ESP32-E01,v1.12,OPEN_CIRCUIT,0.494,0.15905,0.16656,0.12849,0.23912,0.01899,0.06162,-0.08334,-0.20223,0.00575,power_mw (+0.239),irradiance_lux (-0.202),voltage_v (+0.167),0.0
REC-05476,2026-09-13T10:42:15Z,SITE-E,ESP32-E01,v1.12,OPEN_CIRCUIT,0.497,0.15905,0.16711,0.12876,0.23805,0.01896,0.06104,-0.08165,-0.20036,0.00605,power_mw (+0.238),irradiance_lux (-0.200),voltage_v (+0.167),-0.0
REC-05477,2026-09-13T10:42:20Z,SITE-E,ESP32-E01,v1.12,OPEN_CIRCUIT,0.5006,0.15905,0.16705,0.12906,0.23933,0.01981,0.06179,-0.08287,-0.20031,0.00774,power_mw (+0.239),irradiance_lux (-0.200),voltage_v (+0.167),0.0
REC-05478,2026-09-13T10:42:25Z,SITE-E,ESP32-E01,v1.12,OPEN_CIRCUIT,0.4603,0.15905,0.1616,0.12382,0.23011,0.01645,0.06065,-0.08297,-0.20464,-0.0038,power_mw (+0.230),irradiance_lux (-0.205),voltage_v (+0.162),0.0
REC-05479,2026-09-13T10:42:30Z,SITE-E,ESP32-E01,v1.12,OPEN_CIRCUIT,0.5062,0.15905,0.17063,0.13028,0.24141,0.0183,0.06149,-0.08076,-0.19821,0.004,power_mw (+0.241),irradiance_lux (-0.198),voltage_v (+0.171),0.0
REC-05480,2026-09-13T10:42:35Z,SITE-E,ESP32-E01,v1.12,OPEN_CIRCUIT,0.5045,0.15905,0.16699,0.12964,0.23706,0.02065,0.05933,-0.08232,-0.20054,0.01468,power_mw (+0.237),irradiance_lux (-0.201),voltage_v (+0.167),0.0
REC-05481,2026-09-13T10:42:40Z,SITE-E,ESP32-E01,v1.12,OPEN_CIRCUIT,0.4805,0.15905,0.16386,0.12664,0.23384,0.01861,0.05966,-0.08316,-0.20451,0.00652,power_mw (+0.234),irradiance_lux (-0.205),voltage_v (+0.164),-0.0
REC-05482,2026-09-13T10:42:45Z,SITE-E,ESP32-E01,v1.12,OPEN_CIRCUIT,0.5129,0.15905,0.16925,0.13077,0.24144,0.02013,0.06157,-0.08272,-0.19764,0.01105,power_mw (+0.241),irradiance_lux (-0.198),voltage_v (+0.169),-0.0
REC-05483,2026-09-13T10:42:50Z,SITE-E,ESP32-E01,v1.12,OPEN_CIRCUIT,0.4981,0.15905,0.16542,0.12907,0.23948,0.01971,0.06113,-0.08291,-0.20224,0.00936,power_mw (+0.239),irradiance_lux (-0.202),voltage_v (+0.165),-0.0
REC-05484,2026-09-13T10:42:55Z,SITE-E,ESP32-E01,v1.12,OPEN_CIRCUIT,0.4964,0.15905,0.16818,0.12862,0.2369,0.01893,0.06039,-0.08196,-0.20061,0.00689,power_mw (+0.237),irradiance_lux (-0.201),voltage_v (+0.168),0.0
REC-05485,2026-09-13T10:43:00Z,SITE-E,ESP32-E01,v1.12,OPEN_CIRCUIT,0.4887,0.15905,0.16545,0.12832,0.23776,0.01742,0.06014,-0.0809,-0.20144,0.00288,power_mw (+0.238),irradiance_lux (-0.201),voltage_v (+0.165),-0.0
REC-05486,2026-09-13T10:43:05Z,SITE-E,ESP32-E01,v1.12,OPEN_CIRCUIT,0.4981,0.15905,0.16709,0.12938,0.2401,0.01863,0.0609,-0.0814,-0.20089,0.00529,power_mw (+0.240),irradiance_lux (-0.201),voltage_v (+0.167),0.0
REC-05487,2026-09-13T10:43:10Z,SITE-E,ESP32-E01,v1.12,OPEN_CIRCUIT,0.5127,0.15905,0.1689,0.13095,0.23843,0.01967,0.05881,-0.08065,-0.19921,0.01678,power_mw (+0.238),irradiance_lux (-0.199),voltage_v (+0.169),0.0
REC-05488,2026-09-13T10:43:15Z,SITE-E,ESP32-E01,v1.12,OPEN_CIRCUIT,0.4668,0.15905,0.16286,0.12432,0.22802,0.01729,0.05903,-0.08216,-0.20494,0.00334,power_mw (+0.228),irradiance_lux (-0.205),voltage_v (+0.163),0.0
REC-05489,2026-09-13T10:43:20Z,SITE-E,ESP32-E01,v1.12,OPEN_CIRCUIT,0.5109,0.15905,0.16917,0.13063,0.23985,0.02043,0.05989,-0.08226,-0.20158,0.01567,power_mw (+0.240),irradiance_lux (-0.202),voltage_v (+0.169),-0.0
REC-05490,2026-09-13T10:43:25Z,SITE-E,ESP32-E01,v1.12,OPEN_CIRCUIT,0.4856,0.15905,0.16574,0.12767,0.23716,0.01772,0.06026,-0.08169,-0.20542,0.00513,power_mw (+0.237),irradiance_lux (-0.205),voltage_v (+0.166),-0.0
REC-05491,2026-09-13T10:43:30Z,SITE-E,ESP32-E01,v1.12,OPEN_CIRCUIT,0.4805,0.15905,0.16521,0.12694,0.23455,0.01747,0.05927,-0.08139,-0.20569,0.00513,power_mw (+0.235),irradiance_lux (-0.206),voltage_v (+0.165),0.0
REC-05492,2026-09-13T10:43:35Z,SITE-E,ESP32-E01,v1.12,OPEN_CIRCUIT,0.491,0.15905,0.16404,0.12781,0.23499,0.01846,0.06038,-0.08141,-0.19958,0.00728,power_mw (+0.235),irradiance_lux (-0.200),voltage_v (+0.164),0.0
REC-05493,2026-09-13T10:43:40Z,SITE-E,ESP32-E01,v1.12,OPEN_CIRCUIT,0.4784,0.15905,0.16391,0.12608,0.23201,0.01814,0.05987,-0.08292,-0.20315,0.00545,power_mw (+0.232),irradiance_lux (-0.203),voltage_v (+0.164),-0.0
REC-05494,2026-09-13T10:43:45Z,SITE-E,ESP32-E01,v1.12,OPEN_CIRCUIT,0.4867,0.15905,0.16512,0.12739,0.23629,0.01818,0.06134,-0.08238,-0.20118,0.00292,power_mw (+0.236),irradiance_lux (-0.201),voltage_v (+0.165),-0.0
REC-05495,2026-09-13T10:43:50Z,SITE-E,ESP32-E01,v1.12,OPEN_CIRCUIT,0.5068,0.15905,0.1698,0.12984,0.23904,0.01887,0.0614,-0.08162,-0.19754,0.00796,power_mw (+0.239),irradiance_lux (-0.198),voltage_v (+0.170),-0.0
REC-05496,2026-09-13T10:43:55Z,SITE-E,ESP32-E01,v1.12,OPEN_CIRCUIT,0.4444,0.15905,0.15851,0.12086,0.22296,0.01525,0.06004,-0.08308,-0.2071,-0.00205,power_mw (+0.223),irradiance_lux (-0.207),voltage_v (+0.159),0.0
REC-05497,2026-09-13T10:44:00Z,SITE-E,ESP32-E01,v1.12,OPEN_CIRCUIT,0.4806,0.15905,0.16407,0.12596,0.23125,0.02005,0.0599,-0.08499,-0.20303,0.00829,power_mw (+0.231),irradiance_lux (-0.203),voltage_v (+0.164),-0.0
REC-05498,2026-09-13T10:44:05Z,SITE-E,ESP32-E01,v1.12,OPEN_CIRCUIT,0.4988,0.15905,0.16806,0.1291,0.23968,0.01998,0.06112,-0.0841,-0.20281,0.00871,power_mw (+0.240),irradiance_lux (-0.203),voltage_v (+0.168),0.0
REC-05499,2026-09-13T10:44:10Z,SITE-E,ESP32-E01,v1.12,OPEN_CIRCUIT,0.4868,0.15905,0.16422,0.12723,0.2339,0.01958,0.05962,-0.08336,-0.20331,0.00988,power_mw (+0.234),irradiance_lux (-0.203),voltage_v (+0.164),0.0
REC-05500,2026-09-13T10:44:15Z,SITE-E,ESP32-E01,v1.12,OPEN_CIRCUIT,0.4901,0.15905,0.16475,0.12809,0.23845,0.01925,0.06129,-0.0835,-0.20233,0.00501,power_mw (+0.238),irradiance_lux (-0.202),voltage_v (+0.165),0.0
REC-05501,2026-09-13T10:44:20Z,SITE-E,ESP32-E01,v1.12,OPEN_CIRCUIT,0.5115,0.15905,0.17009,0.13087,0.24163,0.02045,0.06058,-0.08223,-0.20029,0.01137,power_mw (+0.242),irradiance_lux (-0.200),voltage_v (+0.170),-0.0
REC-05502,2026-09-13T10:44:25Z,SITE-E,ESP32-E01,v1.12,OPEN_CIRCUIT,0.4988,0.15905,0.16731,0.12872,0.23659,0.01943,0.06055,-0.0822,-0.19985,0.00919,power_mw (+0.237),irradiance_lux (-0.200),voltage_v (+0.167),0.0
REC-05503,2026-09-13T10:44:30Z,SITE-E,ESP32-E01,v1.12,OPEN_CIRCUIT,0.4899,0.15905,0.16704,0.12682,0.23288,0.01853,0.06149,-0.08262,-0.20079,0.00749,power_mw (+0.233),irradiance_lux (-0.201),voltage_v (+0.167),-0.0
REC-05504,2026-09-13T10:44:35Z,SITE-E,ESP32-E01,v1.12,OPEN_CIRCUIT,0.5324,0.15905,0.17146,0.13311,0.24536,0.022,0.06206,-0.08252,-0.19639,0.0183,power_mw (+0.245),irradiance_lux (-0.196),voltage_v (+0.171),-0.0
REC-05505,2026-09-13T10:44:40Z,SITE-E,ESP32-E01,v1.12,OPEN_CIRCUIT,0.4989,0.15905,0.16708,0.12891,0.23851,0.02059,0.06079,-0.08371,-0.20216,0.00985,power_mw (+0.239),irradiance_lux (-0.202),voltage_v (+0.167),0.0
REC-05506,2026-09-13T10:44:45Z,SITE-E,ESP32-E01,v1.12,OPEN_CIRCUIT,0.4831,0.15905,0.16518,0.12653,0.23421,0.0192,0.06117,-0.08479,-0.20215,0.00465,power_mw (+0.234),irradiance_lux (-0.202),voltage_v (+0.165),-0.0
REC-05507,2026-09-13T10:44:50Z,SITE-E,ESP32-E01,v1.12,OPEN_CIRCUIT,0.5241,0.15905,0.17083,0.13182,0.24373,0.02179,0.06254,-0.08366,-0.19777,0.01579,power_mw (+0.244),irradiance_lux (-0.198),voltage_v (+0.171),0.0
REC-05508,2026-09-13T10:44:55Z,SITE-E,ESP32-E01,v1.12,OPEN_CIRCUIT,0.5146,0.15905,0.16786,0.13095,0.24254,0.02073,0.06234,-0.08316,-0.19643,0.01072,power_mw (+0.243),irradiance_lux (-0.196),voltage_v (+0.168),-0.0
REC-05509,2026-09-13T10:45:00Z,SITE-E,ESP32-E01,v1.12,OPEN_CIRCUIT,0.5221,0.15905,0.17167,0.13198,0.2418,0.02119,0.06036,-0.08252,-0.19816,0.01675,power_mw (+0.242),irradiance_lux (-0.198),voltage_v (+0.172),-0.0
REC-05510,2026-09-13T10:45:05Z,SITE-E,ESP32-E01,v1.12,OPEN_CIRCUIT,0.4814,0.15905,0.16454,0.12638,0.23663,0.01896,0.06298,-0.08468,-0.20099,-0.00149,power_mw (+0.237),irradiance_lux (-0.201),voltage_v (+0.165),-0.0
REC-05511,2026-09-13T10:45:10Z,SITE-E,ESP32-E01,v1.12,OPEN_CIRCUIT,0.4895,0.15905,0.16737,0.12719,0.23343,0.01814,0.0609,-0.08251,-0.19969,0.00565,power_mw (+0.233),irradiance_lux (-0.200),voltage_v (+0.167),-0.0
REC-05512,2026-09-13T10:45:15Z,SITE-E,ESP32-E01,v1.12,OPEN_CIRCUIT,0.4842,0.15905,0.1664,0.12657,0.23191,0.01829,0.05998,-0.082,-0.20122,0.0052,power_mw (+0.232),irradiance_lux (-0.201),voltage_v (+0.166),-0.0
REC-05513,2026-09-13T10:45:20Z,SITE-E,ESP32-E01,v1.12,OPEN_CIRCUIT,0.4836,0.15905,0.16471,0.12712,0.23733,0.01838,0.06214,-0.08323,-0.20036,-0.00155,power_mw (+0.237),irradiance_lux (-0.200),voltage_v (+0.165),-0.0
REC-05514,2026-09-13T10:45:25Z,SITE-E,ESP32-E01,v1.12,OPEN_CIRCUIT,0.5103,0.15905,0.16903,0.13019,0.24157,0.02054,0.06261,-0.08405,-0.19799,0.00933,power_mw (+0.242),irradiance_lux (-0.198),voltage_v (+0.169),0.0
REC-05515,2026-09-13T10:45:30Z,SITE-E,ESP32-E01,v1.12,OPEN_CIRCUIT,0.4986,0.15905,0.16717,0.12892,0.2396,0.01936,0.062,-0.08329,-0.20022,0.00596,power_mw (+0.240),irradiance_lux (-0.200),voltage_v (+0.167),-0.0
REC-05516,2026-09-13T10:45:35Z,SITE-E,ESP32-E01,v1.12,OPEN_CIRCUIT,0.4697,0.15905,0.16135,0.12566,0.23534,0.01688,0.06148,-0.08371,-0.20373,-0.00262,power_mw (+0.235),irradiance_lux (-0.204),voltage_v (+0.161),-0.0
REC-05517,2026-09-13T10:45:40Z,SITE-E,ESP32-E01,v1.12,OPEN_CIRCUIT,0.4828,0.15905,0.16519,0.12653,0.23436,0.01849,0.06134,-0.08335,-0.202,0.00321,power_mw (+0.234),irradiance_lux (-0.202),voltage_v (+0.165),0.0
REC-05518,2026-09-13T10:45:45Z,SITE-E,ESP32-E01,v1.12,OPEN_CIRCUIT,0.5123,0.15905,0.1669,0.1312,0.24212,0.02001,0.06044,-0.08153,-0.20025,0.01439,power_mw (+0.242),irradiance_lux (-0.200),voltage_v (+0.167),0.0
REC-05519,2026-09-13T10:45:50Z,SITE-E,ESP32-E01,v1.12,OPEN_CIRCUIT,0.5087,0.15905,0.16844,0.131,0.24188,0.01977,0.05965,-0.08129,-0.20178,0.01199,power_mw (+0.242),irradiance_lux (-0.202),voltage_v (+0.168),-0.0
REC-05520,2026-09-13T10:45:55Z,SITE-E,ESP32-E01,v1.12,OPEN_CIRCUIT,0.4625,0.15905,0.16255,0.12367,0.22591,0.01637,0.05856,-0.08156,-0.20417,0.00209,power_mw (+0.226),irradiance_lux (-0.204),voltage_v (+0.163),-0.0
REC-05521,2026-09-13T11:20:00Z,SITE-E,ESP32-E01,v1.13,SHORT_CIRCUIT,0.964,0.17081,0.59781,-0.05914,0.11763,0.06682,-0.00182,0.02892,-0.00476,0.04772,voltage_v (+0.598),power_mw (+0.118),panel_temp1_c (+0.067),0.0
REC-05522,2026-09-13T11:20:05Z,SITE-E,ESP32-E01,v1.13,SHORT_CIRCUIT,0.9642,0.17081,0.59663,-0.05944,0.11808,0.06814,-0.00215,0.02932,-0.00491,0.0477,voltage_v (+0.597),power_mw (+0.118),panel_temp1_c (+0.068),-0.0
REC-05523,2026-09-13T11:20:10Z,SITE-E,ESP32-E01,v1.13,SHORT_CIRCUIT,0.9655,0.17081,0.59725,-0.05773,0.11768,0.06663,-0.00284,0.02992,-0.00498,0.04875,voltage_v (+0.597),power_mw (+0.118),panel_temp1_c (+0.067),-0.0
REC-05524,2026-09-13T11:20:15Z,SITE-E,ESP32-E01,v1.13,SHORT_CIRCUIT,0.965,0.17081,0.59785,-0.05876,0.11753,0.06723,-0.00227,0.02938,-0.00485,0.04812,voltage_v (+0.598),power_mw (+0.118),panel_temp1_c (+0.067),-0.0
REC-05525,2026-09-13T11:20:20Z,SITE-E,ESP32-E01,v1.13,SHORT_CIRCUIT,0.9645,0.17081,0.59697,-0.05882,0.11823,0.06734,-0.00239,0.02946,-0.00492,0.04783,voltage_v (+0.597),power_mw (+0.118),panel_temp1_c (+0.067),0.0
REC-05526,2026-09-13T11:20:25Z,SITE-E,ESP32-E01,v1.13,SHORT_CIRCUIT,0.9658,0.17081,0.59865,-0.05809,0.11683,0.06648,-0.00225,0.02941,-0.00471,0.04867,voltage_v (+0.599),power_mw (+0.117),panel_temp1_c (+0.066),-0.0
REC-05527,2026-09-13T11:20:30Z,SITE-E,ESP32-E01,v1.13,SHORT_CIRCUIT,0.9657,0.17081,0.59878,-0.05833,0.11692,0.06665,-0.00236,0.02945,-0.00487,0.04867,voltage_v (+0.599),power_mw (+0.117),panel_temp1_c (+0.067),0.0
REC-05528,2026-09-13T11:20:35Z,SITE-E,ESP32-E01,v1.13,SHORT_CIRCUIT,0.9634,0.17081,0.59648,-0.05949,0.11832,0.06743,-0.00211,0.02917,-0.00489,0.04767,voltage_v (+0.596),power_mw (+0.118),panel_temp1_c (+0.067),0.0
REC-05529,2026-09-13T11:20:40Z,SITE-E,ESP32-E01,v1.13,SHORT_CIRCUIT,0.9642,0.17081,0.59675,-0.05896,0.11766,0.06714,-0.0023,0.02944,-0.00483,0.0485,voltage_v (+0.597),power_mw (+0.118),panel_temp1_c (+0.067),0.0
REC-05530,2026-09-13T11:20:45Z,SITE-E,ESP32-E01,v1.13,SHORT_CIRCUIT,0.9649,0.17081,0.5972,-0.05852,0.11745,0.06706,-0.00245,0.02959,-0.00489,0.04863,voltage_v (+0.597),power_mw (+0.117),panel_temp1_c (+0.067),-0.0
REC-05531,2026-09-13T11:20:50Z,SITE-E,ESP32-E01,v1.13,SHORT_CIRCUIT,0.9659,0.17081,0.59923,-0.05858,0.11627,0.06664,-0.00231,0.02942,-0.0047,0.04909,voltage_v (+0.599),power_mw (+0.116),panel_temp1_c (+0.067),-0.0
REC-05532,2026-09-13T11:20:55Z,SITE-E,ESP32-E01,v1.13,SHORT_CIRCUIT,0.9633,0.17081,0.59579,-0.05996,0.11815,0.06811,-0.00209,0.0293,-0.00492,0.04816,voltage_v (+0.596),power_mw (+0.118),panel_temp1_c (+0.068),-0.0
REC-05533,2026-09-13T11:21:00Z,SITE-E,ESP32-E01,v1.13,SHORT_CIRCUIT,0.9644,0.17081,0.59707,-0.05866,0.11721,0.06717,-0.00174,0.02907,-0.00468,0.04818,voltage_v (+0.597),power_mw (+0.117),panel_temp1_c (+0.067),0.0
REC-05534,2026-09-13T11:21:05Z,SITE-E,ESP32-E01,v1.13,SHORT_CIRCUIT,0.964,0.17081,0.59657,-0.05918,0.11748,0.06725,-0.00207,0.02932,-0.0048,0.04867,voltage_v (+0.597),power_mw (+0.117),panel_temp1_c (+0.067),0.0
REC-05535,2026-09-13T11:21:10Z,SITE-E,ESP32-E01,v1.13,SHORT_CIRCUIT,0.9649,0.17081,0.59847,-0.05916,0.11681,0.06668,-0.00225,0.02931,-0.00467,0.04889,voltage_v (+0.598),power_mw (+0.117),panel_temp1_c (+0.067),0.0
REC-05536,2026-09-13T11:21:15Z,SITE-E,ESP32-E01,v1.13,SHORT_CIRCUIT,0.9646,0.17081,0.59693,-0.05883,0.11724,0.06741,-0.00215,0.02939,-0.00467,0.04849,voltage_v (+0.597),power_mw (+0.117),panel_temp1_c (+0.067),-0.0
REC-05537,2026-09-13T11:21:20Z,SITE-E,ESP32-E01,v1.13,SHORT_CIRCUIT,0.9638,0.17081,0.59661,-0.05959,0.11756,0.06765,-0.00208,0.02926,-0.00474,0.04835,voltage_v (+0.597),power_mw (+0.118),panel_temp1_c (+0.068),0.0
REC-05538,2026-09-13T11:21:25Z,SITE-E,ESP32-E01,v1.13,SHORT_CIRCUIT,0.9643,0.17081,0.59798,-0.05986,0.11763,0.06781,-0.00219,0.02916,-0.00483,0.04776,voltage_v (+0.598),power_mw (+0.118),panel_temp1_c (+0.068),0.0
REC-05539,2026-09-13T11:21:30Z,SITE-E,ESP32-E01,v1.13,SHORT_CIRCUIT,0.964,0.17081,0.59689,-0.05904,0.11794,0.06705,-0.00228,0.02933,-0.00477,0.04805,voltage_v (+0.597),power_mw (+0.118),panel_temp1_c (+0.067),0.0
REC-05540,2026-09-13T11:21:35Z,SITE-E,ESP32-E01,v1.13,SHORT_CIRCUIT,0.9648,0.17081,0.59835,-0.05856,0.11742,0.06651,-0.00217,0.02919,-0.00483,0.04806,voltage_v (+0.598),power_mw (+0.117),panel_temp1_c (+0.067),0.0
REC-05541,2026-09-13T11:21:40Z,SITE-E,ESP32-E01,v1.13,SHORT_CIRCUIT,0.9655,0.17081,0.59778,-0.05869,0.11724,0.06745,-0.00244,0.02963,-0.00488,0.04864,voltage_v (+0.598),power_mw (+0.117),panel_temp1_c (+0.067),0.0
REC-05542,2026-09-13T11:21:45Z,SITE-E,ESP32-E01,v1.13,SHORT_CIRCUIT,0.964,0.17081,0.59557,-0.05908,0.11815,0.06757,-0.00228,0.02959,-0.00492,0.04859,voltage_v (+0.596),power_mw (+0.118),panel_temp1_c (+0.068),-0.0
REC-05543,2026-09-13T11:21:50Z,SITE-E,ESP32-E01,v1.13,SHORT_CIRCUIT,0.9645,0.17081,0.59709,-0.05904,0.11814,0.06749,-0.00208,0.02927,-0.00495,0.04777,voltage_v (+0.597),power_mw (+0.118),panel_temp1_c (+0.067),-0.0
REC-05544,2026-09-13T11:21:55Z,SITE-E,ESP32-E01,v1.13,SHORT_CIRCUIT,0.965,0.17081,0.59786,-0.05898,0.1172,0.06701,-0.00205,0.02929,-0.00477,0.04862,voltage_v (+0.598),power_mw (+0.117),panel_temp1_c (+0.067),-0.0
REC-05545,2026-09-13T11:22:00Z,SITE-E,ESP32-E01,v1.13,SHORT_CIRCUIT,0.9659,0.17081,0.59912,-0.05838,0.11766,0.0667,-0.0024,0.02941,-0.00495,0.04797,voltage_v (+0.599),power_mw (+0.118),panel_temp1_c (+0.067),-0.0
REC-05546,2026-09-13T11:22:05Z,SITE-E,ESP32-E01,v1.13,SHORT_CIRCUIT,0.9658,0.17081,0.59786,-0.05778,0.11871,0.06619,-0.00302,0.02992,-0.00508,0.04815,voltage_v (+0.598),power_mw (+0.119),panel_temp1_c (+0.066),0.0
REC-05547,2026-09-13T11:22:10Z,SITE-E,ESP32-E01,v1.13,SHORT_CIRCUIT,0.9659,0.17081,0.59834,-0.05804,0.11769,0.0663,-0.00262,0.0297,-0.00494,0.04867,voltage_v (+0.598),power_mw (+0.118),panel_temp1_c (+0.066),-0.0
REC-05548,2026-09-13T11:22:15Z,SITE-E,ESP32-E01,v1.13,SHORT_CIRCUIT,0.967,0.17081,0.60029,-0.0571,0.11722,0.0653,-0.00279,0.02968,-0.00499,0.04861,voltage_v (+0.600),power_mw (+0.117),panel_temp1_c (+0.065),-0.0
REC-05549,2026-09-13T11:22:20Z,SITE-E,ESP32-E01,v1.13,SHORT_CIRCUIT,0.9665,0.17081,0.59935,-0.05756,0.11726,0.06616,-0.00235,0.02945,-0.00487,0.04827,voltage_v (+0.599),power_mw (+0.117),panel_temp1_c (+0.066),0.0
REC-05550,2026-09-13T11:22:25Z,SITE-E,ESP32-E01,v1.13,SHORT_CIRCUIT,0.9652,0.17081,0.59729,-0.05908,0.11734,0.06701,-0.00231,0.02964,-0.00486,0.04935,voltage_v (+0.597),power_mw (+0.117),panel_temp1_c (+0.067),-0.0
REC-05551,2026-09-13T11:22:30Z,SITE-E,ESP32-E01,v1.13,SHORT_CIRCUIT,0.9634,0.17081,0.59578,-0.0593,0.11932,0.06762,-0.00219,0.02931,-0.00501,0.04711,voltage_v (+0.596),power_mw (+0.119),panel_temp1_c (+0.068),0.0
REC-05552,2026-09-13T11:22:35Z,SITE-E,ESP32-E01,v1.13,SHORT_CIRCUIT,0.9659,0.17081,0.59813,-0.05822,0.11754,0.06658,-0.00266,0.02976,-0.0049,0.04881,voltage_v (+0.598),power_mw (+0.118),panel_temp1_c (+0.067),-0.0
REC-05553,2026-09-13T11:22:40Z,SITE-E,ESP32-E01,v1.13,SHORT_CIRCUIT,0.9633,0.17081,0.59574,-0.06035,0.11872,0.0684,-0.00196,0.02921,-0.00489,0.04763,voltage_v (+0.596),power_mw (+0.119),panel_temp1_c (+0.068),-0.0
REC-05554,2026-09-13T11:22:45Z,SITE-E,ESP32-E01,v1.13,SHORT_CIRCUIT,0.9649,0.17081,0.59756,-0.05872,0.11811,0.06679,-0.00241,0.02949,-0.00495,0.0482,voltage_v (+0.598),power_mw (+0.118),panel_temp1_c (+0.067),-0.0
REC-05555,2026-09-13T11:22:50Z,SITE-E,ESP32-E01,v1.13,SHORT_CIRCUIT,0.965,0.17081,0.59798,-0.05918,0.11817,0.06718,-0.00255,0.02955,-0.00512,0.04818,voltage_v (+0.598),power_mw (+0.118),panel_temp1_c (+0.067),-0.0
REC-05556,2026-09-13T11:22:55Z,SITE-E,ESP32-E01,v1.13,SHORT_CIRCUIT,0.9643,0.17081,0.5956,-0.05892,0.11897,0.0674,-0.00271,0.02988,-0.0051,0.0484,voltage_v (+0.596),power_mw (+0.119),panel_temp1_c (+0.067),-0.0
REC-05557,2026-09-13T11:23:00Z,SITE-E,ESP32-E01,v1.13,SHORT_CIRCUIT,0.9656,0.17081,0.59877,-0.05886,0.11805,0.06723,-0.00243,0.0294,-0.00493,0.04757,voltage_v (+0.599),power_mw (+0.118),panel_temp1_c (+0.067),-0.0
REC-05558,2026-09-13T11:23:05Z,SITE-E,ESP32-E01,v1.13,SHORT_CIRCUIT,0.9632,0.17081,0.59611,-0.06037,0.11919,0.06792,-0.00207,0.02919,-0.00501,0.0474,voltage_v (+0.596),power_mw (+0.119),panel_temp1_c (+0.068),0.0
REC-05559,2026-09-13T11:23:10Z,SITE-E,ESP32-E01,v1.13,SHORT_CIRCUIT,0.9649,0.17081,0.59809,-0.05811,0.11869,0.06643,-0.00196,0.02905,-0.00504,0.04692,voltage_v (+0.598),power_mw (+0.119),panel_temp1_c (+0.066),-0.0
REC-05560,2026-09-13T11:23:15Z,SITE-E,ESP32-E01,v1.13,SHORT_CIRCUIT,0.965,0.17081,0.59764,-0.05937,0.11827,0.06749,-0.00235,0.02946,-0.00503,0.04806,voltage_v (+0.598),power_mw (+0.118),panel_temp1_c (+0.067),0.0
REC-05561,2026-09-13T11:23:20Z,SITE-E,ESP32-E01,v1.13,SHORT_CIRCUIT,0.9647,0.17081,0.59655,-0.05839,0.11861,0.0667,-0.00263,0.02975,-0.00504,0.04838,voltage_v (+0.597),power_mw (+0.119),panel_temp1_c (+0.067),0.0
REC-05562,2026-09-13T11:23:25Z,SITE-E,ESP32-E01,v1.13,SHORT_CIRCUIT,0.9642,0.17081,0.59709,-0.06011,0.11804,0.06753,-0.00213,0.02933,-0.00493,0.04853,voltage_v (+0.597),power_mw (+0.118),panel_temp1_c (+0.068),0.0
REC-05563,2026-09-13T11:23:30Z,SITE-E,ESP32-E01,v1.13,SHORT_CIRCUIT,0.9658,0.17081,0.59821,-0.05891,0.11758,0.06701,-0.00269,0.02978,-0.00493,0.04891,voltage_v (+0.598),power_mw (+0.118),panel_temp1_c (+0.067),0.0
REC-05564,2026-09-13T11:23:35Z,SITE-E,ESP32-E01,v1.13,SHORT_CIRCUIT,0.9658,0.17081,0.59856,-0.05827,0.11744,0.06644,-0.00244,0.02955,-0.0049,0.04863,voltage_v (+0.599),power_mw (+0.117),panel_temp1_c (+0.066),-0.0
REC-05565,2026-09-13T11:23:40Z,SITE-E,ESP32-E01,v1.13,SHORT_CIRCUIT,0.9649,0.17081,0.59736,-0.05903,0.11765,0.06701,-0.00216,0.02943,-0.00497,0.04879,voltage_v (+0.597),power_mw (+0.118),panel_temp1_c (+0.067),-0.0
REC-05566,2026-09-13T11:23:45Z,SITE-E,ESP32-E01,v1.13,SHORT_CIRCUIT,0.9653,0.17081,0.59828,-0.05837,0.11853,0.06683,-0.0025,0.02946,-0.00526,0.04755,voltage_v (+0.598),power_mw (+0.119),panel_temp1_c (+0.067),0.0
REC-05567,2026-09-13T11:23:50Z,SITE-E,ESP32-E01,v1.13,SHORT_CIRCUIT,0.966,0.17081,0.59821,-0.05812,0.11768,0.06639,-0.00264,0.02976,-0.005,0.04886,voltage_v (+0.598),power_mw (+0.118),panel_temp1_c (+0.066),0.0
REC-05568,2026-09-13T11:23:55Z,SITE-E,ESP32-E01,v1.13,SHORT_CIRCUIT,0.9647,0.17081,0.5976,-0.05934,0.11789,0.06708,-0.00208,0.02929,-0.00494,0.04838,voltage_v (+0.598),power_mw (+0.118),panel_temp1_c (+0.067),0.0
REC-05569,2026-09-13T11:24:00Z,SITE-E,ESP32-E01,v1.13,SHORT_CIRCUIT,0.9655,0.17081,0.5983,-0.05806,0.11856,0.06664,-0.00248,0.02945,-0.00506,0.04737,voltage_v (+0.598),power_mw (+0.119),panel_temp1_c (+0.067),0.0
REC-05570,2026-09-13T11:24:05Z,SITE-E,ESP32-E01,v1.13,SHORT_CIRCUIT,0.9668,0.17081,0.59959,-0.05792,0.11715,0.06626,-0.00244,0.02957,-0.00495,0.04873,voltage_v (+0.600),power_mw (+0.117),panel_temp1_c (+0.066),-0.0
REC-05571,2026-09-13T11:24:10Z,SITE-E,ESP32-E01,v1.13,SHORT_CIRCUIT,0.9643,0.17081,0.59701,-0.05968,0.11853,0.06772,-0.00207,0.02924,-0.00491,0.04762,voltage_v (+0.597),power_mw (+0.119),panel_temp1_c (+0.068),0.0
REC-05572,2026-09-13T11:24:15Z,SITE-E,ESP32-E01,v1.13,SHORT_CIRCUIT,0.9644,0.17081,0.59763,-0.05888,0.11848,0.06661,-0.00206,0.02913,-0.00486,0.04751,voltage_v (+0.598),power_mw (+0.118),panel_temp1_c (+0.067),0.0
REC-05573,2026-09-13T11:24:20Z,SITE-E,ESP32-E01,v1.13,SHORT_CIRCUIT,0.9658,0.17081,0.59818,-0.05802,0.11747,0.06604,-0.00257,0.02973,-0.00495,0.04915,voltage_v (+0.598),power_mw (+0.117),panel_temp1_c (+0.066),-0.0
REC-05574,2026-09-13T11:24:25Z,SITE-E,ESP32-E01,v1.13,SHORT_CIRCUIT,0.966,0.17081,0.59971,-0.05846,0.11745,0.0663,-0.0023,0.02929,-0.00491,0.04814,voltage_v (+0.600),power_mw (+0.117),panel_temp1_c (+0.066),-0.0
REC-05575,2026-09-13T11:24:30Z,SITE-E,ESP32-E01,v1.13,SHORT_CIRCUIT,0.9649,0.17081,0.59775,-0.05868,0.1184,0.06694,-0.00215,0.02925,-0.00498,0.04754,voltage_v (+0.598),power_mw (+0.118),panel_temp1_c (+0.067),0.0
REC-05576,2026-09-13T11:24:35Z,SITE-E,ESP32-E01,v1.13,SHORT_CIRCUIT,0.9656,0.17081,0.59723,-0.05823,0.11828,0.0672,-0.00227,0.02953,-0.00493,0.04794,voltage_v (+0.597),power_mw (+0.118),panel_temp1_c (+0.067),0.0
REC-05577,2026-09-13T11:24:40Z,SITE-E,ESP32-E01,v1.13,SHORT_CIRCUIT,0.9658,0.17081,0.59921,-0.05903,0.11735,0.06653,-0.00236,0.02943,-0.00483,0.04871,voltage_v (+0.599),power_mw (+0.117),panel_temp1_c (+0.067),0.0
REC-05578,2026-09-13T11:24:45Z,SITE-E,ESP32-E01,v1.13,SHORT_CIRCUIT,0.9645,0.17081,0.59595,-0.0586,0.11932,0.0672,-0.00247,0.02963,-0.00496,0.0476,voltage_v (+0.596),power_mw (+0.119),panel_temp1_c (+0.067),-0.0
REC-05579,2026-09-13T11:24:50Z,SITE-E,ESP32-E01,v1.13,SHORT_CIRCUIT,0.9654,0.17081,0.59749,-0.05862,0.11809,0.06705,-0.00222,0.02946,-0.00482,0.04814,voltage_v (+0.597),power_mw (+0.118),panel_temp1_c (+0.067),0.0
REC-05580,2026-09-13T11:24:55Z,SITE-E,ESP32-E01,v1.13,SHORT_CIRCUIT,0.966,0.17081,0.59833,-0.05777,0.11806,0.06638,-0.00249,0.02959,-0.00498,0.04812,voltage_v (+0.598),power_mw (+0.118),panel_temp1_c (+0.066),-0.0
REC-05581,2026-09-14T01:36:00Z,SITE-E,ESP32-E01,v1.15,SHORT_CIRCUIT,0.9681,0.17228,0.60156,-0.06431,0.1137,0.07766,-0.00712,0.02919,-0.00453,0.04969,voltage_v (+0.602),power_mw (+0.114),panel_temp1_c (+0.078),0.0
REC-05582,2026-09-14T01:36:05Z,SITE-E,ESP32-E01,v1.15,SHORT_CIRCUIT,0.9681,0.17228,0.60078,-0.06439,0.11397,0.07791,-0.00757,0.02966,-0.00469,0.05012,voltage_v (+0.601),power_mw (+0.114),panel_temp1_c (+0.078),0.0
REC-05583,2026-09-14T01:36:10Z,SITE-E,ESP32-E01,v1.15,SHORT_CIRCUIT,0.9701,0.17228,0.60279,-0.06345,0.11322,0.07739,-0.00816,0.03052,-0.00486,0.05038,voltage_v (+0.603),power_mw (+0.113),panel_temp1_c (+0.077),0.0
REC-05584,2026-09-14T01:36:15Z,SITE-E,ESP32-E01,v1.15,SHORT_CIRCUIT,0.9695,0.17228,0.60284,-0.06327,0.1132,0.07715,-0.00779,0.02979,-0.00488,0.05015,voltage_v (+0.603),power_mw (+0.113),panel_temp1_c (+0.077),-0.0
REC-05585,2026-09-14T01:36:20Z,SITE-E,ESP32-E01,v1.15,SHORT_CIRCUIT,0.9682,0.17228,0.60225,-0.06445,0.11347,0.07772,-0.00705,0.02895,-0.00452,0.04952,voltage_v (+0.602),power_mw (+0.113),panel_temp1_c (+0.078),0.0
REC-05586,2026-09-14T01:36:25Z,SITE-E,ESP32-E01,v1.15,SHORT_CIRCUIT,0.9696,0.17228,0.60319,-0.06326,0.1138,0.07663,-0.00799,0.03025,-0.00489,0.0496,voltage_v (+0.603),power_mw (+0.114),panel_temp1_c (+0.077),-0.0
REC-05587,2026-09-14T01:36:30Z,SITE-E,ESP32-E01,v1.15,SHORT_CIRCUIT,0.9675,0.17228,0.60213,-0.06511,0.11415,0.07762,-0.00721,0.02903,-0.00456,0.04918,voltage_v (+0.602),power_mw (+0.114),panel_temp1_c (+0.078),0.0
REC-05588,2026-09-14T01:36:35Z,SITE-E,ESP32-E01,v1.15,SHORT_CIRCUIT,0.9694,0.17228,0.60235,-0.06362,0.11293,0.07761,-0.0077,0.02979,-0.00491,0.05067,voltage_v (+0.602),power_mw (+0.113),panel_temp1_c (+0.078),0.0
REC-05589,2026-09-14T01:36:40Z,SITE-E,ESP32-E01,v1.15,SHORT_CIRCUIT,0.968,0.17228,0.60179,-0.06515,0.11365,0.07813,-0.00734,0.02922,-0.00451,0.04989,voltage_v (+0.602),power_mw (+0.114),panel_temp1_c (+0.078),0.0
REC-05590,2026-09-14T01:36:45Z,SITE-E,ESP32-E01,v1.15,SHORT_CIRCUIT,0.9678,0.17228,0.60085,-0.06394,0.11436,0.07746,-0.00711,0.02938,-0.00463,0.0491,voltage_v (+0.601),power_mw (+0.114),panel_temp1_c (+0.077),0.0
REC-05591,2026-09-14T01:36:50Z,SITE-E,ESP32-E01,v1.15,SHORT_CIRCUIT,0.9686,0.17228,0.60135,-0.06415,0.11438,0.07756,-0.00769,0.03019,-0.00471,0.04938,voltage_v (+0.601),power_mw (+0.114),panel_temp1_c (+0.078),0.0
REC-05592,2026-09-14T01:36:55Z,SITE-E,ESP32-E01,v1.15,SHORT_CIRCUIT,0.9681,0.17228,0.60231,-0.06496,0.11372,0.07777,-0.00726,0.02922,-0.00454,0.0496,voltage_v (+0.602),power_mw (+0.114),panel_temp1_c (+0.078),-0.0
REC-05593,2026-09-14T01:37:00Z,SITE-E,ESP32-E01,v1.15,SHORT_CIRCUIT,0.969,0.17228,0.6022,-0.06402,0.11317,0.07775,-0.00758,0.02966,-0.00485,0.05042,voltage_v (+0.602),power_mw (+0.113),panel_temp1_c (+0.078),0.0
REC-05594,2026-09-14T01:37:05Z,SITE-E,ESP32-E01,v1.15,SHORT_CIRCUIT,0.9694,0.17228,0.60282,-0.06356,0.11354,0.07701,-0.00753,0.02987,-0.00466,0.04961,voltage_v (+0.603),power_mw (+0.114),panel_temp1_c (+0.077),-0.0
REC-05595,2026-09-14T01:37:10Z,SITE-E,ESP32-E01,v1.15,SHORT_CIRCUIT,0.9687,0.17228,0.60306,-0.06452,0.11338,0.07728,-0.00749,0.02936,-0.00462,0.04997,voltage_v (+0.603),power_mw (+0.113),panel_temp1_c (+0.077),-0.0
REC-05596,2026-09-14T01:37:15Z,SITE-E,ESP32-E01,v1.15,SHORT_CIRCUIT,0.9685,0.17228,0.60105,-0.0644,0.11428,0.07807,-0.0076,0.03013,-0.00475,0.04945,voltage_v (+0.601),power_mw (+0.114),panel_temp1_c (+0.078),-0.0
REC-05597,2026-09-14T01:37:20Z,SITE-E,ESP32-E01,v1.15,SHORT_CIRCUIT,0.969,0.17228,0.60205,-0.06396,0.11359,0.07767,-0.00788,0.02996,-0.00476,0.05008,voltage_v (+0.602),power_mw (+0.114),panel_temp1_c (+0.078),-0.0
REC-05598,2026-09-14T01:37:25Z,SITE-E,ESP32-E01,v1.15,SHORT_CIRCUIT,0.9683,0.17228,0.60028,-0.06371,0.1137,0.07788,-0.00771,0.02974,-0.00475,0.0506,voltage_v (+0.600),power_mw (+0.114),panel_temp1_c (+0.078),-0.0
REC-05599,2026-09-14T01:37:30Z,SITE-E,ESP32-E01,v1.15,SHORT_CIRCUIT,0.9683,0.17228,0.60264,-0.06506,0.11313,0.07811,-0.0073,0.02904,-0.00459,0.05009,voltage_v (+0.603),power_mw (+0.113),panel_temp1_c (+0.078),-0.0
REC-05600,2026-09-14T01:37:35Z,SITE-E,ESP32-E01,v1.15,SHORT_CIRCUIT,0.9676,0.17228,0.60089,-0.06414,0.11488,0.07761,-0.00732,0.02967,-0.0047,0.04846,voltage_v (+0.601),power_mw (+0.115),panel_temp1_c (+0.078),0.0
REC-05601,2026-09-14T01:37:40Z,SITE-E,ESP32-E01,v1.15,SHORT_CIRCUIT,0.9691,0.17228,0.60292,-0.06387,0.11365,0.07727,-0.00773,0.02982,-0.00482,0.0496,voltage_v (+0.603),power_mw (+0.114),panel_temp1_c (+0.077),0.0
REC-05602,2026-09-14T01:37:45Z,SITE-E,ESP32-E01,v1.15,SHORT_CIRCUIT,0.969,0.17228,0.60293,-0.0633,0.11402,0.07665,-0.00779,0.02984,-0.00481,0.04915,voltage_v (+0.603),power_mw (+0.114),panel_temp1_c (+0.077),0.0
REC-05603,2026-09-14T01:37:50Z,SITE-E,ESP32-E01,v1.15,SHORT_CIRCUIT,0.9682,0.17228,0.60033,-0.064,0.11391,0.07812,-0.00783,0.02974,-0.00469,0.05028,voltage_v (+0.600),power_mw (+0.114),panel_temp1_c (+0.078),0.0
REC-05604,2026-09-14T01:37:55Z,SITE-E,ESP32-E01,v1.15,SHORT_CIRCUIT,0.9698,0.17228,0.60353,-0.06292,0.11323,0.07671,-0.00773,0.02985,-0.00488,0.04975,voltage_v (+0.604),power_mw (+0.113),panel_temp1_c (+0.077),0.0
REC-05605,2026-09-14T01:38:00Z,SITE-E,ESP32-E01,v1.15,SHORT_CIRCUIT,0.9698,0.17228,0.603,-0.06336,0.11277,0.07747,-0.00795,0.02986,-0.00484,0.05057,voltage_v (+0.603),power_mw (+0.113),panel_temp1_c (+0.077),-0.0
REC-05606,2026-09-14T01:38:05Z,SITE-E,ESP32-E01,v1.15,SHORT_CIRCUIT,0.9676,0.17228,0.60018,-0.06485,0.11447,0.07832,-0.00766,0.02979,-0.00465,0.04973,voltage_v (+0.600),power_mw (+0.114),panel_temp1_c (+0.078),0.0
REC-05607,2026-09-14T01:38:10Z,SITE-E,ESP32-E01,v1.15,SHORT_CIRCUIT,0.9697,0.17228,0.60341,-0.06338,0.11336,0.07684,-0.00764,0.02995,-0.00483,0.04973,voltage_v (+0.603),power_mw (+0.113),panel_temp1_c (+0.077),0.0
REC-05608,2026-09-14T01:38:15Z,SITE-E,ESP32-E01,v1.15,SHORT_CIRCUIT,0.9696,0.17228,0.60312,-0.06331,0.11366,0.07677,-0.00777,0.03012,-0.00494,0.04966,voltage_v (+0.603),power_mw (+0.114),panel_temp1_c (+0.077),-0.0
REC-05609,2026-09-14T01:38:20Z,SITE-E,ESP32-E01,v1.15,SHORT_CIRCUIT,0.9692,0.17228,0.60165,-0.06399,0.11378,0.07786,-0.00793,0.03033,-0.00498,0.05016,voltage_v (+0.602),power_mw (+0.114),panel_temp1_c (+0.078),0.0
REC-05610,2026-09-14T01:38:25Z,SITE-E,ESP32-E01,v1.15,SHORT_CIRCUIT,0.9689,0.17228,0.60266,-0.06401,0.11427,0.07697,-0.00776,0.03009,-0.00483,0.04918,voltage_v (+0.603),power_mw (+0.114),panel_temp1_c (+0.077),-0.0
REC-05611,2026-09-14T01:38:30Z,SITE-E,ESP32-E01,v1.15,SHORT_CIRCUIT,0.9676,0.17228,0.60117,-0.06557,0.11409,0.07865,-0.00699,0.02923,-0.00446,0.04921,voltage_v (+0.601),power_mw (+0.114),panel_temp1_c (+0.079),0.0
REC-05612,2026-09-14T01:38:35Z,SITE-E,ESP32-E01,v1.15,SHORT_CIRCUIT,0.9696,0.17228,0.60318,-0.06324,0.11375,0.07675,-0.00776,0.03015,-0.00489,0.04939,voltage_v (+0.603),power_mw (+0.114),panel_temp1_c (+0.077),-0.0
REC-05613,2026-09-14T01:38:40Z,SITE-E,ESP32-E01,v1.15,SHORT_CIRCUIT,0.9689,0.17228,0.60139,-0.06391,0.11371,0.0777,-0.00764,0.03,-0.00477,0.05014,voltage_v (+0.601),power_mw (+0.114),panel_temp1_c (+0.078),-0.0
REC-05614,2026-09-14T01:38:45Z,SITE-E,ESP32-E01,v1.15,SHORT_CIRCUIT,0.9688,0.17228,0.6016,-0.06397,0.11379,0.0774,-0.00787,0.03005,-0.00476,0.05032,voltage_v (+0.602),power_mw (+0.114),panel_temp1_c (+0.077),0.0
REC-05615,2026-09-14T01:38:50Z,SITE-E,ESP32-E01,v1.15,SHORT_CIRCUIT,0.969,0.17228,0.60253,-0.06407,0.11396,0.07715,-0.0079,0.03004,-0.0047,0.04967,voltage_v (+0.603),power_mw (+0.114),panel_temp1_c (+0.077),0.0
REC-05616,2026-09-14T01:38:55Z,SITE-E,ESP32-E01,v1.15,SHORT_CIRCUIT,0.9696,0.17228,0.6034,-0.06361,0.11335,0.07681,-0.00786,0.02997,-0.0047,0.04998,voltage_v (+0.603),power_mw (+0.113),panel_temp1_c (+0.077),0.0
REC-05617,2026-09-14T01:39:00Z,SITE-E,ESP32-E01,v1.15,SHORT_CIRCUIT,0.9694,0.17228,0.60249,-0.06328,0.11345,0.07685,-0.0076,0.02989,-0.00472,0.05002,voltage_v (+0.602),power_mw (+0.113),panel_temp1_c (+0.077),0.0
REC-05618,2026-09-14T01:39:05Z,SITE-E,ESP32-E01,v1.15,SHORT_CIRCUIT,0.969,0.17228,0.60167,-0.06342,0.11419,0.07695,-0.00798,0.03035,-0.00478,0.04977,voltage_v (+0.602),power_mw (+0.114),panel_temp1_c (+0.077),0.0
REC-05619,2026-09-14T01:39:10Z,SITE-E,ESP32-E01,v1.15,SHORT_CIRCUIT,0.9688,0.17228,0.60212,-0.06397,0.1136,0.0773,-0.00726,0.02954,-0.00455,0.0497,voltage_v (+0.602),power_mw (+0.114),panel_temp1_c (+0.077),-0.0
REC-05620,2026-09-14T01:39:15Z,SITE-E,ESP32-E01,v1.15,SHORT_CIRCUIT,0.9696,0.17228,0.60205,-0.06378,0.11382,0.07758,-0.0082,0.03071,-0.005,0.05018,voltage_v (+0.602),power_mw (+0.114),panel_temp1_c (+0.078),-0.0
REC-05621,2026-09-14T01:39:20Z,SITE-E,ESP32-E01,v1.15,SHORT_CIRCUIT,0.97,0.17228,0.60291,-0.06342,0.11283,0.07741,-0.00799,0.03017,-0.00484,0.05066,voltage_v (+0.603),power_mw (+0.113),panel_temp1_c (+0.077),0.0
REC-05622,2026-09-14T01:39:25Z,SITE-E,ESP32-E01,v1.15,SHORT_CIRCUIT,0.9698,0.17228,0.60308,-0.06367,0.11318,0.07729,-0.00784,0.03014,-0.00485,0.0502,voltage_v (+0.603),power_mw (+0.113),panel_temp1_c (+0.077),-0.0
REC-05623,2026-09-14T01:39:30Z,SITE-E,ESP32-E01,v1.15,SHORT_CIRCUIT,0.9696,0.17228,0.60372,-0.06352,0.11291,0.07676,-0.00766,0.02959,-0.00473,0.05026,voltage_v (+0.604),power_mw (+0.113),panel_temp1_c (+0.077),0.0
REC-05624,2026-09-14T01:39:35Z,SITE-E,ESP32-E01,v1.15,SHORT_CIRCUIT,0.9703,0.17228,0.60349,-0.0629,0.11275,0.07664,-0.00804,0.03018,-0.00479,0.05068,voltage_v (+0.603),power_mw (+0.113),panel_temp1_c (+0.077),-0.0
REC-05625,2026-09-14T01:39:40Z,SITE-E,ESP32-E01,v1.15,SHORT_CIRCUIT,0.9691,0.17228,0.60235,-0.06376,0.11426,0.07699,-0.00784,0.03034,-0.00489,0.04937,voltage_v (+0.602),power_mw (+0.114),panel_temp1_c (+0.077),-0.0
REC-05626,2026-09-14T01:39:45Z,SITE-E,ESP32-E01,v1.15,SHORT_CIRCUIT,0.9703,0.17228,0.60298,-0.06253,0.11298,0.07661,-0.00765,0.03018,-0.00464,0.0501,voltage_v (+0.603),power_mw (+0.113),panel_temp1_c (+0.077),-0.0
REC-05627,2026-09-14T01:39:50Z,SITE-E,ESP32-E01,v1.15,SHORT_CIRCUIT,0.9704,0.17228,0.6038,-0.06345,0.11267,0.07707,-0.0078,0.03014,-0.00473,0.05039,voltage_v (+0.604),power_mw (+0.113),panel_temp1_c (+0.077),-0.0
REC-05628,2026-09-14T01:39:55Z,SITE-E,ESP32-E01,v1.15,SHORT_CIRCUIT,0.9691,0.17228,0.60281,-0.06438,0.11352,0.07727,-0.00772,0.02985,-0.00473,0.05015,voltage_v (+0.603),power_mw (+0.114),panel_temp1_c (+0.077),-0.0
REC-05629,2026-09-14T01:40:00Z,SITE-E,ESP32-E01,v1.15,SHORT_CIRCUIT,0.9688,0.17228,0.60234,-0.0638,0.11421,0.07677,-0.00768,0.03005,-0.00476,0.04943,voltage_v (+0.602),power_mw (+0.114),panel_temp1_c (+0.077),0.0
REC-05630,2026-09-14T01:40:05Z,SITE-E,ESP32-E01,v1.15,SHORT_CIRCUIT,0.9691,0.17228,0.60298,-0.064,0.11393,0.07696,-0.00739,0.02989,-0.0048,0.04925,voltage_v (+0.603),power_mw (+0.114),panel_temp1_c (+0.077),-0.0
REC-05631,2026-09-14T01:40:10Z,SITE-E,ESP32-E01,v1.15,SHORT_CIRCUIT,0.9718,0.17228,0.60486,-0.06109,0.11268,0.07519,-0.00834,0.03084,-0.00511,0.05044,voltage_v (+0.605),power_mw (+0.113),panel_temp1_c (+0.075),-0.0
REC-05632,2026-09-14T01:40:15Z,SITE-E,ESP32-E01,v1.15,SHORT_CIRCUIT,0.969,0.17228,0.60187,-0.0639,0.1141,0.07719,-0.00802,0.03032,-0.00486,0.04999,voltage_v (+0.602),power_mw (+0.114),panel_temp1_c (+0.077),0.0
REC-05633,2026-09-14T01:40:20Z,SITE-E,ESP32-E01,v1.15,SHORT_CIRCUIT,0.9683,0.17228,0.60315,-0.06511,0.11291,0.07767,-0.00664,0.02862,-0.00434,0.04977,voltage_v (+0.603),power_mw (+0.113),panel_temp1_c (+0.078),-0.0
REC-05634,2026-09-14T01:40:25Z,SITE-E,ESP32-E01,v1.15,SHORT_CIRCUIT,0.9691,0.17228,0.60205,-0.06356,0.11434,0.07694,-0.00829,0.03054,-0.00501,0.04979,voltage_v (+0.602),power_mw (+0.114),panel_temp1_c (+0.077),-0.0
REC-05635,2026-09-14T01:40:30Z,SITE-E,ESP32-E01,v1.15,SHORT_CIRCUIT,0.9691,0.17228,0.60244,-0.06396,0.11311,0.07755,-0.0078,0.02968,-0.00467,0.05049,voltage_v (+0.602),power_mw (+0.113),panel_temp1_c (+0.078),-0.0
REC-05636,2026-09-14T01:40:35Z,SITE-E,ESP32-E01,v1.15,SHORT_CIRCUIT,0.9685,0.17228,0.60096,-0.06458,0.11374,0.07841,-0.00783,0.02992,-0.00478,0.05035,voltage_v (+0.601),power_mw (+0.114),panel_temp1_c (+0.078),0.0
REC-05637,2026-09-14T01:40:40Z,SITE-E,ESP32-E01,v1.15,SHORT_CIRCUIT,0.9679,0.17228,0.60027,-0.0641,0.11447,0.07771,-0.00773,0.02988,-0.00475,0.04981,voltage_v (+0.600),power_mw (+0.114),panel_temp1_c (+0.078),0.0
REC-05638,2026-09-14T01:40:45Z,SITE-E,ESP32-E01,v1.15,SHORT_CIRCUIT,0.9689,0.17228,0.60171,-0.06371,0.11345,0.0776,-0.00769,0.02979,-0.00476,0.05027,voltage_v (+0.602),power_mw (+0.113),panel_temp1_c (+0.078),0.0
REC-05639,2026-09-14T01:40:50Z,SITE-E,ESP32-E01,v1.15,SHORT_CIRCUIT,0.9695,0.17228,0.60332,-0.06376,0.11331,0.07702,-0.00755,0.02976,-0.00469,0.04977,voltage_v (+0.603),power_mw (+0.113),panel_temp1_c (+0.077),0.0
REC-05640,2026-09-14T01:40:55Z,SITE-E,ESP32-E01,v1.15,SHORT_CIRCUIT,0.9692,0.17228,0.60295,-0.06402,0.11314,0.07743,-0.00767,0.02962,-0.00466,0.05015,voltage_v (+0.603),power_mw (+0.113),panel_temp1_c (+0.077),0.0
REC-05641,2026-09-14T03:15:00Z,SITE-E,ESP32-E01,v1.15,OPEN_CIRCUIT,0.7085,0.1596,0.2209,0.12949,0.26752,0.03181,0.07577,-0.10341,-0.1181,0.04497,power_mw (+0.268),voltage_v (+0.221),current_ma (+0.129),0.0
REC-05642,2026-09-14T03:15:05Z,SITE-E,ESP32-E01,v1.15,OPEN_CIRCUIT,0.7105,0.1596,0.22044,0.1299,0.26752,0.03337,0.07408,-0.10412,-0.11769,0.04735,power_mw (+0.268),voltage_v (+0.220),current_ma (+0.130),-0.0
REC-05643,2026-09-14T03:15:10Z,SITE-E,ESP32-E01,v1.15,OPEN_CIRCUIT,0.7006,0.1596,0.22184,0.12813,0.26598,0.03223,0.07426,-0.10527,-0.11806,0.0419,power_mw (+0.266),voltage_v (+0.222),current_ma (+0.128),0.0
REC-05644,2026-09-14T03:15:15Z,SITE-E,ESP32-E01,v1.15,OPEN_CIRCUIT,0.709,0.1596,0.22055,0.12869,0.26723,0.03276,0.07389,-0.10485,-0.11522,0.04636,power_mw (+0.267),voltage_v (+0.221),current_ma (+0.129),0.0
REC-05645,2026-09-14T03:15:20Z,SITE-E,ESP32-E01,v1.15,OPEN_CIRCUIT,0.7042,0.1596,0.21951,0.12854,0.26657,0.03271,0.0734,-0.1048,-0.11739,0.04603,power_mw (+0.267),voltage_v (+0.220),current_ma (+0.129),0.0
REC-05646,2026-09-14T03:15:25Z,SITE-E,ESP32-E01,v1.15,OPEN_CIRCUIT,0.6886,0.1596,0.218,0.12656,0.26409,0.03251,0.07294,-0.1077,-0.11892,0.04155,power_mw (+0.264),voltage_v (+0.218),current_ma (+0.127),0.0
REC-05647,2026-09-14T03:15:30Z,SITE-E,ESP32-E01,v1.15,OPEN_CIRCUIT,0.7041,0.1596,0.21993,0.12858,0.2664,0.03283,0.0738,-0.10618,-0.11735,0.0465,power_mw (+0.266),voltage_v (+0.220),current_ma (+0.129),-0.0
REC-05648,2026-09-14T03:15:35Z,SITE-E,ESP32-E01,v1.15,OPEN_CIRCUIT,0.6648,0.1596,0.21578,0.12485,0.26083,0.03296,0.07598,-0.10847,-0.1221,0.02539,power_mw (+0.261),voltage_v (+0.216),current_ma (+0.125),0.0
REC-05649,2026-09-14T03:15:40Z,SITE-E,ESP32-E01,v1.15,OPEN_CIRCUIT,0.6886,0.1596,0.21781,0.12787,0.26307,0.03398,0.07436,-0.10698,-0.12053,0.03946,power_mw (+0.263),voltage_v (+0.218),current_ma (+0.128),-0.0
REC-05650,2026-09-14T03:15:45Z,SITE-E,ESP32-E01,v1.15,OPEN_CIRCUIT,0.6907,0.1596,0.21755,0.12786,0.26314,0.03314,0.07374,-0.10582,-0.12065,0.04215,power_mw (+0.263),voltage_v (+0.218),current_ma (+0.128),-0.0
REC-05651,2026-09-14T03:15:50Z,SITE-E,ESP32-E01,v1.15,OPEN_CIRCUIT,0.7067,0.1596,0.22108,0.12939,0.26691,0.03313,0.07397,-0.10449,-0.11828,0.04538,power_mw (+0.267),voltage_v (+0.221),current_ma (+0.129),-0.0
REC-05652,2026-09-14T03:15:55Z,SITE-E,ESP32-E01,v1.15,OPEN_CIRCUIT,0.7092,0.1596,0.21968,0.12937,0.26615,0.03313,0.07479,-0.10512,-0.11607,0.0477,power_mw (+0.266),voltage_v (+0.220),current_ma (+0.129),-0.0
REC-05653,2026-09-14T03:16:00Z,SITE-E,ESP32-E01,v1.15,OPEN_CIRCUIT,0.6942,0.1596,0.22056,0.1275,0.26121,0.03328,0.07405,-0.1063,-0.11679,0.04113,power_mw (+0.261),voltage_v (+0.221),current_ma (+0.127),0.0
REC-05654,2026-09-14T03:16:05Z,SITE-E,ESP32-E01,v1.15,OPEN_CIRCUIT,0.699,0.1596,0.22124,0.12812,0.26557,0.03231,0.07479,-0.10526,-0.11828,0.04092,power_mw (+0.266),voltage_v (+0.221),current_ma (+0.128),0.0
REC-05655,2026-09-14T03:16:10Z,SITE-E,ESP32-E01,v1.15,OPEN_CIRCUIT,0.7205,0.1596,0.22562,0.13041,0.26876,0.03267,0.07407,-0.10316,-0.11549,0.04801,power_mw (+0.269),voltage_v (+0.226),current_ma (+0.130),-0.0
REC-05656,2026-09-14T03:16:15Z,SITE-E,ESP32-E01,v1.15,OPEN_CIRCUIT,0.7152,0.1596,0.22145,0.12963,0.2682,0.03269,0.07352,-0.10328,-0.11547,0.04889,power_mw (+0.268),voltage_v (+0.221),current_ma (+0.130),-0.0
REC-05657,2026-09-14T03:16:20Z,SITE-E,ESP32-E01,v1.15,OPEN_CIRCUIT,0.7152,0.1596,0.22157,0.13,0.26833,0.0331,0.0743,-0.10271,-0.11578,0.04676,power_mw (+0.268),voltage_v (+0.222),current_ma (+0.130),0.0
REC-05658,2026-09-14T03:16:25Z,SITE-E,ESP32-E01,v1.15,OPEN_CIRCUIT,0.7114,0.1596,0.22061,0.12916,0.26783,0.03375,0.0746,-0.10305,-0.11372,0.04264,power_mw (+0.268),voltage_v (+0.221),current_ma (+0.129),-0.0
REC-05659,2026-09-14T03:16:30Z,SITE-E,ESP32-E01,v1.15,OPEN_CIRCUIT,0.7297,0.1596,0.22167,0.13112,0.27033,0.03285,0.07335,-0.1018,-0.11271,0.05531,power_mw (+0.270),voltage_v (+0.222),current_ma (+0.131),0.0
REC-05660,2026-09-14T03:16:35Z,SITE-E,ESP32-E01,v1.15,OPEN_CIRCUIT,0.709,0.1596,0.22082,0.12901,0.26752,0.03264,0.07446,-0.10286,-0.11591,0.04371,power_mw (+0.268),voltage_v (+0.221),current_ma (+0.129),0.0
REC-05661,2026-09-14T03:16:40Z,SITE-E,ESP32-E01,v1.15,OPEN_CIRCUIT,0.7118,0.1596,0.22038,0.12972,0.26596,0.03285,0.07485,-0.10051,-0.1154,0.04432,power_mw (+0.266),voltage_v (+0.220),current_ma (+0.130),-0.0
REC-05662,2026-09-14T03:16:45Z,SITE-E,ESP32-E01,v1.15,OPEN_CIRCUIT,0.7132,0.1596,0.21982,0.13013,0.26617,0.03254,0.07324,-0.10118,-0.1176,0.05044,power_mw (+0.266),voltage_v (+0.220),current_ma (+0.130),-0.0
REC-05663,2026-09-14T03:16:50Z,SITE-E,ESP32-E01,v1.15,OPEN_CIRCUIT,0.7284,0.1596,0.22296,0.13124,0.27049,0.03243,0.07428,-0.09973,-0.11383,0.05096,power_mw (+0.270),voltage_v (+0.223),current_ma (+0.131),-0.0
REC-05664,2026-09-14T03:16:55Z,SITE-E,ESP32-E01,v1.15,OPEN_CIRCUIT,0.7,0.1596,0.21847,0.12888,0.26262,0.03404,0.07317,-0.10445,-0.11816,0.04586,power_mw (+0.263),voltage_v (+0.218),current_ma (+0.129),-0.0
REC-05665,2026-09-14T03:17:00Z,SITE-E,ESP32-E01,v1.15,OPEN_CIRCUIT,0.6921,0.1596,0.21998,0.1278,0.26337,0.03277,0.07521,-0.10558,-0.11936,0.03831,power_mw (+0.263),voltage_v (+0.220),current_ma (+0.128),0.0
REC-05666,2026-09-14T03:17:05Z,SITE-E,ESP32-E01,v1.15,OPEN_CIRCUIT,0.7007,0.1596,0.22098,0.12896,0.26589,0.03348,0.07383,-0.10573,-0.11962,0.0433,power_mw (+0.266),voltage_v (+0.221),current_ma (+0.129),0.0
REC-05667,2026-09-14T03:17:10Z,SITE-E,ESP32-E01,v1.15,OPEN_CIRCUIT,0.6986,0.1596,0.21882,0.12852,0.26539,0.03336,0.07379,-0.10657,-0.11923,0.04487,power_mw (+0.265),voltage_v (+0.219),current_ma (+0.129),0.0
REC-05668,2026-09-14T03:17:15Z,SITE-E,ESP32-E01,v1.15,OPEN_CIRCUIT,0.727,0.1596,0.22389,0.13158,0.26921,0.03317,0.07355,-0.1019,-0.11524,0.05309,power_mw (+0.269),voltage_v (+0.224),current_ma (+0.132),0.0
REC-05669,2026-09-14T03:17:20Z,SITE-E,ESP32-E01,v1.15,OPEN_CIRCUIT,0.7368,0.1596,0.22387,0.13216,0.27137,0.03215,0.07382,-0.10058,-0.11291,0.05736,power_mw (+0.271),voltage_v (+0.224),current_ma (+0.132),-0.0
REC-05670,2026-09-14T03:17:25Z,SITE-E,ESP32-E01,v1.15,OPEN_CIRCUIT,0.6981,0.1596,0.22041,0.12745,0.26554,0.03305,0.07434,-0.10644,-0.11588,0.04003,power_mw (+0.266),voltage_v (+0.220),current_ma (+0.127),0.0
REC-05671,2026-09-14T03:17:30Z,SITE-E,ESP32-E01,v1.15,OPEN_CIRCUIT,0.6955,0.1596,0.21708,0.12848,0.26129,0.03299,0.07515,-0.10651,-0.119,0.04639,power_mw (+0.261),voltage_v (+0.217),current_ma (+0.128),0.0
REC-05672,2026-09-14T03:17:35Z,SITE-E,ESP32-E01,v1.15,OPEN_CIRCUIT,0.6841,0.1596,0.21618,0.12702,0.26211,0.03297,0.07584,-0.10769,-0.12013,0.03821,power_mw (+0.262),voltage_v (+0.216),current_ma (+0.127),-0.0
REC-05673,2026-09-14T03:17:40Z,SITE-E,ESP32-E01,v1.15,OPEN_CIRCUIT,0.6886,0.1596,0.22118,0.12759,0.26367,0.03293,0.07364,-0.10955,-0.12215,0.0417,power_mw (+0.264),voltage_v (+0.221),current_ma (+0.128),0.0
REC-05674,2026-09-14T03:17:45Z,SITE-E,ESP32-E01,v1.15,OPEN_CIRCUIT,0.6656,0.1596,0.2177,0.12599,0.25448,0.03311,0.07457,-0.11093,-0.12563,0.03671,power_mw (+0.254),voltage_v (+0.218),current_ma (+0.126),0.0
REC-05675,2026-09-14T03:17:50Z,SITE-E,ESP32-E01,v1.15,OPEN_CIRCUIT,0.6926,0.1596,0.2206,0.12869,0.25402,0.03228,0.07424,-0.10572,-0.1208,0.04972,power_mw (+0.254),voltage_v (+0.221),current_ma (+0.129),-0.0
REC-05676,2026-09-14T03:17:55Z,SITE-E,ESP32-E01,v1.15,OPEN_CIRCUIT,0.705,0.1596,0.22213,0.12981,0.26671,0.03291,0.07448,-0.10408,-0.12052,0.04399,power_mw (+0.267),voltage_v (+0.222),current_ma (+0.130),0.0
REC-05677,2026-09-14T03:18:00Z,SITE-E,ESP32-E01,v1.15,OPEN_CIRCUIT,0.6993,0.1596,0.22088,0.12964,0.26569,0.03257,0.07474,-0.10479,-0.12304,0.04404,power_mw (+0.266),voltage_v (+0.221),current_ma (+0.130),-0.0
REC-05678,2026-09-14T03:18:05Z,SITE-E,ESP32-E01,v1.15,OPEN_CIRCUIT,0.679,0.1596,0.21713,0.12774,0.25802,0.03384,0.07309,-0.10702,-0.12486,0.04149,power_mw (+0.258),voltage_v (+0.217),current_ma (+0.128),-0.0
REC-05679,2026-09-14T03:18:10Z,SITE-E,ESP32-E01,v1.15,OPEN_CIRCUIT,0.6953,0.1596,0.21936,0.12876,0.26523,0.03267,0.07393,-0.10594,-0.12247,0.0442,power_mw (+0.265),voltage_v (+0.219),current_ma (+0.129),-0.0
REC-05680,2026-09-14T03:18:15Z,SITE-E,ESP32-E01,v1.15,OPEN_CIRCUIT,0.7008,0.1596,0.21762,0.12982,0.26642,0.03323,0.07528,-0.10417,-0.1215,0.04454,power_mw (+0.266),voltage_v (+0.218),current_ma (+0.130),-0.0
REC-05681,2026-09-14T03:18:20Z,SITE-E,ESP32-E01,v1.15,OPEN_CIRCUIT,0.6819,0.1596,0.2169,0.12841,0.25985,0.03383,0.07474,-0.1053,-0.1247,0.03857,power_mw (+0.260),voltage_v (+0.217),current_ma (+0.128),-0.0
REC-05682,2026-09-14T03:18:25Z,SITE-E,ESP32-E01,v1.15,OPEN_CIRCUIT,0.6873,0.1596,0.21915,0.12761,0.26412,0.03311,0.07479,-0.10451,-0.12102,0.03444,power_mw (+0.264),voltage_v (+0.219),current_ma (+0.128),0.0
REC-05683,2026-09-14T03:18:30Z,SITE-E,ESP32-E01,v1.15,OPEN_CIRCUIT,0.6859,0.1596,0.21834,0.12838,0.2611,0.03316,0.0753,-0.1032,-0.12286,0.03612,power_mw (+0.261),voltage_v (+0.218),current_ma (+0.128),-0.0
REC-05684,2026-09-14T03:18:35Z,SITE-E,ESP32-E01,v1.15,OPEN_CIRCUIT,0.6891,0.1596,0.21796,0.12819,0.26491,0.03267,0.07558,-0.10277,-0.12198,0.03494,power_mw (+0.265),voltage_v (+0.218),current_ma (+0.128),0.0
REC-05685,2026-09-14T03:18:40Z,SITE-E,ESP32-E01,v1.15,OPEN_CIRCUIT,0.6973,0.1596,0.21589,0.12929,0.26407,0.03291,0.07492,-0.10168,-0.12105,0.04335,power_mw (+0.264),voltage_v (+0.216),current_ma (+0.129),0.0
REC-05686,2026-09-14T03:18:45Z,SITE-E,ESP32-E01,v1.15,OPEN_CIRCUIT,0.6999,0.1596,0.21658,0.12989,0.26686,0.03335,0.0756,-0.10009,-0.12105,0.03915,power_mw (+0.267),voltage_v (+0.217),current_ma (+0.130),-0.0
REC-05687,2026-09-14T03:18:50Z,SITE-E,ESP32-E01,v1.15,OPEN_CIRCUIT,0.717,0.1596,0.22101,0.13162,0.26904,0.03326,0.07309,-0.09848,-0.12026,0.04813,power_mw (+0.269),voltage_v (+0.221),current_ma (+0.132),0.0
REC-05688,2026-09-14T03:18:55Z,SITE-E,ESP32-E01,v1.15,OPEN_CIRCUIT,0.7088,0.1596,0.219,0.1305,0.26798,0.0328,0.075,-0.10012,-0.12002,0.04411,power_mw (+0.268),voltage_v (+0.219),current_ma (+0.131),-0.0
REC-05689,2026-09-14T03:19:00Z,SITE-E,ESP32-E01,v1.15,OPEN_CIRCUIT,0.6938,0.1596,0.21879,0.12922,0.26523,0.03329,0.07526,-0.10014,-0.12188,0.03439,power_mw (+0.265),voltage_v (+0.219),current_ma (+0.129),0.0
REC-05690,2026-09-14T03:19:05Z,SITE-E,ESP32-E01,v1.15,OPEN_CIRCUIT,0.7008,0.1596,0.21683,0.1303,0.26689,0.03365,0.07475,-0.10006,-0.12219,0.04099,power_mw (+0.267),voltage_v (+0.217),current_ma (+0.130),0.0
REC-05691,2026-09-14T03:19:10Z,SITE-E,ESP32-E01,v1.15,OPEN_CIRCUIT,0.6889,0.1596,0.21982,0.12844,0.26482,0.03321,0.07402,-0.10092,-0.12284,0.03275,power_mw (+0.265),voltage_v (+0.220),current_ma (+0.128),-0.0
REC-05692,2026-09-14T03:19:15Z,SITE-E,ESP32-E01,v1.15,OPEN_CIRCUIT,0.6843,0.1596,0.21565,0.12841,0.26038,0.03313,0.07556,-0.10211,-0.12315,0.03682,power_mw (+0.260),voltage_v (+0.216),current_ma (+0.128),-0.0
REC-05693,2026-09-14T03:19:20Z,SITE-E,ESP32-E01,v1.15,OPEN_CIRCUIT,0.6965,0.1596,0.2201,0.12987,0.26455,0.03403,0.07313,-0.10162,-0.12358,0.04038,power_mw (+0.265),voltage_v (+0.220),current_ma (+0.130),0.0
REC-05694,2026-09-14T03:19:25Z,SITE-E,ESP32-E01,v1.15,OPEN_CIRCUIT,0.6865,0.1596,0.21435,0.12917,0.26229,0.03402,0.07568,-0.10264,-0.12389,0.0379,power_mw (+0.262),voltage_v (+0.214),current_ma (+0.129),0.0
REC-05695,2026-09-14T03:19:30Z,SITE-E,ESP32-E01,v1.15,OPEN_CIRCUIT,0.709,0.1596,0.22008,0.13092,0.2657,0.03177,0.07417,-0.10197,-0.12269,0.05143,power_mw (+0.266),voltage_v (+0.220),current_ma (+0.131),0.0
REC-05696,2026-09-14T03:19:35Z,SITE-E,ESP32-E01,v1.15,OPEN_CIRCUIT,0.6985,0.1596,0.21718,0.12947,0.26603,0.03292,0.07428,-0.10419,-0.12244,0.04566,power_mw (+0.266),voltage_v (+0.217),current_ma (+0.129),0.0
REC-05697,2026-09-14T03:19:40Z,SITE-E,ESP32-E01,v1.15,OPEN_CIRCUIT,0.679,0.1596,0.21644,0.12813,0.26014,0.03313,0.07348,-0.10484,-0.12713,0.04008,power_mw (+0.260),voltage_v (+0.216),current_ma (+0.128),0.0
REC-05698,2026-09-14T03:19:45Z,SITE-E,ESP32-E01,v1.15,OPEN_CIRCUIT,0.7147,0.1596,0.22105,0.13158,0.26653,0.03286,0.07444,-0.1006,-0.12052,0.04972,power_mw (+0.267),voltage_v (+0.221),current_ma (+0.132),0.0
REC-05699,2026-09-14T03:19:50Z,SITE-E,ESP32-E01,v1.15,OPEN_CIRCUIT,0.6882,0.1596,0.21867,0.12879,0.26452,0.03313,0.07435,-0.10358,-0.12491,0.03759,power_mw (+0.265),voltage_v (+0.219),current_ma (+0.129),0.0
REC-05700,2026-09-14T03:19:55Z,SITE-E,ESP32-E01,v1.15,OPEN_CIRCUIT,0.6893,0.1596,0.21615,0.12886,0.2613,0.03406,0.07477,-0.10411,-0.12205,0.04077,power_mw (+0.261),voltage_v (+0.216),current_ma (+0.129),0.0
REC-05701,2026-09-14T03:28:00Z,SITE-C,ESP32-C01,v1.15,OPEN_CIRCUIT,0.6744,0.1596,0.21768,0.13042,0.26063,0.03722,0.08194,-0.12256,-0.1284,0.03783,power_mw (+0.261),voltage_v (+0.218),current_ma (+0.130),-0.0
REC-05702,2026-09-14T03:28:05Z,SITE-C,ESP32-C01,v1.15,OPEN_CIRCUIT,0.6646,0.1596,0.21796,0.1288,0.25907,0.03698,0.08049,-0.12441,-0.12969,0.03585,power_mw (+0.259),voltage_v (+0.218),irradiance_lux (-0.130),0.0
REC-05703,2026-09-14T03:28:10Z,SITE-C,ESP32-C01,v1.15,OPEN_CIRCUIT,0.6856,0.1596,0.22271,0.13139,0.26135,0.03652,0.08016,-0.1208,-0.12814,0.04281,power_mw (+0.261),voltage_v (+0.223),current_ma (+0.131),-0.0
REC-05704,2026-09-14T03:28:15Z,SITE-C,ESP32-C01,v1.15,OPEN_CIRCUIT,0.6741,0.1596,0.21978,0.13051,0.26063,0.03755,0.08103,-0.12212,-0.12898,0.03611,power_mw (+0.261),voltage_v (+0.220),current_ma (+0.131),-0.0
REC-05705,2026-09-14T03:28:20Z,SITE-C,ESP32-C01,v1.15,OPEN_CIRCUIT,0.6792,0.1596,0.22136,0.13114,0.25994,0.03723,0.08048,-0.12252,-0.12927,0.04122,power_mw (+0.260),voltage_v (+0.221),current_ma (+0.131),0.0
REC-05706,2026-09-14T03:28:25Z,SITE-C,ESP32-C01,v1.15,OPEN_CIRCUIT,0.6763,0.1596,0.22186,0.13048,0.26074,0.03675,0.08081,-0.12296,-0.1294,0.03846,power_mw (+0.261),voltage_v (+0.222),current_ma (+0.130),0.0
REC-05707,2026-09-14T03:28:30Z,SITE-C,ESP32-C01,v1.15,OPEN_CIRCUIT,0.6653,0.1596,0.21715,0.12955,0.25928,0.03694,0.08242,-0.12492,-0.13039,0.03563,power_mw (+0.259),voltage_v (+0.217),irradiance_lux (-0.130),0.0
REC-05708,2026-09-14T03:28:35Z,SITE-C,ESP32-C01,v1.15,OPEN_CIRCUIT,0.6615,0.1596,0.21853,0.12938,0.25738,0.03665,0.08186,-0.12482,-0.13208,0.03501,power_mw (+0.257),voltage_v (+0.219),irradiance_lux (-0.132),0.0
REC-05709,2026-09-14T03:28:40Z,SITE-C,ESP32-C01,v1.15,OPEN_CIRCUIT,0.6633,0.1596,0.21678,0.12928,0.25879,0.03674,0.08121,-0.1261,-0.13197,0.03892,power_mw (+0.259),voltage_v (+0.217),irradiance_lux (-0.132),-0.0
REC-05710,2026-09-14T03:28:45Z,SITE-C,ESP32-C01,v1.15,OPEN_CIRCUIT,0.6865,0.1596,0.22177,0.13164,0.26209,0.03689,0.0806,-0.12336,-0.12826,0.0455,power_mw (+0.262),voltage_v (+0.222),current_ma (+0.132),-0.0
REC-05711,2026-09-14T03:28:50Z,SITE-C,ESP32-C01,v1.15,OPEN_CIRCUIT,0.6595,0.1596,0.21882,0.12843,0.25567,0.03691,0.08129,-0.12618,-0.12986,0.03484,power_mw (+0.256),voltage_v (+0.219),irradiance_lux (-0.130),0.0
REC-05712,2026-09-14T03:28:55Z,SITE-C,ESP32-C01,v1.15,OPEN_CIRCUIT,0.6351,0.1596,0.21221,0.12623,0.24823,0.03775,0.07975,-0.13113,-0.13389,0.03634,power_mw (+0.248),voltage_v (+0.212),irradiance_lux (-0.134),0.0
REC-05713,2026-09-14T03:29:00Z,SITE-C,ESP32-C01,v1.15,OPEN_CIRCUIT,0.6428,0.1596,0.21625,0.12709,0.24698,0.0368,0.08033,-0.13023,-0.13316,0.03913,power_mw (+0.247),voltage_v (+0.216),irradiance_lux (-0.133),-0.0
REC-05714,2026-09-14T03:29:05Z,SITE-C,ESP32-C01,v1.15,OPEN_CIRCUIT,0.6513,0.1596,0.21485,0.12874,0.25384,0.03776,0.08089,-0.1278,-0.13401,0.03742,power_mw (+0.254),voltage_v (+0.215),irradiance_lux (-0.134),-0.0
REC-05715,2026-09-14T03:29:10Z,SITE-C,ESP32-C01,v1.15,OPEN_CIRCUIT,0.644,0.1596,0.21482,0.12767,0.25564,0.03804,0.08094,-0.12759,-0.13416,0.02904,power_mw (+0.256),voltage_v (+0.215),irradiance_lux (-0.134),-0.0
REC-05716,2026-09-14T03:29:15Z,SITE-C,ESP32-C01,v1.15,OPEN_CIRCUIT,0.6587,0.1596,0.21583,0.12956,0.25496,0.03769,0.08106,-0.12707,-0.13302,0.04005,power_mw (+0.255),voltage_v (+0.216),irradiance_lux (-0.133),-0.0
REC-05717,2026-09-14T03:29:20Z,SITE-C,ESP32-C01,v1.15,OPEN_CIRCUIT,0.6354,0.1596,0.21573,0.12639,0.24542,0.03732,0.08056,-0.12705,-0.13236,0.02977,power_mw (+0.245),voltage_v (+0.216),irradiance_lux (-0.132),-0.0
REC-05718,2026-09-14T03:29:25Z,SITE-C,ESP32-C01,v1.15,OPEN_CIRCUIT,0.6407,0.1596,0.21401,0.12751,0.25284,0.03756,0.08135,-0.1276,-0.13472,0.03017,power_mw (+0.253),voltage_v (+0.214),irradiance_lux (-0.135),-0.0
REC-05719,2026-09-14T03:29:30Z,SITE-C,ESP32-C01,v1.15,OPEN_CIRCUIT,0.6463,0.1596,0.21433,0.12737,0.25461,0.03759,0.08139,-0.12784,-0.13204,0.03133,power_mw (+0.255),voltage_v (+0.214),irradiance_lux (-0.132),0.0
REC-05720,2026-09-14T03:29:35Z,SITE-C,ESP32-C01,v1.15,OPEN_CIRCUIT,0.6527,0.1596,0.21502,0.12885,0.2529,0.03765,0.08087,-0.12574,-0.13305,0.03656,power_mw (+0.253),voltage_v (+0.215),irradiance_lux (-0.133),-0.0
REC-05721,2026-09-14T03:29:40Z,SITE-C,ESP32-C01,v1.15,OPEN_CIRCUIT,0.6525,0.1596,0.21635,0.12802,0.25502,0.03697,0.08142,-0.12625,-0.13168,0.03303,power_mw (+0.255),voltage_v (+0.216),irradiance_lux (-0.132),0.0
REC-05722,2026-09-14T03:29:45Z,SITE-C,ESP32-C01,v1.15,OPEN_CIRCUIT,0.6566,0.1596,0.21793,0.12801,0.25774,0.03716,0.08112,-0.12612,-0.13034,0.03153,power_mw (+0.258),voltage_v (+0.218),irradiance_lux (-0.130),0.0
REC-05723,2026-09-14T03:29:50Z,SITE-C,ESP32-C01,v1.15,OPEN_CIRCUIT,0.6717,0.1596,0.22047,0.13005,0.25765,0.03676,0.08,-0.12298,-0.13011,0.04026,power_mw (+0.258),voltage_v (+0.220),irradiance_lux (-0.130),0.0
REC-05724,2026-09-14T03:29:55Z,SITE-C,ESP32-C01,v1.15,OPEN_CIRCUIT,0.669,0.1596,0.21925,0.12989,0.25694,0.0379,0.07952,-0.12296,-0.12948,0.03833,power_mw (+0.257),voltage_v (+0.219),current_ma (+0.130),0.0
REC-05725,2026-09-14T03:30:00Z,SITE-C,ESP32-C01,v1.15,OPEN_CIRCUIT,0.6862,0.1596,0.22092,0.13168,0.26224,0.03765,0.0802,-0.12149,-0.12742,0.04287,power_mw (+0.262),voltage_v (+0.221),current_ma (+0.132),-0.0
REC-05726,2026-09-14T03:30:05Z,SITE-C,ESP32-C01,v1.15,OPEN_CIRCUIT,0.6665,0.1596,0.21872,0.12999,0.25624,0.03765,0.08098,-0.12222,-0.12968,0.03519,power_mw (+0.256),voltage_v (+0.219),current_ma (+0.130),0.0
REC-05727,2026-09-14T03:30:10Z,SITE-C,ESP32-C01,v1.15,OPEN_CIRCUIT,0.6708,0.1596,0.21952,0.13028,0.2601,0.03652,0.08113,-0.12296,-0.13148,0.03808,power_mw (+0.260),voltage_v (+0.220),irradiance_lux (-0.131),-0.0
REC-05728,2026-09-14T03:30:15Z,SITE-C,ESP32-C01,v1.15,OPEN_CIRCUIT,0.6727,0.1596,0.22077,0.13007,0.26004,0.0361,0.08008,-0.12448,-0.13156,0.04206,power_mw (+0.260),voltage_v (+0.221),irradiance_lux (-0.132),0.0
REC-05729,2026-09-14T03:30:20Z,SITE-C,ESP32-C01,v1.15,OPEN_CIRCUIT,0.664,0.1596,0.22225,0.12848,0.25871,0.03666,0.08005,-0.12442,-0.12976,0.03242,power_mw (+0.259),voltage_v (+0.222),irradiance_lux (-0.130),-0.0
REC-05730,2026-09-14T03:30:25Z,SITE-C,ESP32-C01,v1.15,OPEN_CIRCUIT,0.6692,0.1596,0.2203,0.12926,0.25979,0.03665,0.08036,-0.12273,-0.12933,0.03527,power_mw (+0.260),voltage_v (+0.220),irradiance_lux (-0.129),-0.0
REC-05731,2026-09-14T03:30:30Z,SITE-C,ESP32-C01,v1.15,OPEN_CIRCUIT,0.6759,0.1596,0.21925,0.13129,0.25832,0.03692,0.0803,-0.12155,-0.13135,0.04309,power_mw (+0.258),voltage_v (+0.219),irradiance_lux (-0.131),0.0
REC-05732,2026-09-14T03:30:35Z,SITE-C,ESP32-C01,v1.15,OPEN_CIRCUIT,0.6755,0.1596,0.21871,0.13045,0.26095,0.03711,0.08051,-0.12136,-0.12918,0.03867,power_mw (+0.261),voltage_v (+0.219),current_ma (+0.130),-0.0
REC-05733,2026-09-14T03:30:40Z,SITE-C,ESP32-C01,v1.15,OPEN_CIRCUIT,0.644,0.1596,0.21625,0.12756,0.24834,0.03594,0.07993,-0.12442,-0.13506,0.03591,power_mw (+0.248),voltage_v (+0.216),irradiance_lux (-0.135),0.0
REC-05734,2026-09-14T03:30:45Z,SITE-C,ESP32-C01,v1.15,OPEN_CIRCUIT,0.6685,0.1596,0.22022,0.12944,0.25585,0.03692,0.0801,-0.12302,-0.12892,0.03831,power_mw (+0.256),voltage_v (+0.220),current_ma (+0.129),-0.0
REC-05735,2026-09-14T03:30:50Z,SITE-C,ESP32-C01,v1.15,OPEN_CIRCUIT,0.6788,0.1596,0.21783,0.13093,0.26115,0.03748,0.08054,-0.12388,-0.12897,0.04411,power_mw (+0.261),voltage_v (+0.218),current_ma (+0.131),-0.0
REC-05736,2026-09-14T03:30:55Z,SITE-C,ESP32-C01,v1.15,OPEN_CIRCUIT,0.6659,0.1596,0.21967,0.12965,0.25907,0.03662,0.08067,-0.12526,-0.13242,0.03827,power_mw (+0.259),voltage_v (+0.220),irradiance_lux (-0.132),-0.0
REC-05737,2026-09-14T03:31:00Z,SITE-C,ESP32-C01,v1.15,OPEN_CIRCUIT,0.667,0.1596,0.21698,0.13012,0.25951,0.03676,0.08191,-0.12421,-0.132,0.03831,power_mw (+0.260),voltage_v (+0.217),irradiance_lux (-0.132),0.0
REC-05738,2026-09-14T03:31:05Z,SITE-C,ESP32-C01,v1.15,OPEN_CIRCUIT,0.6676,0.1596,0.21803,0.12978,0.25945,0.03746,0.08036,-0.1245,-0.13092,0.03828,power_mw (+0.259),voltage_v (+0.218),irradiance_lux (-0.131),-0.0
REC-05739,2026-09-14T03:31:10Z,SITE-C,ESP32-C01,v1.15,OPEN_CIRCUIT,0.6557,0.1596,0.21724,0.12852,0.25779,0.03682,0.08232,-0.12552,-0.13176,0.03068,power_mw (+0.258),voltage_v (+0.217),irradiance_lux (-0.132),-0.0
REC-05740,2026-09-14T03:31:15Z,SITE-C,ESP32-C01,v1.15,OPEN_CIRCUIT,0.649,0.1596,0.21504,0.12833,0.24714,0.03729,0.08003,-0.12509,-0.13261,0.03931,power_mw (+0.247),voltage_v (+0.215),irradiance_lux (-0.133),-0.0
REC-05741,2026-09-14T03:31:20Z,SITE-C,ESP32-C01,v1.15,OPEN_CIRCUIT,0.6667,0.1596,0.21879,0.12939,0.25953,0.03663,0.08152,-0.1234,-0.13009,0.03475,power_mw (+0.260),voltage_v (+0.219),irradiance_lux (-0.130),0.0
REC-05742,2026-09-14T03:31:25Z,SITE-C,ESP32-C01,v1.15,OPEN_CIRCUIT,0.6467,0.1596,0.21367,0.1283,0.25612,0.03742,0.08139,-0.12599,-0.13513,0.03135,power_mw (+0.256),voltage_v (+0.214),irradiance_lux (-0.135),-0.0
REC-05743,2026-09-14T03:31:30Z,SITE-C,ESP32-C01,v1.15,OPEN_CIRCUIT,0.6448,0.1596,0.21647,0.12754,0.25507,0.03701,0.08092,-0.12678,-0.13453,0.02952,power_mw (+0.255),voltage_v (+0.216),irradiance_lux (-0.135),0.0
REC-05744,2026-09-14T03:31:35Z,SITE-C,ESP32-C01,v1.15,OPEN_CIRCUIT,0.6496,0.1596,0.21667,0.12718,0.25501,0.03666,0.08151,-0.12681,-0.13087,0.03063,power_mw (+0.255),voltage_v (+0.217),irradiance_lux (-0.131),-0.0
REC-05745,2026-09-14T03:31:40Z,SITE-C,ESP32-C01,v1.15,OPEN_CIRCUIT,0.6445,0.1596,0.2147,0.128,0.2561,0.03746,0.08258,-0.12678,-0.13412,0.02697,power_mw (+0.256),voltage_v (+0.215),irradiance_lux (-0.134),0.0
REC-05746,2026-09-14T03:31:45Z,SITE-C,ESP32-C01,v1.15,OPEN_CIRCUIT,0.6518,0.1596,0.21656,0.12828,0.2553,0.03808,0.08071,-0.12759,-0.13218,0.03307,power_mw (+0.255),voltage_v (+0.217),irradiance_lux (-0.132),-0.0
REC-05747,2026-09-14T03:31:50Z,SITE-C,ESP32-C01,v1.15,OPEN_CIRCUIT,0.6457,0.1596,0.21563,0.12742,0.25433,0.03743,0.08059,-0.13067,-0.13396,0.03538,power_mw (+0.254),voltage_v (+0.216),irradiance_lux (-0.134),0.0
REC-05748,2026-09-14T03:31:55Z,SITE-C,ESP32-C01,v1.15,OPEN_CIRCUIT,0.6614,0.1596,0.21843,0.12835,0.25432,0.03756,0.07941,-0.12975,-0.12929,0.04277,power_mw (+0.254),voltage_v (+0.218),ambient_temp_c (-0.130),-0.0
REC-05749,2026-09-14T03:32:00Z,SITE-C,ESP32-C01,v1.15,OPEN_CIRCUIT,0.6497,0.1596,0.21567,0.12784,0.25312,0.03727,0.08107,-0.13009,-0.1326,0.0378,power_mw (+0.253),voltage_v (+0.216),irradiance_lux (-0.133),0.0
REC-05750,2026-09-14T03:32:05Z,SITE-C,ESP32-C01,v1.15,OPEN_CIRCUIT,0.6286,0.1596,0.21292,0.12614,0.24496,0.03842,0.07835,-0.13259,-0.13662,0.03736,power_mw (+0.245),voltage_v (+0.213),irradiance_lux (-0.137),-0.0
REC-05751,2026-09-14T03:32:10Z,SITE-C,ESP32-C01,v1.15,OPEN_CIRCUIT,0.6593,0.1596,0.21492,0.12863,0.25744,0.03832,0.08006,-0.13226,-0.13098,0.04353,power_mw (+0.257),voltage_v (+0.215),ambient_temp_c (-0.132),-0.0
REC-05752,2026-09-14T03:32:15Z,SITE-C,ESP32-C01,v1.15,OPEN_CIRCUIT,0.6218,0.1596,0.21528,0.12399,0.25199,0.03609,0.08138,-0.13373,-0.13577,0.02294,power_mw (+0.252),voltage_v (+0.215),irradiance_lux (-0.136),0.0
REC-05753,2026-09-14T03:32:20Z,SITE-C,ESP32-C01,v1.15,OPEN_CIRCUIT,0.6313,0.1596,0.21223,0.12616,0.24243,0.038,0.08003,-0.13167,-0.13342,0.03797,power_mw (+0.242),voltage_v (+0.212),irradiance_lux (-0.133),-0.0
REC-05754,2026-09-14T03:32:25Z,SITE-C,ESP32-C01,v1.15,OPEN_CIRCUIT,0.6525,0.1596,0.21867,0.12783,0.25163,0.03778,0.08039,-0.13162,-0.13075,0.03897,power_mw (+0.252),voltage_v (+0.219),ambient_temp_c (-0.132),0.0
REC-05755,2026-09-14T03:32:30Z,SITE-C,ESP32-C01,v1.15,OPEN_CIRCUIT,0.6647,0.1596,0.21781,0.12869,0.25823,0.03813,0.0803,-0.13114,-0.12866,0.04175,power_mw (+0.258),voltage_v (+0.218),ambient_temp_c (-0.131),-0.0
REC-05756,2026-09-14T03:32:35Z,SITE-C,ESP32-C01,v1.15,OPEN_CIRCUIT,0.6382,0.1596,0.21695,0.12579,0.25227,0.03697,0.08133,-0.13162,-0.13188,0.02882,power_mw (+0.252),voltage_v (+0.217),irradiance_lux (-0.132),-0.0
REC-05757,2026-09-14T03:32:40Z,SITE-C,ESP32-C01,v1.15,OPEN_CIRCUIT,0.6484,0.1596,0.21831,0.12648,0.25577,0.03674,0.08061,-0.13273,-0.13113,0.03472,power_mw (+0.256),voltage_v (+0.218),ambient_temp_c (-0.133),-0.0
REC-05758,2026-09-14T03:32:45Z,SITE-C,ESP32-C01,v1.15,OPEN_CIRCUIT,0.6481,0.1596,0.21798,0.12694,0.256,0.03664,0.08086,-0.1307,-0.13252,0.03335,power_mw (+0.256),voltage_v (+0.218),irradiance_lux (-0.133),-0.0
REC-05759,2026-09-14T03:32:50Z,SITE-C,ESP32-C01,v1.15,OPEN_CIRCUIT,0.6233,0.1596,0.21406,0.12435,0.24429,0.03714,0.07968,-0.13226,-0.1335,0.02994,power_mw (+0.244),voltage_v (+0.214),irradiance_lux (-0.134),-0.0
REC-05760,2026-09-14T03:32:55Z,SITE-C,ESP32-C01,v1.15,OPEN_CIRCUIT,0.6683,0.1596,0.21669,0.13002,0.25478,0.03817,0.07923,-0.12836,-0.13009,0.04822,power_mw (+0.255),voltage_v (+0.217),irradiance_lux (-0.130),-0.0
REC-05761,2026-09-14T04:00:00Z,SITE-E,ESP32-E01,v1.15,DUST,0.9985,0.24332,0.03216,0.02396,0.01176,0.01603,-0.01534,0.01192,0.01368,0.66105,dust_vo_v (+0.661),voltage_v (+0.032),current_ma (+0.024),0.0
REC-05762,2026-09-14T04:00:05Z,SITE-E,ESP32-E01,v1.15,DUST,0.9995,0.24332,0.01939,0.01873,0.00439,0.01259,-0.01267,0.00826,0.0098,0.69568,dust_vo_v (+0.696),voltage_v (+0.019),current_ma (+0.019),-0.0
REC-05763,2026-09-14T04:00:10Z,SITE-E,ESP32-E01,v1.15,DUST,0.9978,0.24332,0.03876,0.02609,0.01404,0.01786,-0.01652,0.01381,0.01623,0.64423,dust_vo_v (+0.644),voltage_v (+0.039),current_ma (+0.026),0.0
REC-05764,2026-09-14T04:00:15Z,SITE-E,ESP32-E01,v1.15,DUST,0.995,0.24332,0.05515,0.03293,0.01963,0.02201,-0.01999,0.01732,0.02086,0.60379,dust_vo_v (+0.604),voltage_v (+0.055),current_ma (+0.033),0.0
REC-05765,2026-09-14T04:00:20Z,SITE-E,ESP32-E01,v1.15,DUST,0.9994,0.24332,0.02047,0.01927,0.00536,0.0127,-0.01277,0.00811,0.00925,0.69374,dust_vo_v (+0.694),voltage_v (+0.020),current_ma (+0.019),-0.0
REC-05766,2026-09-14T04:00:25Z,SITE-E,ESP32-E01,v1.15,DUST,0.9994,0.24332,0.02176,0.01988,0.00654,0.01274,-0.0131,0.00849,0.0095,0.69023,dust_vo_v (+0.690),voltage_v (+0.022),current_ma (+0.020),0.0
REC-05767,2026-09-14T04:00:30Z,SITE-E,ESP32-E01,v1.15,DUST,0.9993,0.24332,0.0222,0.02005,0.00586,0.01339,-0.01296,0.00887,0.01002,0.68859,dust_vo_v (+0.689),voltage_v (+0.022),current_ma (+0.020),-0.0
REC-05768,2026-09-14T04:00:35Z,SITE-E,ESP32-E01,v1.15,DUST,0.9996,0.24332,0.01756,0.01732,0.00389,0.0115,-0.01152,0.00686,0.00788,0.70281,dust_vo_v (+0.703),voltage_v (+0.018),current_ma (+0.017),0.0
REC-05769,2026-09-14T04:00:40Z,SITE-E,ESP32-E01,v1.15,DUST,0.9992,0.24332,0.02416,0.02074,0.00832,0.01374,-0.01333,0.00938,0.01059,0.68227,dust_vo_v (+0.682),voltage_v (+0.024),current_ma (+0.021),0.0
REC-05770,2026-09-14T04:00:45Z,SITE-E,ESP32-E01,v1.15,DUST,0.999,0.24332,0.02704,0.02173,0.00943,0.01422,-0.01357,0.00998,0.01076,0.67612,dust_vo_v (+0.676),voltage_v (+0.027),current_ma (+0.022),0.0
REC-05771,2026-09-14T04:00:50Z,SITE-E,ESP32-E01,v1.15,DUST,0.9995,0.24332,0.02004,0.01873,0.00572,0.01227,-0.01207,0.0077,0.00867,0.69511,dust_vo_v (+0.695),voltage_v (+0.020),current_ma (+0.019),-0.0
REC-05772,2026-09-14T04:00:55Z,SITE-E,ESP32-E01,v1.15,DUST,0.9988,0.24332,0.02946,0.0225,0.01039,0.0148,-0.01376,0.01066,0.01174,0.66972,dust_vo_v (+0.670),voltage_v (+0.029),current_ma (+0.023),0.0
REC-05773,2026-09-14T04:01:00Z,SITE-E,ESP32-E01,v1.15,DUST,0.9991,0.24332,0.02572,0.02121,0.00835,0.01468,-0.01324,0.00994,0.01108,0.67806,dust_vo_v (+0.678),voltage_v (+0.026),current_ma (+0.021),0.0
REC-05774,2026-09-14T04:01:05Z,SITE-E,ESP32-E01,v1.15,DUST,0.9993,0.24332,0.02287,0.02012,0.00712,0.01304,-0.01285,0.00909,0.01018,0.68638,dust_vo_v (+0.686),voltage_v (+0.023),current_ma (+0.020),-0.0
REC-05775,2026-09-14T04:01:10Z,SITE-E,ESP32-E01,v1.15,DUST,0.9993,0.24332,0.02232,0.01985,0.00752,0.01291,-0.01279,0.00849,0.00935,0.68836,dust_vo_v (+0.688),voltage_v (+0.022),current_ma (+0.020),-0.0
REC-05776,2026-09-14T04:01:15Z,SITE-E,ESP32-E01,v1.15,DUST,0.999,0.24332,0.02655,0.02167,0.00865,0.01439,-0.01365,0.01025,0.01127,0.67661,dust_vo_v (+0.677),voltage_v (+0.027),current_ma (+0.022),-0.0
REC-05777,2026-09-14T04:01:20Z,SITE-E,ESP32-E01,v1.15,DUST,0.999,0.24332,0.02732,0.0219,0.00934,0.01475,-0.0138,0.01066,0.01197,0.67351,dust_vo_v (+0.674),voltage_v (+0.027),current_ma (+0.022),0.0
REC-05778,2026-09-14T04:01:25Z,SITE-E,ESP32-E01,v1.15,DUST,0.9986,0.24332,0.03214,0.0235,0.01219,0.01578,-0.01478,0.01178,0.01298,0.66166,dust_vo_v (+0.662),voltage_v (+0.032),current_ma (+0.023),0.0
REC-05779,2026-09-14T04:01:30Z,SITE-E,ESP32-E01,v1.15,DUST,0.9988,0.24332,0.02972,0.02271,0.0104,0.01512,-0.01419,0.01118,0.01238,0.66813,dust_vo_v (+0.668),voltage_v (+0.030),current_ma (+0.023),0.0
REC-05780,2026-09-14T04:01:35Z,SITE-E,ESP32-E01,v1.15,DUST,0.9997,0.24332,0.01585,0.01613,0.00355,0.01068,-0.01102,0.00606,0.00681,0.70831,dust_vo_v (+0.708),current_ma (+0.016),voltage_v (+0.016),0.0
REC-05781,2026-09-14T04:01:40Z,SITE-E,ESP32-E01,v1.15,DUST,0.9991,0.24332,0.0263,0.02133,0.00986,0.01336,-0.01336,0.00953,0.01014,0.67857,dust_vo_v (+0.679),voltage_v (+0.026),current_ma (+0.021),0.0
REC-05782,2026-09-14T04:01:45Z,SITE-E,ESP32-E01,v1.15,DUST,0.9993,0.24332,0.02317,0.0203,0.00775,0.01306,-0.01315,0.00916,0.01005,0.68559,dust_vo_v (+0.686),voltage_v (+0.023),current_ma (+0.020),-0.0
REC-05783,2026-09-14T04:01:50Z,SITE-E,ESP32-E01,v1.15,DUST,0.9982,0.24332,0.03529,0.02443,0.01402,0.01636,-0.01525,0.01234,0.01365,0.65407,dust_vo_v (+0.654),voltage_v (+0.035),current_ma (+0.024),0.0
REC-05784,2026-09-14T04:01:55Z,SITE-E,ESP32-E01,v1.15,DUST,0.9998,0.24332,0.01361,0.0143,0.00142,0.01023,-0.01017,0.0052,0.00599,0.7159,dust_vo_v (+0.716),current_ma (+0.014),voltage_v (+0.014),-0.0
REC-05785,2026-09-14T04:02:00Z,SITE-E,ESP32-E01,v1.15,DUST,0.9988,0.24332,0.03052,0.02273,0.01168,0.01501,-0.01387,0.01062,0.0116,0.66714,dust_vo_v (+0.667),voltage_v (+0.031),current_ma (+0.023),-0.0
REC-05786,2026-09-14T04:02:05Z,SITE-E,ESP32-E01,v1.15,DUST,0.9985,0.24332,0.03302,0.02362,0.01176,0.01587,-0.01442,0.01184,0.01321,0.66029,dust_vo_v (+0.660),voltage_v (+0.033),current_ma (+0.024),-0.0
REC-05787,2026-09-14T04:02:10Z,SITE-E,ESP32-E01,v1.15,DUST,0.9991,0.24332,0.02471,0.02086,0.00828,0.01356,-0.01319,0.00971,0.01086,0.68104,dust_vo_v (+0.681),voltage_v (+0.025),current_ma (+0.021),-0.0
REC-05788,2026-09-14T04:02:15Z,SITE-E,ESP32-E01,v1.15,DUST,0.9987,0.24332,0.03067,0.02289,0.01176,0.01492,-0.01424,0.01109,0.01213,0.66614,dust_vo_v (+0.666),voltage_v (+0.031),current_ma (+0.023),-0.0
REC-05789,2026-09-14T04:02:20Z,SITE-E,ESP32-E01,v1.15,DUST,0.9994,0.24332,0.02207,0.01964,0.00715,0.01327,-0.01244,0.00845,0.00947,0.68843,dust_vo_v (+0.688),voltage_v (+0.022),current_ma (+0.020),-0.0
REC-05790,2026-09-14T04:02:25Z,SITE-E,ESP32-E01,v1.15,DUST,0.9983,0.24332,0.03554,0.02463,0.01309,0.01708,-0.01545,0.01281,0.01419,0.65306,dust_vo_v (+0.653),voltage_v (+0.036),current_ma (+0.025),0.0
REC-05791,2026-09-14T04:02:30Z,SITE-E,ESP32-E01,v1.15,DUST,0.9996,0.24332,0.01865,0.01795,0.00453,0.01182,-0.01174,0.0073,0.00816,0.69957,dust_vo_v (+0.700),voltage_v (+0.019),current_ma (+0.018),0.0
REC-05792,2026-09-14T04:02:35Z,SITE-E,ESP32-E01,v1.15,DUST,0.9995,0.24332,0.01951,0.01835,0.00494,0.01228,-0.01177,0.00773,0.00868,0.69646,dust_vo_v (+0.696),voltage_v (+0.020),current_ma (+0.018),-0.0
REC-05793,2026-09-14T04:02:40Z,SITE-E,ESP32-E01,v1.15,DUST,0.9992,0.24332,0.02534,0.02109,0.0082,0.0138,-0.01316,0.00958,0.01034,0.68067,dust_vo_v (+0.681),voltage_v (+0.025),current_ma (+0.021),0.0
REC-05794,2026-09-14T04:02:45Z,SITE-E,ESP32-E01,v1.15,DUST,0.9981,0.24332,0.03708,0.02504,0.01359,0.01691,-0.01554,0.01301,0.01444,0.65023,dust_vo_v (+0.650),voltage_v (+0.037),current_ma (+0.025),-0.0
REC-05795,2026-09-14T04:02:50Z,SITE-E,ESP32-E01,v1.15,DUST,0.9988,0.24332,0.03014,0.02273,0.01061,0.01515,-0.01401,0.01112,0.01221,0.6675,dust_vo_v (+0.668),voltage_v (+0.030),current_ma (+0.023),-0.0
REC-05796,2026-09-14T04:02:55Z,SITE-E,ESP32-E01,v1.15,DUST,0.9992,0.24332,0.02391,0.02054,0.00806,0.01337,-0.01304,0.00914,0.01012,0.6838,dust_vo_v (+0.684),voltage_v (+0.024),current_ma (+0.021),-0.0
REC-05797,2026-09-14T04:03:00Z,SITE-E,ESP32-E01,v1.15,DUST,0.9985,0.24332,0.03327,0.02378,0.01248,0.01609,-0.01468,0.01165,0.01271,0.65989,dust_vo_v (+0.660),voltage_v (+0.033),current_ma (+0.024),0.0
REC-05798,2026-09-14T04:03:05Z,SITE-E,ESP32-E01,v1.15,DUST,0.9986,0.24332,0.03182,0.02325,0.01204,0.01565,-0.01427,0.01115,0.01229,0.66339,dust_vo_v (+0.663),voltage_v (+0.032),current_ma (+0.023),0.0
REC-05799,2026-09-14T04:03:10Z,SITE-E,ESP32-E01,v1.15,DUST,0.9995,0.24332,0.01871,0.01815,0.0052,0.01184,-0.01228,0.00751,0.00851,0.69857,dust_vo_v (+0.699),voltage_v (+0.019),current_ma (+0.018),0.0
REC-05800,2026-09-14T04:03:15Z,SITE-E,ESP32-E01,v1.15,DUST,0.9993,0.24332,0.02375,0.02034,0.00799,0.01302,-0.01267,0.00871,0.00942,0.68538,dust_vo_v (+0.685),voltage_v (+0.024),current_ma (+0.020),-0.0
REC-05801,2026-09-14T04:03:20Z,SITE-E,ESP32-E01,v1.15,DUST,0.9992,0.24332,0.0234,0.0204,0.00799,0.0135,-0.01316,0.00912,0.01021,0.68448,dust_vo_v (+0.684),voltage_v (+0.023),current_ma (+0.020),0.0
REC-05802,2026-09-14T04:03:25Z,SITE-E,ESP32-E01,v1.15,DUST,0.9994,0.24332,0.02143,0.01945,0.00643,0.01258,-0.01246,0.00826,0.00925,0.69112,dust_vo_v (+0.691),voltage_v (+0.021),current_ma (+0.019),-0.0
REC-05803,2026-09-14T04:03:30Z,SITE-E,ESP32-E01,v1.15,DUST,0.9991,0.24332,0.02531,0.02109,0.00902,0.01397,-0.01333,0.00946,0.01041,0.6799,dust_vo_v (+0.680),voltage_v (+0.025),current_ma (+0.021),0.0
REC-05804,2026-09-14T04:03:35Z,SITE-E,ESP32-E01,v1.15,DUST,0.9992,0.24332,0.02485,0.02099,0.00813,0.014,-0.01331,0.00939,0.0102,0.68162,dust_vo_v (+0.682),voltage_v (+0.025),current_ma (+0.021),-0.0
REC-05805,2026-09-14T04:03:40Z,SITE-E,ESP32-E01,v1.15,DUST,0.9994,0.24332,0.02196,0.01965,0.00655,0.01293,-0.0125,0.00842,0.0092,0.68984,dust_vo_v (+0.690),voltage_v (+0.022),current_ma (+0.020),0.0
REC-05806,2026-09-14T04:03:45Z,SITE-E,ESP32-E01,v1.15,DUST,0.9995,0.24332,0.01995,0.01863,0.006,0.01199,-0.01204,0.00771,0.0086,0.69531,dust_vo_v (+0.695),voltage_v (+0.020),current_ma (+0.019),-0.0
REC-05807,2026-09-14T04:03:50Z,SITE-E,ESP32-E01,v1.15,DUST,0.9994,0.24332,0.02146,0.01939,0.00706,0.01238,-0.01241,0.00824,0.00925,0.69069,dust_vo_v (+0.691),voltage_v (+0.021),current_ma (+0.019),-0.0
REC-05808,2026-09-14T04:03:55Z,SITE-E,ESP32-E01,v1.15,DUST,0.9996,0.24332,0.01713,0.01704,0.00393,0.01152,-0.01145,0.00669,0.00758,0.70388,dust_vo_v (+0.704),voltage_v (+0.017),current_ma (+0.017),-0.0
REC-05809,2026-09-14T04:04:00Z,SITE-E,ESP32-E01,v1.15,DUST,0.9992,0.24332,0.02432,0.02062,0.00827,0.01346,-0.01293,0.00899,0.00969,0.68349,dust_vo_v (+0.683),voltage_v (+0.024),current_ma (+0.021),0.0
REC-05810,2026-09-14T04:04:05Z,SITE-E,ESP32-E01,v1.15,DUST,0.9983,0.24332,0.03413,0.02395,0.01331,0.01606,-0.01487,0.01224,0.01367,0.65653,dust_vo_v (+0.657),voltage_v (+0.034),current_ma (+0.024),-0.0
REC-05811,2026-09-14T04:04:10Z,SITE-E,ESP32-E01,v1.15,DUST,0.9995,0.24332,0.0187,0.01789,0.00533,0.01171,-0.01162,0.0072,0.00817,0.69885,dust_vo_v (+0.699),voltage_v (+0.019),current_ma (+0.018),0.0
REC-05812,2026-09-14T04:04:15Z,SITE-E,ESP32-E01,v1.15,DUST,0.9991,0.24332,0.026,0.02138,0.00897,0.0138,-0.01344,0.00991,0.01099,0.67813,dust_vo_v (+0.678),voltage_v (+0.026),current_ma (+0.021),-0.0
REC-05813,2026-09-14T04:04:20Z,SITE-E,ESP32-E01,v1.15,DUST,0.9988,0.24332,0.03005,0.02247,0.01127,0.01469,-0.01357,0.0105,0.01128,0.66877,dust_vo_v (+0.669),voltage_v (+0.030),current_ma (+0.022),-0.0
REC-05814,2026-09-14T04:04:25Z,SITE-E,ESP32-E01,v1.15,DUST,0.9994,0.24332,0.02052,0.01884,0.00662,0.01191,-0.01198,0.00762,0.00854,0.69405,dust_vo_v (+0.694),voltage_v (+0.021),current_ma (+0.019),-0.0
REC-05815,2026-09-14T04:04:30Z,SITE-E,ESP32-E01,v1.15,DUST,0.9993,0.24332,0.0222,0.01972,0.00736,0.01286,-0.01257,0.00849,0.00942,0.68852,dust_vo_v (+0.689),voltage_v (+0.022),current_ma (+0.020),-0.0
REC-05816,2026-09-14T04:04:35Z,SITE-E,ESP32-E01,v1.15,DUST,0.9984,0.24332,0.03407,0.02395,0.01297,0.01579,-0.01459,0.01158,0.01273,0.65859,dust_vo_v (+0.659),voltage_v (+0.034),current_ma (+0.024),0.0
REC-05817,2026-09-14T04:04:40Z,SITE-E,ESP32-E01,v1.15,DUST,0.9994,0.24332,0.02095,0.01911,0.00627,0.01196,-0.01203,0.00782,0.00872,0.69331,dust_vo_v (+0.693),voltage_v (+0.021),current_ma (+0.019),-0.0
REC-05818,2026-09-14T04:04:45Z,SITE-E,ESP32-E01,v1.15,DUST,0.9997,0.24332,0.01559,0.01589,0.0033,0.0107,-0.01074,0.00591,0.00696,0.70877,dust_vo_v (+0.709),current_ma (+0.016),voltage_v (+0.016),-0.0
REC-05819,2026-09-14T04:04:50Z,SITE-E,ESP32-E01,v1.15,DUST,0.9993,0.24332,0.02251,0.01977,0.00789,0.01271,-0.01239,0.0083,0.00931,0.68791,dust_vo_v (+0.688),voltage_v (+0.023),current_ma (+0.020),0.0
REC-05820,2026-09-14T04:04:55Z,SITE-E,ESP32-E01,v1.15,DUST,0.9991,0.24332,0.02616,0.02138,0.00883,0.01403,-0.01321,0.0097,0.01073,0.67814,dust_vo_v (+0.678),voltage_v (+0.026),current_ma (+0.021),-0.0
REC-05821,2026-09-14T04:10:00Z,SITE-A,ESP32-A01,v1.15,PARTIAL_SHADING,0.8208,0.1822,0.17442,0.00797,0.12363,0.07809,0.09734,-0.01776,0.01966,0.15525,voltage_v (+0.174),dust_vo_v (+0.155),power_mw (+0.124),-0.0
REC-05822,2026-09-14T04:10:05Z,SITE-A,ESP32-A01,v1.15,PARTIAL_SHADING,0.8184,0.1822,0.17533,0.00678,0.12378,0.07483,0.0991,-0.01882,0.01928,0.15598,voltage_v (+0.175),dust_vo_v (+0.156),power_mw (+0.124),0.0
REC-05823,2026-09-14T04:10:10Z,SITE-A,ESP32-A01,v1.15,PARTIAL_SHADING,0.8337,0.1822,0.17428,0.00716,0.12286,0.08117,0.09906,-0.01689,0.01935,0.16447,voltage_v (+0.174),dust_vo_v (+0.164),power_mw (+0.123),0.0
REC-05824,2026-09-14T04:10:15Z,SITE-A,ESP32-A01,v1.15,PARTIAL_SHADING,0.828,0.1822,0.17415,0.00619,0.12277,0.07865,0.10136,-0.01857,0.01968,0.1616,voltage_v (+0.174),dust_vo_v (+0.162),power_mw (+0.123),-0.0
REC-05825,2026-09-14T04:10:20Z,SITE-A,ESP32-A01,v1.15,PARTIAL_SHADING,0.8306,0.1822,0.17506,0.00655,0.12393,0.07951,0.10087,-0.01937,0.01946,0.16237,voltage_v (+0.175),dust_vo_v (+0.162),power_mw (+0.124),-0.0
REC-05826,2026-09-14T04:10:25Z,SITE-A,ESP32-A01,v1.15,PARTIAL_SHADING,0.8304,0.1822,0.17097,0.00755,0.12227,0.08142,0.10011,-0.01888,0.02086,0.16392,voltage_v (+0.171),dust_vo_v (+0.164),power_mw (+0.122),-0.0
REC-05827,2026-09-14T04:10:30Z,SITE-A,ESP32-A01,v1.15,PARTIAL_SHADING,0.814,0.1822,0.17345,0.00564,0.12272,0.0762,0.10009,-0.02087,0.0196,0.155,voltage_v (+0.173),dust_vo_v (+0.155),power_mw (+0.123),0.0
REC-05828,2026-09-14T04:10:35Z,SITE-A,ESP32-A01,v1.15,PARTIAL_SHADING,0.8213,0.1822,0.17549,0.00803,0.12536,0.07932,0.09949,-0.02057,0.01942,0.15253,voltage_v (+0.175),dust_vo_v (+0.153),power_mw (+0.125),0.0
REC-05829,2026-09-14T04:10:40Z,SITE-A,ESP32-A01,v1.15,PARTIAL_SHADING,0.8345,0.1822,0.17606,0.0085,0.12612,0.08062,0.10152,-0.02012,0.01912,0.16051,voltage_v (+0.176),dust_vo_v (+0.161),power_mw (+0.126),-0.0
REC-05830,2026-09-14T04:10:45Z,SITE-A,ESP32-A01,v1.15,PARTIAL_SHADING,0.8305,0.1822,0.17361,0.00735,0.12383,0.08151,0.1059,-0.02049,0.01943,0.15713,voltage_v (+0.174),dust_vo_v (+0.157),power_mw (+0.124),-0.0
REC-05831,2026-09-14T04:10:50Z,SITE-A,ESP32-A01,v1.15,PARTIAL_SHADING,0.8276,0.1822,0.17653,0.00714,0.1259,0.08092,0.10196,-0.02156,0.01939,0.1551,voltage_v (+0.177),dust_vo_v (+0.155),power_mw (+0.126),0.0
REC-05832,2026-09-14T04:10:55Z,SITE-A,ESP32-A01,v1.15,PARTIAL_SHADING,0.8256,0.1822,0.17428,0.00808,0.12526,0.07986,0.09861,-0.02094,0.02012,0.15809,voltage_v (+0.174),dust_vo_v (+0.158),power_mw (+0.125),0.0
REC-05833,2026-09-14T04:11:00Z,SITE-A,ESP32-A01,v1.15,PARTIAL_SHADING,0.8172,0.1822,0.17248,0.00809,0.12411,0.07329,0.09968,-0.02075,0.02021,0.15785,voltage_v (+0.172),dust_vo_v (+0.158),power_mw (+0.124),-0.0
REC-05834,2026-09-14T04:11:05Z,SITE-A,ESP32-A01,v1.15,PARTIAL_SHADING,0.8181,0.1822,0.17401,0.00628,0.12375,0.07591,0.09895,-0.02091,0.01964,0.15831,voltage_v (+0.174),dust_vo_v (+0.158),power_mw (+0.124),-0.0
REC-05835,2026-09-14T04:11:10Z,SITE-A,ESP32-A01,v1.15,PARTIAL_SHADING,0.8136,0.1822,0.17598,0.00553,0.12483,0.07424,0.09775,-0.0222,0.01928,0.15596,voltage_v (+0.176),dust_vo_v (+0.156),power_mw (+0.125),-0.0
REC-05836,2026-09-14T04:11:15Z,SITE-A,ESP32-A01,v1.15,PARTIAL_SHADING,0.8241,0.1822,0.17466,0.00898,0.12611,0.07951,0.09942,-0.02155,0.01888,0.15589,voltage_v (+0.175),dust_vo_v (+0.156),power_mw (+0.126),-0.0
REC-05837,2026-09-14T04:11:20Z,SITE-A,ESP32-A01,v1.15,PARTIAL_SHADING,0.8187,0.1822,0.17426,0.00816,0.12509,0.07972,0.09439,-0.02084,0.01963,0.15608,voltage_v (+0.174),dust_vo_v (+0.156),power_mw (+0.125),0.0
REC-05838,2026-09-14T04:11:25Z,SITE-A,ESP32-A01,v1.15,PARTIAL_SHADING,0.8239,0.1822,0.17462,0.01033,0.12779,0.07429,0.10026,-0.02281,0.01964,0.15758,voltage_v (+0.175),dust_vo_v (+0.158),power_mw (+0.128),-0.0
REC-05839,2026-09-14T04:11:30Z,SITE-A,ESP32-A01,v1.15,PARTIAL_SHADING,0.8126,0.1822,0.1736,0.00401,0.12275,0.07632,0.09869,-0.0227,0.02019,0.15756,voltage_v (+0.174),dust_vo_v (+0.158),power_mw (+0.123),0.0
REC-05840,2026-09-14T04:11:35Z,SITE-A,ESP32-A01,v1.15,PARTIAL_SHADING,0.821,0.1822,0.17346,0.0042,0.12316,0.07707,0.10012,-0.02287,0.02096,0.16273,voltage_v (+0.173),dust_vo_v (+0.163),power_mw (+0.123),-0.0
REC-05841,2026-09-14T04:11:40Z,SITE-A,ESP32-A01,v1.15,PARTIAL_SHADING,0.8206,0.1822,0.17415,0.00633,0.12552,0.0783,0.10242,-0.02447,0.02009,0.15606,voltage_v (+0.174),dust_vo_v (+0.156),power_mw (+0.126),0.0
REC-05842,2026-09-14T04:11:45Z,SITE-A,ESP32-A01,v1.15,PARTIAL_SHADING,0.82,0.1822,0.16964,0.00861,0.12502,0.07406,0.10001,-0.02409,0.02242,0.1621,voltage_v (+0.170),dust_vo_v (+0.162),power_mw (+0.125),0.0
REC-05843,2026-09-14T04:11:50Z,SITE-A,ESP32-A01,v1.15,PARTIAL_SHADING,0.8062,0.1822,0.17085,0.0062,0.12344,0.07114,0.10093,-0.02442,0.02059,0.15531,voltage_v (+0.171),dust_vo_v (+0.155),power_mw (+0.123),0.0
REC-05844,2026-09-14T04:11:55Z,SITE-A,ESP32-A01,v1.15,PARTIAL_SHADING,0.8132,0.1822,0.17021,0.00767,0.12391,0.07631,0.10183,-0.02418,0.01999,0.15531,voltage_v (+0.170),dust_vo_v (+0.155),power_mw (+0.124),0.0
REC-05845,2026-09-14T04:12:00Z,SITE-A,ESP32-A01,v1.15,PARTIAL_SHADING,0.8077,0.1822,0.17102,0.00403,0.12252,0.07021,0.10129,-0.02492,0.02116,0.16021,voltage_v (+0.171),dust_vo_v (+0.160),power_mw (+0.123),-0.0
REC-05846,2026-09-14T04:12:05Z,SITE-A,ESP32-A01,v1.15,PARTIAL_SHADING,0.8171,0.1822,0.17232,0.0066,0.1245,0.0775,0.09746,-0.02373,0.02086,0.15938,voltage_v (+0.172),dust_vo_v (+0.159),power_mw (+0.124),-0.0
REC-05847,2026-09-14T04:12:10Z,SITE-A,ESP32-A01,v1.15,PARTIAL_SHADING,0.8142,0.1822,0.17315,0.0089,0.12663,0.07617,0.1009,-0.02493,0.01936,0.1518,voltage_v (+0.173),dust_vo_v (+0.152),power_mw (+0.127),-0.0
REC-05848,2026-09-14T04:12:15Z,SITE-A,ESP32-A01,v1.15,PARTIAL_SHADING,0.8142,0.1822,0.17065,0.00679,0.12417,0.07771,0.09896,-0.02482,0.02079,0.1578,voltage_v (+0.171),dust_vo_v (+0.158),power_mw (+0.124),0.0
REC-05849,2026-09-14T04:12:20Z,SITE-A,ESP32-A01,v1.15,PARTIAL_SHADING,0.8151,0.1822,0.16945,0.00775,0.12483,0.07402,0.09959,-0.0256,0.02173,0.16116,voltage_v (+0.169),dust_vo_v (+0.161),power_mw (+0.125),0.0
REC-05850,2026-09-14T04:12:25Z,SITE-A,ESP32-A01,v1.15,PARTIAL_SHADING,0.8135,0.1822,0.17189,0.00819,0.12689,0.07532,0.09875,-0.02663,0.02133,0.15553,voltage_v (+0.172),dust_vo_v (+0.156),power_mw (+0.127),0.0
REC-05851,2026-09-14T04:12:30Z,SITE-A,ESP32-A01,v1.15,PARTIAL_SHADING,0.8157,0.1822,0.17116,0.00538,0.12451,0.07703,0.09985,-0.02635,0.02169,0.16019,voltage_v (+0.171),dust_vo_v (+0.160),power_mw (+0.125),0.0
REC-05852,2026-09-14T04:12:35Z,SITE-A,ESP32-A01,v1.15,PARTIAL_SHADING,0.8084,0.1822,0.16843,0.00262,0.12106,0.07377,0.10006,-0.02611,0.02362,0.16277,voltage_v (+0.168),dust_vo_v (+0.163),power_mw (+0.121),0.0
REC-05853,2026-09-14T04:12:40Z,SITE-A,ESP32-A01,v1.15,PARTIAL_SHADING,0.8085,0.1822,0.16818,0.00509,0.12286,0.07789,0.10171,-0.02723,0.02183,0.156,voltage_v (+0.168),dust_vo_v (+0.156),power_mw (+0.123),0.0
REC-05854,2026-09-14T04:12:45Z,SITE-A,ESP32-A01,v1.15,PARTIAL_SHADING,0.8087,0.1822,0.16781,0.0034,0.12196,0.07637,0.10111,-0.0275,0.02328,0.1601,voltage_v (+0.168),dust_vo_v (+0.160),power_mw (+0.122),-0.0
REC-05855,2026-09-14T04:12:50Z,SITE-A,ESP32-A01,v1.15,PARTIAL_SHADING,0.8101,0.1822,0.17148,0.00471,0.12492,0.07431,0.10241,-0.02819,0.02133,0.15687,voltage_v (+0.171),dust_vo_v (+0.157),power_mw (+0.125),0.0
REC-05856,2026-09-14T04:12:55Z,SITE-A,ESP32-A01,v1.15,PARTIAL_SHADING,0.8104,0.1822,0.17252,0.00167,0.12331,0.07564,0.10182,-0.0278,0.02127,0.15981,voltage_v (+0.173),dust_vo_v (+0.160),power_mw (+0.123),-0.0
REC-05857,2026-09-14T04:13:00Z,SITE-A,ESP32-A01,v1.15,PARTIAL_SHADING,0.8178,0.1822,0.17053,0.00786,0.12687,0.07566,0.10484,-0.02839,0.02149,0.15678,voltage_v (+0.171),dust_vo_v (+0.157),power_mw (+0.127),-0.0
REC-05858,2026-09-14T04:13:05Z,SITE-A,ESP32-A01,v1.15,PARTIAL_SHADING,0.8013,0.1822,0.16836,0.00155,0.12034,0.07719,0.10072,-0.02728,0.02216,0.15608,voltage_v (+0.168),dust_vo_v (+0.156),power_mw (+0.120),0.0
REC-05859,2026-09-14T04:13:10Z,SITE-A,ESP32-A01,v1.15,PARTIAL_SHADING,0.813,0.1822,0.17175,-0.00058,0.12105,0.07563,0.10096,-0.02655,0.02334,0.16516,voltage_v (+0.172),dust_vo_v (+0.165),power_mw (+0.121),-0.0
REC-05860,2026-09-14T04:13:15Z,SITE-A,ESP32-A01,v1.15,PARTIAL_SHADING,0.8083,0.1822,0.17255,0.00289,0.12381,0.07763,0.0986,-0.02722,0.02172,0.15613,voltage_v (+0.173),dust_vo_v (+0.156),power_mw (+0.124),-0.0
REC-05861,2026-09-14T04:13:20Z,SITE-A,ESP32-A01,v1.15,PARTIAL_SHADING,0.815,0.1822,0.17046,0.00237,0.12292,0.07547,0.10763,-0.02803,0.02239,0.15957,voltage_v (+0.170),dust_vo_v (+0.160),power_mw (+0.123),-0.0
REC-05862,2026-09-14T04:13:25Z,SITE-A,ESP32-A01,v1.15,PARTIAL_SHADING,0.8093,0.1822,0.1723,0.00308,0.12418,0.07585,0.10427,-0.02804,0.02153,0.15395,voltage_v (+0.172),dust_vo_v (+0.154),power_mw (+0.124),-0.0
REC-05863,2026-09-14T04:13:30Z,SITE-A,ESP32-A01,v1.15,PARTIAL_SHADING,0.8118,0.1822,0.1699,0.00206,0.12183,0.0798,0.10347,-0.0271,0.0227,0.15694,voltage_v (+0.170),dust_vo_v (+0.157),power_mw (+0.122),-0.0
REC-05864,2026-09-14T04:13:35Z,SITE-A,ESP32-A01,v1.15,PARTIAL_SHADING,0.8185,0.1822,0.17313,0.00236,0.12424,0.07756,0.10796,-0.02776,0.02187,0.15698,voltage_v (+0.173),dust_vo_v (+0.157),power_mw (+0.124),-0.0
REC-05865,2026-09-14T04:13:40Z,SITE-A,ESP32-A01,v1.15,PARTIAL_SHADING,0.8222,0.1822,0.16877,0.0022,0.12139,0.081,0.108,-0.02658,0.02371,0.16148,voltage_v (+0.169),dust_vo_v (+0.161),power_mw (+0.121),-0.0
REC-05866,2026-09-14T04:13:45Z,SITE-A,ESP32-A01,v1.15,PARTIAL_SHADING,0.8162,0.1822,0.17171,-0.00021,0.12139,0.08105,0.10234,-0.02667,0.02362,0.16078,voltage_v (+0.172),dust_vo_v (+0.161),power_mw (+0.121),0.0
REC-05867,2026-09-14T04:13:50Z,SITE-A,ESP32-A01,v1.15,PARTIAL_SHADING,0.8106,0.1822,0.16966,0.00021,0.12046,0.07847,0.10429,-0.0269,0.02402,0.15821,voltage_v (+0.170),dust_vo_v (+0.158),power_mw (+0.120),0.0
REC-05868,2026-09-14T04:13:55Z,SITE-A,ESP32-A01,v1.15,PARTIAL_SHADING,0.8145,0.1822,0.17113,-0.00219,0.11978,0.08035,0.10563,-0.02679,0.02452,0.15987,voltage_v (+0.171),dust_vo_v (+0.160),power_mw (+0.120),0.0
REC-05869,2026-09-14T04:14:00Z,SITE-A,ESP32-A01,v1.15,PARTIAL_SHADING,0.808,0.1822,0.17138,-0.00019,0.12159,0.07897,0.10375,-0.02775,0.02377,0.15433,voltage_v (+0.171),dust_vo_v (+0.154),power_mw (+0.122),0.0
REC-05870,2026-09-14T04:14:05Z,SITE-A,ESP32-A01,v1.15,PARTIAL_SHADING,0.8162,0.1822,0.17069,0.00241,0.12311,0.07635,0.10563,-0.02743,0.02371,0.15955,voltage_v (+0.171),dust_vo_v (+0.160),power_mw (+0.123),-0.0
REC-05871,2026-09-14T04:14:10Z,SITE-A,ESP32-A01,v1.15,PARTIAL_SHADING,0.8181,0.1822,0.16757,-0.00219,0.11776,0.08021,0.11047,-0.02669,0.02592,0.16285,voltage_v (+0.168),dust_vo_v (+0.163),power_mw (+0.118),-0.0
REC-05872,2026-09-14T04:14:15Z,SITE-A,ESP32-A01,v1.15,PARTIAL_SHADING,0.8259,0.1822,0.17048,0.00095,0.12222,0.08284,0.10629,-0.02698,0.02553,0.16237,voltage_v (+0.170),dust_vo_v (+0.162),power_mw (+0.122),0.0
REC-05873,2026-09-14T04:14:20Z,SITE-A,ESP32-A01,v1.15,PARTIAL_SHADING,0.8237,0.1822,0.17419,0.00017,0.12414,0.08309,0.10747,-0.0284,0.02364,0.15717,voltage_v (+0.174),dust_vo_v (+0.157),power_mw (+0.124),-0.0
REC-05874,2026-09-14T04:14:25Z,SITE-A,ESP32-A01,v1.15,PARTIAL_SHADING,0.8283,0.1822,0.17017,-0.00067,0.12186,0.08288,0.11219,-0.0283,0.02654,0.16146,voltage_v (+0.170),dust_vo_v (+0.161),power_mw (+0.122),-0.0
REC-05875,2026-09-14T04:14:30Z,SITE-A,ESP32-A01,v1.15,PARTIAL_SHADING,0.8276,0.1822,0.17172,-0.00132,0.12202,0.08435,0.10974,-0.02811,0.02583,0.16114,voltage_v (+0.172),dust_vo_v (+0.161),power_mw (+0.122),-0.0
REC-05876,2026-09-14T04:14:35Z,SITE-A,ESP32-A01,v1.15,PARTIAL_SHADING,0.8216,0.1822,0.17176,0.00158,0.12453,0.08011,0.10855,-0.02929,0.02525,0.15691,voltage_v (+0.172),dust_vo_v (+0.157),power_mw (+0.125),-0.0
REC-05877,2026-09-14T04:14:40Z,SITE-A,ESP32-A01,v1.15,PARTIAL_SHADING,0.8313,0.1822,0.17071,4e-05,0.12316,0.08255,0.10945,-0.0284,0.02779,0.16378,voltage_v (+0.171),dust_vo_v (+0.164),power_mw (+0.123),0.0
REC-05878,2026-09-14T04:14:45Z,SITE-A,ESP32-A01,v1.15,PARTIAL_SHADING,0.847,0.1822,0.17194,0.00076,0.12392,0.08735,0.11247,-0.02723,0.02653,0.16904,voltage_v (+0.172),dust_vo_v (+0.169),power_mw (+0.124),-0.0
REC-05879,2026-09-14T04:14:50Z,SITE-A,ESP32-A01,v1.15,PARTIAL_SHADING,0.8267,0.1822,0.1743,-0.00376,0.12252,0.0803,0.10861,-0.02826,0.02741,0.16335,voltage_v (+0.174),dust_vo_v (+0.163),power_mw (+0.123),-0.0
REC-05880,2026-09-14T04:14:55Z,SITE-A,ESP32-A01,v1.15,PARTIAL_SHADING,0.8249,0.1822,0.17324,-0.00401,0.12096,0.08366,0.11112,-0.028,0.02579,0.15989,voltage_v (+0.173),dust_vo_v (+0.160),power_mw (+0.121),0.0
REC-05881,2026-09-14T06:56:00Z,SITE-C,ESP32-C01,v1.16,SHORT_CIRCUIT,0.987,0.17278,0.61563,0.00545,0.10722,0.01796,0.00751,0.01181,0.00728,0.04135,voltage_v (+0.616),power_mw (+0.107),dust_vo_v (+0.041),-0.0
REC-05882,2026-09-14T06:56:05Z,SITE-C,ESP32-C01,v1.16,SHORT_CIRCUIT,0.9868,0.17278,0.6168,0.0043,0.1068,0.01804,0.00749,0.01188,0.00719,0.04156,voltage_v (+0.617),power_mw (+0.107),dust_vo_v (+0.042),0.0
REC-05883,2026-09-14T06:56:10Z,SITE-C,ESP32-C01,v1.16,SHORT_CIRCUIT,0.9869,0.17278,0.61632,0.00555,0.1068,0.01736,0.00742,0.01189,0.00718,0.04162,voltage_v (+0.616),power_mw (+0.107),dust_vo_v (+0.042),-0.0
REC-05884,2026-09-14T06:56:15Z,SITE-C,ESP32-C01,v1.16,SHORT_CIRCUIT,0.9864,0.17278,0.61541,0.00504,0.10755,0.01771,0.00749,0.01203,0.00722,0.04118,voltage_v (+0.615),power_mw (+0.108),dust_vo_v (+0.041),0.0
REC-05885,2026-09-14T06:56:20Z,SITE-C,ESP32-C01,v1.16,SHORT_CIRCUIT,0.9871,0.17278,0.6164,0.00515,0.10662,0.01788,0.0075,0.01193,0.00723,0.04157,voltage_v (+0.616),power_mw (+0.107),dust_vo_v (+0.042),-0.0
REC-05886,2026-09-14T06:56:25Z,SITE-C,ESP32-C01,v1.16,SHORT_CIRCUIT,0.987,0.17278,0.61563,0.00601,0.10664,0.01758,0.00755,0.01178,0.00727,0.04176,voltage_v (+0.616),power_mw (+0.107),dust_vo_v (+0.042),-0.0
REC-05887,2026-09-14T06:56:30Z,SITE-C,ESP32-C01,v1.16,SHORT_CIRCUIT,0.987,0.17278,0.61505,0.00679,0.10682,0.01717,0.00751,0.01164,0.00727,0.04195,voltage_v (+0.615),power_mw (+0.107),dust_vo_v (+0.042),-0.0
REC-05888,2026-09-14T06:56:35Z,SITE-C,ESP32-C01,v1.16,SHORT_CIRCUIT,0.9865,0.17278,0.61518,0.00619,0.10703,0.01708,0.00754,0.01166,0.00726,0.04183,voltage_v (+0.615),power_mw (+0.107),dust_vo_v (+0.042),0.0
REC-05889,2026-09-14T06:56:40Z,SITE-C,ESP32-C01,v1.16,SHORT_CIRCUIT,0.9868,0.17278,0.61645,0.0049,0.10616,0.01781,0.00748,0.01179,0.00712,0.04236,voltage_v (+0.616),power_mw (+0.106),dust_vo_v (+0.042),-0.0
REC-05890,2026-09-14T06:56:45Z,SITE-C,ESP32-C01,v1.16,SHORT_CIRCUIT,0.9871,0.17278,0.6151,0.00623,0.10652,0.01775,0.00752,0.01185,0.00723,0.04207,voltage_v (+0.615),power_mw (+0.107),dust_vo_v (+0.042),0.0
REC-05891,2026-09-14T06:56:50Z,SITE-C,ESP32-C01,v1.16,SHORT_CIRCUIT,0.9868,0.17278,0.61631,0.0059,0.10591,0.01695,0.00743,0.0117,0.0071,0.04275,voltage_v (+0.616),power_mw (+0.106),dust_vo_v (+0.043),-0.0
REC-05892,2026-09-14T06:56:55Z,SITE-C,ESP32-C01,v1.16,SHORT_CIRCUIT,0.9875,0.17278,0.61623,0.00624,0.10612,0.01754,0.00744,0.01179,0.00721,0.04214,voltage_v (+0.616),power_mw (+0.106),dust_vo_v (+0.042),-0.0
REC-05893,2026-09-14T06:57:00Z,SITE-C,ESP32-C01,v1.16,SHORT_CIRCUIT,0.9871,0.17278,0.61626,0.00635,0.10625,0.01702,0.00742,0.01183,0.00717,0.04207,voltage_v (+0.616),power_mw (+0.106),dust_vo_v (+0.042),-0.0
REC-05894,2026-09-14T06:57:05Z,SITE-C,ESP32-C01,v1.16,SHORT_CIRCUIT,0.987,0.17278,0.61561,0.00539,0.10752,0.0182,0.00755,0.01187,0.00733,0.04074,voltage_v (+0.616),power_mw (+0.108),dust_vo_v (+0.041),0.0
REC-05895,2026-09-14T06:57:10Z,SITE-C,ESP32-C01,v1.16,SHORT_CIRCUIT,0.9873,0.17278,0.61593,0.00668,0.1063,0.01712,0.00743,0.01183,0.0072,0.04198,voltage_v (+0.616),power_mw (+0.106),dust_vo_v (+0.042),0.0
REC-05896,2026-09-14T06:57:15Z,SITE-C,ESP32-C01,v1.16,SHORT_CIRCUIT,0.9872,0.17278,0.61659,0.00604,0.1061,0.01719,0.00748,0.01187,0.00721,0.04194,voltage_v (+0.617),power_mw (+0.106),dust_vo_v (+0.042),-0.0
REC-05897,2026-09-14T06:57:20Z,SITE-C,ESP32-C01,v1.16,SHORT_CIRCUIT,0.9872,0.17278,0.61476,0.00735,0.10685,0.01722,0.00752,0.01191,0.00733,0.04152,voltage_v (+0.615),power_mw (+0.107),dust_vo_v (+0.042),-0.0
REC-05898,2026-09-14T06:57:25Z,SITE-C,ESP32-C01,v1.16,SHORT_CIRCUIT,0.9859,0.17278,0.61316,0.00671,0.10829,0.01726,0.00778,0.01232,0.00754,0.04005,voltage_v (+0.613),power_mw (+0.108),dust_vo_v (+0.040),0.0
REC-05899,2026-09-14T06:57:30Z,SITE-C,ESP32-C01,v1.16,SHORT_CIRCUIT,0.9862,0.17278,0.61288,0.00684,0.10845,0.01776,0.00774,0.01224,0.00752,0.04001,voltage_v (+0.613),power_mw (+0.108),dust_vo_v (+0.040),-0.0
REC-05900,2026-09-14T06:57:35Z,SITE-C,ESP32-C01,v1.16,SHORT_CIRCUIT,0.9871,0.17278,0.61677,0.00558,0.10692,0.01734,0.00744,0.01193,0.00724,0.04113,voltage_v (+0.617),power_mw (+0.107),dust_vo_v (+0.041),0.0
REC-05901,2026-09-14T06:57:40Z,SITE-C,ESP32-C01,v1.16,SHORT_CIRCUIT,0.9871,0.17278,0.61505,0.0065,0.10698,0.01752,0.00753,0.01226,0.00734,0.04111,voltage_v (+0.615),power_mw (+0.107),dust_vo_v (+0.041),-0.0
REC-05902,2026-09-14T06:57:45Z,SITE-C,ESP32-C01,v1.16,SHORT_CIRCUIT,0.9866,0.17278,0.61565,0.0048,0.10769,0.01813,0.00754,0.01232,0.0073,0.04044,voltage_v (+0.616),power_mw (+0.108),dust_vo_v (+0.040),-0.0
REC-05903,2026-09-14T06:57:50Z,SITE-C,ESP32-C01,v1.16,SHORT_CIRCUIT,0.9868,0.17278,0.61439,0.00686,0.10679,0.01705,0.00748,0.01244,0.00726,0.04174,voltage_v (+0.614),power_mw (+0.107),dust_vo_v (+0.042),-0.0
REC-05904,2026-09-14T06:57:55Z,SITE-C,ESP32-C01,v1.16,SHORT_CIRCUIT,0.9864,0.17278,0.61457,0.00485,0.10783,0.01839,0.00747,0.01243,0.0072,0.04093,voltage_v (+0.615),power_mw (+0.108),dust_vo_v (+0.041),-0.0
REC-05905,2026-09-14T06:58:00Z,SITE-C,ESP32-C01,v1.16,SHORT_CIRCUIT,0.986,0.17278,0.61431,0.00529,0.10811,0.0177,0.00759,0.01262,0.00734,0.04029,voltage_v (+0.614),power_mw (+0.108),dust_vo_v (+0.040),0.0
REC-05906,2026-09-14T06:58:05Z,SITE-C,ESP32-C01,v1.16,SHORT_CIRCUIT,0.9873,0.17278,0.61641,0.00522,0.10522,0.01795,0.00738,0.01249,0.00703,0.04285,voltage_v (+0.616),power_mw (+0.105),dust_vo_v (+0.043),0.0
REC-05907,2026-09-14T06:58:10Z,SITE-C,ESP32-C01,v1.16,SHORT_CIRCUIT,0.9869,0.17278,0.61589,0.00484,0.10639,0.01805,0.00737,0.0127,0.00708,0.04183,voltage_v (+0.616),power_mw (+0.106),dust_vo_v (+0.042),0.0
REC-05908,2026-09-14T06:58:15Z,SITE-C,ESP32-C01,v1.16,SHORT_CIRCUIT,0.9867,0.17278,0.61571,0.00427,0.10723,0.01844,0.0074,0.01245,0.00712,0.04132,voltage_v (+0.616),power_mw (+0.107),dust_vo_v (+0.041),0.0
REC-05909,2026-09-14T06:58:20Z,SITE-C,ESP32-C01,v1.16,SHORT_CIRCUIT,0.9864,0.17278,0.61448,0.00462,0.10772,0.01862,0.00755,0.01274,0.00727,0.04065,voltage_v (+0.614),power_mw (+0.108),dust_vo_v (+0.041),0.0
REC-05910,2026-09-14T06:58:25Z,SITE-C,ESP32-C01,v1.16,SHORT_CIRCUIT,0.9866,0.17278,0.61485,0.00502,0.10733,0.01819,0.00742,0.01289,0.00717,0.04095,voltage_v (+0.615),power_mw (+0.107),dust_vo_v (+0.041),-0.0
REC-05911,2026-09-14T06:58:30Z,SITE-C,ESP32-C01,v1.16,SHORT_CIRCUIT,0.986,0.17278,0.61386,0.00549,0.10733,0.01776,0.00754,0.01293,0.00722,0.04113,voltage_v (+0.614),power_mw (+0.107),dust_vo_v (+0.041),-0.0
REC-05912,2026-09-14T06:58:35Z,SITE-C,ESP32-C01,v1.16,SHORT_CIRCUIT,0.9867,0.17278,0.61449,0.00601,0.1069,0.0176,0.00751,0.01304,0.00727,0.04108,voltage_v (+0.614),power_mw (+0.107),dust_vo_v (+0.041),0.0
REC-05913,2026-09-14T06:58:40Z,SITE-C,ESP32-C01,v1.16,SHORT_CIRCUIT,0.9867,0.17278,0.615,0.00501,0.10694,0.01822,0.00739,0.01285,0.0071,0.04139,voltage_v (+0.615),power_mw (+0.107),dust_vo_v (+0.041),0.0
REC-05914,2026-09-14T06:58:45Z,SITE-C,ESP32-C01,v1.16,SHORT_CIRCUIT,0.9872,0.17278,0.61575,0.00482,0.10717,0.0185,0.00739,0.01284,0.00719,0.04071,voltage_v (+0.616),power_mw (+0.107),dust_vo_v (+0.041),-0.0
REC-05915,2026-09-14T06:58:50Z,SITE-C,ESP32-C01,v1.16,SHORT_CIRCUIT,0.9867,0.17278,0.61546,0.00484,0.10716,0.01809,0.00749,0.01284,0.00725,0.04081,voltage_v (+0.615),power_mw (+0.107),dust_vo_v (+0.041),0.0
REC-05916,2026-09-14T06:58:55Z,SITE-C,ESP32-C01,v1.16,SHORT_CIRCUIT,0.9867,0.17278,0.61392,0.00581,0.10767,0.01827,0.00755,0.01293,0.00732,0.04043,voltage_v (+0.614),power_mw (+0.108),dust_vo_v (+0.040),-0.0
REC-05917,2026-09-14T06:59:00Z,SITE-C,ESP32-C01,v1.16,SHORT_CIRCUIT,0.9866,0.17278,0.61427,0.0052,0.10784,0.01853,0.00752,0.01298,0.0073,0.04022,voltage_v (+0.614),power_mw (+0.108),dust_vo_v (+0.040),0.0
REC-05918,2026-09-14T06:59:05Z,SITE-C,ESP32-C01,v1.16,SHORT_CIRCUIT,0.9868,0.17278,0.6154,0.00552,0.10738,0.01769,0.00737,0.01304,0.00718,0.0404,voltage_v (+0.615),power_mw (+0.107),dust_vo_v (+0.040),0.0
REC-05919,2026-09-14T06:59:10Z,SITE-C,ESP32-C01,v1.16,SHORT_CIRCUIT,0.9873,0.17278,0.616,0.00519,0.10658,0.01819,0.00729,0.01313,0.00709,0.04107,voltage_v (+0.616),power_mw (+0.107),dust_vo_v (+0.041),0.0
REC-05920,2026-09-14T06:59:15Z,SITE-C,ESP32-C01,v1.16,SHORT_CIRCUIT,0.9873,0.17278,0.61516,0.00617,0.10641,0.01775,0.00736,0.01325,0.00717,0.04123,voltage_v (+0.615),power_mw (+0.106),dust_vo_v (+0.041),0.0
REC-05921,2026-09-14T06:59:20Z,SITE-C,ESP32-C01,v1.16,SHORT_CIRCUIT,0.9869,0.17278,0.61537,0.00545,0.10614,0.01779,0.00733,0.01319,0.00704,0.0418,voltage_v (+0.615),power_mw (+0.106),dust_vo_v (+0.042),-0.0
REC-05922,2026-09-14T06:59:25Z,SITE-C,ESP32-C01,v1.16,SHORT_CIRCUIT,0.9869,0.17278,0.61518,0.00581,0.10613,0.0176,0.00733,0.01333,0.00706,0.0417,voltage_v (+0.615),power_mw (+0.106),dust_vo_v (+0.042),0.0
REC-05923,2026-09-14T06:59:30Z,SITE-C,ESP32-C01,v1.16,SHORT_CIRCUIT,0.9877,0.17278,0.61614,0.00609,0.10547,0.01771,0.00732,0.01333,0.0071,0.04173,voltage_v (+0.616),power_mw (+0.105),dust_vo_v (+0.042),0.0
REC-05924,2026-09-14T06:59:35Z,SITE-C,ESP32-C01,v1.16,SHORT_CIRCUIT,0.9869,0.17278,0.61535,0.00583,0.10645,0.01737,0.00736,0.01349,0.00714,0.0411,voltage_v (+0.615),power_mw (+0.106),dust_vo_v (+0.041),0.0
REC-05925,2026-09-14T06:59:40Z,SITE-C,ESP32-C01,v1.16,SHORT_CIRCUIT,0.9869,0.17278,0.61524,0.00536,0.10602,0.01784,0.00728,0.01345,0.00699,0.04195,voltage_v (+0.615),power_mw (+0.106),dust_vo_v (+0.042),-0.0
REC-05926,2026-09-14T06:59:45Z,SITE-C,ESP32-C01,v1.16,SHORT_CIRCUIT,0.9864,0.17278,0.61362,0.00578,0.10764,0.01814,0.00751,0.01363,0.00729,0.04005,voltage_v (+0.614),power_mw (+0.108),dust_vo_v (+0.040),-0.0
REC-05927,2026-09-14T06:59:50Z,SITE-C,ESP32-C01,v1.16,SHORT_CIRCUIT,0.9878,0.17278,0.61627,0.00626,0.10545,0.01765,0.00721,0.01337,0.00702,0.04177,voltage_v (+0.616),power_mw (+0.105),dust_vo_v (+0.042),0.0
REC-05928,2026-09-14T06:59:55Z,SITE-C,ESP32-C01,v1.16,SHORT_CIRCUIT,0.9874,0.17278,0.61652,0.00555,0.10598,0.01767,0.00725,0.01327,0.00705,0.04133,voltage_v (+0.617),power_mw (+0.106),dust_vo_v (+0.041),0.0
REC-05929,2026-09-14T07:00:00Z,SITE-C,ESP32-C01,v1.16,SHORT_CIRCUIT,0.9875,0.17278,0.6151,0.00676,0.10549,0.01747,0.0073,0.01344,0.00707,0.04209,voltage_v (+0.615),power_mw (+0.105),dust_vo_v (+0.042),0.0
REC-05930,2026-09-14T07:00:05Z,SITE-C,ESP32-C01,v1.16,SHORT_CIRCUIT,0.9871,0.17278,0.61592,0.00518,0.10767,0.018,0.00734,0.01346,0.00722,0.03949,voltage_v (+0.616),power_mw (+0.108),dust_vo_v (+0.039),-0.0
REC-05931,2026-09-14T07:00:10Z,SITE-C,ESP32-C01,v1.16,SHORT_CIRCUIT,0.9869,0.17278,0.61626,0.005,0.10563,0.01773,0.00726,0.01336,0.00694,0.04197,voltage_v (+0.616),power_mw (+0.106),dust_vo_v (+0.042),0.0
REC-05932,2026-09-14T07:00:15Z,SITE-C,ESP32-C01,v1.16,SHORT_CIRCUIT,0.9871,0.17278,0.61414,0.00667,0.10718,0.0178,0.00736,0.01353,0.00723,0.04042,voltage_v (+0.614),power_mw (+0.107),dust_vo_v (+0.040),0.0
REC-05933,2026-09-14T07:00:20Z,SITE-C,ESP32-C01,v1.16,SHORT_CIRCUIT,0.9872,0.17278,0.61524,0.00656,0.10564,0.01717,0.00728,0.01341,0.00704,0.04211,voltage_v (+0.615),power_mw (+0.106),dust_vo_v (+0.042),-0.0
REC-05934,2026-09-14T07:00:25Z,SITE-C,ESP32-C01,v1.16,SHORT_CIRCUIT,0.9875,0.17278,0.61573,0.00604,0.10639,0.01774,0.00733,0.01347,0.00718,0.0408,voltage_v (+0.616),power_mw (+0.106),dust_vo_v (+0.041),0.0
REC-05935,2026-09-14T07:00:30Z,SITE-C,ESP32-C01,v1.16,SHORT_CIRCUIT,0.9868,0.17278,0.61439,0.0061,0.10631,0.01779,0.00739,0.01314,0.00709,0.04183,voltage_v (+0.614),power_mw (+0.106),dust_vo_v (+0.042),0.0
REC-05936,2026-09-14T07:00:35Z,SITE-C,ESP32-C01,v1.16,SHORT_CIRCUIT,0.9869,0.17278,0.61535,0.00616,0.1065,0.01732,0.00734,0.01303,0.00712,0.04133,voltage_v (+0.615),power_mw (+0.106),dust_vo_v (+0.041),0.0
REC-05937,2026-09-14T07:00:40Z,SITE-C,ESP32-C01,v1.16,SHORT_CIRCUIT,0.9873,0.17278,0.61595,0.00554,0.10582,0.01784,0.00727,0.01289,0.007,0.04217,voltage_v (+0.616),power_mw (+0.106),dust_vo_v (+0.042),0.0
REC-05938,2026-09-14T07:00:45Z,SITE-C,ESP32-C01,v1.16,SHORT_CIRCUIT,0.9871,0.17278,0.61553,0.00519,0.10645,0.0183,0.0073,0.01278,0.00703,0.04176,voltage_v (+0.616),power_mw (+0.106),dust_vo_v (+0.042),0.0
REC-05939,2026-09-14T07:00:50Z,SITE-C,ESP32-C01,v1.16,SHORT_CIRCUIT,0.9874,0.17278,0.61616,0.00578,0.10543,0.01771,0.00732,0.01271,0.00703,0.04251,voltage_v (+0.616),power_mw (+0.105),dust_vo_v (+0.043),0.0
REC-05940,2026-09-14T07:00:55Z,SITE-C,ESP32-C01,v1.16,SHORT_CIRCUIT,0.9868,0.17278,0.61526,0.00561,0.107,0.01769,0.00736,0.013,0.00715,0.04098,voltage_v (+0.615),power_mw (+0.107),dust_vo_v (+0.041),-0.0
REC-05941,2026-09-14T08:50:00Z,SITE-A,ESP32-A01,v1.16,PARTIAL_SHADING,0.9706,0.18185,0.11045,0.00404,0.13273,0.08588,0.22047,-0.00716,0.07138,0.17092,panel_temp2_c (+0.220),dust_vo_v (+0.171),power_mw (+0.133),-0.0
REC-05942,2026-09-14T08:50:05Z,SITE-A,ESP32-A01,v1.16,PARTIAL_SHADING,0.9693,0.18185,0.10865,0.00589,0.13562,0.08688,0.21843,-0.00775,0.07079,0.1689,panel_temp2_c (+0.218),dust_vo_v (+0.169),power_mw (+0.136),0.0
REC-05943,2026-09-14T08:50:10Z,SITE-A,ESP32-A01,v1.16,PARTIAL_SHADING,0.9667,0.18185,0.10563,0.00545,0.13378,0.0862,0.22135,-0.00766,0.07145,0.16867,panel_temp2_c (+0.221),dust_vo_v (+0.169),power_mw (+0.134),-0.0
REC-05944,2026-09-14T08:50:15Z,SITE-A,ESP32-A01,v1.16,PARTIAL_SHADING,0.9687,0.18185,0.1068,0.00668,0.13588,0.08619,0.21644,-0.00764,0.07174,0.17077,panel_temp2_c (+0.216),dust_vo_v (+0.171),power_mw (+0.136),0.0
REC-05945,2026-09-14T08:50:20Z,SITE-A,ESP32-A01,v1.16,PARTIAL_SHADING,0.9706,0.18185,0.10872,0.00432,0.13088,0.08333,0.21835,-0.00735,0.07373,0.17677,panel_temp2_c (+0.218),dust_vo_v (+0.177),power_mw (+0.131),-0.0
REC-05946,2026-09-14T08:50:25Z,SITE-A,ESP32-A01,v1.16,PARTIAL_SHADING,0.9668,0.18185,0.10687,0.00572,0.133,0.08493,0.22172,-0.00768,0.07023,0.17018,panel_temp2_c (+0.222),dust_vo_v (+0.170),power_mw (+0.133),-0.0
REC-05947,2026-09-14T08:50:30Z,SITE-A,ESP32-A01,v1.16,PARTIAL_SHADING,0.9682,0.18185,0.10867,0.00577,0.13413,0.08522,0.21669,-0.00782,0.07188,0.17177,panel_temp2_c (+0.217),dust_vo_v (+0.172),power_mw (+0.134),-0.0
REC-05948,2026-09-14T08:50:35Z,SITE-A,ESP32-A01,v1.16,PARTIAL_SHADING,0.9729,0.18185,0.10987,0.00514,0.1327,0.08494,0.22037,-0.00645,0.07013,0.17437,panel_temp2_c (+0.220),dust_vo_v (+0.174),power_mw (+0.133),-0.0
REC-05949,2026-09-14T08:50:40Z,SITE-A,ESP32-A01,v1.16,PARTIAL_SHADING,0.9634,0.18185,0.10664,0.00441,0.13316,0.08578,0.21833,-0.007,0.07329,0.1669,panel_temp2_c (+0.218),dust_vo_v (+0.167),power_mw (+0.133),-0.0
REC-05950,2026-09-14T08:50:45Z,SITE-A,ESP32-A01,v1.16,PARTIAL_SHADING,0.9714,0.18185,0.11127,0.00421,0.13297,0.08733,0.21592,-0.00746,0.07201,0.17329,panel_temp2_c (+0.216),dust_vo_v (+0.173),power_mw (+0.133),-0.0
REC-05951,2026-09-14T08:50:50Z,SITE-A,ESP32-A01,v1.16,PARTIAL_SHADING,0.9686,0.18185,0.10983,0.00178,0.12929,0.08733,0.21763,-0.00745,0.07488,0.17342,panel_temp2_c (+0.218),dust_vo_v (+0.173),power_mw (+0.129),-0.0
REC-05952,2026-09-14T08:50:55Z,SITE-A,ESP32-A01,v1.16,PARTIAL_SHADING,0.9657,0.18185,0.10516,0.00552,0.13334,0.08589,0.22121,-0.00711,0.07141,0.16841,panel_temp2_c (+0.221),dust_vo_v (+0.168),power_mw (+0.133),-0.0
REC-05953,2026-09-14T08:51:00Z,SITE-A,ESP32-A01,v1.16,PARTIAL_SHADING,0.9703,0.18185,0.10824,0.00405,0.1308,0.08537,0.22131,-0.00671,0.07166,0.17374,panel_temp2_c (+0.221),dust_vo_v (+0.174),power_mw (+0.131),-0.0
REC-05954,2026-09-14T08:51:05Z,SITE-A,ESP32-A01,v1.16,PARTIAL_SHADING,0.9738,0.18185,0.11109,0.00433,0.13187,0.08704,0.21941,-0.00694,0.07008,0.1751,panel_temp2_c (+0.219),dust_vo_v (+0.175),power_mw (+0.132),-0.0
REC-05955,2026-09-14T08:51:10Z,SITE-A,ESP32-A01,v1.16,PARTIAL_SHADING,0.9706,0.18185,0.10845,0.00431,0.12995,0.08434,0.22206,-0.00724,0.07112,0.17576,panel_temp2_c (+0.222),dust_vo_v (+0.176),power_mw (+0.130),-0.0
REC-05956,2026-09-14T08:51:15Z,SITE-A,ESP32-A01,v1.16,PARTIAL_SHADING,0.9677,0.18185,0.10537,0.00315,0.12838,0.08345,0.22369,-0.0062,0.07376,0.17428,panel_temp2_c (+0.224),dust_vo_v (+0.174),power_mw (+0.128),-0.0
REC-05957,2026-09-14T08:51:20Z,SITE-A,ESP32-A01,v1.16,PARTIAL_SHADING,0.9664,0.18185,0.10641,0.004,0.13009,0.08467,0.21898,-0.00686,0.07358,0.17364,panel_temp2_c (+0.219),dust_vo_v (+0.174),power_mw (+0.130),-0.0
REC-05958,2026-09-14T08:51:25Z,SITE-A,ESP32-A01,v1.16,PARTIAL_SHADING,0.9696,0.18185,0.10984,0.00687,0.13625,0.08487,0.21593,-0.00673,0.07005,0.17069,panel_temp2_c (+0.216),dust_vo_v (+0.171),power_mw (+0.136),0.0
REC-05959,2026-09-14T08:51:30Z,SITE-A,ESP32-A01,v1.16,PARTIAL_SHADING,0.9704,0.18185,0.10817,0.00408,0.1303,0.08541,0.2195,-0.00633,0.072,0.17538,panel_temp2_c (+0.220),dust_vo_v (+0.175),power_mw (+0.130),-0.0
REC-05960,2026-09-14T08:51:35Z,SITE-A,ESP32-A01,v1.16,PARTIAL_SHADING,0.9711,0.18185,0.10644,0.00363,0.12802,0.08359,0.22226,-0.00531,0.07254,0.17804,panel_temp2_c (+0.222),dust_vo_v (+0.178),power_mw (+0.128),0.0
REC-05961,2026-09-14T08:51:40Z,SITE-A,ESP32-A01,v1.16,PARTIAL_SHADING,0.9679,0.18185,0.10806,0.00478,0.13285,0.08558,0.21702,-0.00546,0.07213,0.1711,panel_temp2_c (+0.217),dust_vo_v (+0.171),power_mw (+0.133),0.0
REC-05962,2026-09-14T08:51:45Z,SITE-A,ESP32-A01,v1.16,PARTIAL_SHADING,0.9679,0.18185,0.10492,0.00223,0.12693,0.08383,0.22523,-0.00428,0.07349,0.1737,panel_temp2_c (+0.225),dust_vo_v (+0.174),power_mw (+0.127),-0.0
REC-05963,2026-09-14T08:51:50Z,SITE-A,ESP32-A01,v1.16,PARTIAL_SHADING,0.9672,0.18185,0.10664,0.00154,0.12888,0.08748,0.21845,-0.00508,0.0757,0.17175,panel_temp2_c (+0.218),dust_vo_v (+0.172),power_mw (+0.129),0.0
REC-05964,2026-09-14T08:51:55Z,SITE-A,ESP32-A01,v1.16,PARTIAL_SHADING,0.9653,0.18185,0.10406,0.00442,0.13184,0.08517,0.22221,-0.00444,0.07256,0.16764,panel_temp2_c (+0.222),dust_vo_v (+0.168),power_mw (+0.132),-0.0
REC-05965,2026-09-14T08:52:00Z,SITE-A,ESP32-A01,v1.16,PARTIAL_SHADING,0.9681,0.18185,0.1054,0.00594,0.13304,0.08404,0.21926,-0.00494,0.07176,0.17172,panel_temp2_c (+0.219),dust_vo_v (+0.172),power_mw (+0.133),0.0
REC-05966,2026-09-14T08:52:05Z,SITE-A,ESP32-A01,v1.16,PARTIAL_SHADING,0.9684,0.18185,0.1075,0.00638,0.13592,0.08673,0.21733,-0.00513,0.07009,0.16779,panel_temp2_c (+0.217),dust_vo_v (+0.168),power_mw (+0.136),-0.0
REC-05967,2026-09-14T08:52:10Z,SITE-A,ESP32-A01,v1.16,PARTIAL_SHADING,0.9694,0.18185,0.11025,0.00404,0.13157,0.08578,0.21757,-0.00524,0.07101,0.17258,panel_temp2_c (+0.218),dust_vo_v (+0.173),power_mw (+0.132),-0.0
REC-05968,2026-09-14T08:52:15Z,SITE-A,ESP32-A01,v1.16,PARTIAL_SHADING,0.9664,0.18185,0.10906,0.0041,0.13272,0.08427,0.2177,-0.00435,0.07236,0.16866,panel_temp2_c (+0.218),dust_vo_v (+0.169),power_mw (+0.133),0.0
REC-05969,2026-09-14T08:52:20Z,SITE-A,ESP32-A01,v1.16,PARTIAL_SHADING,0.971,0.18185,0.10513,0.00745,0.13407,0.08343,0.21911,-0.00413,0.07002,0.17411,panel_temp2_c (+0.219),dust_vo_v (+0.174),power_mw (+0.134),-0.0
REC-05970,2026-09-14T08:52:25Z,SITE-A,ESP32-A01,v1.16,PARTIAL_SHADING,0.9679,0.18185,0.10919,0.00437,0.13193,0.08675,0.21674,-0.00567,0.07105,0.17169,panel_temp2_c (+0.217),dust_vo_v (+0.172),power_mw (+0.132),-0.0
REC-05971,2026-09-14T08:52:30Z,SITE-A,ESP32-A01,v1.16,PARTIAL_SHADING,0.9704,0.18185,0.10849,0.00588,0.13225,0.08499,0.21721,-0.00516,0.06984,0.17509,panel_temp2_c (+0.217),dust_vo_v (+0.175),power_mw (+0.132),0.0
REC-05972,2026-09-14T08:52:35Z,SITE-A,ESP32-A01,v1.16,PARTIAL_SHADING,0.9715,0.18185,0.10633,0.00743,0.13325,0.08373,0.21976,-0.00438,0.06842,0.1751,panel_temp2_c (+0.220),dust_vo_v (+0.175),power_mw (+0.133),0.0
REC-05973,2026-09-14T08:52:40Z,SITE-A,ESP32-A01,v1.16,PARTIAL_SHADING,0.9662,0.18185,0.10583,0.00661,0.1328,0.08138,0.21829,-0.00401,0.07141,0.17201,panel_temp2_c (+0.218),dust_vo_v (+0.172),power_mw (+0.133),0.0
REC-05974,2026-09-14T08:52:45Z,SITE-A,ESP32-A01,v1.16,PARTIAL_SHADING,0.9696,0.18185,0.10939,0.00452,0.13079,0.08526,0.21515,-0.00493,0.07164,0.1759,panel_temp2_c (+0.215),dust_vo_v (+0.176),power_mw (+0.131),0.0
REC-05975,2026-09-14T08:52:50Z,SITE-A,ESP32-A01,v1.16,PARTIAL_SHADING,0.9675,0.18185,0.10851,0.0059,0.13356,0.08394,0.21616,-0.0046,0.07098,0.17122,panel_temp2_c (+0.216),dust_vo_v (+0.171),power_mw (+0.134),0.0
REC-05976,2026-09-14T08:52:55Z,SITE-A,ESP32-A01,v1.16,PARTIAL_SHADING,0.9716,0.18185,0.10942,0.00652,0.13335,0.08474,0.21917,-0.00492,0.06773,0.17378,panel_temp2_c (+0.219),dust_vo_v (+0.174),power_mw (+0.133),0.0
REC-05977,2026-09-14T08:53:00Z,SITE-A,ESP32-A01,v1.16,PARTIAL_SHADING,0.9656,0.18185,0.10534,0.00564,0.13132,0.0825,0.22158,-0.00432,0.07085,0.17084,panel_temp2_c (+0.222),dust_vo_v (+0.171),power_mw (+0.131),-0.0
REC-05978,2026-09-14T08:53:05Z,SITE-A,ESP32-A01,v1.16,PARTIAL_SHADING,0.9715,0.18185,0.10801,0.00657,0.13226,0.08368,0.21805,-0.00463,0.06925,0.17644,panel_temp2_c (+0.218),dust_vo_v (+0.176),power_mw (+0.132),-0.0
REC-05979,2026-09-14T08:53:10Z,SITE-A,ESP32-A01,v1.16,PARTIAL_SHADING,0.9667,0.18185,0.10844,0.00569,0.13359,0.08326,0.21744,-0.00405,0.07086,0.16958,panel_temp2_c (+0.217),dust_vo_v (+0.170),power_mw (+0.134),0.0
REC-05980,2026-09-14T08:53:15Z,SITE-A,ESP32-A01,v1.16,PARTIAL_SHADING,0.9671,0.18185,0.10679,0.00962,0.13884,0.08255,0.2171,-0.00409,0.06766,0.16677,panel_temp2_c (+0.217),dust_vo_v (+0.167),power_mw (+0.139),0.0
REC-05981,2026-09-14T08:53:20Z,SITE-A,ESP32-A01,v1.16,PARTIAL_SHADING,0.9671,0.18185,0.10928,0.00642,0.13462,0.08466,0.21954,-0.00469,0.06791,0.16748,panel_temp2_c (+0.220),dust_vo_v (+0.167),power_mw (+0.135),0.0
REC-05982,2026-09-14T08:53:25Z,SITE-A,ESP32-A01,v1.16,PARTIAL_SHADING,0.964,0.18185,0.1074,0.0074,0.13682,0.08282,0.21631,-0.00436,0.07037,0.16543,panel_temp2_c (+0.216),dust_vo_v (+0.165),power_mw (+0.137),0.0
REC-05983,2026-09-14T08:53:30Z,SITE-A,ESP32-A01,v1.16,PARTIAL_SHADING,0.9673,0.18185,0.1096,0.00626,0.13362,0.0855,0.21549,-0.00624,0.06938,0.1718,panel_temp2_c (+0.215),dust_vo_v (+0.172),power_mw (+0.134),0.0
REC-05984,2026-09-14T08:53:35Z,SITE-A,ESP32-A01,v1.16,PARTIAL_SHADING,0.966,0.18185,0.11035,0.00516,0.13236,0.08294,0.21486,-0.00564,0.07163,0.17254,panel_temp2_c (+0.215),dust_vo_v (+0.173),power_mw (+0.132),0.0
REC-05985,2026-09-14T08:53:40Z,SITE-A,ESP32-A01,v1.16,PARTIAL_SHADING,0.9675,0.18185,0.10906,0.00807,0.13618,0.08237,0.21575,-0.00504,0.06888,0.17035,panel_temp2_c (+0.216),dust_vo_v (+0.170),power_mw (+0.136),-0.0
REC-05986,2026-09-14T08:53:45Z,SITE-A,ESP32-A01,v1.16,PARTIAL_SHADING,0.9697,0.18185,0.11094,0.00563,0.13256,0.08392,0.21841,-0.00506,0.06852,0.17296,panel_temp2_c (+0.218),dust_vo_v (+0.173),power_mw (+0.133),0.0
REC-05987,2026-09-14T08:53:50Z,SITE-A,ESP32-A01,v1.16,PARTIAL_SHADING,0.971,0.18185,0.10493,0.00797,0.13268,0.08334,0.2179,-0.00439,0.06936,0.1774,panel_temp2_c (+0.218),dust_vo_v (+0.177),power_mw (+0.133),-0.0
REC-05988,2026-09-14T08:53:55Z,SITE-A,ESP32-A01,v1.16,PARTIAL_SHADING,0.9684,0.18185,0.10924,0.00841,0.13692,0.08301,0.21581,-0.00459,0.06804,0.16973,panel_temp2_c (+0.216),dust_vo_v (+0.170),power_mw (+0.137),0.0
REC-05989,2026-09-14T08:54:00Z,SITE-A,ESP32-A01,v1.16,PARTIAL_SHADING,0.9672,0.18185,0.10954,0.00684,0.13496,0.08332,0.21189,-0.00471,0.07139,0.17216,panel_temp2_c (+0.212),dust_vo_v (+0.172),power_mw (+0.135),-0.0
REC-05990,2026-09-14T08:54:05Z,SITE-A,ESP32-A01,v1.16,PARTIAL_SHADING,0.9681,0.18185,0.10695,0.00601,0.13111,0.08264,0.21675,-0.00471,0.07141,0.1761,panel_temp2_c (+0.217),dust_vo_v (+0.176),power_mw (+0.131),-0.0
REC-05991,2026-09-14T08:54:10Z,SITE-A,ESP32-A01,v1.16,PARTIAL_SHADING,0.9655,0.18185,0.10635,0.00501,0.13034,0.08275,0.21932,-0.00472,0.07185,0.17275,panel_temp2_c (+0.219),dust_vo_v (+0.173),power_mw (+0.130),-0.0
REC-05992,2026-09-14T08:54:15Z,SITE-A,ESP32-A01,v1.16,PARTIAL_SHADING,0.9661,0.18185,0.10704,0.00482,0.13124,0.08422,0.218,-0.00515,0.07201,0.17207,panel_temp2_c (+0.218),dust_vo_v (+0.172),power_mw (+0.131),-0.0
REC-05993,2026-09-14T08:54:20Z,SITE-A,ESP32-A01,v1.16,PARTIAL_SHADING,0.9695,0.18185,0.11007,0.00641,0.13424,0.08391,0.21657,-0.00533,0.06947,0.17235,panel_temp2_c (+0.217),dust_vo_v (+0.172),power_mw (+0.134),0.0
REC-05994,2026-09-14T08:54:25Z,SITE-A,ESP32-A01,v1.16,PARTIAL_SHADING,0.9673,0.18185,0.10585,0.00694,0.13376,0.08378,0.21811,-0.00542,0.07059,0.1718,panel_temp2_c (+0.218),dust_vo_v (+0.172),power_mw (+0.134),-0.0
REC-05995,2026-09-14T08:54:30Z,SITE-A,ESP32-A01,v1.16,PARTIAL_SHADING,0.9642,0.18185,0.10702,0.00605,0.13439,0.08492,0.21774,-0.00561,0.07081,0.16706,panel_temp2_c (+0.218),dust_vo_v (+0.167),power_mw (+0.134),-0.0
REC-05996,2026-09-14T08:54:35Z,SITE-A,ESP32-A01,v1.16,PARTIAL_SHADING,0.9685,0.18185,0.10684,0.00556,0.13081,0.08456,0.21832,-0.00614,0.07094,0.17579,panel_temp2_c (+0.218),dust_vo_v (+0.176),power_mw (+0.131),-0.0
REC-05997,2026-09-14T08:54:40Z,SITE-A,ESP32-A01,v1.16,PARTIAL_SHADING,0.9679,0.18185,0.10651,0.00643,0.13297,0.08377,0.21889,-0.00564,0.07052,0.17255,panel_temp2_c (+0.219),dust_vo_v (+0.173),power_mw (+0.133),-0.0
REC-05998,2026-09-14T08:54:45Z,SITE-A,ESP32-A01,v1.16,PARTIAL_SHADING,0.9696,0.18185,0.10798,0.00504,0.13152,0.08405,0.21787,-0.00533,0.07174,0.17489,panel_temp2_c (+0.218),dust_vo_v (+0.175),power_mw (+0.132),0.0
REC-05999,2026-09-14T08:54:50Z,SITE-A,ESP32-A01,v1.16,PARTIAL_SHADING,0.9689,0.18185,0.1104,0.00589,0.13433,0.08474,0.22104,-0.00577,0.06781,0.1686,panel_temp2_c (+0.221),dust_vo_v (+0.169),power_mw (+0.134),-0.0
REC-06000,2026-09-14T08:54:55Z,SITE-A,ESP32-A01,v1.16,PARTIAL_SHADING,0.9699,0.18185,0.10628,0.00492,0.13143,0.08509,0.21963,-0.00539,0.07187,0.17418,panel_temp2_c (+0.220),dust_vo_v (+0.174),power_mw (+0.131),0.0
