message_id,record_id,timestamp_utc,received_at_utc,site_id,device_id,panel_id,voltage_v,current_ma,power_mw,panel_temp1_c,panel_temp2_c,ambient_temp_c,humidity_pct,pressure_hpa,irradiance_lux,dust_vo_v
MSG-000001,REC-03001,2026-09-10T01:49:00Z,2026-09-10T01:49:00Z,SITE-B,ESP32-B01,PV-B01,2.71,13.173,35.698,27.62,27.21,23.443,90.658,1009.951,14357.597,1.228
MSG-000002,REC-03002,2026-09-10T01:49:05Z,2026-09-10T01:49:05Z,SITE-B,ESP32-B01,PV-B01,2.746,13.277,36.458,27.54,27.1,23.461,90.894,1009.886,14001.182,1.207
MSG-000003,REC-03003,2026-09-10T01:49:10Z,2026-09-10T01:49:10Z,SITE-B,ESP32-B01,PV-B01,2.726,12.536,34.178,27.6,27.11,23.589,90.069,1009.881,14085.812,1.06
MSG-000004,REC-03004,2026-09-10T01:49:15Z,2026-09-10T01:49:15Z,SITE-B,ESP32-B01,PV-B01,2.71,12.507,33.899,27.65,27.23,23.518,91.519,1009.785,14271.489,1.002
MSG-000005,REC-03004,2026-09-10T01:49:15Z,2026-09-10T01:49:15Z,SITE-B,ESP32-B01,PV-B01,2.71,12.507,33.899,27.65,27.23,23.518,91.519,1009.785,14271.489,1.002
MSG-000006,REC-03005,2026-09-10T01:49:20Z,2026-09-10T01:49:20Z,SITE-B,ESP32-B01,PV-B01,2.713,12.758,34.611,27.53,27.06,23.494,90.088,1009.834,14018.073,1.107
MSG-000007,REC-03006,2026-09-10T01:49:25Z,2026-09-10T01:49:25Z,SITE-B,ESP32-B01,PV-B01,2.738,12.006,32.867,27.52,27.03,23.444,90.192,1009.827,14070.15,1.094
MSG-000008,REC-03007,2026-09-10T01:49:30Z,2026-09-10T01:49:30Z,SITE-B,ESP32-B01,PV-B01,2.721,13.132,35.727,27.38,27.13,23.426,90.708,1009.806,14458.078,1.118
MSG-000009,REC-03008,2026-09-10T01:49:35Z,2026-09-10T01:49:35Z,SITE-B,ESP32-B01,PV-B01,2.696,12.528,33.78,27.44,27.15,23.592,90.298,1009.74,14484.571,1.174
MSG-000010,REC-03009,2026-09-10T01:49:40Z,2026-09-10T01:49:40Z,SITE-B,ESP32-B01,PV-B01,2.702,13.547,36.606,27.47,27.17,23.407,89.537,1009.876,14674.483,1.034
MSG-000011,REC-03010,2026-09-10T01:49:45Z,2026-09-10T01:49:45Z,SITE-B,ESP32-B01,PV-B01,2.717,12.426,33.76,27.62,27.2,23.475,89.772,1009.855,14427.092,1.174
MSG-000012,REC-03011,2026-09-10T01:49:50Z,2026-09-10T01:49:50Z,SITE-B,ESP32-B01,PV-B01,2.748,13.349,36.679,27.55,27.07,23.622,92.018,1009.88,14435.325,1.074
MSG-000013,REC-03012,2026-09-10T01:49:55Z,2026-09-10T01:49:55Z,SITE-B,ESP32-B01,PV-B01,2.739,12.964,35.514,27.54,27.02,23.596,90.241,1009.898,14350.002,1.099
MSG-000014,REC-03013,2026-09-10T01:50:00Z,2026-09-10T01:50:00Z,SITE-B,ESP32-B01,PV-B01,2.721,12.238,33.301,27.53,27.09,23.545,90.325,1009.94,14279.042,1.091
MSG-000015,REC-03014,2026-09-10T01:50:05Z,2026-09-10T01:50:05Z,SITE-B,ESP32-B01,PV-B01,2.732,12.788,34.944,27.52,27.18,23.635,91.013,1009.873,14442.667,1.155
MSG-000016,REC-03015,2026-09-10T01:50:10Z,2026-09-10T01:50:10Z,SITE-B,ESP32-B01,PV-B01,2.736,11.727,32.083,27.66,27.07,23.379,90.535,1009.845,14546.95,0.954
MSG-000017,REC-03015,2026-09-10T01:50:10Z,2026-09-10T01:50:10Z,SITE-B,ESP32-B01,PV-B01,2.736,11.727,32.083,27.66,27.07,23.379,90.535,1009.845,14546.95,0.954
MSG-000018,REC-03016,2026-09-10T01:50:15Z,2026-09-10T01:50:15Z,SITE-B,ESP32-B01,PV-B01,2.693,13.653,36.775,27.6,26.99,23.603,91.042,1009.775,14463.131,1.141
MSG-000019,REC-03017,2026-09-10T01:50:20Z,2026-09-10T01:50:20Z,SITE-B,ESP32-B01,PV-B01,2.71,12.972,35.152,27.68,27.17,23.566,89.547,1009.833,14163.046,1.078
MSG-000020,REC-03018,2026-09-10T01:50:25Z,2026-09-10T01:50:25Z,SITE-B,ESP32-B01,PV-B01,2.715,12.716,34.521,27.42,27.1,23.673,90.543,1009.778,14337.307,1.095
MSG-000021,REC-03019,2026-09-10T01:50:30Z,2026-09-10T01:50:30Z,SITE-B,ESP32-B01,PV-B01,2.756,12.731,35.09,-999.0,27.02,23.499,90.291,1009.943,14186.849,1.183
MSG-000022,REC-03020,2026-09-10T01:50:35Z,2026-09-10T01:50:35Z,SITE-B,ESP32-B01,PV-B01,2.74,12.507,34.272,27.53,27.13,23.406,89.969,1009.783,14173.849,1.028
MSG-000023,REC-03021,2026-09-10T01:50:40Z,2026-09-10T01:50:40Z,SITE-B,ESP32-B01,PV-B01,2.736,12.345,33.777,27.54,27.08,23.578,89.677,1009.768,14448.299,1.041
MSG-000024,REC-03022,2026-09-10T01:50:45Z,2026-09-10T01:50:45Z,SITE-B,ESP32-B01,PV-B01,2.712,13.476,36.545,27.69,27.27,23.399,91.087,1009.869,14128.935,1.1
MSG-000025,REC-03023,2026-09-10T01:50:50Z,2026-09-10T01:50:50Z,SITE-B,ESP32-B01,PV-B01,2.719,12.227,33.25,27.55,27.15,23.476,90.456,1009.76,14638.419,1.072
MSG-000026,REC-03024,2026-09-10T01:50:55Z,2026-09-10T01:50:55Z,SITE-B,ESP32-B01,PV-B01,2.737,12.893,35.282,27.64,27.2,23.428,89.921,1009.77,14424.951,1.027
MSG-000027,REC-03025,2026-09-10T01:51:00Z,2026-09-10T01:51:00Z,SITE-B,ESP32-B01,PV-B01,2.709,14.074,38.129,27.54,27.17,23.653,90.838,1009.822,14326.116,1.107
MSG-000028,REC-03026,2026-09-10T01:51:05Z,2026-09-10T01:51:05Z,SITE-B,ESP32-B01,PV-B01,2.716,13.638,37.04,27.62,27.12,23.63,89.208,1009.835,14392.504,1.118
MSG-000029,REC-03027,2026-09-10T01:51:10Z,2026-09-10T01:51:10Z,SITE-B,ESP32-B01,PV-B01,2.749,12.423,34.152,27.48,27.13,23.46,90.596,1009.923,14257.306,1.127
MSG-000030,REC-03028,2026-09-10T01:51:15Z,2026-09-10T01:51:15Z,SITE-B,ESP32-B01,PV-B01,2.73,12.765,34.853,27.63,27.27,23.6,89.804,1009.771,14390.433,1.038
MSG-000031,REC-03029,2026-09-10T01:51:20Z,2026-09-10T01:51:20Z,SITE-B,ESP32-B01,PV-B01,2.729,13.084,35.703,27.67,27.25,23.535,91.178,1009.849,14482.369,1.014
MSG-000032,REC-03030,2026-09-10T01:51:25Z,2026-09-10T01:51:25Z,SITE-B,ESP32-B01,PV-B01,2.74,13.981,38.304,27.75,27.09,23.445,91.021,1009.89,14546.364,1.095
MSG-000033,REC-03031,2026-09-10T01:51:30Z,2026-09-10T01:51:30Z,SITE-B,ESP32-B01,PV-B01,2.739,12.911,35.363,27.58,27.1,23.646,89.912,1009.79,14410.442,1.083
MSG-000034,REC-03032,2026-09-10T01:51:35Z,2026-09-10T01:51:35Z,SITE-B,ESP32-B01,PV-B01,2.696,14.241,38.397,27.61,27.12,23.551,90.246,1009.825,14613.969,1.09
MSG-000035,REC-03033,2026-09-10T01:51:40Z,2026-09-10T01:51:40Z,SITE-B,ESP32-B01,PV-B01,2.699,13.23,35.704,27.59,27.28,23.708,91.134,1009.948,14426.919,1.072
MSG-000036,REC-03034,2026-09-10T01:51:45Z,2026-09-10T01:51:45Z,SITE-B,ESP32-B01,PV-B01,2.718,12.566,34.156,27.62,27.06,23.564,91.344,1009.87,14439.604,1.126
MSG-000037,REC-03035,2026-09-10T01:51:50Z,2026-09-10T01:51:50Z,SITE-B,ESP32-B01,PV-B01,2.73,12.582,34.347,27.58,27.27,23.53,90.733,1009.857,14444.95,1.073
MSG-000038,REC-03036,2026-09-10T01:51:55Z,2026-09-10T01:51:55Z,SITE-B,ESP32-B01,PV-B01,2.73,13.393,36.561,27.48,27.24,23.503,90.804,1009.905,14895.396,1.103
MSG-000039,REC-03037,2026-09-10T01:52:00Z,2026-09-10T01:52:00Z,SITE-B,ESP32-B01,PV-B01,2.699,13.989,37.758,27.57,27.22,23.443,89.788,1009.886,14713.32,1.104
MSG-000040,REC-03038,2026-09-10T01:52:05Z,2026-09-10T01:52:05Z,SITE-B,ESP32-B01,PV-B01,2.728,13.466,36.731,27.64,27.17,23.477,90.065,1009.89,14748.429,1.093
MSG-000041,REC-03039,2026-09-10T01:52:10Z,2026-09-10T01:52:10Z,SITE-B,ESP32-B01,PV-B01,2.726,12.461,33.972,27.63,27.29,23.491,90.884,1009.822,14577.248,1.159
MSG-000042,REC-03040,2026-09-10T01:52:15Z,2026-09-10T01:52:15Z,SITE-B,ESP32-B01,PV-B01,2.73,12.806,34.955,27.68,27.2,23.572,89.261,1009.905,14613.618,1.023
MSG-000043,REC-03041,2026-09-10T01:52:20Z,2026-09-10T01:52:20Z,SITE-B,ESP32-B01,PV-B01,2.709,13.128,35.565,27.7,27.07,23.597,90.406,1009.906,14752.846,0.944
MSG-000044,REC-03042,2026-09-10T01:52:25Z,2026-09-10T01:52:25Z,SITE-B,ESP32-B01,PV-B01,2.723,12.905,35.144,27.62,27.11,23.571,89.668,1009.832,14660.46,1.057
MSG-000045,REC-03043,2026-09-10T01:52:30Z,2026-09-10T01:52:30Z,SITE-B,ESP32-B01,PV-B01,2.707,12.649,34.242,27.53,27.08,23.441,89.338,1009.867,14885.674,1.038
MSG-000046,REC-03044,2026-09-10T01:52:35Z,2026-09-10T01:52:35Z,SITE-B,ESP32-B01,PV-B01,2.752,13.489,37.124,27.68,27.3,23.576,90.121,1009.926,14650.794,0.923
MSG-000047,REC-03045,2026-09-10T01:52:40Z,2026-09-10T01:52:40Z,SITE-B,ESP32-B01,PV-B01,2.728,13.556,36.975,27.65,27.32,23.601,90.773,1009.777,14747.766,1.202
MSG-000048,REC-03046,2026-09-10T01:52:45Z,2026-09-10T01:52:45Z,SITE-B,ESP32-B01,PV-B01,2.74,13.056,35.771,27.63,27.29,23.796,90.149,1009.879,14804.023,1.15
MSG-000049,REC-03047,2026-09-10T01:52:50Z,2026-09-10T01:52:50Z,SITE-B,ESP32-B01,PV-B01,2.715,12.669,34.401,27.74,27.18,23.593,90.518,1009.906,14514.494,1.123
MSG-000050,REC-03048,2026-09-10T01:52:55Z,2026-09-10T01:52:55Z,SITE-B,ESP32-B01,PV-B01,2.722,13.315,36.245,27.64,27.04,23.417,91.321,1009.754,14636.094,1.095
MSG-000051,REC-03049,2026-09-10T01:53:00Z,2026-09-10T01:53:00Z,SITE-B,ESP32-B01,PV-B01,2.74,13.435,36.815,27.62,27.08,23.468,90.347,1009.845,14343.318,1.15
MSG-000052,REC-03050,2026-09-10T01:53:05Z,2026-09-10T01:53:05Z,SITE-B,ESP32-B01,PV-B01,2.741,12.827,35.154,27.63,27.09,23.459,90.166,1009.79,14621.522,1.073
MSG-000053,REC-03051,2026-09-10T01:53:10Z,2026-09-10T01:53:10Z,SITE-B,ESP32-B01,PV-B01,2.713,12.995,35.25,27.66,27.15,23.648,90.677,1009.801,14499.735,1.17
MSG-000054,REC-03052,2026-09-10T01:53:15Z,2026-09-10T01:53:15Z,SITE-B,ESP32-B01,PV-B01,2.704,12.05,32.577,27.52,27.24,23.465,89.979,1009.892,14440.922,1.138
MSG-000055,REC-03053,2026-09-10T01:53:20Z,2026-09-10T01:53:20Z,SITE-B,ESP32-B01,PV-B01,2.729,13.303,36.301,27.52,27.26,23.655,89.884,1009.911,14428.239,1.143
MSG-000056,REC-03054,2026-09-10T01:53:25Z,2026-09-10T01:53:25Z,SITE-B,ESP32-B01,PV-B01,2.706,12.404,33.563,27.59,27.13,23.414,90.219,1009.811,14628.199,1.124
MSG-000057,REC-03055,2026-09-10T01:53:30Z,2026-09-10T01:53:30Z,SITE-B,ESP32-B01,PV-B01,2.719,12.113,32.931,27.51,26.98,23.53,90.593,1009.814,14370.763,1.163
MSG-000058,REC-03056,2026-09-10T01:53:35Z,2026-09-10T01:53:35Z,SITE-B,ESP32-B01,PV-B01,2.743,13.379,36.699,27.59,27.06,23.584,90.834,1009.753,14785.372,1.095
MSG-000059,REC-03057,2026-09-10T01:53:40Z,2026-09-10T01:53:40Z,SITE-B,ESP32-B01,PV-B01,2.729,13.263,36.191,27.59,27.23,23.549,90.145,1009.843,14584.9,1.041
MSG-000060,REC-03058,2026-09-10T01:53:45Z,2026-09-10T01:53:45Z,SITE-B,ESP32-B01,PV-B01,2.706,13.064,35.351,27.58,27.15,23.67,90.223,1009.925,14375.004,1.135
MSG-000061,REC-03059,2026-09-10T01:53:50Z,2026-09-10T01:53:50Z,SITE-B,ESP32-B01,PV-B01,2.719,13.422,36.495,27.55,27.1,23.515,90.367,1009.835,14611.024,1.124
MSG-000062,REC-03060,2026-09-10T01:53:55Z,2026-09-10T01:53:55Z,SITE-B,ESP32-B01,PV-B01,2.691,12.791,34.417,27.71,27.1,23.561,90.366,1009.816,14663.753,1.102
MSG-000063,REC-03061,2026-09-10T05:07:00Z,2026-09-10T05:07:00Z,SITE-C,ESP32-C01,PV-C01,3.258,-0.108,0.351,50.01,49.65,29.995,80.043,1010.375,85342.936,0.195
MSG-000064,REC-03062,2026-09-10T05:07:05Z,2026-09-10T05:07:05Z,SITE-C,ESP32-C01,PV-C01,3.267,0.524,1.711,49.91,49.65,30.09,81.209,1010.414,85917.814,0.176
MSG-000065,REC-03063,2026-09-10T05:07:10Z,2026-09-10T05:07:10Z,SITE-C,ESP32-C01,PV-C01,3.253,0.182,0.593,50.1,49.49,29.863,80.308,1010.38,85656.894,0.203
MSG-000066,REC-03064,2026-09-10T05:07:15Z,2026-09-10T05:07:15Z,SITE-C,ESP32-C01,PV-C01,3.278,0.324,1.062,49.92,49.55,29.784,80.098,1010.323,85225.623,0.198
MSG-000067,REC-03065,2026-09-10T05:07:20Z,2026-09-10T05:07:20Z,SITE-C,ESP32-C01,PV-C01,3.252,0.133,0.433,49.98,49.47,29.937,80.243,1010.234,85648.716,0.221
MSG-000068,REC-03066,2026-09-10T05:07:25Z,2026-09-10T05:07:25Z,SITE-C,ESP32-C01,PV-C01,3.25,-0.126,0.408,49.95,49.5,29.878,81.218,1010.365,85552.55,0.201
MSG-000069,REC-03067,2026-09-10T05:07:30Z,2026-09-10T05:07:30Z,SITE-C,ESP32-C01,PV-C01,3.276,0.792,2.596,50.01,49.57,29.894,80.274,1010.404,85943.439,0.188
MSG-000070,REC-03068,2026-09-10T05:07:35Z,2026-09-10T05:07:35Z,SITE-C,ESP32-C01,PV-C01,3.266,-0.414,1.352,49.96,49.71,29.92,79.752,1010.301,85955.199,0.194
MSG-000071,REC-03069,2026-09-10T05:07:40Z,2026-09-10T05:07:40Z,SITE-C,ESP32-C01,PV-C01,3.281,0.013,0.043,50.16,49.68,29.886,80.563,1010.319,85781.686,0.159
MSG-000072,REC-03070,2026-09-10T05:07:45Z,2026-09-10T05:07:45Z,SITE-C,ESP32-C01,PV-C01,3.273,-0.339,1.108,50.18,49.7,29.772,80.77,1010.37,85746.474,0.179
MSG-000073,REC-03071,2026-09-10T05:07:50Z,2026-09-10T05:07:50Z,SITE-C,ESP32-C01,PV-C01,3.265,0.196,0.641,50.22,49.65,29.889,79.954,1010.409,85906.684,0.197
MSG-000074,REC-03072,2026-09-10T05:07:55Z,2026-09-10T05:07:55Z,SITE-C,ESP32-C01,PV-C01,3.262,-0.046,0.151,49.89,49.67,29.904,79.884,1010.45,86013.883,0.184
MSG-000075,REC-03073,2026-09-10T05:08:00Z,2026-09-10T05:08:00Z,SITE-C,ESP32-C01,PV-C01,3.264,0.204,0.666,50.07,49.68,29.909,79.303,1010.375,85780.568,0.159
MSG-000076,REC-03074,2026-09-10T05:08:05Z,2026-09-10T05:08:05Z,SITE-C,ESP32-C01,PV-C01,3.253,-0.75,2.438,50.05,49.55,29.671,80.442,1010.352,85780.055,0.181
MSG-000077,REC-03075,2026-09-10T05:08:10Z,2026-09-10T05:08:10Z,SITE-C,ESP32-C01,PV-C01,3.252,0.115,0.374,49.93,49.62,29.895,80.397,1010.283,85598.471,0.17
MSG-000078,REC-03076,2026-09-10T05:08:15Z,2026-09-10T05:08:15Z,SITE-C,ESP32-C01,PV-C01,3.264,1.118,3.65,50.05,49.61,29.716,80.877,1010.304,85641.959,0.182
MSG-000079,REC-03077,2026-09-10T05:08:20Z,2026-09-10T05:08:20Z,SITE-C,ESP32-C01,PV-C01,3.25,0.791,2.572,49.83,49.5,29.917,81.334,1010.39,85200.601,0.19
MSG-000080,REC-03078,2026-09-10T05:08:25Z,2026-09-10T05:08:25Z,SITE-C,ESP32-C01,PV-C01,3.252,-0.148,0.481,50.11,49.56,29.764,80.242,1010.283,85744.448,0.199
MSG-000081,REC-03079,2026-09-10T05:08:30Z,2026-09-10T05:08:30Z,SITE-C,ESP32-C01,PV-C01,3.256,1.027,3.344,49.86,49.53,29.805,80.377,1010.324,85501.761,0.181
MSG-000082,REC-03080,2026-09-10T05:08:35Z,2026-09-10T05:08:35Z,SITE-C,ESP32-C01,PV-C01,3.256,0.127,0.415,50.01,49.55,30.03,80.417,1010.289,85392.598,0.199
MSG-000083,REC-03081,2026-09-10T05:08:40Z,2026-09-10T05:08:40Z,SITE-C,ESP32-C01,PV-C01,3.266,0.009,0.03,50.03,49.56,29.928,80.308,1010.248,85263.836,0.216
MSG-000084,REC-03082,2026-09-10T05:08:45Z,2026-09-10T05:08:45Z,SITE-C,ESP32-C01,PV-C01,3.259,0.686,2.237,49.96,49.65,29.926,79.905,1010.317,85630.576,0.174
MSG-000085,REC-03083,2026-09-10T05:08:50Z,2026-09-10T05:08:50Z,SITE-C,ESP32-C01,PV-C01,3.269,-0.272,0.89,50.2,49.8,29.91,80.435,1010.309,85848.224,0.204
MSG-000086,REC-03084,2026-09-10T05:08:55Z,2026-09-10T05:08:55Z,SITE-C,ESP32-C01,PV-C01,3.244,0.228,0.739,50.05,49.83,29.858,81.32,1010.458,86489.673,0.174
MSG-000087,REC-03085,2026-09-10T05:09:00Z,2026-09-10T05:09:00Z,SITE-C,ESP32-C01,PV-C01,3.276,0.014,0.044,50.24,49.84,30.003,80.358,1010.313,86472.609,0.181
MSG-000088,REC-03086,2026-09-10T05:09:05Z,2026-09-10T05:09:05Z,SITE-C,ESP32-C01,PV-C01,3.261,0.423,1.378,50.12,49.68,29.864,80.131,1010.267,86675.094,0.17
MSG-000089,REC-03087,2026-09-10T05:09:10Z,2026-09-10T05:09:10Z,SITE-C,ESP32-C01,PV-C01,3.265,0.217,0.709,50.24,50.08,29.854,81.199,1010.369,86766.635,0.207
MSG-000090,REC-03088,2026-09-10T05:09:15Z,2026-09-10T05:09:15Z,SITE-C,ESP32-C01,PV-C01,3.264,1.184,3.863,50.14,49.71,29.97,81.503,1010.304,86569.945,0.19
MSG-000091,REC-03089,2026-09-10T05:09:20Z,2026-09-10T05:09:20Z,SITE-C,ESP32-C01,PV-C01,3.255,-0.101,0.329,50.15,49.73,29.83,79.732,1010.243,86521.338,0.191
MSG-000092,REC-03090,2026-09-10T05:09:25Z,2026-09-10T05:09:25Z,SITE-C,ESP32-C01,PV-C01,3.26,0.378,1.231,50.32,49.91,29.93,79.89,1010.344,86421.569,0.177
MSG-000093,REC-03091,2026-09-10T05:09:30Z,2026-09-10T05:09:30Z,SITE-C,ESP32-C01,PV-C01,3.265,0.839,2.739,50.04,49.63,29.971,80.365,1010.284,86296.906,0.159
MSG-000094,REC-03092,2026-09-10T05:09:35Z,2026-09-10T05:09:35Z,SITE-C,ESP32-C01,PV-C01,3.242,0.161,0.523,49.96,49.7,29.847,81.254,1010.3,86210.323,0.157
MSG-000095,REC-03093,2026-09-10T05:09:40Z,2026-09-10T05:09:40Z,SITE-C,ESP32-C01,PV-C01,3.251,0.278,0.905,50.05,49.64,30.099,80.948,1010.249,86041.686,0.21
MSG-000096,REC-03094,2026-09-10T05:09:45Z,2026-09-10T05:09:45Z,SITE-C,ESP32-C01,PV-C01,3.277,-0.334,1.094,50.12,49.68,30.031,80.516,1010.294,86070.492,0.165
MSG-000097,REC-03095,2026-09-10T05:09:50Z,2026-09-10T05:09:50Z,SITE-C,ESP32-C01,PV-C01,3.267,0.268,0.876,50.21,49.76,29.957,80.315,1010.29,86110.971,0.159
MSG-000098,REC-03096,2026-09-10T05:09:55Z,2026-09-10T05:09:55Z,SITE-C,ESP32-C01,PV-C01,3.264,-0.455,1.486,50.36,49.76,30.06,81.004,1010.368,87025.273,0.152
MSG-000099,REC-03097,2026-09-10T05:10:00Z,2026-09-10T05:10:00Z,SITE-C,ESP32-C01,PV-C01,3.261,0.101,0.328,50.08,49.84,29.924,80.512,1010.324,86545.827,0.163
MSG-000100,REC-03098,2026-09-10T05:10:05Z,2026-09-10T05:10:05Z,SITE-C,ESP32-C01,PV-C01,3.261,-0.485,1.583,50.33,49.86,29.723,80.225,1010.213,86507.948,0.15
MSG-000101,REC-03099,2026-09-10T05:10:10Z,2026-09-10T05:10:10Z,SITE-C,ESP32-C01,PV-C01,3.253,0.57,1.855,50.17,49.82,29.965,80.104,1010.307,86487.06,0.199
MSG-000102,REC-03100,2026-09-10T05:10:15Z,2026-09-10T05:10:15Z,SITE-C,ESP32-C01,PV-C01,3.278,1.057,3.466,50.28,50.17,29.988,80.803,1010.284,87355.298,0.179
MSG-000103,REC-03101,2026-09-10T05:10:20Z,2026-09-10T05:10:20Z,SITE-C,ESP32-C01,PV-C01,3.27,-0.699,2.287,50.37,49.96,30.024,81.315,1010.325,87610.548,0.173
MSG-000104,REC-03102,2026-09-10T05:10:25Z,2026-09-10T05:10:25Z,SITE-C,ESP32-C01,PV-C01,3.256,-0.115,0.375,50.21,49.88,29.955,80.407,1010.28,87588.536,0.215
MSG-000105,REC-03103,2026-09-10T05:10:30Z,2026-09-10T05:10:30Z,SITE-C,ESP32-C01,PV-C01,3.234,0.065,0.21,50.47,50.05,29.939,79.629,1010.337,88173.507,0.196
MSG-000106,REC-03104,2026-09-10T05:10:35Z,2026-09-10T05:10:35Z,SITE-C,ESP32-C01,PV-C01,3.281,-0.203,0.666,50.58,49.93,29.974,80.372,1010.283,87966.289,0.18
MSG-000107,REC-03105,2026-09-10T05:10:40Z,2026-09-10T05:10:40Z,SITE-C,ESP32-C01,PV-C01,3.266,0.102,0.333,50.64,50.27,29.933,80.764,1010.265,88248.928,0.188
MSG-000108,REC-03106,2026-09-10T05:10:45Z,2026-09-10T05:10:45Z,SITE-C,ESP32-C01,PV-C01,3.262,0.079,0.258,50.5,50.26,29.899,80.563,1010.27,87818.158,0.155
MSG-000109,REC-03107,2026-09-10T05:10:50Z,2026-09-10T05:10:50Z,SITE-C,ESP32-C01,PV-C01,3.261,-0.506,1.65,50.45,50.09,30.017,79.975,1010.405,87631.345,0.175
MSG-000110,REC-03108,2026-09-10T05:10:55Z,2026-09-10T05:10:55Z,SITE-C,ESP32-C01,PV-C01,3.25,0.131,0.427,50.4,49.89,30.001,80.062,1010.301,87061.716,0.193
MSG-000111,REC-03109,2026-09-10T05:11:00Z,2026-09-10T05:11:00Z,SITE-C,ESP32-C01,PV-C01,3.251,0.971,3.158,50.31,49.85,30.034,80.324,1010.369,87420.535,0.175
MSG-000112,REC-03110,2026-09-10T05:11:05Z,2026-09-10T05:11:05Z,SITE-C,ESP32-C01,PV-C01,3.293,0.55,1.81,50.39,50.0,29.969,80.578,1010.335,86882.63,0.182
MSG-000113,REC-03111,2026-09-10T05:11:10Z,2026-09-10T05:11:10Z,SITE-C,ESP32-C01,PV-C01,3.231,-0.054,0.174,50.24,49.85,30.022,79.627,1010.285,86961.122,0.147
MSG-000114,REC-03112,2026-09-10T05:11:15Z,2026-09-10T05:11:15Z,SITE-C,ESP32-C01,PV-C01,3.261,0.229,0.746,50.24,49.83,29.912,80.423,1010.371,87039.271,0.199
MSG-000115,REC-03113,2026-09-10T05:11:20Z,2026-09-10T05:11:20Z,SITE-C,ESP32-C01,PV-C01,3.267,-0.338,1.106,50.32,49.86,29.711,81.586,1010.193,86790.983,0.185
MSG-000116,REC-03114,2026-09-10T05:11:25Z,2026-09-10T05:11:25Z,SITE-C,ESP32-C01,PV-C01,3.263,0.172,0.563,50.17,50.1,29.875,80.38,1010.333,87036.249,0.21
MSG-000117,REC-03114,2026-09-10T05:11:25Z,2026-09-10T05:11:25Z,SITE-C,ESP32-C01,PV-C01,3.263,0.172,0.563,50.17,50.1,29.875,80.38,1010.333,87036.249,0.21
MSG-000118,REC-03115,2026-09-10T05:11:30Z,2026-09-10T05:11:30Z,SITE-C,ESP32-C01,PV-C01,3.257,-0.568,1.851,50.4,49.89,30.007,79.938,1010.253,87025.371,0.171
MSG-000119,REC-03116,2026-09-10T05:11:35Z,2026-09-10T05:11:35Z,SITE-C,ESP32-C01,PV-C01,3.251,0.481,1.564,50.43,50.08,30.038,82.107,1010.391,87877.316,0.206
MSG-000120,REC-03117,2026-09-10T05:11:40Z,2026-09-10T05:11:40Z,SITE-C,ESP32-C01,PV-C01,3.268,0.449,1.467,50.37,50.02,29.84,80.445,1010.386,87115.864,0.193
MSG-000121,REC-03118,2026-09-10T05:11:45Z,2026-09-10T05:11:45Z,SITE-C,ESP32-C01,PV-C01,3.242,-0.272,0.883,50.43,49.89,29.997,80.633,1010.267,86934.498,0.155
MSG-000122,REC-03119,2026-09-10T05:11:50Z,2026-09-10T05:11:50Z,SITE-C,ESP32-C01,PV-C01,3.234,0.796,2.574,50.36,49.92,29.853,80.148,1010.366,87043.601,0.165
MSG-000123,REC-03120,2026-09-10T05:11:55Z,2026-09-10T05:11:55Z,SITE-C,ESP32-C01,PV-C01,3.267,1.213,3.962,50.45,49.87,29.988,80.429,1010.299,86961.589,0.207
MSG-000124,REC-03121,2026-09-10T05:54:00Z,2026-09-10T05:54:00Z,SITE-D,ESP32-D01,PV-D01,2.728,-34.441,93.967,35.57,35.21,28.389,84.609,1010.546,30778.46,0.476
MSG-000125,REC-03122,2026-09-10T05:54:05Z,2026-09-10T05:54:05Z,SITE-D,ESP32-D01,PV-D01,2.739,-33.937,92.953,35.61,35.09,28.265,85.433,1010.543,30962.322,0.54
MSG-000126,REC-03123,2026-09-10T05:54:10Z,2026-09-10T05:54:10Z,SITE-D,ESP32-D01,PV-D01,2.726,-34.04,92.802,35.58,35.18,28.253,86.999,1010.595,30982.676,0.558
MSG-000127,REC-03123,2026-09-10T05:54:10Z,2026-09-10T05:54:10Z,SITE-D,ESP32-D01,PV-D01,2.726,-34.04,92.802,35.58,35.18,28.253,86.999,1010.595,30982.676,0.558
MSG-000128,REC-03124,2026-09-10T05:54:15Z,2026-09-10T05:54:15Z,SITE-D,ESP32-D01,PV-D01,2.74,-33.959,93.054,35.67,35.21,28.313,86.342,1010.595,30928.547,0.478
MSG-000129,REC-03125,2026-09-10T05:54:20Z,2026-09-10T05:54:20Z,SITE-D,ESP32-D01,PV-D01,2.749,-34.056,93.608,35.64,35.3,28.237,86.118,1010.477,30899.672,0.472
MSG-000130,REC-03126,2026-09-10T05:54:25Z,2026-09-10T05:54:25Z,SITE-D,ESP32-D01,PV-D01,2.746,-33.989,93.327,35.54,35.22,28.185,85.293,1010.438,31024.589,0.531
MSG-000131,REC-03127,2026-09-10T05:54:30Z,2026-09-10T05:54:30Z,SITE-D,ESP32-D01,PV-D01,2.736,-34.847,95.329,35.49,35.21,28.155,86.191,1010.452,30735.71,0.414
MSG-000132,REC-03128,2026-09-10T05:54:35Z,2026-09-10T05:54:35Z,SITE-D,ESP32-D01,PV-D01,2.75,-34.092,93.751,35.49,35.36,28.122,85.405,1010.452,30903.033,0.495
MSG-000133,REC-03129,2026-09-10T05:54:40Z,2026-09-10T05:54:40Z,SITE-D,ESP32-D01,PV-D01,2.746,-34.026,93.421,35.59,35.22,28.082,86.184,1010.592,30948.244,0.366
MSG-000134,REC-03130,2026-09-10T05:54:45Z,2026-09-10T05:54:45Z,SITE-D,ESP32-D01,PV-D01,2.711,-34.84,94.458,35.51,35.21,28.135,86.385,1010.562,31071.499,0.44
MSG-000135,REC-03131,2026-09-10T05:54:50Z,2026-09-10T05:54:50Z,SITE-D,ESP32-D01,PV-D01,2.752,-34.09,93.832,35.52,35.09,28.158,86.603,1010.651,30821.54,0.566
MSG-000136,REC-03132,2026-09-10T05:54:55Z,2026-09-10T05:54:55Z,SITE-D,ESP32-D01,PV-D01,2.728,-34.572,94.301,35.62,35.27,28.375,85.744,1010.495,30984.138,0.497
MSG-000137,REC-03133,2026-09-10T05:55:00Z,2026-09-10T05:55:00Z,SITE-D,ESP32-D01,PV-D01,2.737,-34.364,94.069,35.71,35.18,28.216,85.332,1010.653,30876.146,0.518
MSG-000138,REC-03134,2026-09-10T05:55:05Z,2026-09-10T05:55:05Z,SITE-D,ESP32-D01,PV-D01,2.726,-34.276,93.449,35.47,35.22,28.204,87.088,1010.564,30915.439,0.511
MSG-000139,REC-03135,2026-09-10T05:55:10Z,2026-09-10T05:55:10Z,SITE-D,ESP32-D01,PV-D01,2.735,-34.399,94.089,-999.0,35.28,28.42,85.75,1010.519,30909.704,0.572
MSG-000140,REC-03136,2026-09-10T05:55:15Z,2026-09-10T05:55:15Z,SITE-D,ESP32-D01,PV-D01,2.717,-33.862,92.018,35.55,35.21,28.206,86.766,1010.591,30841.075,0.483
MSG-000141,REC-03137,2026-09-10T05:55:20Z,2026-09-10T05:55:20Z,SITE-D,ESP32-D01,PV-D01,2.751,-34.429,94.726,35.59,35.22,28.181,86.568,1010.586,30780.42,0.549
MSG-000142,REC-03138,2026-09-10T05:55:25Z,2026-09-10T05:55:25Z,SITE-D,ESP32-D01,PV-D01,2.764,-33.533,92.679,35.67,35.13,28.227,87.208,1010.454,30794.36,0.599
MSG-000143,REC-03139,2026-09-10T05:55:30Z,2026-09-10T05:55:30Z,SITE-D,ESP32-D01,PV-D01,2.755,-33.749,92.989,35.55,35.23,28.212,86.049,1010.52,30935.693,0.493
MSG-000144,REC-03140,2026-09-10T05:55:35Z,2026-09-10T05:55:35Z,SITE-D,ESP32-D01,PV-D01,2.701,-33.566,90.655,35.58,35.18,28.118,86.234,1010.434,30817.388,0.433
MSG-000145,REC-03141,2026-09-10T05:55:40Z,2026-09-10T05:55:40Z,SITE-D,ESP32-D01,PV-D01,2.741,-34.329,94.084,35.6,35.41,28.095,86.877,1010.528,30705.136,0.42
MSG-000146,REC-03142,2026-09-10T05:55:45Z,2026-09-10T05:55:45Z,SITE-D,ESP32-D01,PV-D01,2.752,-34.138,93.96,35.65,35.37,28.246,85.904,1010.476,30923.31,0.504
MSG-000147,REC-03143,2026-09-10T05:55:50Z,2026-09-10T05:55:50Z,SITE-D,ESP32-D01,PV-D01,2.702,-34.793,94.009,35.53,35.34,28.088,85.363,1010.499,30739.087,0.408
MSG-000148,REC-03144,2026-09-10T05:55:55Z,2026-09-10T05:55:55Z,SITE-D,ESP32-D01,PV-D01,2.738,-34.561,94.612,35.71,35.16,28.056,86.578,1010.527,30817.743,0.445
MSG-000149,REC-03145,2026-09-10T05:56:00Z,2026-09-10T05:56:00Z,SITE-D,ESP32-D01,PV-D01,2.729,-34.644,94.56,35.57,35.25,28.131,86.682,1010.434,30832.699,0.455
MSG-000150,REC-03146,2026-09-10T05:56:05Z,2026-09-10T05:56:05Z,SITE-D,ESP32-D01,PV-D01,2.71,-33.646,91.181,35.63,35.15,28.12,86.021,1010.636,30933.134,0.503
MSG-000151,REC-03147,2026-09-10T05:56:10Z,2026-09-10T05:56:10Z,SITE-D,ESP32-D01,PV-D01,2.733,-33.845,92.515,35.56,35.37,28.135,85.671,1010.465,30457.148,0.588
MSG-000152,REC-03148,2026-09-10T05:56:15Z,2026-09-10T05:56:15Z,SITE-D,ESP32-D01,PV-D01,2.729,-34.069,92.991,35.67,35.33,28.123,85.495,1010.517,30669.249,0.535
MSG-000153,REC-03149,2026-09-10T05:56:20Z,2026-09-10T05:56:20Z,SITE-D,ESP32-D01,PV-D01,2.747,-33.182,91.153,35.76,35.16,28.16,85.217,1010.53,30662.974,0.419
MSG-000154,REC-03150,2026-09-10T05:56:25Z,2026-09-10T05:56:25Z,SITE-D,ESP32-D01,PV-D01,2.712,-34.486,93.533,35.58,35.29,28.151,86.729,1010.689,30964.213,0.702
MSG-000155,REC-03151,2026-09-10T05:56:30Z,2026-09-10T05:56:30Z,SITE-D,ESP32-D01,PV-D01,2.726,-34.065,92.852,35.61,35.14,28.211,86.143,1010.586,30690.187,0.453
MSG-000156,REC-03152,2026-09-10T05:56:35Z,2026-09-10T05:56:35Z,SITE-D,ESP32-D01,PV-D01,2.727,-34.464,93.967,35.53,35.21,27.958,85.551,1010.541,30479.581,0.379
MSG-000157,REC-03153,2026-09-10T05:56:40Z,2026-09-10T05:56:40Z,SITE-D,ESP32-D01,PV-D01,2.746,-34.467,94.652,35.56,35.25,28.295,86.129,1010.445,30655.081,0.433
MSG-000158,REC-03154,2026-09-10T05:56:45Z,2026-09-10T05:56:45Z,SITE-D,ESP32-D01,PV-D01,2.7,-34.942,94.348,35.56,35.33,28.324,85.541,1010.604,30805.595,0.412
MSG-000159,REC-03155,2026-09-10T05:56:50Z,2026-09-10T05:56:50Z,SITE-D,ESP32-D01,PV-D01,2.775,-34.133,94.726,35.65,35.38,28.105,86.447,1010.486,31123.409,0.409
MSG-000160,REC-03156,2026-09-10T05:56:55Z,2026-09-10T05:56:55Z,SITE-D,ESP32-D01,PV-D01,2.712,-34.805,94.404,35.57,35.29,28.211,85.144,1010.442,30710.204,0.522
MSG-000161,REC-03157,2026-09-10T05:57:00Z,2026-09-10T05:57:00Z,SITE-D,ESP32-D01,PV-D01,2.713,-33.418,90.652,35.51,35.21,28.08,86.694,1010.578,30380.256,0.324
MSG-000162,REC-03158,2026-09-10T05:57:05Z,2026-09-10T05:57:05Z,SITE-D,ESP32-D01,PV-D01,2.737,-34.386,94.122,35.33,34.98,28.148,86.231,1010.576,30411.615,0.532
MSG-000163,REC-03159,2026-09-10T05:57:10Z,2026-09-10T05:57:10Z,SITE-D,ESP32-D01,PV-D01,2.712,-34.02,92.256,35.68,35.35,28.304,86.626,1010.513,30449.768,0.526
MSG-000164,REC-03160,2026-09-10T05:57:15Z,2026-09-10T05:57:15Z,SITE-D,ESP32-D01,PV-D01,2.718,-33.973,92.348,35.68,35.15,28.308,86.355,1010.603,30727.345,0.448
MSG-000165,REC-03161,2026-09-10T05:57:20Z,2026-09-10T05:57:20Z,SITE-D,ESP32-D01,PV-D01,2.71,-33.77,91.506,35.61,35.22,28.169,85.335,1010.583,30413.279,0.559
MSG-000166,REC-03162,2026-09-10T05:57:25Z,2026-09-10T05:57:25Z,SITE-D,ESP32-D01,PV-D01,2.727,-33.005,89.996,35.48,35.38,28.405,86.602,1010.512,30420.009,0.403
MSG-000167,REC-03163,2026-09-10T05:57:30Z,2026-09-10T05:57:30Z,SITE-D,ESP32-D01,PV-D01,2.748,-33.404,91.791,35.39,35.05,28.227,85.465,1010.444,30192.969,0.442
MSG-000168,REC-03164,2026-09-10T05:57:35Z,2026-09-10T05:57:35Z,SITE-D,ESP32-D01,PV-D01,2.71,-34.225,92.75,35.37,35.15,27.898,86.243,1010.563,30217.554,0.51
MSG-000169,REC-03165,2026-09-10T05:57:40Z,2026-09-10T05:57:40Z,SITE-D,ESP32-D01,PV-D01,2.721,-33.942,92.372,35.56,35.2,28.152,86.125,1010.511,30364.071,0.455
MSG-000170,REC-03166,2026-09-10T05:57:45Z,2026-09-10T05:57:45Z,SITE-D,ESP32-D01,PV-D01,2.737,-32.565,89.144,35.61,35.25,28.358,86.229,1010.504,30351.044,0.437
MSG-000171,REC-03167,2026-09-10T05:57:50Z,2026-09-10T05:57:50Z,SITE-D,ESP32-D01,PV-D01,2.746,-33.988,93.333,35.52,35.17,28.206,86.913,1010.624,30328.727,0.486
MSG-000172,REC-03168,2026-09-10T05:57:55Z,2026-09-10T05:57:55Z,SITE-D,ESP32-D01,PV-D01,2.734,-33.778,92.342,35.58,35.26,28.333,86.263,1010.514,30312.272,0.565
MSG-000173,REC-03169,2026-09-10T05:58:00Z,2026-09-10T05:58:00Z,SITE-D,ESP32-D01,PV-D01,2.745,-33.492,91.92,35.51,35.1,28.199,87.124,1010.581,30102.359,0.545
MSG-000174,REC-03170,2026-09-10T05:58:05Z,2026-09-10T05:58:05Z,SITE-D,ESP32-D01,PV-D01,2.708,-33.598,90.996,35.43,35.19,28.251,86.089,1010.545,30210.199,0.49
MSG-000175,REC-03171,2026-09-10T05:58:10Z,2026-09-10T05:58:10Z,SITE-D,ESP32-D01,PV-D01,2.758,-33.587,92.622,35.58,35.19,28.383,86.334,1010.558,30184.992,0.453
MSG-000176,REC-03172,2026-09-10T05:58:15Z,2026-09-10T05:58:15Z,SITE-D,ESP32-D01,PV-D01,2.747,-34.01,93.425,35.57,35.15,28.178,86.615,1010.562,30464.357,0.488
MSG-000177,REC-03173,2026-09-10T05:58:20Z,2026-09-10T05:58:20Z,SITE-D,ESP32-D01,PV-D01,2.727,-33.948,92.57,35.39,35.15,28.164,86.173,1010.531,30207.004,0.44
MSG-000178,REC-03174,2026-09-10T05:58:25Z,2026-09-10T05:58:25Z,SITE-D,ESP32-D01,PV-D01,2.723,-34.484,93.904,35.52,35.04,28.26,86.69,1010.52,29877.971,0.554
MSG-000179,REC-03175,2026-09-10T05:58:30Z,2026-09-10T05:58:30Z,SITE-D,ESP32-D01,PV-D01,2.766,-34.068,94.222,35.43,35.07,28.325,86.325,1010.479,29804.972,0.563
MSG-000180,REC-03176,2026-09-10T05:58:35Z,2026-09-10T05:58:35Z,SITE-D,ESP32-D01,PV-D01,2.718,-33.713,91.646,35.45,35.02,28.371,86.87,1010.515,29999.444,0.583
MSG-000181,REC-03177,2026-09-10T05:58:40Z,2026-09-10T05:58:40Z,SITE-D,ESP32-D01,PV-D01,2.698,-33.121,89.349,35.51,35.1,28.218,85.752,1010.571,30029.535,0.46
MSG-000182,REC-03178,2026-09-10T05:58:45Z,2026-09-10T05:58:45Z,SITE-D,ESP32-D01,PV-D01,2.763,-33.323,92.08,35.54,35.26,28.302,86.98,1010.539,30247.418,0.427
MSG-000183,REC-03179,2026-09-10T05:58:50Z,2026-09-10T05:58:50Z,SITE-D,ESP32-D01,PV-D01,2.721,-34.493,93.869,35.56,35.17,27.884,86.668,1010.567,30042.075,0.512
MSG-000184,REC-03180,2026-09-10T05:58:55Z,2026-09-10T05:58:55Z,SITE-D,ESP32-D01,PV-D01,2.749,-32.771,90.104,35.4,35.15,28.083,86.503,1010.591,30029.68,0.453
MSG-000185,REC-03181,2026-09-10T07:04:00Z,2026-09-10T07:04:00Z,SITE-B,ESP32-B01,PV-B01,2.789,74.386,207.436,37.97,37.32,28.833,82.36,1010.015,51257.913,0.159
MSG-000186,REC-03182,2026-09-10T07:04:05Z,2026-09-10T07:04:05Z,SITE-B,ESP32-B01,PV-B01,2.777,75.236,208.953,37.98,37.31,28.974,82.495,1009.981,51533.599,0.12
MSG-000187,REC-03183,2026-09-10T07:04:10Z,2026-09-10T07:04:10Z,SITE-B,ESP32-B01,PV-B01,2.76,75.291,207.78,37.87,37.5,28.709,82.892,1009.88,51182.236,0.172
MSG-000188,REC-03184,2026-09-10T07:04:15Z,2026-09-10T07:04:15Z,SITE-B,ESP32-B01,PV-B01,2.776,74.207,205.992,37.87,37.29,28.851,82.119,1009.931,51245.265,0.14
MSG-000189,REC-03185,2026-09-10T07:04:20Z,2026-09-10T07:04:20Z,SITE-B,ESP32-B01,PV-B01,2.781,74.984,208.53,37.99,37.56,28.595,83.273,1009.907,50942.55,0.155
MSG-000190,REC-03186,2026-09-10T07:04:25Z,2026-09-10T07:04:25Z,SITE-B,ESP32-B01,PV-B01,2.785,74.771,208.256,37.79,37.37,28.856,82.613,1009.976,51059.386,0.121
MSG-000191,REC-03187,2026-09-10T07:04:30Z,2026-09-10T07:04:30Z,SITE-B,ESP32-B01,PV-B01,2.766,74.471,205.999,37.9,37.63,28.999,82.593,1009.83,51402.013,0.144
MSG-000192,REC-03188,2026-09-10T07:04:35Z,2026-09-10T07:04:35Z,SITE-B,ESP32-B01,PV-B01,2.769,73.73,204.126,37.96,37.45,28.737,82.891,1009.948,51182.958,0.134
MSG-000193,REC-03189,2026-09-10T07:04:40Z,2026-09-10T07:04:40Z,SITE-B,ESP32-B01,PV-B01,2.792,74.872,209.008,38.1,37.37,28.827,81.676,1009.996,51294.647,0.175
MSG-000194,REC-03190,2026-09-10T07:04:45Z,2026-09-10T07:04:45Z,SITE-B,ESP32-B01,PV-B01,2.759,74.883,206.608,37.96,37.59,28.768,82.156,1009.99,51480.722,0.153
MSG-000195,REC-03191,2026-09-10T07:04:50Z,2026-09-10T07:04:50Z,SITE-B,ESP32-B01,PV-B01,2.777,74.837,207.859,38.02,37.6,28.886,81.565,1009.952,51547.557,0.143
MSG-000196,REC-03192,2026-09-10T07:04:55Z,2026-09-10T07:04:55Z,SITE-B,ESP32-B01,PV-B01,2.759,76.144,210.11,37.98,37.41,28.702,82.573,1010.014,51349.658,0.103
MSG-000197,REC-03193,2026-09-10T07:05:00Z,2026-09-10T07:05:00Z,SITE-B,ESP32-B01,PV-B01,2.771,75.464,209.148,38.05,37.42,28.909,82.125,1010.002,51040.619,0.184
MSG-000198,REC-03194,2026-09-10T07:05:05Z,2026-09-10T07:05:05Z,SITE-B,ESP32-B01,PV-B01,2.745,75.449,207.111,37.84,37.39,28.873,81.042,1009.882,51217.582,0.158
MSG-000199,REC-03195,2026-09-10T07:05:10Z,2026-09-10T07:05:10Z,SITE-B,ESP32-B01,PV-B01,2.772,74.21,205.714,38.03,37.46,28.72,82.338,1010.008,50995.777,0.149
MSG-000200,REC-03196,2026-09-10T07:05:15Z,2026-09-10T07:05:15Z,SITE-B,ESP32-B01,PV-B01,2.75,74.278,204.241,37.93,37.45,28.966,82.45,1009.935,51113.457,0.14
MSG-000201,REC-03197,2026-09-10T07:05:20Z,2026-09-10T07:05:20Z,SITE-B,ESP32-B01,PV-B01,2.751,75.301,207.148,38.07,37.47,28.998,81.945,1009.925,51266.909,0.139
MSG-000202,REC-03198,2026-09-10T07:05:25Z,2026-09-10T07:05:25Z,SITE-B,ESP32-B01,PV-B01,2.775,74.37,206.408,37.92,37.34,28.908,81.211,1009.939,51216.226,0.129
MSG-000203,REC-03199,2026-09-10T07:05:30Z,2026-09-10T07:05:30Z,SITE-B,ESP32-B01,PV-B01,2.781,73.928,205.596,37.97,37.42,28.978,81.71,1010.057,51266.505,0.144
MSG-000204,REC-03200,2026-09-10T07:05:35Z,2026-09-10T07:05:35Z,SITE-B,ESP32-B01,PV-B01,2.798,74.135,207.421,38.01,37.57,28.87,83.085,1009.996,51493.479,0.166
MSG-000205,REC-03201,2026-09-10T07:05:40Z,2026-09-10T07:05:40Z,SITE-B,ESP32-B01,PV-B01,2.785,75.088,209.101,37.87,37.43,28.884,82.918,1009.915,51182.31,0.136
MSG-000206,REC-03202,2026-09-10T07:05:45Z,2026-09-10T07:05:45Z,SITE-B,ESP32-B01,PV-B01,2.793,75.257,210.218,37.88,37.46,29.081,82.772,1009.972,51146.095,0.148
MSG-000207,REC-03203,2026-09-10T07:05:50Z,2026-09-10T07:05:50Z,SITE-B,ESP32-B01,PV-B01,2.76,74.603,205.926,37.89,37.37,28.908,82.597,1009.872,51184.782,0.189
MSG-000208,REC-03204,2026-09-10T07:05:55Z,2026-09-10T07:05:55Z,SITE-B,ESP32-B01,PV-B01,2.776,74.116,205.728,37.95,37.39,28.889,83.088,1009.958,51298.898,0.144
MSG-000209,REC-03205,2026-09-10T07:06:00Z,2026-09-10T07:06:00Z,SITE-B,ESP32-B01,PV-B01,2.764,74.468,205.85,37.84,37.52,28.755,80.914,1009.937,51375.341,0.129
MSG-000210,REC-03206,2026-09-10T07:06:05Z,2026-09-10T07:06:05Z,SITE-B,ESP32-B01,PV-B01,2.795,74.011,206.847,37.85,37.28,28.717,83.338,1009.974,50958.28,0.151
MSG-000211,REC-03207,2026-09-10T07:06:10Z,2026-09-10T07:06:10Z,SITE-B,ESP32-B01,PV-B01,2.786,74.491,207.524,37.76,37.47,28.794,81.719,1009.906,51285.909,0.133
MSG-000212,REC-03208,2026-09-10T07:06:15Z,2026-09-10T07:06:15Z,SITE-B,ESP32-B01,PV-B01,2.76,75.016,207.022,37.94,37.47,29.124,82.463,1010.01,51618.384,0.117
MSG-000213,REC-03209,2026-09-10T07:06:20Z,2026-09-10T07:06:20Z,SITE-B,ESP32-B01,PV-B01,2.788,74.977,209.014,38.05,37.49,28.858,82.587,1009.868,51411.349,0.146
MSG-000214,REC-03210,2026-09-10T07:06:25Z,2026-09-10T07:06:25Z,SITE-B,ESP32-B01,PV-B01,2.805,75.544,211.923,38.05,37.43,28.995,82.031,1010.031,51663.034,0.132
MSG-000215,REC-03211,2026-09-10T07:06:30Z,2026-09-10T07:06:30Z,SITE-B,ESP32-B01,PV-B01,2.766,75.252,208.154,37.97,37.45,28.969,83.121,1009.952,51708.812,0.135
MSG-000216,REC-03212,2026-09-10T07:06:35Z,2026-09-10T07:06:35Z,SITE-B,ESP32-B01,PV-B01,2.758,76.219,210.21,38.05,-999.0,28.799,83.227,1009.892,51991.327,0.151
MSG-000217,REC-03213,2026-09-10T07:06:40Z,2026-09-10T07:06:40Z,SITE-B,ESP32-B01,PV-B01,2.788,74.818,208.581,37.9,37.43,28.85,82.632,1009.928,51530.719,0.13
MSG-000218,REC-03214,2026-09-10T07:06:45Z,2026-09-10T07:06:45Z,SITE-B,ESP32-B01,PV-B01,2.785,74.211,206.667,38.11,37.51,28.855,82.229,1009.867,51854.697,0.148
MSG-000219,REC-03215,2026-09-10T07:06:50Z,2026-09-10T07:06:50Z,SITE-B,ESP32-B01,PV-B01,2.76,75.211,207.567,38.12,37.5,28.914,81.079,1010.035,51297.236,0.162
MSG-000220,REC-03215,2026-09-10T07:06:50Z,2026-09-10T07:06:50Z,SITE-B,ESP32-B01,PV-B01,2.76,75.211,207.567,38.12,37.5,28.914,81.079,1010.035,51297.236,0.162
MSG-000221,REC-03216,2026-09-10T07:06:55Z,2026-09-10T07:06:55Z,SITE-B,ESP32-B01,PV-B01,2.747,74.37,204.304,37.9,37.56,28.933,82.104,1009.849,51359.222,0.139
MSG-000222,REC-03217,2026-09-10T07:07:00Z,2026-09-10T07:07:00Z,SITE-B,ESP32-B01,PV-B01,2.76,74.753,206.328,38.08,37.39,28.896,82.6,1009.965,51112.186,0.126
MSG-000223,REC-03218,2026-09-10T07:07:05Z,2026-09-10T07:07:05Z,SITE-B,ESP32-B01,PV-B01,2.795,73.781,206.217,37.87,37.27,29.013,81.933,1009.908,51470.657,0.171
MSG-000224,REC-03219,2026-09-10T07:07:10Z,2026-09-10T07:07:10Z,SITE-B,ESP32-B01,PV-B01,2.754,74.338,204.759,37.82,37.51,28.866,82.427,1009.853,51124.63,0.141
MSG-000225,REC-03220,2026-09-10T07:07:15Z,2026-09-10T07:07:15Z,SITE-B,ESP32-B01,PV-B01,2.759,75.417,208.082,37.88,37.42,28.989,82.335,1009.921,51405.037,0.153
MSG-000226,REC-03221,2026-09-10T07:07:20Z,2026-09-10T07:07:20Z,SITE-B,ESP32-B01,PV-B01,2.756,75.272,207.421,37.94,37.62,28.965,82.806,1010.108,51688.409,0.165
MSG-000227,REC-03222,2026-09-10T07:07:25Z,2026-09-10T07:07:25Z,SITE-B,ESP32-B01,PV-B01,2.79,74.559,208.014,38.14,37.58,28.64,83.453,1009.954,51316.812,0.155
MSG-000228,REC-03223,2026-09-10T07:07:30Z,2026-09-10T07:07:30Z,SITE-B,ESP32-B01,PV-B01,2.773,74.21,205.787,37.93,37.41,28.874,83.069,1010.014,51458.209,0.153
MSG-000229,REC-03224,2026-09-10T07:07:35Z,2026-09-10T07:07:35Z,SITE-B,ESP32-B01,PV-B01,2.739,75.362,206.381,37.81,37.44,28.701,82.844,1009.928,50902.773,0.146
MSG-000230,REC-03225,2026-09-10T07:07:40Z,2026-09-10T07:07:40Z,SITE-B,ESP32-B01,PV-B01,2.767,75.015,207.591,37.78,37.31,28.884,82.152,1009.986,51102.675,0.124
MSG-000231,REC-03226,2026-09-10T07:07:45Z,2026-09-10T07:07:45Z,SITE-B,ESP32-B01,PV-B01,2.782,74.964,208.54,37.99,37.4,28.858,83.296,1009.921,51143.055,0.15
MSG-000232,REC-03227,2026-09-10T07:07:50Z,2026-09-10T07:07:50Z,SITE-B,ESP32-B01,PV-B01,2.773,74.982,207.903,37.98,37.45,28.871,82.835,1010.008,51223.291,0.123
MSG-000233,REC-03228,2026-09-10T07:07:55Z,2026-09-10T07:07:55Z,SITE-B,ESP32-B01,PV-B01,2.764,75.601,208.936,37.87,37.5,28.908,80.821,1009.917,51758.276,0.163
MSG-000234,REC-03229,2026-09-10T07:08:00Z,2026-09-10T07:08:00Z,SITE-B,ESP32-B01,PV-B01,2.777,74.149,205.878,37.75,37.47,28.806,82.144,1009.907,51601.711,0.193
MSG-000235,REC-03230,2026-09-10T07:08:05Z,2026-09-10T07:08:05Z,SITE-B,ESP32-B01,PV-B01,2.754,75.259,207.274,37.88,37.47,28.829,82.278,1009.954,51431.631,0.157
MSG-000236,REC-03231,2026-09-10T07:08:10Z,2026-09-10T07:08:10Z,SITE-B,ESP32-B01,PV-B01,2.766,74.964,207.35,38.09,37.66,28.907,83.091,1010.037,51688.427,0.114
MSG-000237,REC-03232,2026-09-10T07:08:15Z,2026-09-10T07:08:15Z,SITE-B,ESP32-B01,PV-B01,2.757,75.089,207.001,38.05,37.47,28.908,82.626,1009.844,51982.777,0.164
MSG-000238,REC-03233,2026-09-10T07:08:20Z,2026-09-10T07:08:20Z,SITE-B,ESP32-B01,PV-B01,2.778,76.114,211.463,38.01,37.38,28.928,82.487,1009.983,51842.865,0.139
MSG-000239,REC-03234,2026-09-10T07:08:25Z,2026-09-10T07:08:25Z,SITE-B,ESP32-B01,PV-B01,2.759,75.885,209.379,38.21,37.45,28.9,82.938,1009.986,52152.091,0.161
MSG-000240,REC-03235,2026-09-10T07:08:30Z,2026-09-10T07:08:30Z,SITE-B,ESP32-B01,PV-B01,2.785,76.597,213.354,38.17,37.63,28.954,81.572,1009.929,51988.979,0.123
MSG-000241,REC-03236,2026-09-10T07:08:35Z,2026-09-10T07:08:35Z,SITE-B,ESP32-B01,PV-B01,2.773,75.55,209.475,38.02,37.51,28.713,81.883,1009.821,51780.749,0.168
MSG-000242,REC-03237,2026-09-10T07:08:40Z,2026-09-10T07:08:40Z,SITE-B,ESP32-B01,PV-B01,2.782,75.23,209.29,38.02,37.53,28.853,81.876,1010.006,51783.697,0.142
MSG-000243,REC-03238,2026-09-10T07:08:45Z,2026-09-10T07:08:45Z,SITE-B,ESP32-B01,PV-B01,2.786,74.174,206.674,37.98,37.48,28.871,81.709,1010.016,51956.168,0.158
MSG-000244,REC-03239,2026-09-10T07:08:50Z,2026-09-10T07:08:50Z,SITE-B,ESP32-B01,PV-B01,2.773,75.874,210.435,38.03,37.52,28.716,82.231,1009.928,52170.743,0.125
MSG-000245,REC-03240,2026-09-10T07:08:55Z,2026-09-10T07:08:55Z,SITE-B,ESP32-B01,PV-B01,2.771,75.65,209.627,37.94,37.5,28.827,82.667,1009.96,52076.121,0.176
MSG-000246,REC-03241,2026-09-10T07:15:00Z,2026-09-10T07:15:00Z,SITE-D,ESP32-D01,PV-D01,2.433,-32.35,78.698,35.8,34.01,28.382,84.679,1009.889,31068.582,0.096
MSG-000247,REC-03242,2026-09-10T07:15:05Z,2026-09-10T07:15:05Z,SITE-D,ESP32-D01,PV-D01,2.455,-30.936,75.943,35.76,33.82,28.225,85.162,1009.951,31125.166,0.086
MSG-000248,REC-03243,2026-09-10T07:15:10Z,2026-09-10T07:15:10Z,SITE-D,ESP32-D01,PV-D01,2.417,-32.211,77.841,35.86,33.97,28.299,84.294,1009.854,31138.393,0.104
MSG-000249,REC-03244,2026-09-10T07:15:15Z,2026-09-10T07:15:15Z,SITE-D,ESP32-D01,PV-D01,2.425,-31.302,75.899,35.91,33.87,28.59,85.456,1010.003,31480.048,0.092
MSG-000250,REC-03245,2026-09-10T07:15:20Z,2026-09-10T07:15:20Z,SITE-D,ESP32-D01,PV-D01,2.419,-30.366,73.454,35.78,33.83,28.577,84.046,1009.96,31208.008,0.088
MSG-000251,REC-03246,2026-09-10T07:15:25Z,2026-09-10T07:15:25Z,SITE-D,ESP32-D01,PV-D01,2.409,-31.128,74.996,35.89,33.96,28.559,85.014,1010.005,31316.651,0.122
MSG-000252,REC-03247,2026-09-10T07:15:30Z,2026-09-10T07:15:30Z,SITE-D,ESP32-D01,PV-D01,2.419,-31.136,75.308,35.82,33.95,28.447,83.903,1009.947,31274.966,0.055
MSG-000253,REC-03247,2026-09-10T07:15:30Z,2026-09-10T07:15:30Z,SITE-D,ESP32-D01,PV-D01,2.419,-31.136,75.308,35.82,33.95,28.447,83.903,1009.947,31274.966,0.055
MSG-000254,REC-03248,2026-09-10T07:15:35Z,2026-09-10T07:15:35Z,SITE-D,ESP32-D01,PV-D01,2.431,-31.016,75.413,35.79,33.93,28.548,85.343,1009.932,31576.767,0.102
MSG-000255,REC-03249,2026-09-10T07:15:40Z,2026-09-10T07:15:40Z,SITE-D,ESP32-D01,PV-D01,2.437,-31.391,76.494,35.86,34.01,28.281,84.422,1010.034,31283.532,0.052
MSG-000256,REC-03250,2026-09-10T07:15:45Z,2026-09-10T07:15:45Z,SITE-D,ESP32-D01,PV-D01,2.418,-31.351,75.812,35.82,34.03,28.4,84.724,1010.011,31279.351,0.079
MSG-000257,REC-03251,2026-09-10T07:15:50Z,2026-09-10T07:15:50Z,SITE-D,ESP32-D01,PV-D01,2.447,-31.208,76.374,35.95,34.07,28.546,85.083,1009.992,31527.877,0.053
MSG-000258,REC-03252,2026-09-10T07:15:55Z,2026-09-10T07:15:55Z,SITE-D,ESP32-D01,PV-D01,2.43,-31.007,75.36,35.89,33.86,28.521,84.895,1009.992,31771.608,0.092
MSG-000259,REC-03253,2026-09-10T07:16:00Z,2026-09-10T07:16:00Z,SITE-D,ESP32-D01,PV-D01,2.425,-31.239,75.77,36.0,34.1,28.37,85.239,1009.951,31587.092,0.075
MSG-000260,REC-03254,2026-09-10T07:16:05Z,2026-09-10T07:16:05Z,SITE-D,ESP32-D01,PV-D01,2.406,-31.74,76.375,35.9,34.13,28.521,84.522,1009.923,31613.645,0.074
MSG-000261,REC-03255,2026-09-10T07:16:10Z,2026-09-10T07:16:10Z,SITE-D,ESP32-D01,PV-D01,2.462,-31.364,77.223,35.89,33.95,28.602,85.734,1010.032,31746.418,0.074
MSG-000262,REC-03256,2026-09-10T07:16:15Z,2026-09-10T07:16:15Z,SITE-D,ESP32-D01,PV-D01,2.428,-31.218,75.803,36.1,33.87,28.481,84.393,1009.889,31757.038,0.065
MSG-000263,REC-03257,2026-09-10T07:16:20Z,2026-09-10T07:16:20Z,SITE-D,ESP32-D01,PV-D01,2.415,-30.424,73.472,35.81,33.87,28.713,83.715,1010.01,31733.16,0.066
MSG-000264,REC-03258,2026-09-10T07:16:25Z,2026-09-10T07:16:25Z,SITE-D,ESP32-D01,PV-D01,2.453,-32.004,78.507,36.03,33.94,28.475,84.171,1009.897,31516.53,0.052
MSG-000265,REC-03259,2026-09-10T07:16:30Z,2026-09-10T07:16:30Z,SITE-D,ESP32-D01,PV-D01,2.43,-31.434,76.385,36.07,34.15,28.495,84.363,1009.892,31715.425,0.072
MSG-000266,REC-03260,2026-09-10T07:16:35Z,2026-09-10T07:16:35Z,SITE-D,ESP32-D01,PV-D01,2.418,-31.55,76.284,36.01,33.99,28.464,83.324,1009.839,31475.774,0.07
MSG-000267,REC-03261,2026-09-10T07:16:40Z,2026-09-10T07:16:40Z,SITE-D,ESP32-D01,PV-D01,2.433,-33.015,80.319,35.93,33.96,28.531,85.94,1010.032,31685.862,0.051
MSG-000268,REC-03262,2026-09-10T07:16:45Z,2026-09-10T07:16:45Z,SITE-D,ESP32-D01,PV-D01,2.414,-31.862,76.929,36.05,33.93,28.537,84.689,1009.972,31890.473,0.084
MSG-000269,REC-03263,2026-09-10T07:16:50Z,2026-09-10T07:16:50Z,SITE-D,ESP32-D01,PV-D01,2.413,-31.554,76.144,35.93,33.9,28.375,83.49,1009.987,32004.877,0.077
MSG-000270,REC-03264,2026-09-10T07:16:55Z,2026-09-10T07:16:55Z,SITE-D,ESP32-D01,PV-D01,2.411,-30.779,74.202,35.89,34.07,28.324,84.828,1009.953,31888.89,0.084
MSG-000271,REC-03265,2026-09-10T07:17:00Z,2026-09-10T07:17:00Z,SITE-D,ESP32-D01,PV-D01,2.409,-31.486,75.838,35.91,33.98,28.54,84.717,1009.983,31463.725,0.084
MSG-000272,REC-03266,2026-09-10T07:17:05Z,2026-09-10T07:17:05Z,SITE-D,ESP32-D01,PV-D01,2.454,-32.195,78.992,35.88,34.14,28.622,85.544,1009.887,31518.607,0.069
MSG-000273,REC-03267,2026-09-10T07:17:10Z,2026-09-10T07:17:10Z,SITE-D,ESP32-D01,PV-D01,2.438,-31.372,76.484,35.84,34.02,28.45,85.295,1009.872,31501.046,0.066
MSG-000274,REC-03268,2026-09-10T07:17:15Z,2026-09-10T07:17:15Z,SITE-D,ESP32-D01,PV-D01,2.428,-30.918,75.063,35.96,33.99,28.373,84.635,1009.944,31448.874,0.072
MSG-000275,REC-03269,2026-09-10T07:17:20Z,2026-09-10T07:17:20Z,SITE-D,ESP32-D01,PV-D01,2.41,-32.224,77.65,35.81,33.9,28.469,83.463,1009.89,31344.61,0.097
MSG-000276,REC-03270,2026-09-10T07:17:25Z,2026-09-10T07:17:25Z,SITE-D,ESP32-D01,PV-D01,2.43,-31.024,75.4,35.91,33.88,28.493,85.95,1009.998,31667.02,0.074
MSG-000277,REC-03271,2026-09-10T07:17:30Z,2026-09-10T07:17:30Z,SITE-D,ESP32-D01,PV-D01,2.427,-30.429,73.844,35.77,33.86,28.411,85.331,1009.923,31810.669,0.068
MSG-000278,REC-03272,2026-09-10T07:17:35Z,2026-09-10T07:17:35Z,SITE-D,ESP32-D01,PV-D01,2.411,-31.365,75.625,35.87,33.8,28.58,85.149,1009.998,31507.431,0.048
MSG-000279,REC-03273,2026-09-10T07:17:40Z,2026-09-10T07:17:40Z,SITE-D,ESP32-D01,PV-D01,2.391,-31.666,75.722,35.78,34.0,28.429,83.968,1009.921,31565.363,0.088
MSG-000280,REC-03274,2026-09-10T07:17:45Z,2026-09-10T07:17:45Z,SITE-D,ESP32-D01,PV-D01,2.426,-31.748,77.031,35.78,33.9,28.39,85.152,1009.872,31363.523,0.045
MSG-000281,REC-03275,2026-09-10T07:17:50Z,2026-09-10T07:17:50Z,SITE-D,ESP32-D01,PV-D01,2.451,-32.177,78.86,35.88,34.01,28.402,84.654,1009.971,31381.183,0.07
MSG-000282,REC-03276,2026-09-10T07:17:55Z,2026-09-10T07:17:55Z,SITE-D,ESP32-D01,PV-D01,2.45,-30.773,75.404,35.98,33.95,28.371,84.046,1009.931,31388.105,0.1
MSG-000283,REC-03277,2026-09-10T07:18:00Z,2026-09-10T07:18:00Z,SITE-D,ESP32-D01,PV-D01,2.438,-31.298,76.307,35.91,33.9,28.645,85.385,1010.036,31281.691,0.059
MSG-000284,REC-03278,2026-09-10T07:18:05Z,2026-09-10T07:18:05Z,SITE-D,ESP32-D01,PV-D01,2.422,-30.652,74.235,35.91,33.82,28.564,85.101,1009.897,31512.749,0.062
MSG-000285,REC-03279,2026-09-10T07:18:10Z,2026-09-10T07:18:10Z,SITE-D,ESP32-D01,PV-D01,2.451,-31.081,76.189,35.79,33.87,28.562,83.199,1009.905,31360.621,0.074
MSG-000286,REC-03280,2026-09-10T07:18:15Z,2026-09-10T07:18:15Z,SITE-D,ESP32-D01,PV-D01,2.44,-30.864,75.321,35.76,33.82,28.444,85.812,1010.067,31039.25,0.082
MSG-000287,REC-03281,2026-09-10T07:18:20Z,2026-09-10T07:18:20Z,SITE-D,ESP32-D01,PV-D01,2.41,-31.649,76.282,35.87,33.93,28.542,85.767,1010.031,31269.452,0.06
MSG-000288,REC-03282,2026-09-10T07:18:25Z,2026-09-10T07:18:25Z,SITE-D,ESP32-D01,PV-D01,2.418,-31.725,76.7,35.79,33.83,28.519,85.719,1009.967,31602.457,0.084
MSG-000289,REC-03283,2026-09-10T07:18:30Z,2026-09-10T07:18:30Z,SITE-D,ESP32-D01,PV-D01,2.43,-31.616,76.829,35.93,33.96,28.57,85.253,1009.929,31825.886,0.116
MSG-000290,REC-03284,2026-09-10T07:18:35Z,2026-09-10T07:18:35Z,SITE-D,ESP32-D01,PV-D01,2.456,-31.348,76.992,35.98,34.06,28.598,84.772,1009.969,31685.692,0.08
MSG-000291,REC-03285,2026-09-10T07:18:40Z,2026-09-10T07:18:40Z,SITE-D,ESP32-D01,PV-D01,2.44,-30.265,73.837,35.77,33.91,28.595,85.048,1009.907,31319.972,0.073
MSG-000292,REC-03286,2026-09-10T07:18:45Z,2026-09-10T07:18:45Z,SITE-D,ESP32-D01,PV-D01,2.422,-30.901,74.829,35.77,33.94,28.449,84.462,1009.888,31397.544,0.04
MSG-000293,REC-03287,2026-09-10T07:18:50Z,2026-09-10T07:18:50Z,SITE-D,ESP32-D01,PV-D01,2.425,-30.449,73.83,35.8,33.94,28.536,85.728,1010.039,31615.953,0.094
MSG-000294,REC-03288,2026-09-10T07:18:55Z,2026-09-10T07:18:55Z,SITE-D,ESP32-D01,PV-D01,2.45,-31.522,77.227,35.74,34.06,28.371,85.067,1009.954,31263.88,0.108
MSG-000295,REC-03289,2026-09-10T07:19:00Z,2026-09-10T07:19:00Z,SITE-D,ESP32-D01,PV-D01,2.408,-30.612,73.718,35.85,33.96,28.568,84.828,1009.875,6367.518,0.071
MSG-000296,REC-03290,2026-09-10T07:19:05Z,2026-09-10T07:19:05Z,SITE-D,ESP32-D01,PV-D01,2.421,-31.146,75.417,35.98,33.98,28.456,83.949,1010.034,31592.435,0.082
MSG-000297,REC-03291,2026-09-10T07:19:10Z,2026-09-10T07:19:10Z,SITE-D,ESP32-D01,PV-D01,2.437,-31.599,76.992,35.78,33.91,28.337,85.385,1009.965,31486.075,0.085
MSG-000298,REC-03292,2026-09-10T07:19:15Z,2026-09-10T07:19:15Z,SITE-D,ESP32-D01,PV-D01,2.439,-31.65,77.206,35.97,33.85,28.502,85.465,1009.898,31479.457,0.077
MSG-000299,REC-03293,2026-09-10T07:19:20Z,2026-09-10T07:19:20Z,SITE-D,ESP32-D01,PV-D01,2.45,-31.898,78.161,35.83,33.81,28.565,84.366,1009.925,31589.357,0.079
MSG-000300,REC-03294,2026-09-10T07:19:25Z,2026-09-10T07:19:25Z,SITE-D,ESP32-D01,PV-D01,2.418,-31.348,75.792,36.05,34.04,28.606,84.31,1009.923,31521.067,0.105
MSG-000301,REC-03295,2026-09-10T07:19:30Z,2026-09-10T07:19:30Z,SITE-D,ESP32-D01,PV-D01,2.445,-30.779,75.25,35.84,33.86,28.478,84.445,1009.929,31671.165,0.073
MSG-000302,REC-03296,2026-09-10T07:19:35Z,2026-09-10T07:19:35Z,SITE-D,ESP32-D01,PV-D01,2.433,-32.001,77.861,35.88,34.0,28.456,84.633,1010.009,31792.843,0.086
MSG-000303,REC-03297,2026-09-10T07:19:40Z,2026-09-10T07:19:40Z,SITE-D,ESP32-D01,PV-D01,2.408,-31.77,76.509,35.82,33.98,28.406,84.228,1009.955,31757.025,0.056
MSG-000304,REC-03298,2026-09-10T07:19:45Z,2026-09-10T07:19:45Z,SITE-D,ESP32-D01,PV-D01,2.44,-30.887,75.366,35.85,34.02,28.598,84.505,1009.876,31799.203,0.085
MSG-000305,REC-03299,2026-09-10T07:19:50Z,2026-09-10T07:19:50Z,SITE-D,ESP32-D01,PV-D01,2.417,-31.772,76.808,36.01,33.91,28.675,85.01,1009.964,31767.611,0.074
MSG-000306,REC-03300,2026-09-10T07:19:55Z,2026-09-10T07:19:55Z,SITE-D,ESP32-D01,PV-D01,2.424,-32.306,78.301,35.9,33.85,28.488,85.245,1009.955,31876.716,0.067
MSG-000307,REC-03301,2026-09-10T07:52:00Z,2026-09-10T07:52:00Z,SITE-F,ESP32-F01,PV-F01,3.3,0.248,0.817,46.42,46.32,30.464,80.326,1010.361,89271.104,0.167
MSG-000308,REC-03302,2026-09-10T07:52:05Z,2026-09-10T07:52:05Z,SITE-F,ESP32-F01,PV-F01,3.304,0.591,1.954,-999.0,46.18,30.517,79.942,1010.31,89238.54,0.136
MSG-000309,REC-03303,2026-09-10T07:52:10Z,2026-09-10T07:52:10Z,SITE-F,ESP32-F01,PV-F01,3.304,0.956,3.157,46.3,46.4,30.355,79.338,1010.364,88567.646,0.169
MSG-000310,REC-03304,2026-09-10T07:52:15Z,2026-09-10T07:52:15Z,SITE-F,ESP32-F01,PV-F01,3.281,0.352,1.156,46.5,46.3,30.501,80.328,1010.279,89193.124,0.144
MSG-000311,REC-03305,2026-09-10T07:52:20Z,2026-09-10T07:52:20Z,SITE-F,ESP32-F01,PV-F01,3.31,0.083,0.275,46.45,46.33,30.502,81.006,1010.352,88616.368,0.181
MSG-000312,REC-03306,2026-09-10T07:52:25Z,2026-09-10T07:52:25Z,SITE-F,ESP32-F01,PV-F01,3.298,0.084,0.277,46.29,-127.0,30.451,79.928,1010.315,88392.396,0.165
MSG-000313,REC-03307,2026-09-10T07:52:30Z,2026-09-10T07:52:30Z,SITE-F,ESP32-F01,PV-F01,3.315,0.657,2.177,46.37,-127.0,30.417,80.162,1010.389,88148.33,0.166
MSG-000314,REC-03308,2026-09-10T07:52:35Z,2026-09-10T07:52:35Z,SITE-F,ESP32-F01,PV-F01,3.271,0.128,0.419,46.26,-127.0,30.352,79.764,1010.251,88456.211,0.151
MSG-000315,REC-03309,2026-09-10T07:52:40Z,2026-09-10T07:52:40Z,SITE-F,ESP32-F01,PV-F01,3.312,-0.163,0.541,46.19,-127.0,30.481,80.246,1010.375,87942.449,0.179
MSG-000316,REC-03310,2026-09-10T07:52:45Z,2026-09-10T07:52:45Z,SITE-F,ESP32-F01,PV-F01,3.28,-0.481,1.578,46.2,-127.0,30.443,80.736,1010.248,88366.899,0.179
MSG-000317,REC-03311,2026-09-10T07:52:50Z,2026-09-10T07:52:50Z,SITE-F,ESP32-F01,PV-F01,3.292,-0.172,0.565,46.18,-127.0,30.523,79.024,1010.423,88062.927,0.191
MSG-000318,REC-03312,2026-09-10T07:52:55Z,2026-09-10T07:52:55Z,SITE-F,ESP32-F01,PV-F01,3.297,0.177,0.583,46.14,-127.0,30.539,79.626,1010.213,88363.088,0.226
MSG-000319,REC-03313,2026-09-10T07:53:00Z,2026-09-10T07:53:00Z,SITE-F,ESP32-F01,PV-F01,3.302,-0.216,0.713,46.11,-127.0,30.46,78.661,1010.326,88076.636,0.171
MSG-000320,REC-03314,2026-09-10T07:53:05Z,2026-09-10T07:53:05Z,SITE-F,ESP32-F01,PV-F01,3.281,-0.701,2.3,46.21,-127.0,30.645,79.861,1010.384,88475.654,0.169
MSG-000321,REC-03315,2026-09-10T07:53:10Z,2026-09-10T07:53:10Z,SITE-F,ESP32-F01,PV-F01,3.299,0.583,1.923,46.37,-127.0,30.395,80.294,1010.318,89072.732,0.155
MSG-000322,REC-03316,2026-09-10T07:53:15Z,2026-09-10T07:53:15Z,SITE-F,ESP32-F01,PV-F01,3.282,0.207,0.68,46.45,-127.0,30.447,80.002,1010.342,88997.231,0.167
MSG-000323,REC-03317,2026-09-10T07:53:20Z,2026-09-10T07:53:20Z,SITE-F,ESP32-F01,PV-F01,3.296,-0.336,1.109,46.47,-127.0,30.474,79.77,1010.399,89312.881,0.186
MSG-000324,REC-03318,2026-09-10T07:53:25Z,2026-09-10T07:53:25Z,SITE-F,ESP32-F01,PV-F01,3.29,0.31,1.021,46.47,-127.0,30.539,79.776,1010.374,89278.393,0.163
MSG-000325,REC-03319,2026-09-10T07:53:30Z,2026-09-10T07:53:30Z,SITE-F,ESP32-F01,PV-F01,3.306,0.114,0.378,46.68,-127.0,30.445,79.882,1010.274,89174.879,0.163
MSG-000326,REC-03320,2026-09-10T07:53:35Z,2026-09-10T07:53:35Z,SITE-F,ESP32-F01,PV-F01,3.293,-0.197,0.648,46.67,-127.0,30.618,79.202,1010.369,89566.957,0.137
MSG-000327,REC-03321,2026-09-10T07:53:40Z,2026-09-10T07:53:40Z,SITE-F,ESP32-F01,PV-F01,3.305,0.311,1.029,46.51,-127.0,30.553,79.67,1010.406,89766.591,0.202
MSG-000328,REC-03322,2026-09-10T07:53:45Z,2026-09-10T07:53:45Z,SITE-F,ESP32-F01,PV-F01,3.284,-0.239,0.785,46.69,-127.0,30.596,79.987,1010.276,89815.387,0.203
MSG-000329,REC-03323,2026-09-10T07:53:50Z,2026-09-10T07:53:50Z,SITE-F,ESP32-F01,PV-F01,3.289,0.925,3.042,46.57,-127.0,30.433,79.978,1010.429,90086.394,0.191
MSG-000330,REC-03324,2026-09-10T07:53:55Z,2026-09-10T07:53:55Z,SITE-F,ESP32-F01,PV-F01,3.278,-0.489,1.603,46.69,-127.0,30.514,79.929,1010.252,89833.209,0.2
MSG-000331,REC-03325,2026-09-10T07:54:00Z,2026-09-10T07:54:00Z,SITE-F,ESP32-F01,PV-F01,3.298,-0.108,0.356,46.62,46.59,30.59,79.014,1010.352,90396.347,0.166
MSG-000332,REC-03326,2026-09-10T07:54:05Z,2026-09-10T07:54:05Z,SITE-F,ESP32-F01,PV-F01,3.283,-0.466,1.531,46.67,46.74,30.62,79.536,1010.346,90419.996,0.169
MSG-000333,REC-03327,2026-09-10T07:54:10Z,2026-09-10T07:54:10Z,SITE-F,ESP32-F01,PV-F01,3.279,0.214,0.701,46.72,46.58,30.668,80.028,1010.308,90314.066,0.184
MSG-000334,REC-03328,2026-09-10T07:54:15Z,2026-09-10T07:54:15Z,SITE-F,ESP32-F01,PV-F01,3.295,0.633,2.085,46.55,46.45,30.586,79.695,1010.29,89870.331,0.142
MSG-000335,REC-03329,2026-09-10T07:54:20Z,2026-09-10T07:54:20Z,SITE-F,ESP32-F01,PV-F01,3.298,0.945,3.116,46.51,46.41,30.543,79.395,1010.382,89738.641,0.175
MSG-000336,REC-03330,2026-09-10T07:54:25Z,2026-09-10T07:54:25Z,SITE-F,ESP32-F01,PV-F01,0.675,0.292,0.197,46.6,46.58,30.254,79.224,1010.212,89814.109,0.169
MSG-000337,REC-03331,2026-09-10T07:54:30Z,2026-09-10T07:54:30Z,SITE-F,ESP32-F01,PV-F01,3.298,-0.33,1.088,46.48,46.43,30.625,79.043,1010.303,89747.356,0.177
MSG-000338,REC-03332,2026-09-10T07:54:35Z,2026-09-10T07:54:35Z,SITE-F,ESP32-F01,PV-F01,3.309,0.436,1.443,46.56,46.39,30.587,79.011,1010.268,89495.505,0.164
MSG-000339,REC-03333,2026-09-10T07:54:40Z,2026-09-10T07:54:40Z,SITE-F,ESP32-F01,PV-F01,3.295,0.878,2.893,46.66,46.44,30.573,79.256,1010.321,89690.233,0.186
MSG-000340,REC-03334,2026-09-10T07:54:45Z,2026-09-10T07:54:45Z,SITE-F,ESP32-F01,PV-F01,3.301,-0.373,1.23,46.54,46.51,30.627,79.408,1010.356,89835.072,0.193
MSG-000341,REC-03335,2026-09-10T07:54:50Z,2026-09-10T07:54:50Z,SITE-F,ESP32-F01,PV-F01,3.308,0.918,3.037,-999.0,46.4,30.551,79.371,1010.37,89354.473,0.186
MSG-000342,REC-03336,2026-09-10T07:54:55Z,2026-09-10T07:54:55Z,SITE-F,ESP32-F01,PV-F01,3.311,0.626,2.072,46.54,46.5,30.658,79.528,1010.311,90124.43,0.186
MSG-000343,REC-03337,2026-09-10T07:55:00Z,2026-09-10T07:55:00Z,SITE-F,ESP32-F01,PV-F01,3.279,0.832,2.73,46.58,46.6,30.685,80.05,1010.285,89743.071,0.155
MSG-000344,REC-03338,2026-09-10T07:55:05Z,2026-09-10T07:55:05Z,SITE-F,ESP32-F01,PV-F01,3.291,0.1,0.33,46.74,46.5,30.678,79.356,1010.315,90046.792,0.18
MSG-000345,REC-03339,2026-09-10T07:55:10Z,2026-09-10T07:55:10Z,SITE-F,ESP32-F01,PV-F01,3.275,-0.042,0.139,46.54,46.41,30.513,80.181,1010.285,89636.296,0.139
MSG-000346,REC-03340,2026-09-10T07:55:15Z,2026-09-10T07:55:15Z,SITE-F,ESP32-F01,PV-F01,3.31,-0.115,0.381,46.67,46.61,30.636,81.114,1010.279,89664.534,0.179
MSG-000347,REC-03341,2026-09-10T07:55:20Z,2026-09-10T07:55:20Z,SITE-F,ESP32-F01,PV-F01,3.308,-0.094,0.312,46.43,46.43,30.647,79.038,1010.331,89140.187,0.189
MSG-000348,REC-03342,2026-09-10T07:55:25Z,2026-09-10T07:55:25Z,SITE-F,ESP32-F01,PV-F01,3.295,0.198,0.654,46.43,46.36,30.621,79.595,1010.323,88930.923,0.136
MSG-000349,REC-03343,2026-09-10T07:55:30Z,2026-09-10T07:55:30Z,SITE-F,ESP32-F01,PV-F01,3.29,0.442,1.456,46.33,46.38,30.649,79.33,1010.371,88948.722,0.172
MSG-000350,REC-03344,2026-09-10T07:55:35Z,2026-09-10T07:55:35Z,SITE-F,ESP32-F01,PV-F01,3.29,0.056,0.186,46.43,46.35,30.623,79.301,1010.445,89060.757,0.16
MSG-000351,REC-03345,2026-09-10T07:55:40Z,2026-09-10T07:55:40Z,SITE-F,ESP32-F01,PV-F01,3.283,0.388,1.272,46.43,46.36,30.562,79.535,1010.265,89186.955,0.168
MSG-000352,REC-03346,2026-09-10T07:55:45Z,2026-09-10T07:55:45Z,SITE-F,ESP32-F01,PV-F01,3.293,-0.177,0.584,46.41,46.17,30.881,79.65,1010.379,88722.182,0.185
MSG-000353,REC-03347,2026-09-10T07:55:50Z,2026-09-10T07:55:50Z,SITE-F,ESP32-F01,PV-F01,3.293,-0.291,0.958,46.34,46.26,30.555,78.596,1010.33,89181.909,0.194
MSG-000354,REC-03348,2026-09-10T07:55:55Z,2026-09-10T07:55:55Z,SITE-F,ESP32-F01,PV-F01,3.305,0.42,1.387,46.38,46.49,30.543,79.962,1010.325,89153.272,0.194
MSG-000355,REC-03349,2026-09-10T07:56:00Z,2026-09-10T07:56:00Z,SITE-F,ESP32-F01,PV-F01,3.304,-0.355,1.174,46.55,46.31,30.715,79.656,1010.32,89531.554,0.173
MSG-000356,REC-03350,2026-09-10T07:56:05Z,2026-09-10T07:56:05Z,SITE-F,ESP32-F01,PV-F01,3.295,-0.203,0.669,46.3,46.35,30.71,79.599,1010.36,89268.897,0.17
MSG-000357,REC-03351,2026-09-10T07:56:10Z,2026-09-10T07:56:10Z,SITE-F,ESP32-F01,PV-F01,3.309,-0.177,0.584,46.26,46.54,30.734,80.029,1010.3,89526.025,0.183
MSG-000358,REC-03352,2026-09-10T07:56:15Z,2026-09-10T07:56:15Z,SITE-F,ESP32-F01,PV-F01,3.307,0.078,0.257,46.48,46.53,30.729,80.38,1010.372,90040.196,0.151
MSG-000359,REC-03353,2026-09-10T07:56:20Z,2026-09-10T07:56:20Z,SITE-F,ESP32-F01,PV-F01,3.316,1.295,4.296,46.63,46.54,30.5,80.231,1010.263,90313.925,0.167
MSG-000360,REC-03354,2026-09-10T07:56:25Z,2026-09-10T07:56:25Z,SITE-F,ESP32-F01,PV-F01,3.292,-0.25,0.825,46.62,46.49,30.58,79.186,1010.299,90503.918,0.168
MSG-000361,REC-03355,2026-09-10T07:56:30Z,2026-09-10T07:56:30Z,SITE-F,ESP32-F01,PV-F01,3.3,0.218,0.719,46.57,46.54,30.83,79.642,1010.262,90731.078,0.163
MSG-000362,REC-03356,2026-09-10T07:56:35Z,2026-09-10T07:56:35Z,SITE-F,ESP32-F01,PV-F01,3.311,0.433,1.434,46.69,46.6,30.79,78.668,1010.329,90510.8,0.147
MSG-000363,REC-03357,2026-09-10T07:56:40Z,2026-09-10T07:56:40Z,SITE-F,ESP32-F01,PV-F01,3.303,-0.331,1.095,46.58,46.57,30.635,80.297,1010.314,90022.969,0.14
MSG-000364,REC-03358,2026-09-10T07:56:45Z,2026-09-10T07:56:45Z,SITE-F,ESP32-F01,PV-F01,3.315,0.436,1.446,46.45,46.62,30.723,79.271,1010.322,90266.013,0.168
MSG-000365,REC-03359,2026-09-10T07:56:50Z,2026-09-10T07:56:50Z,SITE-F,ESP32-F01,PV-F01,3.296,0.598,1.972,46.54,46.52,30.61,79.868,1010.313,89840.65,0.149
MSG-000366,REC-03360,2026-09-10T07:56:55Z,2026-09-10T07:56:55Z,SITE-F,ESP32-F01,PV-F01,3.292,0.583,1.919,46.57,46.4,30.634,79.722,1010.251,89907.597,0.149
MSG-000367,REC-03361,2026-09-10T08:31:00Z,2026-09-10T08:31:00Z,SITE-D,ESP32-D01,PV-D01,2.594,-26.412,68.509,33.67,30.69,26.538,98.729,1009.186,27855.752,0.074
MSG-000368,REC-03362,2026-09-10T08:31:05Z,2026-09-10T08:31:05Z,SITE-D,ESP32-D01,PV-D01,2.547,-26.968,68.69,33.58,30.81,26.594,98.425,1009.298,27582.495,0.05
MSG-000369,REC-03363,2026-09-10T08:31:10Z,2026-09-10T08:31:10Z,SITE-D,ESP32-D01,PV-D01,2.606,-25.538,66.543,33.52,30.68,26.641,99.147,1009.226,27824.413,0.053
MSG-000370,REC-03364,2026-09-10T08:31:15Z,2026-09-10T08:31:15Z,SITE-D,ESP32-D01,PV-D01,2.62,-26.655,69.838,33.59,30.75,26.325,98.99,1009.197,27596.1,0.075
MSG-000371,REC-03365,2026-09-10T08:31:20Z,2026-09-10T08:31:20Z,SITE-D,ESP32-D01,PV-D01,2.574,-26.247,67.55,33.6,30.72,26.616,99.31,1009.288,27474.085,0.056
MSG-000372,REC-03366,2026-09-10T08:31:25Z,2026-09-10T08:31:25Z,SITE-D,ESP32-D01,PV-D01,2.583,-26.56,68.601,33.59,30.69,26.646,98.113,1009.298,27909.573,0.029
MSG-000373,REC-03367,2026-09-10T08:31:30Z,2026-09-10T08:31:30Z,SITE-D,ESP32-D01,PV-D01,2.577,-26.505,68.309,33.62,30.68,26.569,99.42,1009.233,27841.045,0.073
MSG-000374,REC-03368,2026-09-10T08:31:35Z,2026-09-10T08:31:35Z,SITE-D,ESP32-D01,PV-D01,2.57,-26.452,67.99,33.42,30.69,26.637,98.992,1009.165,27871.643,0.042
MSG-000375,REC-03369,2026-09-10T08:31:40Z,2026-09-10T08:31:40Z,SITE-D,ESP32-D01,PV-D01,2.585,-27.53,71.174,33.35,30.89,26.591,99.514,1009.386,27792.495,0.048
MSG-000376,REC-03370,2026-09-10T08:31:45Z,2026-09-10T08:31:45Z,SITE-D,ESP32-D01,PV-D01,2.575,-26.735,68.837,33.69,30.86,26.581,99.83,1009.318,27867.737,0.048
MSG-000377,REC-03371,2026-09-10T08:31:50Z,2026-09-10T08:31:50Z,SITE-D,ESP32-D01,PV-D01,2.572,-26.728,68.734,33.64,30.87,26.377,98.579,1009.305,27840.027,0.067
MSG-000378,REC-03372,2026-09-10T08:31:55Z,2026-09-10T08:31:55Z,SITE-D,ESP32-D01,PV-D01,2.571,-26.482,68.092,33.59,30.71,26.641,98.621,1009.217,27918.381,0.067
MSG-000379,REC-03373,2026-09-10T08:32:00Z,2026-09-10T08:32:00Z,SITE-D,ESP32-D01,PV-D01,2.567,-27.123,69.63,33.66,30.67,26.489,98.013,1009.192,28015.189,0.065
MSG-000380,REC-03374,2026-09-10T08:32:05Z,2026-09-10T08:32:05Z,SITE-D,ESP32-D01,PV-D01,2.569,-27.354,70.26,33.74,30.86,26.418,99.005,1009.283,27747.468,0.092
MSG-000381,REC-03375,2026-09-10T08:32:10Z,2026-09-10T08:32:10Z,SITE-D,ESP32-D01,PV-D01,2.593,-26.831,69.583,33.69,30.84,26.464,98.505,1009.223,28067.458,0.058
MSG-000382,REC-03376,2026-09-10T08:32:15Z,2026-09-10T08:32:15Z,SITE-D,ESP32-D01,PV-D01,2.573,-26.915,69.252,33.64,30.76,26.62,99.43,1009.357,27646.18,0.049
MSG-000383,REC-03377,2026-09-10T08:32:20Z,2026-09-10T08:32:20Z,SITE-D,ESP32-D01,PV-D01,2.585,-27.053,69.92,33.47,30.7,26.59,99.327,1009.27,27413.399,0.042
MSG-000384,REC-03378,2026-09-10T08:32:25Z,2026-09-10T08:32:25Z,SITE-D,ESP32-D01,PV-D01,2.586,-26.191,67.724,33.49,30.62,26.582,98.819,1009.322,27323.923,0.058
MSG-000385,REC-03379,2026-09-10T08:32:30Z,2026-09-10T08:32:30Z,SITE-D,ESP32-D01,PV-D01,2.566,-26.03,66.781,33.38,30.82,26.575,98.107,1009.218,27421.029,0.049
MSG-000386,REC-03380,2026-09-10T08:32:35Z,2026-09-10T08:32:35Z,SITE-D,ESP32-D01,PV-D01,2.57,-26.687,68.587,33.63,30.86,26.672,98.869,1009.225,27723.245,0.035
MSG-000387,REC-03381,2026-09-10T08:32:40Z,2026-09-10T08:32:40Z,SITE-D,ESP32-D01,PV-D01,2.563,-27.118,69.506,33.68,30.73,26.801,98.695,1009.216,27828.076,0.091
MSG-000388,REC-03382,2026-09-10T08:32:45Z,2026-09-10T08:32:45Z,SITE-D,ESP32-D01,PV-D01,2.556,-27.995,71.566,33.71,30.74,26.635,97.435,1009.242,27957.088,0.013
MSG-000389,REC-03383,2026-09-10T08:32:50Z,2026-09-10T08:32:50Z,SITE-D,ESP32-D01,PV-D01,2.578,-27.22,70.176,33.67,30.9,26.51,98.151,1009.219,27847.716,0.077
MSG-000390,REC-03384,2026-09-10T08:32:55Z,2026-09-10T08:32:55Z,SITE-D,ESP32-D01,PV-D01,2.555,-25.997,66.418,33.56,30.71,26.541,98.665,1009.271,27768.367,0.034
MSG-000391,REC-03385,2026-09-10T08:33:00Z,2026-09-10T08:33:00Z,SITE-D,ESP32-D01,PV-D01,2.557,-25.731,65.807,33.5,30.87,26.618,99.289,1009.274,27694.037,0.081
MSG-000392,REC-03386,2026-09-10T08:33:05Z,2026-09-10T08:33:05Z,SITE-D,ESP32-D01,PV-D01,2.563,-26.205,67.173,33.45,30.69,26.427,97.948,1009.271,27499.521,0.07
MSG-000393,REC-03387,2026-09-10T08:33:10Z,2026-09-10T08:33:10Z,SITE-D,ESP32-D01,PV-D01,2.588,-25.741,66.606,33.46,30.63,26.468,98.493,1009.243,27240.319,0.033
MSG-000394,REC-03388,2026-09-10T08:33:15Z,2026-09-10T08:33:15Z,SITE-D,ESP32-D01,PV-D01,2.592,-25.718,66.669,33.4,30.67,26.501,99.021,1009.277,27549.039,0.027
MSG-000395,REC-03389,2026-09-10T08:33:20Z,2026-09-10T08:33:20Z,SITE-D,ESP32-D01,PV-D01,2.559,-26.259,67.199,33.63,30.65,26.677,99.242,1009.148,27115.571,0.079
MSG-000396,REC-03390,2026-09-10T08:33:25Z,2026-09-10T08:33:25Z,SITE-D,ESP32-D01,PV-D01,2.592,-26.213,67.948,33.39,30.77,26.54,98.449,1009.275,27368.558,0.073
MSG-000397,REC-03391,2026-09-10T08:33:30Z,2026-09-10T08:33:30Z,SITE-D,ESP32-D01,PV-D01,2.55,-27.768,70.817,33.52,30.79,26.364,98.303,1009.248,27433.325,0.083
MSG-000398,REC-03392,2026-09-10T08:33:35Z,2026-09-10T08:33:35Z,SITE-D,ESP32-D01,PV-D01,2.588,-26.196,67.783,33.4,30.83,26.423,98.302,1009.153,27574.341,0.07
MSG-000399,REC-03393,2026-09-10T08:33:40Z,2026-09-10T08:33:40Z,SITE-D,ESP32-D01,PV-D01,2.586,-26.059,67.391,33.6,30.77,26.634,98.812,1009.206,27463.812,0.068
MSG-000400,REC-03394,2026-09-10T08:33:45Z,2026-09-10T08:33:45Z,SITE-D,ESP32-D01,PV-D01,2.55,-27.615,70.415,33.61,30.76,26.372,98.552,1009.275,27568.545,0.07
MSG-000401,REC-03395,2026-09-10T08:33:50Z,2026-09-10T08:33:50Z,SITE-D,ESP32-D01,PV-D01,2.586,-26.726,69.102,33.62,30.83,26.342,98.546,1009.193,27668.614,0.043
MSG-000402,REC-03396,2026-09-10T08:33:55Z,2026-09-10T08:33:55Z,SITE-D,ESP32-D01,PV-D01,2.594,-26.142,67.813,33.58,30.8,26.392,99.188,1009.334,27939.807,0.04
MSG-000403,REC-03397,2026-09-10T08:34:00Z,2026-09-10T08:34:00Z,SITE-D,ESP32-D01,PV-D01,2.559,-26.76,68.485,33.63,30.93,26.555,98.409,1009.258,27694.059,0.04
MSG-000404,REC-03398,2026-09-10T08:34:05Z,2026-09-10T08:34:05Z,SITE-D,ESP32-D01,PV-D01,2.55,-27.369,69.788,33.6,30.91,26.584,99.501,1009.177,27912.906,0.06
MSG-000405,REC-03399,2026-09-10T08:34:10Z,2026-09-10T08:34:10Z,SITE-D,ESP32-D01,PV-D01,2.592,-26.043,67.515,33.61,30.8,26.39,99.553,1009.211,27543.102,0.036
MSG-000406,REC-03400,2026-09-10T08:34:15Z,2026-09-10T08:34:15Z,SITE-D,ESP32-D01,PV-D01,2.573,-26.788,68.927,33.79,30.75,26.504,99.009,1009.243,27516.942,0.076
MSG-000407,REC-03401,2026-09-10T08:34:20Z,2026-09-10T08:34:20Z,SITE-D,ESP32-D01,PV-D01,2.598,-25.657,66.665,33.63,-999.0,26.584,99.112,1009.193,27408.599,0.052
MSG-000408,REC-03402,2026-09-10T08:34:25Z,2026-09-10T08:34:25Z,SITE-D,ESP32-D01,PV-D01,2.557,-25.654,65.601,33.66,30.81,26.589,98.967,1009.285,27499.964,0.063
MSG-000409,REC-03403,2026-09-10T08:34:30Z,2026-09-10T08:34:30Z,SITE-D,ESP32-D01,PV-D01,2.557,-26.995,69.017,33.56,30.77,26.469,99.205,1009.256,27351.328,0.038
MSG-000410,REC-03404,2026-09-10T08:34:35Z,2026-09-10T08:34:35Z,SITE-D,ESP32-D01,PV-D01,2.544,-26.334,66.993,33.5,30.87,26.618,98.165,1009.249,27284.456,0.078
MSG-000411,REC-03405,2026-09-10T08:34:40Z,2026-09-10T08:34:40Z,SITE-D,ESP32-D01,PV-D01,2.563,-25.844,66.246,33.54,30.68,26.547,99.34,1009.258,27150.758,0.073
MSG-000412,REC-03406,2026-09-10T08:34:45Z,2026-09-10T08:34:45Z,SITE-D,ESP32-D01,PV-D01,2.555,-25.358,64.796,33.74,30.7,26.699,99.055,1009.236,27147.031,0.07
MSG-000413,REC-03407,2026-09-10T08:34:50Z,2026-09-10T08:34:50Z,SITE-D,ESP32-D01,PV-D01,2.573,-25.429,65.426,33.52,30.71,26.524,99.656,1009.264,27164.094,0.073
MSG-000414,REC-03408,2026-09-10T08:34:55Z,2026-09-10T08:34:55Z,SITE-D,ESP32-D01,PV-D01,2.57,-25.68,65.996,33.56,30.61,26.602,98.636,1009.253,27088.424,0.043
MSG-000415,REC-03409,2026-09-10T08:35:00Z,2026-09-10T08:35:00Z,SITE-D,ESP32-D01,PV-D01,2.551,-26.198,66.832,33.46,30.74,26.681,98.062,1009.294,27029.083,0.056
MSG-000416,REC-03410,2026-09-10T08:35:05Z,2026-09-10T08:35:05Z,SITE-D,ESP32-D01,PV-D01,2.602,-25.052,65.187,33.31,30.66,26.559,98.847,1009.351,27217.342,0.075
MSG-000417,REC-03411,2026-09-10T08:35:10Z,2026-09-10T08:35:10Z,SITE-D,ESP32-D01,PV-D01,2.571,-27.033,69.509,33.47,30.67,26.522,98.9,1009.266,26925.984,0.084
MSG-000418,REC-03412,2026-09-10T08:35:15Z,2026-09-10T08:35:15Z,SITE-D,ESP32-D01,PV-D01,2.545,-26.104,66.438,33.72,30.66,26.485,98.401,1009.332,27215.069,0.04
MSG-000419,REC-03413,2026-09-10T08:35:20Z,2026-09-10T08:35:20Z,SITE-D,ESP32-D01,PV-D01,2.588,-26.064,67.445,33.57,30.66,26.566,99.375,1009.223,26785.423,0.05
MSG-000420,REC-03414,2026-09-10T08:35:25Z,2026-09-10T08:35:25Z,SITE-D,ESP32-D01,PV-D01,2.547,-25.577,65.138,33.64,30.62,26.337,98.552,1009.306,26931.727,0.062
MSG-000421,REC-03415,2026-09-10T08:35:30Z,2026-09-10T08:35:30Z,SITE-D,ESP32-D01,PV-D01,2.573,-26.563,68.356,33.5,30.73,26.427,98.924,1009.299,26662.855,0.056
MSG-000422,REC-03416,2026-09-10T08:35:35Z,2026-09-10T08:35:35Z,SITE-D,ESP32-D01,PV-D01,2.557,-25.172,64.36,33.35,30.71,26.549,97.554,1009.262,27023.939,0.067
MSG-000423,REC-03417,2026-09-10T08:35:40Z,2026-09-10T08:35:40Z,SITE-D,ESP32-D01,PV-D01,2.576,-25.595,65.939,33.46,30.74,26.589,99.205,1009.233,26769.857,0.037
MSG-000424,REC-03418,2026-09-10T08:35:45Z,2026-09-10T08:35:45Z,SITE-D,ESP32-D01,PV-D01,2.585,-25.687,66.408,33.56,30.9,26.717,99.43,1009.201,26890.286,0.055
MSG-000425,REC-03419,2026-09-10T08:35:50Z,2026-09-10T08:35:50Z,SITE-D,ESP32-D01,PV-D01,2.571,-25.415,65.35,33.51,30.66,26.65,99.207,1009.373,26636.806,0.073
MSG-000426,REC-03420,2026-09-10T08:35:55Z,2026-09-10T08:35:55Z,SITE-D,ESP32-D01,PV-D01,2.574,-26.264,67.597,33.52,30.75,26.57,97.495,1009.287,26865.734,0.023
MSG-000427,REC-03421,2026-09-10T09:59:00Z,2026-09-10T09:59:00Z,SITE-C,ESP32-C01,PV-C01,3.212,0.366,1.177,32.96,32.39,28.707,83.214,1008.331,17971.495,0.204
MSG-000428,REC-03422,2026-09-10T09:59:05Z,2026-09-10T09:59:05Z,SITE-C,ESP32-C01,PV-C01,3.235,0.399,1.291,32.96,32.53,28.601,83.184,1008.41,17825.015,0.141
MSG-000429,REC-03423,2026-09-10T09:59:10Z,2026-09-10T09:59:10Z,SITE-C,ESP32-C01,PV-C01,3.216,0.236,0.76,32.94,32.48,28.892,83.958,1008.454,17646.062,0.151
MSG-000430,REC-03424,2026-09-10T09:59:15Z,2026-09-10T09:59:15Z,SITE-C,ESP32-C01,PV-C01,3.227,0.34,1.098,32.77,32.47,28.526,83.025,1008.429,17613.052,0.191
MSG-000431,REC-03425,2026-09-10T09:59:20Z,2026-09-10T09:59:20Z,SITE-C,ESP32-C01,PV-C01,3.225,0.255,0.821,32.89,32.51,28.951,84.366,1008.439,17673.022,0.202
MSG-000432,REC-03426,2026-09-10T09:59:25Z,2026-09-10T09:59:25Z,SITE-C,ESP32-C01,PV-C01,3.224,-0.334,1.078,32.83,32.37,28.68,84.22,1008.426,17502.109,0.196
MSG-000433,REC-03427,2026-09-10T09:59:30Z,2026-09-10T09:59:30Z,SITE-C,ESP32-C01,PV-C01,3.215,0.271,0.872,32.79,32.4,28.85,83.641,1008.471,17413.112,0.168
MSG-000434,REC-03428,2026-09-10T09:59:35Z,2026-09-10T09:59:35Z,SITE-C,ESP32-C01,PV-C01,3.232,0.054,0.173,32.84,32.34,28.836,83.477,1008.408,17564.264,0.181
MSG-000435,REC-03429,2026-09-10T09:59:40Z,2026-09-10T09:59:40Z,SITE-C,ESP32-C01,PV-C01,3.229,0.346,1.118,32.96,32.43,28.853,82.978,1008.444,17833.203,0.194
MSG-000436,REC-03430,2026-09-10T09:59:45Z,2026-09-10T09:59:45Z,SITE-C,ESP32-C01,PV-C01,3.213,0.237,0.762,32.96,32.46,28.805,84.118,1008.356,17270.463,0.142
MSG-000437,REC-03431,2026-09-10T09:59:50Z,2026-09-10T09:59:50Z,SITE-C,ESP32-C01,PV-C01,3.212,0.562,1.804,32.9,32.42,28.741,84.074,1008.395,17896.64,0.162
MSG-000438,REC-03432,2026-09-10T09:59:55Z,2026-09-10T09:59:55Z,SITE-C,ESP32-C01,PV-C01,3.236,0.198,0.64,32.8,32.49,28.747,83.41,1008.455,17774.261,0.186
MSG-000439,REC-03433,2026-09-10T10:00:00Z,2026-09-10T10:00:00Z,SITE-C,ESP32-C01,PV-C01,3.207,0.5,1.605,32.79,32.37,28.573,84.506,1008.399,17729.95,0.183
MSG-000440,REC-03434,2026-09-10T10:00:05Z,2026-09-10T10:00:05Z,SITE-C,ESP32-C01,PV-C01,3.236,0.122,0.393,32.82,32.46,28.624,82.929,1008.389,17815.406,0.187
MSG-000441,REC-03435,2026-09-10T10:00:10Z,2026-09-10T10:00:10Z,SITE-C,ESP32-C01,PV-C01,3.22,-0.257,0.829,32.9,32.5,28.668,82.047,1008.458,17933.669,0.191
MSG-000442,REC-03436,2026-09-10T10:00:15Z,2026-09-10T10:00:15Z,SITE-C,ESP32-C01,PV-C01,3.22,0.388,1.249,32.89,32.4,28.787,84.52,1008.43,17757.066,0.189
MSG-000443,REC-03437,2026-09-10T10:00:20Z,2026-09-10T10:00:20Z,SITE-C,ESP32-C01,PV-C01,3.225,-0.052,0.168,32.83,32.32,28.801,83.329,1008.374,17876.107,0.196
MSG-000444,REC-03438,2026-09-10T10:00:25Z,2026-09-10T10:00:25Z,SITE-C,ESP32-C01,PV-C01,3.23,-0.506,1.635,32.97,32.32,28.585,83.798,1008.51,17971.673,0.187
MSG-000445,REC-03439,2026-09-10T10:00:30Z,2026-09-10T10:00:30Z,SITE-C,ESP32-C01,PV-C01,3.231,0.392,1.267,32.95,32.49,28.826,82.695,1008.442,17898.218,0.209
MSG-000446,REC-03440,2026-09-10T10:00:35Z,2026-09-10T10:00:35Z,SITE-C,ESP32-C01,PV-C01,3.238,0.392,1.27,32.69,32.6,28.759,84.282,1008.555,17630.158,0.172
MSG-000447,REC-03441,2026-09-10T10:00:40Z,2026-09-10T10:00:40Z,SITE-C,ESP32-C01,PV-C01,3.208,0.311,0.996,32.91,32.41,28.689,84.278,1008.404,17717.867,0.165
MSG-000448,REC-03442,2026-09-10T10:00:45Z,2026-09-10T10:00:45Z,SITE-C,ESP32-C01,PV-C01,3.214,0.516,1.659,32.97,32.5,28.699,83.211,1008.533,17492.843,0.195
MSG-000449,REC-03443,2026-09-10T10:00:50Z,2026-09-10T10:00:50Z,SITE-C,ESP32-C01,PV-C01,3.22,-0.002,0.008,32.93,32.28,28.845,82.893,1008.437,17895.128,0.219
MSG-000450,REC-03444,2026-09-10T10:00:55Z,2026-09-10T10:00:55Z,SITE-C,ESP32-C01,PV-C01,3.222,-0.294,0.946,32.95,32.49,28.724,83.984,1008.427,17752.856,0.165
MSG-000451,REC-03445,2026-09-10T10:01:00Z,2026-09-10T10:01:00Z,SITE-C,ESP32-C01,PV-C01,3.221,0.035,0.113,32.87,32.36,28.69,82.491,1008.341,17693.822,0.184
MSG-000452,REC-03446,2026-09-10T10:01:05Z,2026-09-10T10:01:05Z,SITE-C,ESP32-C01,PV-C01,3.222,0.047,0.153,32.88,32.4,28.621,83.297,1008.386,17838.158,0.191
MSG-000453,REC-03447,2026-09-10T10:01:10Z,2026-09-10T10:01:10Z,SITE-C,ESP32-C01,PV-C01,3.237,0.049,0.159,32.89,32.45,28.711,84.015,1008.422,17627.323,0.175
MSG-000454,REC-03448,2026-09-10T10:01:15Z,2026-09-10T10:01:15Z,SITE-C,ESP32-C01,PV-C01,3.223,0.222,0.716,32.91,32.31,28.853,84.461,1008.51,17807.359,0.213
MSG-000455,REC-03449,2026-09-10T10:01:20Z,2026-09-10T10:01:20Z,SITE-C,ESP32-C01,PV-C01,3.22,0.091,0.293,32.85,32.7,28.574,83.346,1008.473,17705.821,0.182
MSG-000456,REC-03450,2026-09-10T10:01:25Z,2026-09-10T10:01:25Z,SITE-C,ESP32-C01,PV-C01,3.238,-0.194,0.628,32.96,32.38,28.649,83.481,1008.353,17745.724,0.185
MSG-000457,REC-03451,2026-09-10T10:01:30Z,2026-09-10T10:01:30Z,SITE-C,ESP32-C01,PV-C01,3.238,-0.57,1.847,33.0,32.48,28.765,83.782,1008.413,17784.636,0.178
MSG-000458,REC-03452,2026-09-10T10:01:35Z,2026-09-10T10:01:35Z,SITE-C,ESP32-C01,PV-C01,3.24,0.327,1.059,32.84,32.55,28.779,83.084,1008.406,17984.79,0.18
MSG-000459,REC-03453,2026-09-10T10:01:40Z,2026-09-10T10:01:40Z,SITE-C,ESP32-C01,PV-C01,3.202,-0.671,2.148,32.8,32.47,28.814,83.388,1008.357,17752.056,0.158
MSG-000460,REC-03454,2026-09-10T10:01:45Z,2026-09-10T10:01:45Z,SITE-C,ESP32-C01,PV-C01,3.212,0.207,0.664,32.78,-999.0,28.677,83.526,1008.451,17893.188,0.138
MSG-000461,REC-03455,2026-09-10T10:01:50Z,2026-09-10T10:01:50Z,SITE-C,ESP32-C01,PV-C01,3.213,0.726,2.333,32.9,32.43,28.758,84.422,1008.299,17866.947,0.142
MSG-000462,REC-03456,2026-09-10T10:01:55Z,2026-09-10T10:01:55Z,SITE-C,ESP32-C01,PV-C01,3.227,-0.033,0.106,32.9,32.26,28.732,84.002,1008.416,17800.814,0.199
MSG-000463,REC-03457,2026-09-10T10:02:00Z,2026-09-10T10:02:00Z,SITE-C,ESP32-C01,PV-C01,3.233,-0.186,0.603,32.91,32.4,28.6,83.845,1008.456,17421.418,0.157
MSG-000464,REC-03458,2026-09-10T10:02:05Z,2026-09-10T10:02:05Z,SITE-C,ESP32-C01,PV-C01,3.221,-0.143,0.461,32.88,32.53,28.896,83.316,1008.393,17553.272,0.171
MSG-000465,REC-03459,2026-09-10T10:02:10Z,2026-09-10T10:02:10Z,SITE-C,ESP32-C01,PV-C01,3.219,-0.154,0.495,32.79,32.27,28.846,83.97,1008.485,17445.775,0.151
MSG-000466,REC-03460,2026-09-10T10:02:15Z,2026-09-10T10:02:15Z,SITE-C,ESP32-C01,PV-C01,3.228,0.043,0.137,32.66,32.31,28.726,83.229,1008.483,17999.899,0.19
MSG-000467,REC-03461,2026-09-10T10:02:20Z,2026-09-10T10:02:20Z,SITE-C,ESP32-C01,PV-C01,3.246,-0.136,0.443,32.78,32.52,28.767,83.937,1008.464,17470.178,0.189
MSG-000468,REC-03462,2026-09-10T10:02:25Z,2026-09-10T10:02:25Z,SITE-C,ESP32-C01,PV-C01,3.23,0.21,0.679,32.98,32.38,28.642,83.775,1008.468,17517.953,0.157
MSG-000469,REC-03463,2026-09-10T10:02:30Z,2026-09-10T10:02:30Z,SITE-C,ESP32-C01,PV-C01,3.237,-0.07,0.225,32.87,32.33,28.799,83.882,1008.459,17327.985,0.162
MSG-000470,REC-03464,2026-09-10T10:02:35Z,2026-09-10T10:02:35Z,SITE-C,ESP32-C01,PV-C01,3.232,-0.11,0.357,32.88,32.43,28.744,83.093,1008.378,17543.837,0.167
MSG-000471,REC-03465,2026-09-10T10:02:40Z,2026-09-10T10:02:40Z,SITE-C,ESP32-C01,PV-C01,3.203,0.392,1.254,32.93,32.37,28.766,83.774,1008.479,17799.88,0.19
MSG-000472,REC-03466,2026-09-10T10:02:45Z,2026-09-10T10:02:45Z,SITE-C,ESP32-C01,PV-C01,3.21,0.498,1.599,32.78,32.19,28.659,84.653,1008.439,17880.651,0.198
MSG-000473,REC-03467,2026-09-10T10:02:50Z,2026-09-10T10:02:50Z,SITE-C,ESP32-C01,PV-C01,3.23,-0.613,1.979,32.9,32.33,28.66,84.021,1008.37,17660.337,0.171
MSG-000474,REC-03468,2026-09-10T10:02:55Z,2026-09-10T10:02:55Z,SITE-C,ESP32-C01,PV-C01,3.234,-0.127,0.41,32.91,32.59,28.719,83.748,1008.415,18006.023,0.224
MSG-000475,REC-03469,2026-09-10T10:03:00Z,2026-09-10T10:03:00Z,SITE-C,ESP32-C01,PV-C01,3.233,0.016,0.053,32.8,32.45,28.813,84.181,1008.443,17738.649,0.196
MSG-000476,REC-03470,2026-09-10T10:03:05Z,2026-09-10T10:03:05Z,SITE-C,ESP32-C01,PV-C01,3.22,0.726,2.336,32.93,32.58,28.678,83.42,1008.352,17825.819,0.179
MSG-000477,REC-03471,2026-09-10T10:03:10Z,2026-09-10T10:03:10Z,SITE-C,ESP32-C01,PV-C01,3.207,0.342,1.098,33.01,32.38,28.821,84.085,1008.423,17939.901,0.17
MSG-000478,REC-03472,2026-09-10T10:03:15Z,2026-09-10T10:03:15Z,SITE-C,ESP32-C01,PV-C01,3.221,0.309,0.996,32.89,32.48,28.725,83.18,1008.475,18209.675,0.165
MSG-000479,REC-03473,2026-09-10T10:03:20Z,2026-09-10T10:03:20Z,SITE-C,ESP32-C01,PV-C01,3.23,0.629,2.032,32.79,32.47,28.718,82.885,1008.393,18021.202,0.161
MSG-000480,REC-03474,2026-09-10T10:03:25Z,2026-09-10T10:03:25Z,SITE-C,ESP32-C01,PV-C01,3.222,0.657,2.117,32.93,32.43,28.954,83.447,1008.299,17837.996,0.169
MSG-000481,REC-03475,2026-09-10T10:03:30Z,2026-09-10T10:03:30Z,SITE-C,ESP32-C01,PV-C01,3.225,0.243,0.783,32.82,32.44,28.772,84.455,1008.492,17922.199,0.169
MSG-000482,REC-03476,2026-09-10T10:03:35Z,2026-09-10T10:03:35Z,SITE-C,ESP32-C01,PV-C01,3.239,0.111,0.361,32.91,32.36,28.778,83.641,1008.401,17956.555,0.153
MSG-000483,REC-03477,2026-09-10T10:03:40Z,2026-09-10T10:03:40Z,SITE-C,ESP32-C01,PV-C01,3.222,0.681,2.195,32.82,32.53,28.752,83.483,1008.509,17898.579,0.184
MSG-000484,REC-03478,2026-09-10T10:03:45Z,2026-09-10T10:03:45Z,SITE-C,ESP32-C01,PV-C01,3.253,0.747,2.429,32.88,32.46,28.778,83.473,1008.469,18045.388,0.186
MSG-000485,REC-03479,2026-09-10T10:03:50Z,2026-09-10T10:03:50Z,SITE-C,ESP32-C01,PV-C01,3.229,0.862,2.783,32.97,32.41,28.809,84.334,1008.382,17612.086,0.159
MSG-000486,REC-03480,2026-09-10T10:03:55Z,2026-09-10T10:03:55Z,SITE-C,ESP32-C01,PV-C01,3.252,0.332,1.08,32.87,32.44,28.701,83.017,1008.465,18015.718,0.15
MSG-000487,REC-03481,2026-09-10T10:31:00Z,2026-09-10T10:31:00Z,SITE-E,ESP32-E01,PV-E01,2.519,35.492,89.407,37.7,35.99,29.06,79.788,1008.533,35497.086,0.188
MSG-000488,REC-03482,2026-09-10T10:31:05Z,2026-09-10T10:31:05Z,SITE-E,ESP32-E01,PV-E01,2.541,36.537,92.828,37.67,35.88,29.053,78.618,1008.6,35426.722,0.165
MSG-000489,REC-03483,2026-09-10T10:31:10Z,2026-09-10T10:31:10Z,SITE-E,ESP32-E01,PV-E01,2.516,36.166,90.978,37.59,35.85,29.224,78.597,1008.623,35371.855,0.16
MSG-000490,REC-03484,2026-09-10T10:31:15Z,2026-09-10T10:31:15Z,SITE-E,ESP32-E01,PV-E01,2.537,36.56,92.739,37.66,35.89,29.019,78.278,1008.611,35215.319,0.175
MSG-000491,REC-03485,2026-09-10T10:31:20Z,2026-09-10T10:31:20Z,SITE-E,ESP32-E01,PV-E01,2.52,36.297,91.479,37.58,35.83,29.078,78.11,1008.589,35298.218,0.182
MSG-000492,REC-03486,2026-09-10T10:31:25Z,2026-09-10T10:31:25Z,SITE-E,ESP32-E01,PV-E01,2.503,35.587,89.092,37.71,35.87,29.081,78.402,1008.585,35637.495,0.162
MSG-000493,REC-03488,2026-09-10T10:31:35Z,2026-09-10T10:31:35Z,SITE-E,ESP32-E01,PV-E01,2.531,35.301,89.343,37.52,35.75,29.094,79.433,1008.656,35461.776,0.173
MSG-000494,REC-03489,2026-09-10T10:31:40Z,2026-09-10T10:31:40Z,SITE-E,ESP32-E01,PV-E01,2.526,35.989,90.908,37.54,35.91,29.278,78.18,1008.633,35249.728,0.15
MSG-000495,REC-03490,2026-09-10T10:31:45Z,2026-09-10T10:31:45Z,SITE-E,ESP32-E01,PV-E01,2.524,36.389,91.848,37.85,35.94,28.963,79.142,1008.668,35465.588,0.175
MSG-000496,REC-03491,2026-09-10T10:31:50Z,2026-09-10T10:31:50Z,SITE-E,ESP32-E01,PV-E01,2.549,35.649,90.873,37.74,35.87,29.219,78.962,1008.572,35521.576,0.175
MSG-000497,REC-03492,2026-09-10T10:31:55Z,2026-09-10T10:31:55Z,SITE-E,ESP32-E01,PV-E01,2.528,36.163,91.424,37.6,36.01,29.054,78.663,1008.693,35630.92,0.14
MSG-000498,REC-03493,2026-09-10T10:32:00Z,2026-09-10T10:32:00Z,SITE-E,ESP32-E01,PV-E01,2.549,36.573,93.213,37.58,35.87,28.88,78.671,1008.562,35742.991,0.148
MSG-000499,REC-03495,2026-09-10T10:32:10Z,2026-09-10T10:32:10Z,SITE-E,ESP32-E01,PV-E01,2.543,36.479,92.766,37.72,35.98,29.065,79.493,1008.541,35967.457,0.162
MSG-000500,REC-03496,2026-09-10T10:32:15Z,2026-09-10T10:32:15Z,SITE-E,ESP32-E01,PV-E01,2.533,36.206,91.7,37.81,35.93,29.232,78.363,1008.474,35979.633,0.159
MSG-000501,REC-03497,2026-09-10T10:32:20Z,2026-09-10T10:32:20Z,SITE-E,ESP32-E01,PV-E01,2.517,37.231,93.712,37.8,36.05,28.985,79.465,1008.547,36153.699,0.2
MSG-000502,REC-03498,2026-09-10T10:32:25Z,2026-09-10T10:32:25Z,SITE-E,ESP32-E01,PV-E01,2.517,37.684,94.864,37.75,35.93,29.026,79.429,1008.582,35702.271,0.188
MSG-000503,REC-03503,2026-09-10T10:32:50Z,2026-09-10T10:32:50Z,SITE-E,ESP32-E01,PV-E01,2.517,35.182,88.552,37.72,35.96,29.196,79.122,1008.615,35426.887,0.151
MSG-000504,REC-03504,2026-09-10T10:32:55Z,2026-09-10T10:32:55Z,SITE-E,ESP32-E01,PV-E01,2.494,36.372,90.718,37.84,36.01,29.202,78.046,1008.591,35821.762,0.175
MSG-000505,REC-03505,2026-09-10T10:33:00Z,2026-09-10T10:33:00Z,SITE-E,ESP32-E01,PV-E01,2.525,36.269,91.585,37.67,35.76,29.049,79.41,1008.676,35597.729,0.187
MSG-000506,REC-03506,2026-09-10T10:33:05Z,2026-09-10T10:33:05Z,SITE-E,ESP32-E01,PV-E01,2.527,36.201,91.49,37.77,35.95,29.073,78.962,1008.669,35723.236,0.181
MSG-000507,REC-03507,2026-09-10T10:33:10Z,2026-09-10T10:33:10Z,SITE-E,ESP32-E01,PV-E01,2.547,36.076,91.876,37.62,35.74,28.88,79.388,1008.703,35335.439,0.177
MSG-000508,REC-03508,2026-09-10T10:33:15Z,2026-09-10T10:33:15Z,SITE-E,ESP32-E01,PV-E01,2.514,35.53,89.314,37.64,35.82,29.083,77.776,1008.549,35145.485,0.198
MSG-000509,REC-03509,2026-09-10T10:33:20Z,2026-09-10T10:33:20Z,SITE-E,ESP32-E01,PV-E01,2.528,35.821,90.543,37.57,35.97,29.027,77.508,1008.576,35338.336,0.215
MSG-000510,REC-03510,2026-09-10T10:33:25Z,2026-09-10T10:33:25Z,SITE-E,ESP32-E01,PV-E01,2.511,35.212,88.416,37.66,36.12,29.038,79.002,1008.73,35384.348,0.185
MSG-000511,REC-03511,2026-09-10T10:33:30Z,2026-09-10T10:33:30Z,SITE-E,ESP32-E01,PV-E01,2.521,35.735,90.091,37.62,35.84,29.116,77.403,1008.649,35113.857,0.154
MSG-000512,REC-03512,2026-09-10T10:33:35Z,2026-09-10T10:33:35Z,SITE-E,ESP32-E01,PV-E01,2.521,35.507,89.502,37.68,35.76,29.006,77.52,1008.644,35168.065,0.157
MSG-000513,REC-03514,2026-09-10T10:33:45Z,2026-09-10T10:33:45Z,SITE-E,ESP32-E01,PV-E01,2.523,35.838,90.432,37.61,35.87,28.964,79.892,1008.558,34967.166,0.181
MSG-000514,REC-03515,2026-09-10T10:33:50Z,2026-09-10T10:33:50Z,SITE-E,ESP32-E01,PV-E01,2.524,35.015,88.38,37.49,35.82,29.035,78.325,1008.44,35146.619,0.189
MSG-000515,REC-03516,2026-09-10T10:33:55Z,2026-09-10T10:33:55Z,SITE-E,ESP32-E01,PV-E01,2.528,34.986,88.45,37.63,35.8,28.886,79.433,1008.605,35129.703,0.148
MSG-000516,REC-03517,2026-09-10T10:34:00Z,2026-09-10T10:34:00Z,SITE-E,ESP32-E01,PV-E01,2.526,35.396,89.419,37.64,35.81,29.064,78.082,1008.609,35042.322,0.196
MSG-000517,REC-03518,2026-09-10T10:34:05Z,2026-09-10T10:34:05Z,SITE-E,ESP32-E01,PV-E01,2.517,35.644,89.699,37.65,35.89,28.813,78.493,1008.642,35194.037,0.204
MSG-000518,REC-03519,2026-09-10T10:34:10Z,2026-09-10T10:34:10Z,SITE-E,ESP32-E01,PV-E01,2.525,35.464,89.562,37.64,35.87,28.937,78.952,1008.643,35124.941,0.169
MSG-000519,REC-03520,2026-09-10T10:34:15Z,2026-09-10T10:34:15Z,SITE-E,ESP32-E01,PV-E01,2.529,35.197,89.025,37.78,35.82,29.102,78.828,1008.679,35039.047,0.164
MSG-000520,REC-03521,2026-09-10T10:34:20Z,2026-09-10T10:34:20Z,SITE-E,ESP32-E01,PV-E01,2.557,35.773,91.46,37.7,35.86,28.938,78.041,1008.561,35367.047,0.195
MSG-000521,REC-03522,2026-09-10T10:34:25Z,2026-09-10T10:34:25Z,SITE-E,ESP32-E01,PV-E01,2.516,35.213,88.597,37.67,35.87,28.831,78.594,1008.508,35159.049,0.188
MSG-000522,REC-03523,2026-09-10T10:34:30Z,2026-09-10T10:34:30Z,SITE-E,ESP32-E01,PV-E01,2.527,35.893,90.707,37.62,35.83,29.084,78.936,1008.665,35502.548,0.18
MSG-000523,REC-03524,2026-09-10T10:34:35Z,2026-09-10T10:34:35Z,SITE-E,ESP32-E01,PV-E01,2.508,35.573,89.217,37.55,35.86,29.156,79.124,1008.66,35575.148,0.192
MSG-000524,REC-03525,2026-09-10T10:34:40Z,2026-09-10T10:34:40Z,SITE-E,ESP32-E01,PV-E01,2.502,35.759,89.453,37.68,35.93,29.085,79.235,1008.558,35050.734,0.186
MSG-000525,REC-03526,2026-09-10T10:34:45Z,2026-09-10T10:34:45Z,SITE-E,ESP32-E01,PV-E01,2.513,36.181,90.924,37.66,35.85,28.946,78.799,1008.679,35227.883,0.146
MSG-000526,REC-03527,2026-09-10T10:34:50Z,2026-09-10T10:34:50Z,SITE-E,ESP32-E01,PV-E01,2.492,35.812,89.252,37.57,35.74,28.954,77.628,1008.623,35432.083,0.17
MSG-000527,REC-03529,2026-09-10T10:35:00Z,2026-09-10T10:35:00Z,SITE-E,ESP32-E01,PV-E01,2.515,36.373,91.494,37.64,35.91,29.098,78.343,1008.58,35469.641,0.189
MSG-000528,REC-03530,2026-09-10T10:35:05Z,2026-09-10T10:35:05Z,SITE-E,ESP32-E01,PV-E01,2.523,35.329,89.13,37.63,35.8,29.022,79.218,1008.585,35670.337,0.141
MSG-000529,REC-03531,2026-09-10T10:35:10Z,2026-09-10T10:35:10Z,SITE-E,ESP32-E01,PV-E01,2.502,37.167,92.989,37.65,35.91,28.996,78.873,1008.536,35639.694,0.203
MSG-000530,REC-03532,2026-09-10T10:35:15Z,2026-09-10T10:35:15Z,SITE-E,ESP32-E01,PV-E01,2.527,36.425,92.03,37.74,35.87,29.096,78.772,1008.563,35565.215,0.179
MSG-000531,REC-03533,2026-09-10T10:35:20Z,2026-09-10T10:35:20Z,SITE-E,ESP32-E01,PV-E01,2.554,35.953,91.824,37.68,35.98,29.054,78.662,1008.483,35288.581,0.19
MSG-000532,REC-03534,2026-09-10T10:35:25Z,2026-09-10T10:35:25Z,SITE-E,ESP32-E01,PV-E01,2.544,35.489,90.27,37.64,35.89,29.18,78.116,1008.562,89527.566,0.147
MSG-000533,REC-03535,2026-09-10T10:35:30Z,2026-09-10T10:35:30Z,SITE-E,ESP32-E01,PV-E01,2.503,36.463,91.278,37.61,35.9,29.019,78.518,1008.648,35915.357,0.169
MSG-000534,REC-03536,2026-09-10T10:35:35Z,2026-09-10T10:35:35Z,SITE-E,ESP32-E01,PV-E01,2.518,35.918,90.449,37.67,35.89,29.198,78.986,1008.607,35885.064,0.17
MSG-000535,REC-03537,2026-09-10T10:35:40Z,2026-09-10T10:35:40Z,SITE-E,ESP32-E01,PV-E01,2.512,35.335,88.744,37.73,35.76,29.071,79.528,1008.526,35412.823,0.137
MSG-000536,REC-03538,2026-09-10T10:35:45Z,2026-09-10T10:35:45Z,SITE-E,ESP32-E01,PV-E01,2.56,35.002,89.619,37.62,35.95,29.158,78.906,1008.606,35101.395,0.169
MSG-000537,REC-03540,2026-09-10T10:35:55Z,2026-09-10T10:35:55Z,SITE-E,ESP32-E01,PV-E01,2.517,35.94,90.474,37.67,35.82,28.969,78.982,1008.614,35501.244,0.148
MSG-000538,REC-03541,2026-09-11T01:44:00Z,2026-09-11T01:44:00Z,SITE-B,ESP32-B01,PV-B01,3.215,0.294,0.946,26.56,26.12,24.039,93.332,1010.382,9122.912,0.138
MSG-000539,REC-03542,2026-09-11T01:44:05Z,2026-09-11T01:44:05Z,SITE-B,ESP32-B01,PV-B01,3.217,0.136,0.436,26.53,26.02,24.161,92.685,1010.283,9251.552,0.16
MSG-000540,REC-03543,2026-09-11T01:44:10Z,2026-09-11T01:44:10Z,SITE-B,ESP32-B01,PV-B01,3.189,-0.196,0.625,26.49,26.04,24.009,92.587,1010.168,9334.787,0.156
MSG-000541,REC-03544,2026-09-11T01:44:15Z,2026-09-11T01:44:15Z,SITE-B,ESP32-B01,PV-B01,3.213,0.207,0.665,26.5,26.11,24.196,92.586,1010.267,9370.944,0.153
MSG-000542,REC-03545,2026-09-11T01:44:20Z,2026-09-11T01:44:20Z,SITE-B,ESP32-B01,PV-B01,3.22,0.131,0.421,26.56,26.07,24.186,92.875,1010.375,9226.991,0.153
MSG-000543,REC-03546,2026-09-11T01:44:25Z,2026-09-11T01:44:25Z,SITE-B,ESP32-B01,PV-B01,3.203,-0.072,0.231,26.53,26.01,24.046,91.97,1010.249,9236.013,0.172
MSG-000544,REC-03547,2026-09-11T01:44:30Z,2026-09-11T01:44:30Z,SITE-B,ESP32-B01,PV-B01,3.198,-0.659,2.108,26.5,26.17,23.984,92.717,1010.324,9186.959,0.15
MSG-000545,REC-03548,2026-09-11T01:44:35Z,2026-09-11T01:44:35Z,SITE-B,ESP32-B01,PV-B01,3.209,0.159,0.509,26.54,25.97,24.294,92.75,1010.276,9003.711,0.159
MSG-000546,REC-03549,2026-09-11T01:44:40Z,2026-09-11T01:44:40Z,SITE-B,ESP32-B01,PV-B01,3.201,-0.017,0.056,26.47,25.8,24.085,92.867,1010.266,8903.329,0.169
MSG-000547,REC-03550,2026-09-11T01:44:45Z,2026-09-11T01:44:45Z,SITE-B,ESP32-B01,PV-B01,3.2,-0.169,0.542,26.52,26.06,24.076,92.896,1010.35,9037.071,0.157
MSG-000548,REC-03551,2026-09-11T01:44:50Z,2026-09-11T01:44:50Z,SITE-B,ESP32-B01,PV-B01,3.217,0.225,0.725,26.65,26.05,24.084,92.613,1010.251,9197.216,0.165
MSG-000549,REC-03552,2026-09-11T01:44:55Z,2026-09-11T01:44:55Z,SITE-B,ESP32-B01,PV-B01,3.209,-0.04,0.128,26.46,26.04,24.248,93.111,1010.328,9158.169,0.158
MSG-000550,REC-03553,2026-09-11T01:45:00Z,2026-09-11T01:45:00Z,SITE-B,ESP32-B01,PV-B01,3.2,0.283,0.905,26.46,26.05,24.226,92.73,1010.333,8990.498,0.103
MSG-000551,REC-03554,2026-09-11T01:45:05Z,2026-09-11T01:45:05Z,SITE-B,ESP32-B01,PV-B01,3.204,-0.24,0.77,26.4,25.98,24.249,93.24,1010.272,8907.649,0.152
MSG-000552,REC-03555,2026-09-11T01:45:10Z,2026-09-11T01:45:10Z,SITE-B,ESP32-B01,PV-B01,3.207,0.868,2.784,26.48,26.11,24.073,92.691,1010.281,9282.59,0.167
MSG-000553,REC-03556,2026-09-11T01:45:15Z,2026-09-11T01:45:15Z,SITE-B,ESP32-B01,PV-B01,3.189,0.135,0.432,26.53,25.92,24.239,92.995,1010.25,9013.225,0.139
MSG-000554,REC-03557,2026-09-11T01:45:20Z,2026-09-11T01:45:20Z,SITE-B,ESP32-B01,PV-B01,3.209,0.219,0.702,26.46,26.03,24.086,92.829,1010.301,9073.626,0.122
MSG-000555,REC-03558,2026-09-11T01:45:25Z,2026-09-11T01:45:25Z,SITE-B,ESP32-B01,PV-B01,3.229,0.293,0.945,-127.0,25.96,24.123,92.577,1010.318,8789.138,0.154
MSG-000556,REC-03559,2026-09-11T01:45:30Z,2026-09-11T01:45:30Z,SITE-B,ESP32-B01,PV-B01,3.2,-1.183,3.785,-127.0,26.1,24.157,93.992,1010.337,8966.534,0.155
MSG-000557,REC-03560,2026-09-11T01:45:35Z,2026-09-11T01:45:35Z,SITE-B,ESP32-B01,PV-B01,3.198,-0.342,1.093,-127.0,25.96,24.033,92.156,1010.303,9160.876,0.156
MSG-000558,REC-03561,2026-09-11T01:45:40Z,2026-09-11T01:45:40Z,SITE-B,ESP32-B01,PV-B01,3.2,0.615,1.969,-127.0,26.02,24.189,92.87,1010.27,8804.743,0.151
MSG-000559,REC-03562,2026-09-11T01:45:45Z,2026-09-11T01:45:45Z,SITE-B,ESP32-B01,PV-B01,3.193,-0.207,0.662,-127.0,26.04,24.181,92.506,1010.317,8990.77,0.167
MSG-000560,REC-03563,2026-09-11T01:45:50Z,2026-09-11T01:45:50Z,SITE-B,ESP32-B01,PV-B01,3.2,0.381,1.219,-127.0,26.05,24.1,92.504,1010.28,9045.35,0.143
MSG-000561,REC-03564,2026-09-11T01:45:55Z,2026-09-11T01:45:55Z,SITE-B,ESP32-B01,PV-B01,3.215,0.312,1.004,-127.0,25.98,24.217,92.629,1010.377,9262.148,0.124
MSG-000562,REC-03565,2026-09-11T01:46:00Z,2026-09-11T01:46:00Z,SITE-B,ESP32-B01,PV-B01,3.203,0.498,1.595,-127.0,26.07,24.21,93.752,1010.42,9182.748,0.143
MSG-000563,REC-03566,2026-09-11T01:46:05Z,2026-09-11T01:46:05Z,SITE-B,ESP32-B01,PV-B01,3.201,0.595,1.904,-127.0,26.05,24.136,91.616,1010.302,9280.654,0.119
MSG-000564,REC-03567,2026-09-11T01:46:10Z,2026-09-11T01:46:10Z,SITE-B,ESP32-B01,PV-B01,3.212,-0.191,0.614,26.63,26.08,24.325,93.527,1010.398,9149.871,0.149
MSG-000565,REC-03568,2026-09-11T01:46:15Z,2026-09-11T01:46:15Z,SITE-B,ESP32-B01,PV-B01,3.198,0.24,0.768,26.5,26.18,24.141,92.319,1010.269,9165.864,0.172
MSG-000566,REC-03569,2026-09-11T01:46:20Z,2026-09-11T01:46:20Z,SITE-B,ESP32-B01,PV-B01,3.19,0.304,0.971,26.46,26.07,24.097,92.058,1010.367,8825.217,0.169
MSG-000567,REC-03570,2026-09-11T01:46:25Z,2026-09-11T01:46:25Z,SITE-B,ESP32-B01,PV-B01,3.213,0.524,1.685,26.59,26.01,24.044,92.954,1010.31,8896.248,0.151
MSG-000568,REC-03571,2026-09-11T01:46:30Z,2026-09-11T01:46:30Z,SITE-B,ESP32-B01,PV-B01,3.217,-0.485,1.56,26.45,26.24,24.243,92.404,1010.32,9305.397,0.123
MSG-000569,REC-03572,2026-09-11T01:46:35Z,2026-09-11T01:46:35Z,SITE-B,ESP32-B01,PV-B01,3.194,-0.264,0.844,26.76,26.17,24.151,93.133,1010.237,9038.517,0.147
MSG-000570,REC-03573,2026-09-11T01:46:40Z,2026-09-11T01:46:40Z,SITE-B,ESP32-B01,PV-B01,3.197,-0.581,1.857,26.46,26.12,24.125,92.682,1010.403,9024.698,0.168
MSG-000571,REC-03574,2026-09-11T01:46:45Z,2026-09-11T01:46:45Z,SITE-B,ESP32-B01,PV-B01,3.191,-0.132,0.421,26.58,26.07,24.284,93.223,1010.392,8800.973,0.149
MSG-000572,REC-03575,2026-09-11T01:46:50Z,2026-09-11T01:46:50Z,SITE-B,ESP32-B01,PV-B01,3.237,0.165,0.533,26.54,26.14,24.055,91.926,1010.257,9318.026,0.123
MSG-000573,REC-03576,2026-09-11T01:46:55Z,2026-09-11T01:46:55Z,SITE-B,ESP32-B01,PV-B01,3.219,-0.145,0.467,26.49,25.93,24.13,92.263,1010.278,8983.035,0.122
MSG-000574,REC-03577,2026-09-11T01:47:00Z,2026-09-11T01:47:00Z,SITE-B,ESP32-B01,PV-B01,3.21,0.208,0.668,26.5,26.23,24.094,92.225,1010.277,9070.507,0.125
MSG-000575,REC-03578,2026-09-11T01:47:05Z,2026-09-11T01:47:05Z,SITE-B,ESP32-B01,PV-B01,3.218,0.523,1.682,26.66,26.17,23.997,91.939,1010.252,9339.128,0.136
MSG-000576,REC-03579,2026-09-11T01:47:10Z,2026-09-11T01:47:10Z,SITE-B,ESP32-B01,PV-B01,3.22,-0.437,1.408,26.6,26.09,24.05,92.385,1010.298,8816.86,0.153
MSG-000577,REC-03580,2026-09-11T01:47:15Z,2026-09-11T01:47:15Z,SITE-B,ESP32-B01,PV-B01,3.227,-0.118,0.379,26.51,26.17,24.142,93.965,1010.323,9363.95,0.164
MSG-000578,REC-03581,2026-09-11T01:47:20Z,2026-09-11T01:47:20Z,SITE-B,ESP32-B01,PV-B01,3.208,-0.644,2.067,26.53,26.15,24.161,92.559,1010.328,9028.344,0.156
MSG-000579,REC-03582,2026-09-11T01:47:25Z,2026-09-11T01:47:25Z,SITE-B,ESP32-B01,PV-B01,3.214,0.385,1.236,26.51,26.02,24.147,92.908,1010.331,9132.746,0.158
MSG-000580,REC-03583,2026-09-11T01:47:30Z,2026-09-11T01:47:30Z,SITE-B,ESP32-B01,PV-B01,3.198,0.045,0.145,26.65,26.12,24.101,92.45,1010.285,9010.076,0.172
MSG-000581,REC-03584,2026-09-11T01:47:35Z,2026-09-11T01:47:35Z,SITE-B,ESP32-B01,PV-B01,3.208,0.605,1.941,26.65,26.13,24.03,93.327,1010.423,8930.228,0.145
MSG-000582,REC-03585,2026-09-11T01:47:40Z,2026-09-11T01:47:40Z,SITE-B,ESP32-B01,PV-B01,3.202,-0.137,0.439,26.62,26.09,24.081,91.779,1010.216,8994.296,0.156
MSG-000583,REC-03586,2026-09-11T01:47:45Z,2026-09-11T01:47:45Z,SITE-B,ESP32-B01,PV-B01,3.209,-0.611,1.961,26.6,26.09,24.281,93.213,1010.196,8997.914,0.161
MSG-000584,REC-03587,2026-09-11T01:47:50Z,2026-09-11T01:47:50Z,SITE-B,ESP32-B01,PV-B01,3.169,-0.316,1.0,26.64,26.19,24.018,93.065,1010.328,8985.773,0.149
MSG-000585,REC-03588,2026-09-11T01:47:55Z,2026-09-11T01:47:55Z,SITE-B,ESP32-B01,PV-B01,3.202,0.15,0.479,26.44,26.12,24.022,92.032,1010.282,9353.015,0.147
MSG-000586,REC-03589,2026-09-11T01:48:00Z,2026-09-11T01:48:00Z,SITE-B,ESP32-B01,PV-B01,3.18,0.23,0.73,26.6,26.25,24.266,92.003,1010.189,8957.227,0.142
MSG-000587,REC-03590,2026-09-11T01:48:05Z,2026-09-11T01:48:05Z,SITE-B,ESP32-B01,PV-B01,3.216,0.202,0.648,26.65,26.04,24.247,93.569,1010.311,8845.303,0.162
MSG-000588,REC-03591,2026-09-11T01:48:10Z,2026-09-11T01:48:10Z,SITE-B,ESP32-B01,PV-B01,3.188,0.332,1.057,26.57,26.12,24.158,93.055,1010.256,8796.374,0.143
MSG-000589,REC-03592,2026-09-11T01:48:15Z,2026-09-11T01:48:15Z,SITE-B,ESP32-B01,PV-B01,3.198,-0.261,0.834,26.56,26.01,24.228,92.38,1010.335,9114.124,0.194
MSG-000590,REC-03593,2026-09-11T01:48:20Z,2026-09-11T01:48:20Z,SITE-B,ESP32-B01,PV-B01,3.2,-0.291,0.93,26.51,26.15,24.046,91.858,1010.323,8818.108,0.178
MSG-000591,REC-03594,2026-09-11T01:48:25Z,2026-09-11T01:48:25Z,SITE-B,ESP32-B01,PV-B01,3.21,0.301,0.967,26.52,26.01,24.241,92.351,1010.35,9046.481,0.155
MSG-000592,REC-03595,2026-09-11T01:48:30Z,2026-09-11T01:48:30Z,SITE-B,ESP32-B01,PV-B01,3.203,0.445,1.425,26.51,26.11,24.229,92.217,1010.247,9339.058,0.14
MSG-000593,REC-03596,2026-09-11T01:48:35Z,2026-09-11T01:48:35Z,SITE-B,ESP32-B01,PV-B01,3.206,0.927,2.97,26.59,26.19,24.149,92.875,1010.303,9087.371,0.14
MSG-000594,REC-03597,2026-09-11T01:48:40Z,2026-09-11T01:48:40Z,SITE-B,ESP32-B01,PV-B01,3.204,0.208,0.667,26.55,26.12,24.168,94.598,1010.254,9134.601,0.182
MSG-000595,REC-03598,2026-09-11T01:48:45Z,2026-09-11T01:48:45Z,SITE-B,ESP32-B01,PV-B01,3.206,-0.107,0.342,26.46,26.05,24.256,93.049,1010.27,9071.399,0.168
MSG-000596,REC-03599,2026-09-11T01:48:50Z,2026-09-11T01:48:50Z,SITE-B,ESP32-B01,PV-B01,3.192,0.118,0.377,26.66,26.2,24.301,92.719,1010.325,9120.462,0.174
MSG-000597,REC-03600,2026-09-11T01:48:55Z,2026-09-11T01:48:55Z,SITE-B,ESP32-B01,PV-B01,3.199,0.567,1.813,26.64,26.15,24.21,93.718,1010.262,9108.017,0.159
MSG-000598,REC-03601,2026-09-11T02:21:00Z,2026-09-11T02:21:00Z,SITE-E,ESP32-E01,PV-E01,2.737,48.125,131.704,33.6,33.08,25.74,84.743,1009.613,32159.65,0.096
MSG-000599,REC-03602,2026-09-11T02:21:05Z,2026-09-11T02:21:05Z,SITE-E,ESP32-E01,PV-E01,2.74,47.769,130.899,33.62,33.02,25.418,84.526,1009.614,32484.309,0.11
MSG-000600,REC-03603,2026-09-11T02:21:10Z,2026-09-11T02:21:10Z,SITE-E,ESP32-E01,PV-E01,2.786,46.89,130.617,33.55,33.0,25.515,85.298,1009.672,32341.626,0.127
MSG-000601,REC-03604,2026-09-11T02:21:15Z,2026-09-11T02:21:15Z,SITE-E,ESP32-E01,PV-E01,2.749,47.053,129.334,33.63,33.06,25.503,83.78,1009.721,32344.12,0.12
MSG-000602,REC-03605,2026-09-11T02:21:20Z,2026-09-11T02:21:20Z,SITE-E,ESP32-E01,PV-E01,2.763,46.364,128.081,33.55,33.02,25.503,84.916,1009.614,32325.546,0.126
MSG-000603,REC-03606,2026-09-11T02:21:25Z,2026-09-11T02:21:25Z,SITE-E,ESP32-E01,PV-E01,2.75,47.481,130.561,-999.0,33.13,25.544,85.936,1009.584,32471.641,0.133
MSG-000604,REC-03607,2026-09-11T02:21:30Z,2026-09-11T02:21:30Z,SITE-E,ESP32-E01,PV-E01,2.738,47.479,130.014,33.64,33.09,25.45,84.351,1009.646,32662.451,0.131
MSG-000605,REC-03608,2026-09-11T02:21:35Z,2026-09-11T02:21:35Z,SITE-E,ESP32-E01,PV-E01,2.767,46.277,128.046,33.54,33.09,25.627,85.693,1009.709,32324.441,0.129
MSG-000606,REC-03609,2026-09-11T02:21:40Z,2026-09-11T02:21:40Z,SITE-E,ESP32-E01,PV-E01,2.756,47.133,129.9,33.62,33.12,25.521,85.132,1009.658,32451.623,0.135
MSG-000607,REC-03610,2026-09-11T02:21:45Z,2026-09-11T02:21:45Z,SITE-E,ESP32-E01,PV-E01,2.746,48.509,133.223,33.51,33.0,25.577,84.513,1009.653,32576.38,0.126
MSG-000608,REC-03611,2026-09-11T02:21:50Z,2026-09-11T02:21:50Z,SITE-E,ESP32-E01,PV-E01,2.777,46.837,130.054,33.54,33.04,25.545,84.441,1009.609,32121.443,0.144
MSG-000609,REC-03612,2026-09-11T02:21:55Z,2026-09-11T02:21:55Z,SITE-E,ESP32-E01,PV-E01,2.762,47.118,130.124,33.66,32.94,25.546,85.994,1009.573,32369.211,0.135
MSG-000610,REC-03613,2026-09-11T02:22:00Z,2026-09-11T02:22:00Z,SITE-E,ESP32-E01,PV-E01,2.757,46.815,129.052,33.67,33.14,25.661,84.798,1009.684,32330.766,0.128
MSG-000611,REC-03614,2026-09-11T02:22:05Z,2026-09-11T02:22:05Z,SITE-E,ESP32-E01,PV-E01,2.756,48.375,133.34,33.51,32.99,25.412,84.631,1009.628,32360.481,0.12
MSG-000612,REC-03615,2026-09-11T02:22:10Z,2026-09-11T02:22:10Z,SITE-E,ESP32-E01,PV-E01,2.78,47.47,131.968,33.61,33.07,25.572,84.657,1009.638,32208.72,0.163
MSG-000613,REC-03616,2026-09-11T02:22:15Z,2026-09-11T02:22:15Z,SITE-E,ESP32-E01,PV-E01,2.762,47.509,131.203,33.54,33.11,25.29,85.475,1009.629,32392.54,0.118
MSG-000614,REC-03617,2026-09-11T02:22:20Z,2026-09-11T02:22:20Z,SITE-E,ESP32-E01,PV-E01,2.772,47.065,130.476,33.56,33.1,25.557,85.802,1009.577,32578.008,0.126
MSG-000615,REC-03618,2026-09-11T02:22:25Z,2026-09-11T02:22:25Z,SITE-E,ESP32-E01,PV-E01,2.782,47.141,131.151,33.69,32.99,25.456,85.228,1009.731,32195.349,0.114
MSG-000616,REC-03619,2026-09-11T02:22:30Z,2026-09-11T02:22:30Z,SITE-E,ESP32-E01,PV-E01,2.748,47.475,130.452,33.63,33.06,25.567,85.828,1009.674,32254.076,0.127
MSG-000617,REC-03620,2026-09-11T02:22:35Z,2026-09-11T02:22:35Z,SITE-E,ESP32-E01,PV-E01,2.776,48.015,133.293,33.64,33.21,25.565,85.007,1009.692,32555.334,0.128
MSG-000618,REC-03621,2026-09-11T02:22:40Z,2026-09-11T02:22:40Z,SITE-E,ESP32-E01,PV-E01,2.75,47.145,129.667,33.69,33.17,25.673,85.811,1009.583,31968.564,0.135
MSG-000619,REC-03622,2026-09-11T02:22:45Z,2026-09-11T02:22:45Z,SITE-E,ESP32-E01,PV-E01,2.754,46.687,128.576,33.5,33.13,25.619,84.853,1009.668,32417.369,0.113
MSG-000620,REC-03623,2026-09-11T02:22:50Z,2026-09-11T02:22:50Z,SITE-E,ESP32-E01,PV-E01,2.775,46.325,128.549,33.46,33.07,25.643,85.511,1009.667,32066.28,0.146
MSG-000621,REC-03624,2026-09-11T02:22:55Z,2026-09-11T02:22:55Z,SITE-E,ESP32-E01,PV-E01,2.748,46.804,128.627,33.5,32.98,25.693,84.506,1009.679,32444.969,0.158
MSG-000622,REC-03625,2026-09-11T02:23:00Z,2026-09-11T02:23:00Z,SITE-E,ESP32-E01,PV-E01,2.75,47.786,131.407,33.53,33.1,25.511,84.881,1009.633,32230.347,0.104
MSG-000623,REC-03626,2026-09-11T02:23:05Z,2026-09-11T02:23:05Z,SITE-E,ESP32-E01,PV-E01,2.744,46.796,128.398,33.36,33.04,25.688,85.805,1009.604,32201.642,0.149
MSG-000624,REC-03627,2026-09-11T02:23:10Z,2026-09-11T02:23:10Z,SITE-E,ESP32-E01,PV-E01,2.781,46.148,128.344,33.58,33.14,25.622,86.126,1009.595,32328.602,0.122
MSG-000625,REC-03628,2026-09-11T02:23:15Z,2026-09-11T02:23:15Z,SITE-E,ESP32-E01,PV-E01,2.777,46.891,130.223,33.55,33.04,25.734,84.582,1009.595,32217.627,0.155
MSG-000626,REC-03629,2026-09-11T02:23:20Z,2026-09-11T02:23:20Z,SITE-E,ESP32-E01,PV-E01,2.77,47.523,131.62,33.7,33.12,25.434,85.331,1009.668,32420.152,0.116
MSG-000627,REC-03630,2026-09-11T02:23:25Z,2026-09-11T02:23:25Z,SITE-E,ESP32-E01,PV-E01,2.732,47.763,130.49,33.67,33.16,25.612,84.944,1009.656,32575.558,0.136
MSG-000628,REC-03631,2026-09-11T02:23:30Z,2026-09-11T02:23:30Z,SITE-E,ESP32-E01,PV-E01,2.757,46.91,129.332,33.61,33.18,25.541,85.423,1009.617,32456.198,0.132
MSG-000629,REC-03632,2026-09-11T02:23:35Z,2026-09-11T02:23:35Z,SITE-E,ESP32-E01,PV-E01,2.76,46.97,129.658,33.69,33.19,25.52,83.588,1009.682,32430.798,0.122
MSG-000630,REC-03633,2026-09-11T02:23:40Z,2026-09-11T02:23:40Z,SITE-E,ESP32-E01,PV-E01,2.737,47.458,129.912,33.72,33.11,25.49,84.801,1009.566,32494.112,0.147
MSG-000631,REC-03634,2026-09-11T02:23:45Z,2026-09-11T02:23:45Z,SITE-E,ESP32-E01,PV-E01,2.753,48.275,132.915,33.58,33.03,25.775,84.712,1009.657,32654.36,0.134
MSG-000632,REC-03635,2026-09-11T02:23:50Z,2026-09-11T02:23:50Z,SITE-E,ESP32-E01,PV-E01,2.757,46.925,129.357,33.58,33.25,25.505,85.626,1009.757,32586.805,0.162
MSG-000633,REC-03636,2026-09-11T02:23:55Z,2026-09-11T02:23:55Z,SITE-E,ESP32-E01,PV-E01,2.741,47.545,130.343,33.43,33.3,25.525,86.038,1009.573,32222.985,0.119
MSG-000634,REC-03637,2026-09-11T02:24:00Z,2026-09-11T02:24:00Z,SITE-E,ESP32-E01,PV-E01,2.75,47.168,129.722,33.51,33.13,25.372,85.065,1009.703,32229.7,0.147
MSG-000635,REC-03638,2026-09-11T02:24:05Z,2026-09-11T02:24:05Z,SITE-E,ESP32-E01,PV-E01,2.744,47.943,131.573,33.52,32.97,25.233,85.528,1009.663,32388.509,0.128
MSG-000636,REC-03639,2026-09-11T02:24:10Z,2026-09-11T02:24:10Z,SITE-E,ESP32-E01,PV-E01,2.709,47.72,129.258,33.58,33.02,25.553,84.373,1009.62,32635.454,0.145
MSG-000637,REC-03640,2026-09-11T02:24:15Z,2026-09-11T02:24:15Z,SITE-E,ESP32-E01,PV-E01,2.727,47.961,130.811,33.53,33.15,25.67,85.358,1009.775,32690.945,0.124
MSG-000638,REC-03641,2026-09-11T02:24:20Z,2026-09-11T02:24:20Z,SITE-E,ESP32-E01,PV-E01,2.76,47.213,130.329,33.53,33.18,25.494,84.924,1009.719,32237.082,0.134
MSG-000639,REC-03642,2026-09-11T02:24:25Z,2026-09-11T02:24:25Z,SITE-E,ESP32-E01,PV-E01,2.759,47.768,131.782,33.45,32.95,25.356,84.339,1009.641,32300.965,0.147
MSG-000640,REC-03643,2026-09-11T02:24:30Z,2026-09-11T02:24:30Z,SITE-E,ESP32-E01,PV-E01,2.783,46.31,128.858,33.52,33.0,25.415,85.303,1009.623,32048.429,0.146
MSG-000641,REC-03644,2026-09-11T02:24:35Z,2026-09-11T02:24:35Z,SITE-E,ESP32-E01,PV-E01,2.757,46.713,128.771,33.57,33.05,25.6,84.19,1009.7,32366.063,0.148
MSG-000642,REC-03645,2026-09-11T02:24:40Z,2026-09-11T02:24:40Z,SITE-E,ESP32-E01,PV-E01,2.747,46.982,129.066,33.58,33.12,25.496,85.035,1009.645,32673.554,0.131
MSG-000643,REC-03646,2026-09-11T02:24:45Z,2026-09-11T02:24:45Z,SITE-E,ESP32-E01,PV-E01,2.762,47.32,130.686,33.57,33.04,25.69,84.024,1009.631,32259.984,0.102
MSG-000644,REC-03647,2026-09-11T02:24:50Z,2026-09-11T02:24:50Z,SITE-E,ESP32-E01,PV-E01,2.773,47.514,131.775,33.41,32.91,25.429,85.049,1009.594,32117.167,0.154
MSG-000645,REC-03648,2026-09-11T02:24:55Z,2026-09-11T02:24:55Z,SITE-E,ESP32-E01,PV-E01,2.748,46.82,128.651,33.48,33.08,25.664,85.172,1009.683,32253.071,0.124
MSG-000646,REC-03649,2026-09-11T02:25:00Z,2026-09-11T02:25:00Z,SITE-E,ESP32-E01,PV-E01,2.75,47.323,130.13,-999.0,33.13,25.345,83.6,1009.708,32441.75,0.114
MSG-000647,REC-03650,2026-09-11T02:25:05Z,2026-09-11T02:25:05Z,SITE-E,ESP32-E01,PV-E01,2.769,47.258,130.856,33.5,33.03,25.489,84.009,1009.666,32476.083,0.137
MSG-000648,REC-03651,2026-09-11T02:25:10Z,2026-09-11T02:25:10Z,SITE-E,ESP32-E01,PV-E01,2.775,47.178,130.927,33.55,33.08,25.32,84.769,1009.809,32552.073,0.095
MSG-000649,REC-03652,2026-09-11T02:25:15Z,2026-09-11T02:25:15Z,SITE-E,ESP32-E01,PV-E01,2.745,47.687,130.898,33.72,33.07,25.642,85.578,1009.678,32876.017,0.182
MSG-000650,REC-03653,2026-09-11T02:25:20Z,2026-09-11T02:25:20Z,SITE-E,ESP32-E01,PV-E01,2.75,47.325,130.145,33.66,33.03,25.627,84.773,1009.581,32352.235,0.137
MSG-000651,REC-03654,2026-09-11T02:25:25Z,2026-09-11T02:25:25Z,SITE-E,ESP32-E01,PV-E01,2.732,47.544,129.871,33.5,33.16,25.561,85.765,1009.611,32675.463,0.156
MSG-000652,REC-03657,2026-09-11T02:25:40Z,2026-09-11T02:25:40Z,SITE-E,ESP32-E01,PV-E01,2.754,48.908,134.694,33.56,33.24,25.414,84.777,1009.647,32502.951,0.116
MSG-000653,REC-03658,2026-09-11T02:25:45Z,2026-09-11T02:25:45Z,SITE-E,ESP32-E01,PV-E01,2.767,48.822,135.089,33.69,33.04,25.498,85.965,1009.565,32676.148,0.117
MSG-000654,REC-03660,2026-09-11T02:25:55Z,2026-09-11T02:25:55Z,SITE-E,ESP32-E01,PV-E01,2.784,48.265,134.373,33.51,33.13,25.587,84.405,1009.497,32744.775,0.153
MSG-000655,REC-03661,2026-09-11T03:26:00Z,2026-09-11T03:26:00Z,SITE-F,ESP32-F01,PV-F01,2.326,53.884,125.324,40.3,38.83,27.408,83.707,1011.299,47248.771,0.068
MSG-000656,REC-03662,2026-09-11T03:26:05Z,2026-09-11T03:26:05Z,SITE-F,ESP32-F01,PV-F01,2.357,54.86,129.33,40.37,38.98,27.302,84.335,1011.287,47327.936,0.084
MSG-000657,REC-03663,2026-09-11T03:26:10Z,2026-09-11T03:26:10Z,SITE-F,ESP32-F01,PV-F01,2.355,53.887,126.889,40.27,38.87,27.591,85.154,1011.275,47395.084,0.108
MSG-000658,REC-03664,2026-09-11T03:26:15Z,2026-09-11T03:26:15Z,SITE-F,ESP32-F01,PV-F01,2.382,54.964,130.918,40.47,38.92,27.545,83.916,1011.217,47729.637,0.089
MSG-000659,REC-03665,2026-09-11T03:26:20Z,2026-09-11T03:26:20Z,SITE-F,ESP32-F01,PV-F01,2.358,55.079,129.88,40.3,-999.0,27.663,84.2,1011.313,47534.779,0.084
MSG-000660,REC-03665,2026-09-11T03:26:20Z,2026-09-11T03:26:20Z,SITE-F,ESP32-F01,PV-F01,2.358,55.079,129.88,40.3,-999.0,27.663,84.2,1011.313,47534.779,0.084
MSG-000661,REC-03666,2026-09-11T03:26:25Z,2026-09-11T03:26:25Z,SITE-F,ESP32-F01,PV-F01,2.347,54.941,128.965,40.34,38.89,27.577,84.818,1011.215,47871.296,0.099
MSG-000662,REC-03667,2026-09-11T03:26:30Z,2026-09-11T03:26:30Z,SITE-F,ESP32-F01,PV-F01,2.368,54.025,127.938,40.24,38.87,27.602,84.855,1011.197,47699.541,0.108
MSG-000663,REC-03668,2026-09-11T03:26:35Z,2026-09-11T03:26:35Z,SITE-F,ESP32-F01,PV-F01,2.367,55.048,130.311,40.37,38.85,27.366,84.424,1011.197,47765.517,0.098
MSG-000664,REC-03669,2026-09-11T03:26:40Z,2026-09-11T03:26:40Z,SITE-F,ESP32-F01,PV-F01,2.352,55.22,129.877,40.39,39.1,27.603,83.831,1011.279,47941.798,0.067
MSG-000665,REC-03670,2026-09-11T03:26:45Z,2026-09-11T03:26:45Z,SITE-F,ESP32-F01,PV-F01,2.383,55.022,131.11,40.41,38.83,27.551,83.961,1011.27,47966.564,0.104
MSG-000666,REC-03671,2026-09-11T03:26:50Z,2026-09-11T03:26:50Z,SITE-F,ESP32-F01,PV-F01,2.365,54.693,129.363,40.33,38.96,27.699,83.241,1011.332,48006.096,0.107
MSG-000667,REC-03672,2026-09-11T03:26:55Z,2026-09-11T03:26:55Z,SITE-F,ESP32-F01,PV-F01,2.349,55.079,129.408,40.34,39.0,27.551,84.038,1011.215,47732.509,0.071
MSG-000668,REC-03673,2026-09-11T03:27:00Z,2026-09-11T03:27:00Z,SITE-F,ESP32-F01,PV-F01,2.383,56.063,133.573,40.4,38.93,27.503,84.763,1011.313,48062.434,0.098
MSG-000669,REC-03674,2026-09-11T03:27:05Z,2026-09-11T03:27:05Z,SITE-F,ESP32-F01,PV-F01,2.347,54.907,128.876,-999.0,38.86,27.353,85.754,1011.36,48101.747,0.063
MSG-000670,REC-03675,2026-09-11T03:27:10Z,2026-09-11T03:27:10Z,SITE-F,ESP32-F01,PV-F01,2.358,55.043,129.774,40.47,38.91,27.575,83.851,1011.24,48295.06,0.089
MSG-000671,REC-03676,2026-09-11T03:27:15Z,2026-09-11T03:27:15Z,SITE-F,ESP32-F01,PV-F01,2.391,55.616,132.967,40.56,39.03,27.668,84.36,1011.292,48064.524,0.039
MSG-000672,REC-03677,2026-09-11T03:27:20Z,2026-09-11T03:27:20Z,SITE-F,ESP32-F01,PV-F01,2.352,54.785,128.83,40.49,38.96,27.506,85.003,1011.292,47999.833,0.116
MSG-000673,REC-03678,2026-09-11T03:27:25Z,2026-09-11T03:27:25Z,SITE-F,ESP32-F01,PV-F01,2.359,54.915,129.526,40.48,38.84,27.445,84.181,1011.186,47836.946,0.086
MSG-000674,REC-03679,2026-09-11T03:27:30Z,2026-09-11T03:27:30Z,SITE-F,ESP32-F01,PV-F01,2.329,55.37,128.944,40.5,39.05,27.59,83.327,1011.281,48014.717,0.08
MSG-000675,REC-03680,2026-09-11T03:27:35Z,2026-09-11T03:27:35Z,SITE-F,ESP32-F01,PV-F01,2.351,55.419,130.279,40.55,38.93,27.463,84.816,1011.217,48156.958,0.098
MSG-000676,REC-03681,2026-09-11T03:27:40Z,2026-09-11T03:27:40Z,SITE-F,ESP32-F01,PV-F01,2.346,55.534,130.306,40.54,39.06,27.609,84.714,1011.275,48417.528,0.086
MSG-000677,REC-03682,2026-09-11T03:27:45Z,2026-09-11T03:27:45Z,SITE-F,ESP32-F01,PV-F01,2.381,55.027,131.025,40.34,38.98,27.506,85.121,1011.243,48182.111,0.076
MSG-000678,REC-03683,2026-09-11T03:27:50Z,2026-09-11T03:27:50Z,SITE-F,ESP32-F01,PV-F01,2.37,55.472,131.466,40.52,39.0,27.62,84.455,1011.273,48107.303,0.075
MSG-000679,REC-03684,2026-09-11T03:27:55Z,2026-09-11T03:27:55Z,SITE-F,ESP32-F01,PV-F01,2.37,55.662,131.912,40.49,39.05,27.602,84.966,1011.321,48217.496,0.095
MSG-000680,REC-03685,2026-09-11T03:28:00Z,2026-09-11T03:28:00Z,SITE-F,ESP32-F01,PV-F01,2.34,55.647,130.207,40.45,38.95,27.527,84.136,1011.29,48470.933,0.079
MSG-000681,REC-03686,2026-09-11T03:28:05Z,2026-09-11T03:28:05Z,SITE-F,ESP32-F01,PV-F01,2.357,55.439,130.695,40.39,39.03,27.594,84.639,1011.142,48329.927,0.093
MSG-000682,REC-03687,2026-09-11T03:28:10Z,2026-09-11T03:28:10Z,SITE-F,ESP32-F01,PV-F01,2.389,55.691,133.051,40.39,39.06,27.403,85.641,1011.324,48722.784,0.089
MSG-000683,REC-03688,2026-09-11T03:28:15Z,2026-09-11T03:28:15Z,SITE-F,ESP32-F01,PV-F01,2.382,55.097,131.264,40.44,38.95,27.555,84.799,1011.286,48506.394,0.088
MSG-000684,REC-03689,2026-09-11T03:28:20Z,2026-09-11T03:28:20Z,SITE-F,ESP32-F01,PV-F01,2.381,56.325,134.128,40.38,39.13,27.491,83.916,1011.208,48673.463,0.099
MSG-000685,REC-03690,2026-09-11T03:28:25Z,2026-09-11T03:28:25Z,SITE-F,ESP32-F01,PV-F01,2.365,54.989,130.024,40.43,39.0,27.519,84.03,1011.151,48106.724,0.09
MSG-000686,REC-03691,2026-09-11T03:28:30Z,2026-09-11T03:28:30Z,SITE-F,ESP32-F01,PV-F01,2.368,55.282,130.902,40.54,38.94,27.638,84.642,1011.263,48221.668,0.093
MSG-000687,REC-03692,2026-09-11T03:28:35Z,2026-09-11T03:28:35Z,SITE-F,ESP32-F01,PV-F01,2.379,54.656,130.041,40.45,39.02,27.411,85.246,1011.248,48314.819,0.087
MSG-000688,REC-03693,2026-09-11T03:28:40Z,2026-09-11T03:28:40Z,SITE-F,ESP32-F01,PV-F01,2.401,55.126,132.359,40.48,39.05,27.525,84.144,1011.273,48191.516,0.069
MSG-000689,REC-03694,2026-09-11T03:28:45Z,2026-09-11T03:28:45Z,SITE-F,ESP32-F01,PV-F01,2.357,55.384,130.55,40.34,38.96,27.521,85.035,1011.31,47835.325,0.095
MSG-000690,REC-03695,2026-09-11T03:28:50Z,2026-09-11T03:28:50Z,SITE-F,ESP32-F01,PV-F01,2.345,54.699,128.297,40.41,38.99,27.538,84.496,1011.261,47545.037,0.079
MSG-000691,REC-03696,2026-09-11T03:28:55Z,2026-09-11T03:28:55Z,SITE-F,ESP32-F01,PV-F01,2.354,54.376,127.997,40.45,39.03,27.446,84.609,1011.21,47716.85,0.081
MSG-000692,REC-03697,2026-09-11T03:29:00Z,2026-09-11T03:29:00Z,SITE-F,ESP32-F01,PV-F01,2.357,54.113,127.538,40.24,39.12,27.579,83.267,1011.345,47456.312,0.077
MSG-000693,REC-03698,2026-09-11T03:29:05Z,2026-09-11T03:29:05Z,SITE-F,ESP32-F01,PV-F01,2.341,54.203,126.879,40.32,39.04,27.617,84.567,1011.354,47825.006,0.08
MSG-000694,REC-03699,2026-09-11T03:29:10Z,2026-09-11T03:29:10Z,SITE-F,ESP32-F01,PV-F01,2.36,54.262,128.038,40.27,38.81,27.409,85.104,1011.215,47479.451,0.083
MSG-000695,REC-03700,2026-09-11T03:29:15Z,2026-09-11T03:29:15Z,SITE-F,ESP32-F01,PV-F01,2.349,54.687,128.44,40.39,38.89,27.438,84.487,1011.284,47535.724,0.075
MSG-000696,REC-03701,2026-09-11T03:29:20Z,2026-09-11T03:29:20Z,SITE-F,ESP32-F01,PV-F01,2.363,54.818,129.549,40.38,38.91,27.552,83.374,1011.052,47755.217,0.1
MSG-000697,REC-03702,2026-09-11T03:29:25Z,2026-09-11T03:29:25Z,SITE-F,ESP32-F01,PV-F01,2.359,55.216,130.228,40.39,39.01,27.599,84.536,1011.188,47872.635,0.105
MSG-000698,REC-03703,2026-09-11T03:29:30Z,2026-09-11T03:29:30Z,SITE-F,ESP32-F01,PV-F01,2.372,54.82,130.057,40.42,38.93,27.459,84.573,1011.301,47883.852,0.109
MSG-000699,REC-03704,2026-09-11T03:29:35Z,2026-09-11T03:29:35Z,SITE-F,ESP32-F01,PV-F01,2.353,54.708,128.711,40.43,38.93,27.511,84.901,1011.225,47843.426,0.105
MSG-000700,REC-03705,2026-09-11T03:29:40Z,2026-09-11T03:29:40Z,SITE-F,ESP32-F01,PV-F01,2.362,54.474,128.682,40.43,38.87,27.306,83.559,1011.24,47592.942,0.1
MSG-000701,REC-03706,2026-09-11T03:29:45Z,2026-09-11T03:29:45Z,SITE-F,ESP32-F01,PV-F01,2.366,54.327,128.562,40.34,38.9,27.319,84.772,1011.353,47823.38,0.059
MSG-000702,REC-03707,2026-09-11T03:29:50Z,2026-09-11T03:29:50Z,SITE-F,ESP32-F01,PV-F01,2.38,54.484,129.67,40.32,38.9,27.349,85.332,1011.215,47882.222,0.094
MSG-000703,REC-03708,2026-09-11T03:29:55Z,2026-09-11T03:29:55Z,SITE-F,ESP32-F01,PV-F01,2.374,54.609,129.636,40.34,38.89,27.63,84.523,1011.329,47286.104,0.095
MSG-000704,REC-03709,2026-09-11T03:30:00Z,2026-09-11T03:30:00Z,SITE-F,ESP32-F01,PV-F01,2.367,54.348,128.648,40.32,38.81,27.71,84.218,1011.268,47779.01,0.094
MSG-000705,REC-03710,2026-09-11T03:30:05Z,2026-09-11T03:30:05Z,SITE-F,ESP32-F01,PV-F01,2.356,54.571,128.58,40.49,38.97,27.356,84.341,1011.153,47379.548,0.084
MSG-000706,REC-03711,2026-09-11T03:30:10Z,2026-09-11T03:30:10Z,SITE-F,ESP32-F01,PV-F01,2.371,53.683,127.278,40.32,38.95,27.452,83.913,1011.32,47593.869,0.09
MSG-000707,REC-03712,2026-09-11T03:30:15Z,2026-09-11T03:30:15Z,SITE-F,ESP32-F01,PV-F01,2.373,55.094,130.725,40.37,38.8,27.511,84.372,1011.231,47509.468,0.09
MSG-000708,REC-03713,2026-09-11T03:30:20Z,2026-09-11T03:30:20Z,SITE-F,ESP32-F01,PV-F01,2.379,54.465,129.572,40.4,38.93,27.532,83.946,1011.241,47570.305,0.057
MSG-000709,REC-03714,2026-09-11T03:30:25Z,2026-09-11T03:30:25Z,SITE-F,ESP32-F01,PV-F01,2.366,54.117,128.044,40.46,38.79,27.445,86.907,1011.372,47530.724,0.069
MSG-000710,REC-03715,2026-09-11T03:30:30Z,2026-09-11T03:30:30Z,SITE-F,ESP32-F01,PV-F01,2.376,54.643,129.809,40.27,39.01,27.472,83.807,1011.221,47314.358,0.066
MSG-000711,REC-03716,2026-09-11T03:30:35Z,2026-09-11T03:30:35Z,SITE-F,ESP32-F01,PV-F01,2.366,55.233,130.673,40.44,39.03,27.288,83.631,1011.339,47571.986,0.08
MSG-000712,REC-03717,2026-09-11T03:30:40Z,2026-09-11T03:30:40Z,SITE-F,ESP32-F01,PV-F01,2.4,53.793,129.085,40.3,38.87,27.448,84.126,1011.22,47342.722,0.083
MSG-000713,REC-03718,2026-09-11T03:30:45Z,2026-09-11T03:30:45Z,SITE-F,ESP32-F01,PV-F01,2.378,54.699,130.069,40.53,38.83,27.354,83.972,1011.343,47258.84,0.098
MSG-000714,REC-03719,2026-09-11T03:30:50Z,2026-09-11T03:30:50Z,SITE-F,ESP32-F01,PV-F01,2.354,54.421,128.113,40.35,38.84,27.39,83.519,1011.246,47262.003,0.118
MSG-000715,REC-03720,2026-09-11T03:30:55Z,2026-09-11T03:30:55Z,SITE-F,ESP32-F01,PV-F01,2.348,54.598,128.196,40.23,38.87,27.472,83.433,1011.291,47258.55,0.061
MSG-000716,REC-03721,2026-09-11T05:08:00Z,2026-09-11T05:08:00Z,SITE-E,ESP32-E01,PV-E01,0.014,161.895,2.273,51.39,52.47,29.066,77.131,1010.209,89701.698,0.149
MSG-000717,REC-03722,2026-09-11T05:08:05Z,2026-09-11T05:08:05Z,SITE-E,ESP32-E01,PV-E01,0.025,162.192,4.103,51.39,52.49,29.121,76.653,1010.203,90037.231,0.094
MSG-000718,REC-03725,2026-09-11T05:08:20Z,2026-09-11T05:08:20Z,SITE-E,ESP32-E01,PV-E01,0.029,161.934,4.739,51.42,52.39,29.248,77.913,1010.299,89880.358,0.104
MSG-000719,REC-03726,2026-09-11T05:08:25Z,2026-09-11T05:08:25Z,SITE-E,ESP32-E01,PV-E01,0.02,161.492,3.152,51.24,52.31,29.283,76.954,1010.258,90029.87,0.121
MSG-000720,REC-03727,2026-09-11T05:08:30Z,2026-09-11T05:08:30Z,SITE-E,ESP32-E01,PV-E01,0.031,161.725,5.086,51.42,52.41,29.117,77.627,1010.091,89786.904,0.141
MSG-000721,REC-03728,2026-09-11T05:08:35Z,2026-09-11T05:08:35Z,SITE-E,ESP32-E01,PV-E01,0.025,161.482,4.001,51.45,52.37,29.242,77.99,1010.184,89798.216,0.111
MSG-000722,REC-03729,2026-09-11T05:08:40Z,2026-09-11T05:08:40Z,SITE-E,ESP32-E01,PV-E01,0.019,160.919,2.989,51.38,52.42,29.154,77.992,1010.255,89724.307,0.105
MSG-000723,REC-03730,2026-09-11T05:08:45Z,2026-09-11T05:08:45Z,SITE-E,ESP32-E01,PV-E01,0.041,161.37,6.636,51.54,52.44,29.193,77.851,1010.262,89832.283,0.136
MSG-000724,REC-03731,2026-09-11T05:08:50Z,2026-09-11T05:08:50Z,SITE-E,ESP32-E01,PV-E01,0.022,161.264,3.612,51.42,52.6,29.149,77.671,1010.248,90184.627,0.107
MSG-000725,REC-03732,2026-09-11T05:08:55Z,2026-09-11T05:08:55Z,SITE-E,ESP32-E01,PV-E01,0.014,161.991,2.346,51.54,52.53,29.109,77.433,1010.244,90483.609,0.101
MSG-000726,REC-03733,2026-09-11T05:09:00Z,2026-09-11T05:09:00Z,SITE-E,ESP32-E01,PV-E01,-0.001,162.042,0.242,51.62,52.57,29.095,77.917,1010.231,90085.38,0.106
MSG-000727,REC-03734,2026-09-11T05:09:05Z,2026-09-11T05:09:05Z,SITE-E,ESP32-E01,PV-E01,0.053,161.515,8.628,51.49,52.57,29.144,76.895,1010.335,90676.097,0.126
MSG-000728,REC-03735,2026-09-11T05:09:10Z,2026-09-11T05:09:10Z,SITE-E,ESP32-E01,PV-E01,0.015,162.873,2.402,51.68,52.77,29.186,76.325,1010.307,91041.915,0.115
MSG-000729,REC-03736,2026-09-11T05:09:15Z,2026-09-11T05:09:15Z,SITE-E,ESP32-E01,PV-E01,0.033,163.189,5.45,51.67,52.67,29.066,77.695,1010.364,90827.668,0.126
MSG-000730,REC-03737,2026-09-11T05:09:20Z,2026-09-11T05:09:20Z,SITE-E,ESP32-E01,PV-E01,0.022,162.556,3.541,51.66,52.67,29.195,75.661,1010.237,90889.531,0.131
MSG-000731,REC-03738,2026-09-11T05:09:25Z,2026-09-11T05:09:25Z,SITE-E,ESP32-E01,PV-E01,0.022,162.449,3.598,51.56,52.6,28.996,77.622,1010.265,90837.648,0.11
MSG-000732,REC-03739,2026-09-11T05:09:30Z,2026-09-11T05:09:30Z,SITE-E,ESP32-E01,PV-E01,0.023,162.592,3.75,51.57,52.65,29.103,76.94,1010.141,90540.168,0.098
MSG-000733,REC-03740,2026-09-11T05:09:35Z,2026-09-11T05:09:35Z,SITE-E,ESP32-E01,PV-E01,0.048,161.252,7.709,51.58,52.71,29.142,77.071,1010.293,90939.106,0.122
MSG-000734,REC-03741,2026-09-11T05:09:40Z,2026-09-11T05:09:40Z,SITE-E,ESP32-E01,PV-E01,0.01,163.898,1.642,51.5,52.56,29.137,78.024,1010.232,90928.758,0.128
MSG-000735,REC-03742,2026-09-11T05:09:45Z,2026-09-11T05:09:45Z,SITE-E,ESP32-E01,PV-E01,0.017,162.512,2.765,51.58,52.49,29.062,76.192,1010.262,90595.218,0.101
MSG-000736,REC-03743,2026-09-11T05:09:50Z,2026-09-11T05:09:50Z,SITE-E,ESP32-E01,PV-E01,0.026,162.723,4.245,51.77,52.85,29.04,77.817,1010.255,91308.367,0.113
MSG-000737,REC-03744,2026-09-11T05:09:55Z,2026-09-11T05:09:55Z,SITE-E,ESP32-E01,PV-E01,0.029,162.533,4.714,51.41,52.48,29.082,77.752,1010.181,90759.6,0.119
MSG-000738,REC-03745,2026-09-11T05:10:00Z,2026-09-11T05:10:00Z,SITE-E,ESP32-E01,PV-E01,0.028,164.383,4.56,51.75,52.75,28.915,76.429,1010.204,91486.312,0.133
MSG-000739,REC-03746,2026-09-11T05:10:05Z,2026-09-11T05:10:05Z,SITE-E,ESP32-E01,PV-E01,0.014,164.249,2.287,51.68,52.71,29.115,76.285,1010.156,91334.099,0.135
MSG-000740,REC-03747,2026-09-11T05:10:10Z,2026-09-11T05:10:10Z,SITE-E,ESP32-E01,PV-E01,0.03,164.77,4.93,51.73,52.7,29.057,77.74,1010.223,91137.099,0.102
MSG-000741,REC-03748,2026-09-11T05:10:15Z,2026-09-11T05:10:15Z,SITE-E,ESP32-E01,PV-E01,0.034,162.845,5.613,51.54,52.51,28.875,76.981,1010.23,91395.234,0.13
MSG-000742,REC-03749,2026-09-11T05:10:20Z,2026-09-11T05:10:20Z,SITE-E,ESP32-E01,PV-E01,0.011,162.721,1.773,51.53,52.79,29.021,76.83,1010.21,90843.028,0.105
MSG-000743,REC-03750,2026-09-11T05:10:25Z,2026-09-11T05:10:25Z,SITE-E,ESP32-E01,PV-E01,0.032,163.023,5.223,51.64,52.58,29.038,76.982,1010.249,90841.724,0.12
MSG-000744,REC-03751,2026-09-11T05:10:30Z,2026-09-11T05:10:30Z,SITE-E,ESP32-E01,PV-E01,0.022,163.289,3.573,51.55,52.54,29.125,77.411,1010.29,91056.142,0.139
MSG-000745,REC-03752,2026-09-11T05:10:35Z,2026-09-11T05:10:35Z,SITE-E,ESP32-E01,PV-E01,0.031,163.559,5.029,51.68,52.53,29.032,77.52,1010.184,91264.783,0.127
MSG-000746,REC-03753,2026-09-11T05:10:40Z,2026-09-11T05:10:40Z,SITE-E,ESP32-E01,PV-E01,0.032,163.395,5.235,51.55,52.46,29.087,77.456,1010.29,90812.699,0.157
MSG-000747,REC-03754,2026-09-11T05:10:45Z,2026-09-11T05:10:45Z,SITE-E,ESP32-E01,PV-E01,0.02,162.797,3.238,51.62,52.72,28.944,77.593,1010.266,91377.468,0.122
MSG-000748,REC-03755,2026-09-11T05:10:50Z,2026-09-11T05:10:50Z,SITE-E,ESP32-E01,PV-E01,0.035,164.424,5.826,51.74,52.66,28.953,77.751,1010.229,91505.072,0.125
MSG-000749,REC-03756,2026-09-11T05:10:55Z,2026-09-11T05:10:55Z,SITE-E,ESP32-E01,PV-E01,0.012,165.285,1.99,51.81,52.78,29.072,77.0,1010.238,91748.887,0.103
MSG-000750,REC-03757,2026-09-11T05:11:00Z,2026-09-11T05:11:00Z,SITE-D,ESP32-D01,PV-D01,2.779,-38.449,106.864,33.24,32.82,27.071,85.422,1010.699,28891.819,0.07
MSG-000751,REC-03758,2026-09-11T05:11:00Z,2026-09-11T05:11:00Z,SITE-E,ESP32-E01,PV-E01,0.004,164.252,0.656,51.87,52.78,29.012,77.475,1010.229,91918.832,0.095
MSG-000752,REC-03759,2026-09-11T05:11:05Z,2026-09-11T05:11:05Z,SITE-D,ESP32-D01,PV-D01,2.782,-38.884,108.191,33.24,32.73,27.021,84.477,1010.651,28172.081,0.137
MSG-000753,REC-03760,2026-09-11T05:11:05Z,2026-09-11T05:11:05Z,SITE-E,ESP32-E01,PV-E01,-0.002,164.756,0.36,51.8,52.9,29.005,77.49,1010.217,92066.773,0.107
MSG-000754,REC-03761,2026-09-11T05:11:10Z,2026-09-11T05:11:10Z,SITE-D,ESP32-D01,PV-D01,2.786,-38.697,107.796,33.37,32.69,27.191,85.198,1010.931,28400.107,0.079
MSG-000755,REC-03762,2026-09-11T05:11:10Z,2026-09-11T05:11:10Z,SITE-E,ESP32-E01,PV-E01,0.021,164.737,3.426,51.77,52.83,29.04,76.87,1010.25,91557.921,0.123
MSG-000756,REC-03763,2026-09-11T05:11:15Z,2026-09-11T05:11:15Z,SITE-D,ESP32-D01,PV-D01,2.77,-38.748,107.341,33.33,32.8,26.967,85.685,1010.863,28438.141,0.067
MSG-000757,REC-03764,2026-09-11T05:11:15Z,2026-09-11T05:11:15Z,SITE-E,ESP32-E01,PV-E01,0.022,164.494,3.641,51.86,52.87,29.268,76.773,1010.185,91922.61,0.125
MSG-000758,REC-03765,2026-09-11T05:11:20Z,2026-09-11T05:11:20Z,SITE-D,ESP32-D01,PV-D01,2.806,-39.891,111.929,33.36,32.9,27.113,84.534,1010.688,28372.826,0.094
MSG-000759,REC-03766,2026-09-11T05:11:20Z,2026-09-11T05:11:20Z,SITE-E,ESP32-E01,PV-E01,0.028,164.796,4.582,51.85,52.82,29.085,76.711,1010.298,91576.59,0.109
MSG-000760,REC-03767,2026-09-11T05:11:25Z,2026-09-11T05:11:25Z,SITE-D,ESP32-D01,PV-D01,2.753,-39.91,109.858,33.25,33.03,27.072,85.359,1010.813,28865.131,0.089
MSG-000761,REC-03768,2026-09-11T05:11:25Z,2026-09-11T05:11:25Z,SITE-E,ESP32-E01,PV-E01,0.027,164.266,4.46,51.72,52.75,29.086,77.298,1010.189,91773.563,0.107
MSG-000762,REC-03769,2026-09-11T05:11:30Z,2026-09-11T05:11:30Z,SITE-D,ESP32-D01,PV-D01,2.752,-38.819,106.822,33.3,-999.0,27.126,85.499,1010.729,28961.097,0.1
MSG-000763,REC-03770,2026-09-11T05:11:30Z,2026-09-11T05:11:30Z,SITE-E,ESP32-E01,PV-E01,0.007,165.295,1.232,51.91,52.73,28.981,77.135,1010.166,91915.818,0.095
MSG-000764,REC-03771,2026-09-11T05:11:35Z,2026-09-11T05:11:35Z,SITE-D,ESP32-D01,PV-D01,2.785,-38.809,108.064,33.4,32.8,26.9,85.776,1010.729,28478.414,0.116
MSG-000765,REC-03772,2026-09-11T05:11:35Z,2026-09-11T05:11:35Z,SITE-E,ESP32-E01,PV-E01,0.004,165.464,0.736,51.8,52.88,29.07,75.884,1010.3,92188.583,0.112
MSG-000766,REC-03773,2026-09-11T05:11:40Z,2026-09-11T05:11:40Z,SITE-D,ESP32-D01,PV-D01,2.764,-38.761,107.126,33.39,32.75,26.927,84.66,1010.668,28315.057,0.137
MSG-000767,REC-03774,2026-09-11T05:11:40Z,2026-09-11T05:11:40Z,SITE-E,ESP32-E01,PV-E01,0.012,166.24,1.942,51.95,53.0,28.956,77.298,1010.292,92517.637,0.08
MSG-000768,REC-03775,2026-09-11T05:11:45Z,2026-09-11T05:11:45Z,SITE-D,ESP32-D01,PV-D01,2.754,-38.903,107.147,33.26,32.86,26.941,84.06,1010.798,27995.476,0.095
MSG-000769,REC-03776,2026-09-11T05:11:45Z,2026-09-11T05:11:45Z,SITE-E,ESP32-E01,PV-E01,0.018,166.36,3.056,51.96,52.97,29.09,77.688,1010.223,92714.063,0.105
MSG-000770,REC-03777,2026-09-11T05:11:50Z,2026-09-11T05:11:50Z,SITE-D,ESP32-D01,PV-D01,2.753,-39.065,107.533,33.34,32.68,27.08,85.181,1010.774,28377.231,0.093
MSG-000771,REC-03778,2026-09-11T05:11:50Z,2026-09-11T05:11:50Z,SITE-E,ESP32-E01,PV-E01,0.012,165.235,2.056,51.86,52.77,29.284,77.2,1010.17,92445.553,0.109
MSG-000772,REC-03779,2026-09-11T05:11:55Z,2026-09-11T05:11:55Z,SITE-D,ESP32-D01,PV-D01,2.772,-39.047,108.257,33.52,32.88,26.952,85.383,1010.707,28474.213,0.095
MSG-000773,REC-03780,2026-09-11T05:11:55Z,2026-09-11T05:11:55Z,SITE-E,ESP32-E01,PV-E01,0.033,165.077,5.48,51.78,52.82,28.838,77.038,1010.265,91751.685,0.093
MSG-000774,REC-03781,2026-09-11T05:12:00Z,2026-09-11T05:12:00Z,SITE-D,ESP32-D01,PV-D01,2.788,-38.849,108.326,33.34,32.91,27.005,84.807,1010.746,28351.67,0.09
MSG-000775,REC-03782,2026-09-11T05:12:00Z,2026-09-11T05:12:00Z,SITE-E,ESP32-E01,PV-E01,0.032,164.509,5.285,51.68,52.77,28.928,78.068,1010.239,92110.991,0.124
MSG-000776,REC-03783,2026-09-11T05:12:05Z,2026-09-11T05:12:05Z,SITE-D,ESP32-D01,PV-D01,2.767,-39.325,108.792,33.29,32.88,26.912,84.988,1010.891,28530.002,0.096
MSG-000777,REC-03784,2026-09-11T05:12:05Z,2026-09-11T05:12:05Z,SITE-E,ESP32-E01,PV-E01,0.029,164.514,4.751,51.87,52.83,28.978,77.131,1010.222,91810.236,0.113
MSG-000778,REC-03785,2026-09-11T05:12:10Z,2026-09-11T05:12:10Z,SITE-D,ESP32-D01,PV-D01,2.751,-39.152,107.7,33.32,32.82,26.88,86.504,1010.778,28516.222,0.122
MSG-000779,REC-03786,2026-09-11T05:12:10Z,2026-09-11T05:12:10Z,SITE-E,ESP32-E01,PV-E01,0.044,165.666,7.266,51.84,52.96,29.089,76.307,1010.25,92357.249,0.139
MSG-000780,REC-03787,2026-09-11T05:12:15Z,2026-09-11T05:12:15Z,SITE-D,ESP32-D01,PV-D01,2.763,-37.623,103.969,33.33,32.87,27.087,85.149,1010.721,28531.993,0.105
MSG-000781,REC-03788,2026-09-11T05:12:15Z,2026-09-11T05:12:15Z,SITE-E,ESP32-E01,PV-E01,0.017,165.844,2.829,51.9,52.72,29.16,77.455,1010.256,92311.393,0.127
MSG-000782,REC-03789,2026-09-11T05:12:20Z,2026-09-11T05:12:20Z,SITE-D,ESP32-D01,PV-D01,2.791,-38.5,107.452,33.29,32.82,26.995,84.421,1010.759,28383.518,0.113
MSG-000783,REC-03790,2026-09-11T05:12:20Z,2026-09-11T05:12:20Z,SITE-E,ESP32-E01,PV-E01,0.011,165.677,1.855,51.88,53.07,29.187,76.691,1010.19,92651.95,0.11
MSG-000784,REC-03791,2026-09-11T05:12:25Z,2026-09-11T05:12:25Z,SITE-D,ESP32-D01,PV-D01,2.771,-39.7,110.021,33.27,32.71,27.114,84.739,1010.758,28193.766,0.071
MSG-000785,REC-03792,2026-09-11T05:12:25Z,2026-09-11T05:12:25Z,SITE-E,ESP32-E01,PV-E01,0.02,166.282,3.37,51.98,52.86,29.16,78.366,1010.256,92806.79,0.075
MSG-000786,REC-03793,2026-09-11T05:12:30Z,2026-09-11T05:12:30Z,SITE-D,ESP32-D01,PV-D01,2.792,-37.099,103.592,33.18,32.95,26.877,84.592,1010.763,28560.068,0.077
MSG-000787,REC-03794,2026-09-11T05:12:30Z,2026-09-11T05:12:30Z,SITE-E,ESP32-E01,PV-E01,0.024,165.923,3.934,51.83,52.92,29.092,76.896,1010.248,92129.786,0.116
MSG-000788,REC-03795,2026-09-11T05:12:35Z,2026-09-11T05:12:35Z,SITE-D,ESP32-D01,PV-D01,2.808,-39.346,110.471,33.25,32.8,26.84,85.198,1010.683,28430.864,0.097
MSG-000789,REC-03796,2026-09-11T05:12:35Z,2026-09-11T05:12:35Z,SITE-E,ESP32-E01,PV-E01,0.019,166.436,3.208,51.8,52.98,29.146,77.57,1010.233,92624.446,0.1
MSG-000790,REC-03797,2026-09-11T05:12:40Z,2026-09-11T05:12:40Z,SITE-D,ESP32-D01,PV-D01,2.75,-38.829,106.788,33.34,32.92,26.842,84.637,1010.622,28731.807,0.084
MSG-000791,REC-03798,2026-09-11T05:12:40Z,2026-09-11T05:12:40Z,SITE-E,ESP32-E01,PV-E01,0.009,165.397,1.412,51.8,52.81,29.091,77.136,1010.229,92229.778,0.136
MSG-000792,REC-03799,2026-09-11T05:12:45Z,2026-09-11T05:12:45Z,SITE-D,ESP32-D01,PV-D01,2.787,-38.268,106.66,33.33,32.65,27.03,84.527,1010.815,28734.512,0.073
MSG-000793,REC-03800,2026-09-11T05:12:45Z,2026-09-11T05:12:45Z,SITE-E,ESP32-E01,PV-E01,0.041,165.12,6.725,51.7,52.84,29.127,77.716,1010.281,91997.861,0.144
MSG-000794,REC-03801,2026-09-11T05:12:50Z,2026-09-11T05:12:50Z,SITE-D,ESP32-D01,PV-D01,2.771,-39.363,109.066,33.29,32.93,27.126,85.685,1010.922,28315.594,0.095
MSG-000795,REC-03802,2026-09-11T05:12:50Z,2026-09-11T05:12:50Z,SITE-E,ESP32-E01,PV-E01,0.017,164.444,2.727,51.78,52.74,28.947,77.895,1010.271,91968.248,0.115
MSG-000796,REC-03803,2026-09-11T05:12:55Z,2026-09-11T05:12:55Z,SITE-D,ESP32-D01,PV-D01,2.786,-39.409,109.784,33.33,32.96,26.786,84.926,1010.879,28447.883,0.141
MSG-000797,REC-03804,2026-09-11T05:12:55Z,2026-09-11T05:12:55Z,SITE-E,ESP32-E01,PV-E01,0.012,164.123,2.037,51.84,52.67,29.025,76.989,1010.351,91837.507,0.111
MSG-000798,REC-03805,2026-09-11T05:13:00Z,2026-09-11T05:13:00Z,SITE-D,ESP32-D01,PV-D01,2.767,-38.429,106.33,33.37,32.87,27.116,84.766,1010.779,28571.05,0.099
MSG-000799,REC-03806,2026-09-11T05:13:05Z,2026-09-11T05:13:05Z,SITE-D,ESP32-D01,PV-D01,2.786,-38.901,108.364,33.45,32.92,26.962,85.13,1010.824,28593.111,0.124
MSG-000800,REC-03807,2026-09-11T05:13:10Z,2026-09-11T05:13:10Z,SITE-D,ESP32-D01,PV-D01,2.788,-39.171,109.213,33.38,32.94,27.066,84.392,1010.699,28975.557,0.077
MSG-000801,REC-03808,2026-09-11T05:13:15Z,2026-09-11T05:13:15Z,SITE-D,ESP32-D01,PV-D01,2.794,-39.642,110.764,33.41,32.83,27.083,85.431,1010.815,28855.784,0.102
MSG-000802,REC-03809,2026-09-11T05:13:20Z,2026-09-11T05:13:20Z,SITE-D,ESP32-D01,PV-D01,2.781,-37.371,103.913,33.34,32.93,27.107,86.106,1010.681,52139.59,0.091
MSG-000803,REC-03810,2026-09-11T05:13:25Z,2026-09-11T05:13:25Z,SITE-D,ESP32-D01,PV-D01,2.772,-39.172,108.596,33.43,32.82,26.84,85.307,1010.607,28837.977,0.083
MSG-000804,REC-03811,2026-09-11T05:13:30Z,2026-09-11T05:13:30Z,SITE-D,ESP32-D01,PV-D01,2.784,-39.243,109.253,33.38,32.8,27.028,84.199,1010.844,28698.618,0.066
MSG-000805,REC-03812,2026-09-11T05:13:35Z,2026-09-11T05:13:35Z,SITE-D,ESP32-D01,PV-D01,2.803,-38.152,106.944,33.42,32.94,27.078,85.276,1010.706,28825.386,0.11
MSG-000806,REC-03813,2026-09-11T05:13:40Z,2026-09-11T05:13:40Z,SITE-D,ESP32-D01,PV-D01,2.77,-39.493,109.389,33.41,32.93,26.939,84.919,1010.791,28831.13,0.129
MSG-000807,REC-03814,2026-09-11T05:13:45Z,2026-09-11T05:13:45Z,SITE-D,ESP32-D01,PV-D01,2.748,-40.283,110.679,33.41,32.81,27.215,85.521,1010.766,28800.468,0.102
MSG-000808,REC-03815,2026-09-11T05:13:50Z,2026-09-11T05:13:50Z,SITE-D,ESP32-D01,PV-D01,2.779,-38.652,107.407,33.32,32.77,27.086,85.057,1010.816,28902.098,0.056
MSG-000809,REC-03816,2026-09-11T05:13:55Z,2026-09-11T05:13:55Z,SITE-D,ESP32-D01,PV-D01,2.784,-39.814,110.829,33.31,32.74,26.955,85.982,1010.761,28558.242,0.096
MSG-000810,REC-03817,2026-09-11T05:14:00Z,2026-09-11T05:14:00Z,SITE-D,ESP32-D01,PV-D01,2.756,-39.229,108.105,33.41,32.89,27.101,85.772,1010.887,28612.238,0.093
MSG-000811,REC-03818,2026-09-11T05:14:05Z,2026-09-11T05:14:05Z,SITE-D,ESP32-D01,PV-D01,2.776,-38.746,107.541,33.28,32.75,26.954,84.446,1010.711,28544.735,0.107
MSG-000812,REC-03819,2026-09-11T05:14:10Z,2026-09-11T05:14:10Z,SITE-D,ESP32-D01,PV-D01,2.732,-38.998,106.55,33.28,32.85,26.988,84.594,1010.717,28723.187,0.12
MSG-000813,REC-03820,2026-09-11T05:14:15Z,2026-09-11T05:14:15Z,SITE-D,ESP32-D01,PV-D01,2.757,-38.168,105.247,33.33,32.88,26.891,86.013,1010.803,28798.079,0.121
MSG-000814,REC-03821,2026-09-11T05:14:20Z,2026-09-11T05:14:20Z,SITE-D,ESP32-D01,PV-D01,2.762,-37.958,104.844,33.34,32.8,26.934,84.505,1010.734,28473.002,0.079
MSG-000815,REC-03822,2026-09-11T05:14:25Z,2026-09-11T05:14:25Z,SITE-D,ESP32-D01,PV-D01,2.767,-39.361,108.927,33.27,32.92,26.805,85.072,1010.751,28791.802,0.114
MSG-000816,REC-03823,2026-09-11T05:14:30Z,2026-09-11T05:14:30Z,SITE-D,ESP32-D01,PV-D01,2.776,-38.876,107.937,33.33,32.81,26.808,84.698,1010.794,28259.193,0.097
MSG-000817,REC-03824,2026-09-11T05:14:35Z,2026-09-11T05:14:35Z,SITE-D,ESP32-D01,PV-D01,2.769,-39.146,108.404,33.36,32.85,26.948,84.699,1010.755,28654.218,0.084
MSG-000818,REC-03825,2026-09-11T05:14:40Z,2026-09-11T05:14:40Z,SITE-D,ESP32-D01,PV-D01,2.797,-39.345,110.057,33.2,32.8,26.848,84.843,1010.752,28656.901,0.11
MSG-000819,REC-03826,2026-09-11T05:14:45Z,2026-09-11T05:14:45Z,SITE-D,ESP32-D01,PV-D01,2.739,-39.727,108.832,33.38,32.98,26.884,85.493,1010.703,28707.333,0.089
MSG-000820,REC-03827,2026-09-11T05:14:50Z,2026-09-11T05:14:50Z,SITE-D,ESP32-D01,PV-D01,2.797,-38.399,107.421,33.38,32.83,27.051,85.088,1010.734,29196.006,0.1
MSG-000821,REC-03828,2026-09-11T05:14:55Z,2026-09-11T05:14:55Z,SITE-D,ESP32-D01,PV-D01,2.771,-39.972,110.771,33.39,32.94,27.165,85.869,1010.671,28899.311,0.081
MSG-000822,REC-03829,2026-09-11T05:15:00Z,2026-09-11T05:15:00Z,SITE-D,ESP32-D01,PV-D01,2.745,-39.931,109.601,33.54,32.92,27.002,84.975,1010.691,28875.451,0.127
MSG-000823,REC-03830,2026-09-11T05:15:05Z,2026-09-11T05:15:05Z,SITE-D,ESP32-D01,PV-D01,2.753,-100.21,275.871,33.35,32.86,26.992,86.19,1010.86,29010.808,0.092
MSG-000824,REC-03831,2026-09-11T05:15:10Z,2026-09-11T05:15:10Z,SITE-D,ESP32-D01,PV-D01,2.764,-39.747,109.86,33.38,32.89,26.879,84.862,1010.812,28732.72,0.102
MSG-000825,REC-03832,2026-09-11T05:15:15Z,2026-09-11T05:15:15Z,SITE-D,ESP32-D01,PV-D01,2.769,-39.703,109.945,33.22,33.04,27.082,84.838,1010.798,28898.168,0.117
MSG-000826,REC-03833,2026-09-11T05:15:20Z,2026-09-11T05:15:20Z,SITE-D,ESP32-D01,PV-D01,2.777,-38.895,108.005,33.43,32.98,26.743,85.143,1010.792,29345.01,0.094
MSG-000827,REC-03834,2026-09-11T05:15:25Z,2026-09-11T05:15:25Z,SITE-D,ESP32-D01,PV-D01,2.749,-39.794,109.381,33.42,32.87,26.793,84.85,1010.792,29010.82,0.116
MSG-000828,REC-03835,2026-09-11T05:15:30Z,2026-09-11T05:15:30Z,SITE-D,ESP32-D01,PV-D01,2.77,-39.493,109.383,33.39,32.96,26.899,84.956,1010.799,28983.78,0.107
MSG-000829,REC-03836,2026-09-11T05:15:35Z,2026-09-11T05:15:35Z,SITE-D,ESP32-D01,PV-D01,2.805,-39.25,110.108,-999.0,32.92,27.108,84.543,1010.763,29281.139,0.062
MSG-000830,REC-03837,2026-09-11T05:15:40Z,2026-09-11T05:15:40Z,SITE-D,ESP32-D01,PV-D01,2.766,-40.348,111.594,33.49,33.2,26.977,85.271,1010.79,29344.943,0.092
MSG-000831,REC-03838,2026-09-11T05:15:45Z,2026-09-11T05:15:45Z,SITE-D,ESP32-D01,PV-D01,2.795,-39.37,110.048,33.41,32.93,27.011,83.997,1010.702,29171.912,0.078
MSG-000832,REC-03839,2026-09-11T05:15:50Z,2026-09-11T05:15:50Z,SITE-D,ESP32-D01,PV-D01,2.761,-40.331,111.367,33.4,32.9,26.984,85.49,1010.829,29062.363,0.068
MSG-000833,REC-03840,2026-09-11T05:15:55Z,2026-09-11T05:15:55Z,SITE-D,ESP32-D01,PV-D01,2.773,-39.446,109.384,33.52,33.06,27.012,85.574,1010.769,29078.304,0.092
MSG-000834,REC-03841,2026-09-11T06:44:00Z,2026-09-11T06:44:00Z,SITE-C,ESP32-C01,PV-C01,2.166,156.388,338.708,50.8,50.24,32.32,70.178,1010.122,96706.437,0.206
MSG-000835,REC-03842,2026-09-11T06:44:05Z,2026-09-11T06:44:05Z,SITE-C,ESP32-C01,PV-C01,2.148,157.789,338.988,50.7,50.17,32.436,69.883,1010.133,96213.296,0.21
MSG-000836,REC-03843,2026-09-11T06:44:10Z,2026-09-11T06:44:10Z,SITE-C,ESP32-C01,PV-C01,2.17,156.758,340.24,50.61,50.12,32.118,70.993,1010.219,96165.952,0.221
MSG-000837,REC-03844,2026-09-11T06:44:15Z,2026-09-11T06:44:15Z,SITE-C,ESP32-C01,PV-C01,2.152,157.94,339.868,50.65,50.15,32.305,70.227,1010.195,96155.861,0.215
MSG-000838,REC-03845,2026-09-11T06:44:20Z,2026-09-11T06:44:20Z,SITE-C,ESP32-C01,PV-C01,2.165,156.887,339.674,50.63,50.26,32.407,70.378,1010.158,96192.781,0.217
MSG-000839,REC-03846,2026-09-11T06:44:25Z,2026-09-11T06:44:25Z,SITE-C,ESP32-C01,PV-C01,2.151,157.348,338.515,50.64,50.15,32.204,70.971,1010.201,95969.52,0.226
MSG-000840,REC-03847,2026-09-11T06:44:30Z,2026-09-11T06:44:30Z,SITE-C,ESP32-C01,PV-C01,2.179,154.819,337.283,50.42,49.94,32.514,71.167,1010.175,95479.683,0.225
MSG-000841,REC-03848,2026-09-11T06:44:35Z,2026-09-11T06:44:35Z,SITE-C,ESP32-C01,PV-C01,2.194,154.564,339.166,50.5,49.87,32.531,70.809,1010.162,95290.057,0.204
MSG-000842,REC-03849,2026-09-11T06:44:40Z,2026-09-11T06:44:40Z,SITE-C,ESP32-C01,PV-C01,2.186,154.969,338.812,50.56,50.06,32.408,69.947,1010.094,95821.372,0.211
MSG-000843,REC-03850,2026-09-11T06:44:45Z,2026-09-11T06:44:45Z,SITE-C,ESP32-C01,PV-C01,2.165,153.969,333.294,50.47,50.02,32.305,69.097,1010.19,95238.46,0.204
MSG-000844,REC-03851,2026-09-11T06:44:50Z,2026-09-11T06:44:50Z,SITE-C,ESP32-C01,PV-C01,2.161,155.858,336.88,50.47,49.88,32.497,70.902,1010.044,95064.461,0.227
MSG-000845,REC-03852,2026-09-11T06:44:55Z,2026-09-11T06:44:55Z,SITE-C,ESP32-C01,PV-C01,2.169,155.296,336.821,50.55,50.21,32.491,70.243,1010.07,95731.386,0.24
MSG-000846,REC-03853,2026-09-11T06:45:00Z,2026-09-11T06:45:00Z,SITE-C,ESP32-C01,PV-C01,2.153,156.098,336.152,50.47,50.09,32.45,69.726,1010.094,95392.958,0.216
MSG-000847,REC-03854,2026-09-11T06:45:05Z,2026-09-11T06:45:05Z,SITE-C,ESP32-C01,PV-C01,2.172,156.656,340.231,50.6,50.01,32.508,68.764,1010.134,95667.005,0.184
MSG-000848,REC-03855,2026-09-11T06:45:10Z,2026-09-11T06:45:10Z,SITE-C,ESP32-C01,PV-C01,2.164,156.587,338.818,50.66,50.06,32.493,69.94,1010.096,95936.381,0.165
MSG-000849,REC-03856,2026-09-11T06:45:15Z,2026-09-11T06:45:15Z,SITE-C,ESP32-C01,PV-C01,2.164,156.175,337.909,50.64,50.16,32.548,70.33,1010.125,96090.198,0.171
MSG-000850,REC-03857,2026-09-11T06:45:20Z,2026-09-11T06:45:20Z,SITE-C,ESP32-C01,PV-C01,2.169,154.6,335.3,50.54,50.06,32.455,69.582,1010.156,95941.652,0.218
MSG-000851,REC-03858,2026-09-11T06:45:25Z,2026-09-11T06:45:25Z,SITE-C,ESP32-C01,PV-C01,2.176,155.706,338.748,50.52,50.14,32.338,70.708,1010.141,95545.691,0.192
MSG-000852,REC-03859,2026-09-11T06:45:30Z,2026-09-11T06:45:30Z,SITE-C,ESP32-C01,PV-C01,2.193,155.499,340.974,50.53,50.15,32.427,70.974,1010.167,95521.737,0.189
MSG-000853,REC-03860,2026-09-11T06:45:35Z,2026-09-11T06:45:35Z,SITE-C,ESP32-C01,PV-C01,2.172,155.492,337.792,50.82,50.2,32.343,70.227,1010.054,96271.866,0.205
MSG-000854,REC-03861,2026-09-11T06:45:40Z,2026-09-11T06:45:40Z,SITE-C,ESP32-C01,PV-C01,2.18,156.244,340.614,50.7,50.23,32.323,70.236,1010.126,96037.876,0.21
MSG-000855,REC-03862,2026-09-11T06:45:45Z,2026-09-11T06:45:45Z,SITE-C,ESP32-C01,PV-C01,2.188,156.304,342.046,50.64,50.2,32.561,69.46,1010.138,96016.417,0.191
MSG-000856,REC-03863,2026-09-11T06:45:50Z,2026-09-11T06:45:50Z,SITE-C,ESP32-C01,PV-C01,2.151,156.463,336.584,50.6,50.18,32.537,69.92,1010.036,96098.409,0.201
MSG-000857,REC-03864,2026-09-11T06:45:55Z,2026-09-11T06:45:55Z,SITE-C,ESP32-C01,PV-C01,2.155,155.614,335.279,50.76,50.24,32.473,70.226,1010.113,96153.388,0.179
MSG-000858,REC-03865,2026-09-11T06:46:00Z,2026-09-11T06:46:00Z,SITE-C,ESP32-C01,PV-C01,2.161,157.934,341.317,50.7,50.29,32.59,69.391,1010.149,96276.155,0.166
MSG-000859,REC-03866,2026-09-11T06:46:05Z,2026-09-11T06:46:05Z,SITE-C,ESP32-C01,PV-C01,2.171,155.105,336.8,50.63,50.22,32.439,70.588,1010.122,96112.542,0.187
MSG-000860,REC-03867,2026-09-11T06:46:10Z,2026-09-11T06:46:10Z,SITE-C,ESP32-C01,PV-C01,2.149,157.157,337.809,50.73,50.1,32.565,70.378,1010.064,96044.198,0.215
MSG-000861,REC-03868,2026-09-11T06:46:15Z,2026-09-11T06:46:15Z,SITE-C,ESP32-C01,PV-C01,2.146,156.896,336.744,50.71,50.13,32.319,70.482,1010.194,96085.7,0.18
MSG-000862,REC-03869,2026-09-11T06:46:20Z,2026-09-11T06:46:20Z,SITE-C,ESP32-C01,PV-C01,2.163,157.353,340.315,50.54,50.22,32.596,70.332,1010.132,96415.866,0.22
MSG-000863,REC-03870,2026-09-11T06:46:25Z,2026-09-11T06:46:25Z,SITE-C,ESP32-C01,PV-C01,2.162,157.663,340.892,50.7,50.16,32.358,70.564,1010.199,96310.14,0.211
MSG-000864,REC-03871,2026-09-11T06:46:30Z,2026-09-11T06:46:30Z,SITE-C,ESP32-C01,PV-C01,2.168,156.509,339.383,50.71,50.08,32.574,70.144,1010.12,96468.099,0.2
MSG-000865,REC-03872,2026-09-11T06:46:35Z,2026-09-11T06:46:35Z,SITE-C,ESP32-C01,PV-C01,2.159,158.534,342.232,50.62,50.2,32.508,71.642,1010.125,95910.397,0.196
MSG-000866,REC-03873,2026-09-11T06:46:40Z,2026-09-11T06:46:40Z,SITE-C,ESP32-C01,PV-C01,2.163,157.865,341.517,50.79,50.3,32.755,70.028,1010.173,96916.916,0.174
MSG-000867,REC-03874,2026-09-11T06:46:45Z,2026-09-11T06:46:45Z,SITE-C,ESP32-C01,PV-C01,2.152,156.571,336.942,50.64,50.17,32.521,70.456,1010.079,96693.029,0.19
MSG-000868,REC-03875,2026-09-11T06:46:50Z,2026-09-11T06:46:50Z,SITE-C,ESP32-C01,PV-C01,2.134,157.804,336.715,50.62,50.33,32.548,69.786,1010.169,96741.981,0.224
MSG-000869,REC-03876,2026-09-11T06:46:55Z,2026-09-11T06:46:55Z,SITE-C,ESP32-C01,PV-C01,2.139,158.163,338.236,50.78,50.34,32.33,70.373,1010.083,96951.677,0.237
MSG-000870,REC-03877,2026-09-11T06:47:00Z,2026-09-11T06:47:00Z,SITE-C,ESP32-C01,PV-C01,2.171,157.623,342.127,50.87,50.36,32.346,70.714,1010.112,97028.456,0.204
MSG-000871,REC-03878,2026-09-11T06:47:05Z,2026-09-11T06:47:05Z,SITE-C,ESP32-C01,PV-C01,2.154,156.683,337.572,50.5,50.17,32.405,69.906,1010.219,96462.602,0.215
MSG-000872,REC-03878,2026-09-11T06:47:05Z,2026-09-11T06:47:05Z,SITE-C,ESP32-C01,PV-C01,2.154,156.683,337.572,50.5,50.17,32.405,69.906,1010.219,96462.602,0.215
MSG-000873,REC-03879,2026-09-11T06:47:10Z,2026-09-11T06:47:10Z,SITE-C,ESP32-C01,PV-C01,2.18,154.646,337.076,50.55,50.01,32.405,69.738,1010.154,95661.375,0.208
MSG-000874,REC-03880,2026-09-11T06:47:15Z,2026-09-11T06:47:15Z,SITE-C,ESP32-C01,PV-C01,2.175,155.853,338.976,50.54,50.24,32.393,70.795,1010.095,96088.883,0.226
MSG-000875,REC-03880,2026-09-11T06:47:15Z,2026-09-11T06:47:15Z,SITE-C,ESP32-C01,PV-C01,2.175,155.853,338.976,50.54,50.24,32.393,70.795,1010.095,96088.883,0.226
MSG-000876,REC-03881,2026-09-11T06:47:20Z,2026-09-11T06:47:20Z,SITE-C,ESP32-C01,PV-C01,2.175,156.606,340.603,50.69,50.08,32.467,69.622,1010.084,96355.428,0.209
MSG-000877,REC-03882,2026-09-11T06:47:25Z,2026-09-11T06:47:25Z,SITE-C,ESP32-C01,PV-C01,2.159,156.779,338.554,50.88,50.2,32.509,70.977,1010.095,96054.07,0.181
MSG-000878,REC-03883,2026-09-11T06:47:30Z,2026-09-11T06:47:30Z,SITE-C,ESP32-C01,PV-C01,2.178,155.028,337.61,50.63,50.12,32.272,70.004,1010.098,95752.046,0.213
MSG-000879,REC-03884,2026-09-11T06:47:35Z,2026-09-11T06:47:35Z,SITE-C,ESP32-C01,PV-C01,2.164,156.012,337.679,50.56,50.06,32.63,70.108,1010.201,95807.651,0.216
MSG-000880,REC-03885,2026-09-11T06:47:40Z,2026-09-11T06:47:40Z,SITE-C,ESP32-C01,PV-C01,2.169,155.235,336.672,50.72,50.17,32.726,70.801,1010.094,95981.703,0.215
MSG-000881,REC-03886,2026-09-11T06:47:45Z,2026-09-11T06:47:45Z,SITE-C,ESP32-C01,PV-C01,2.151,157.351,338.416,50.77,50.4,32.628,70.422,1010.144,96393.452,0.182
MSG-000882,REC-03887,2026-09-11T06:47:50Z,2026-09-11T06:47:50Z,SITE-C,ESP32-C01,PV-C01,2.162,157.819,341.276,50.72,50.11,32.403,70.317,1010.169,96263.401,0.213
MSG-000883,REC-03888,2026-09-11T06:47:55Z,2026-09-11T06:47:55Z,SITE-C,ESP32-C01,PV-C01,2.163,158.042,341.914,50.86,50.36,32.515,71.052,1010.22,96340.684,0.231
MSG-000884,REC-03889,2026-09-11T06:48:00Z,2026-09-11T06:48:00Z,SITE-C,ESP32-C01,PV-C01,2.156,156.54,337.553,50.83,50.1,32.594,70.026,1010.1,96684.783,0.183
MSG-000885,REC-03890,2026-09-11T06:48:05Z,2026-09-11T06:48:05Z,SITE-C,ESP32-C01,PV-C01,2.177,157.384,342.635,50.82,50.41,32.435,70.814,1010.078,96409.458,0.219
MSG-000886,REC-03891,2026-09-11T06:48:10Z,2026-09-11T06:48:10Z,SITE-C,ESP32-C01,PV-C01,2.15,158.819,341.47,50.91,50.26,32.5,70.582,1010.173,97030.595,0.178
MSG-000887,REC-03892,2026-09-11T06:48:15Z,2026-09-11T06:48:15Z,SITE-C,ESP32-C01,PV-C01,2.2,157.333,346.101,50.85,50.57,32.399,70.754,1010.039,96999.587,0.211
MSG-000888,REC-03893,2026-09-11T06:48:20Z,2026-09-11T06:48:20Z,SITE-C,ESP32-C01,PV-C01,2.177,158.129,344.295,51.04,50.44,32.721,70.113,1010.138,97294.705,0.193
MSG-000889,REC-03894,2026-09-11T06:48:25Z,2026-09-11T06:48:25Z,SITE-C,ESP32-C01,PV-C01,2.154,158.646,341.726,50.95,50.58,32.348,70.533,1010.111,97297.832,0.218
MSG-000890,REC-03895,2026-09-11T06:48:30Z,2026-09-11T06:48:30Z,SITE-C,ESP32-C01,PV-C01,2.162,158.853,343.45,51.08,50.56,32.58,70.257,1010.0,97126.941,0.221
MSG-000891,REC-03896,2026-09-11T06:48:35Z,2026-09-11T06:48:35Z,SITE-C,ESP32-C01,PV-C01,2.17,157.976,342.763,50.98,50.53,32.483,69.82,1010.214,97894.056,0.18
MSG-000892,REC-03897,2026-09-11T06:48:40Z,2026-09-11T06:48:40Z,SITE-C,ESP32-C01,PV-C01,2.135,159.511,340.627,51.19,50.55,32.563,70.116,1010.123,97910.402,0.233
MSG-000893,REC-03898,2026-09-11T06:48:45Z,2026-09-11T06:48:45Z,SITE-C,ESP32-C01,PV-C01,2.16,158.879,343.101,51.11,50.51,32.522,70.049,1010.191,97775.096,0.213
MSG-000894,REC-03899,2026-09-11T06:48:50Z,2026-09-11T06:48:50Z,SITE-C,ESP32-C01,PV-C01,2.155,159.729,344.284,51.08,50.72,32.516,70.094,1010.116,98125.337,0.191
MSG-000895,REC-03900,2026-09-11T06:48:55Z,2026-09-11T06:48:55Z,SITE-C,ESP32-C01,PV-C01,2.168,159.752,346.29,51.28,50.71,32.669,69.456,1010.137,98606.204,0.211
MSG-000896,REC-03901,2026-09-11T06:52:00Z,2026-09-11T06:52:00Z,SITE-D,ESP32-D01,PV-D01,2.282,-21.728,49.576,36.75,34.42,28.564,84.253,1009.968,31673.908,0.145
MSG-000897,REC-03902,2026-09-11T06:52:05Z,2026-09-11T06:52:05Z,SITE-D,ESP32-D01,PV-D01,2.291,-22.782,52.191,36.66,34.45,28.598,83.331,1009.987,31711.991,0.175
MSG-000898,REC-03903,2026-09-11T06:52:10Z,2026-09-11T06:52:10Z,SITE-D,ESP32-D01,PV-D01,2.31,-22.226,51.338,36.64,34.64,28.643,84.097,1010.007,31149.293,0.136
MSG-000899,REC-03904,2026-09-11T06:52:15Z,2026-09-11T06:52:15Z,SITE-D,ESP32-D01,PV-D01,2.307,-21.967,50.682,36.8,34.64,28.587,83.956,1010.169,31722.954,0.117
MSG-000900,REC-03905,2026-09-11T06:52:20Z,2026-09-11T06:52:20Z,SITE-D,ESP32-D01,PV-D01,2.277,-21.653,49.294,36.74,34.59,28.453,85.095,1010.041,31626.113,0.137
MSG-000901,REC-03906,2026-09-11T06:52:25Z,2026-09-11T06:52:25Z,SITE-D,ESP32-D01,PV-D01,2.298,-22.475,51.643,36.66,34.49,28.585,83.966,1010.097,31387.359,0.145
MSG-000902,REC-03907,2026-09-11T06:52:30Z,2026-09-11T06:52:30Z,SITE-D,ESP32-D01,PV-D01,2.283,-22.476,51.307,36.51,34.65,28.849,83.961,1009.984,31465.668,0.113
MSG-000903,REC-03908,2026-09-11T06:52:35Z,2026-09-11T06:52:35Z,SITE-D,ESP32-D01,PV-D01,2.269,-22.645,51.387,36.72,34.47,28.701,83.602,1010.028,31383.933,0.147
MSG-000904,REC-03909,2026-09-11T06:52:40Z,2026-09-11T06:52:40Z,SITE-D,ESP32-D01,PV-D01,2.283,-22.06,50.354,36.59,34.57,28.748,83.247,1010.024,31272.623,0.133
MSG-000905,REC-03910,2026-09-11T06:52:45Z,2026-09-11T06:52:45Z,SITE-D,ESP32-D01,PV-D01,2.287,-22.602,51.686,36.65,34.47,28.688,85.709,1010.082,31555.69,0.169
MSG-000906,REC-03911,2026-09-11T06:52:50Z,2026-09-11T06:52:50Z,SITE-D,ESP32-D01,PV-D01,2.286,-66.731,152.532,36.68,34.56,28.85,83.606,1010.128,31673.221,0.157
MSG-000907,REC-03912,2026-09-11T06:52:55Z,2026-09-11T06:52:55Z,SITE-D,ESP32-D01,PV-D01,2.274,-22.091,50.229,36.84,34.51,28.555,84.85,1010.154,31574.064,0.119
MSG-000908,REC-03913,2026-09-11T06:53:00Z,2026-09-11T06:53:00Z,SITE-D,ESP32-D01,PV-D01,2.3,-22.454,51.636,36.71,34.69,28.765,84.578,1010.121,32070.473,0.153
MSG-000909,REC-03914,2026-09-11T06:53:05Z,2026-09-11T06:53:05Z,SITE-D,ESP32-D01,PV-D01,2.289,-22.355,51.178,36.6,34.65,28.753,85.539,1010.018,31961.74,0.131
MSG-000910,REC-03915,2026-09-11T06:53:10Z,2026-09-11T06:53:10Z,SITE-D,ESP32-D01,PV-D01,2.261,-22.835,51.632,36.81,34.55,28.744,84.627,1010.26,31918.215,0.133
MSG-000911,REC-03916,2026-09-11T06:53:15Z,2026-09-11T06:53:15Z,SITE-D,ESP32-D01,PV-D01,2.294,-24.041,55.157,36.73,34.66,28.593,84.796,1010.077,31772.968,0.183
MSG-000912,REC-03917,2026-09-11T06:53:20Z,2026-09-11T06:53:20Z,SITE-D,ESP32-D01,PV-D01,2.285,-22.861,52.241,36.73,34.5,28.734,83.634,1010.045,31888.721,0.154
MSG-000913,REC-03918,2026-09-11T06:53:25Z,2026-09-11T06:53:25Z,SITE-D,ESP32-D01,PV-D01,2.283,-23.335,53.277,36.85,34.63,28.688,85.482,1010.077,32151.577,0.112
MSG-000914,REC-03919,2026-09-11T06:53:30Z,2026-09-11T06:53:30Z,SITE-D,ESP32-D01,PV-D01,2.281,-22.601,51.543,36.86,34.57,28.709,84.259,1009.993,31836.46,0.119
MSG-000915,REC-03920,2026-09-11T06:53:35Z,2026-09-11T06:53:35Z,SITE-D,ESP32-D01,PV-D01,2.289,-22.724,52.018,36.66,34.69,28.764,84.755,1010.029,32061.438,0.149
MSG-000916,REC-03921,2026-09-11T06:53:40Z,2026-09-11T06:53:40Z,SITE-D,ESP32-D01,PV-D01,2.292,-22.026,50.479,36.63,34.69,28.597,84.029,1010.077,31975.821,0.156
MSG-000917,REC-03922,2026-09-11T06:53:45Z,2026-09-11T06:53:45Z,SITE-D,ESP32-D01,PV-D01,2.3,-22.638,52.069,36.78,34.72,28.667,85.13,1010.187,31804.215,0.129
MSG-000918,REC-03923,2026-09-11T06:53:50Z,2026-09-11T06:53:50Z,SITE-D,ESP32-D01,PV-D01,2.306,-22.596,52.107,36.7,34.63,28.584,83.918,1009.976,31964.611,0.161
MSG-000919,REC-03924,2026-09-11T06:53:55Z,2026-09-11T06:53:55Z,SITE-D,ESP32-D01,PV-D01,2.304,-22.253,51.274,36.69,34.37,28.704,84.762,1009.94,31600.219,0.124
MSG-000920,REC-03925,2026-09-11T06:54:00Z,2026-09-11T06:54:00Z,SITE-D,ESP32-D01,PV-D01,2.289,-21.943,50.223,36.63,34.59,28.815,83.951,1010.092,31601.199,0.167
MSG-000921,REC-03926,2026-09-11T06:54:05Z,2026-09-11T06:54:05Z,SITE-D,ESP32-D01,PV-D01,2.285,-23.082,52.747,36.73,34.71,28.786,84.1,1010.062,31400.146,0.114
MSG-000922,REC-03927,2026-09-11T06:54:10Z,2026-09-11T06:54:10Z,SITE-D,ESP32-D01,PV-D01,2.295,-22.034,50.561,36.72,34.56,28.568,84.879,1010.037,31651.563,0.115
MSG-000923,REC-03928,2026-09-11T06:54:15Z,2026-09-11T06:54:15Z,SITE-D,ESP32-D01,PV-D01,2.292,-22.244,50.985,36.7,34.47,28.675,84.454,1010.056,31650.045,0.146
MSG-000924,REC-03929,2026-09-11T06:54:20Z,2026-09-11T06:54:20Z,SITE-D,ESP32-D01,PV-D01,2.293,-22.365,51.286,36.59,34.64,28.698,84.064,1010.007,31485.212,0.136
MSG-000925,REC-03930,2026-09-11T06:54:25Z,2026-09-11T06:54:25Z,SITE-D,ESP32-D01,PV-D01,2.276,-21.99,50.049,36.81,34.66,28.509,83.826,1010.001,31925.827,0.167
MSG-000926,REC-03931,2026-09-11T06:54:30Z,2026-09-11T06:54:30Z,SITE-D,ESP32-D01,PV-D01,2.294,-22.364,51.307,36.67,34.5,28.692,83.138,1010.058,31621.131,0.121
MSG-000927,REC-03932,2026-09-11T06:54:35Z,2026-09-11T06:54:35Z,SITE-D,ESP32-D01,PV-D01,2.297,-22.486,51.642,36.74,34.54,28.603,82.733,1010.057,31248.711,0.117
MSG-000928,REC-03933,2026-09-11T06:54:40Z,2026-09-11T06:54:40Z,SITE-D,ESP32-D01,PV-D01,2.298,-21.726,49.934,36.48,34.48,28.623,84.162,1010.001,30877.66,0.15
MSG-000929,REC-03934,2026-09-11T06:54:45Z,2026-09-11T06:54:45Z,SITE-D,ESP32-D01,PV-D01,2.293,-22.381,51.313,-999.0,34.61,28.408,83.89,1010.048,31491.11,0.115
MSG-000930,REC-03935,2026-09-11T06:54:50Z,2026-09-11T06:54:50Z,SITE-D,ESP32-D01,PV-D01,2.281,-22.008,50.206,36.62,34.58,28.612,84.24,1009.968,31345.028,0.123
MSG-000931,REC-03936,2026-09-11T06:54:55Z,2026-09-11T06:54:55Z,SITE-D,ESP32-D01,PV-D01,2.27,-22.039,50.033,36.65,34.46,28.68,84.395,1010.1,31257.408,0.133
MSG-000932,REC-03937,2026-09-11T06:55:00Z,2026-09-11T06:55:00Z,SITE-D,ESP32-D01,PV-D01,2.262,-22.518,50.945,36.76,34.58,28.461,84.322,1010.029,31229.561,0.144
MSG-000933,REC-03938,2026-09-11T06:55:05Z,2026-09-11T06:55:05Z,SITE-D,ESP32-D01,PV-D01,2.275,-21.679,49.317,36.73,34.55,28.527,84.065,1010.054,31239.681,0.147
MSG-000934,REC-03939,2026-09-11T06:55:10Z,2026-09-11T06:55:10Z,SITE-D,ESP32-D01,PV-D01,2.294,-22.98,52.706,36.74,34.76,28.47,84.32,1010.105,31416.096,0.158
MSG-000935,REC-03940,2026-09-11T06:55:15Z,2026-09-11T06:55:15Z,SITE-D,ESP32-D01,PV-D01,2.285,-22.426,51.238,36.74,-999.0,28.488,84.876,1009.998,31544.716,0.114
MSG-000936,REC-03941,2026-09-11T06:55:20Z,2026-09-11T06:55:20Z,SITE-D,ESP32-D01,PV-D01,2.285,-21.815,49.846,36.6,34.61,28.35,85.026,1010.053,31162.72,0.164
MSG-000937,REC-03942,2026-09-11T06:55:25Z,2026-09-11T06:55:25Z,SITE-D,ESP32-D01,PV-D01,2.273,-21.928,49.831,36.63,-999.0,28.561,84.83,1010.121,31214.909,0.148
MSG-000938,REC-03943,2026-09-11T06:55:30Z,2026-09-11T06:55:30Z,SITE-D,ESP32-D01,PV-D01,2.278,-22.246,50.675,36.8,34.69,28.498,84.473,1010.011,31201.273,0.19
MSG-000939,REC-03944,2026-09-11T06:55:35Z,2026-09-11T06:55:35Z,SITE-D,ESP32-D01,PV-D01,2.256,-21.777,49.132,36.72,34.65,28.644,84.672,1009.95,31266.26,0.108
MSG-000940,REC-03945,2026-09-11T06:55:40Z,2026-09-11T06:55:40Z,SITE-D,ESP32-D01,PV-D01,2.292,-21.817,49.999,36.86,34.73,28.673,83.829,1010.122,31633.108,0.131
MSG-000941,REC-03946,2026-09-11T06:55:45Z,2026-09-11T06:55:45Z,SITE-D,ESP32-D01,PV-D01,2.267,-22.195,50.314,36.83,34.78,28.568,84.533,1010.003,31415.433,0.155
MSG-000942,REC-03947,2026-09-11T06:55:50Z,2026-09-11T06:55:50Z,SITE-D,ESP32-D01,PV-D01,2.257,-22.083,49.835,36.89,34.69,28.474,84.889,1010.002,31632.267,0.129
MSG-000943,REC-03948,2026-09-11T06:55:55Z,2026-09-11T06:55:55Z,SITE-D,ESP32-D01,PV-D01,2.285,-21.827,49.884,36.86,34.87,28.596,84.408,1010.085,31695.719,0.145
MSG-000944,REC-03949,2026-09-11T06:56:00Z,2026-09-11T06:56:00Z,SITE-D,ESP32-D01,PV-D01,2.277,-22.415,51.039,36.79,34.84,28.646,84.73,1010.147,31228.076,0.103
MSG-000945,REC-03950,2026-09-11T06:56:05Z,2026-09-11T06:56:05Z,SITE-D,ESP32-D01,PV-D01,2.293,-22.884,52.47,36.82,34.75,28.679,84.487,1010.048,31405.287,0.137
MSG-000946,REC-03951,2026-09-11T06:56:10Z,2026-09-11T06:56:10Z,SITE-D,ESP32-D01,PV-D01,2.292,-22.55,51.675,36.91,34.72,28.733,84.597,1010.1,31366.786,0.171
MSG-000947,REC-03952,2026-09-11T06:56:15Z,2026-09-11T06:56:15Z,SITE-D,ESP32-D01,PV-D01,2.285,-23.207,53.025,36.69,34.78,28.445,83.512,1010.107,31593.399,0.147
MSG-000948,REC-03953,2026-09-11T06:56:20Z,2026-09-11T06:56:20Z,SITE-D,ESP32-D01,PV-D01,2.275,-22.04,50.13,36.97,34.75,28.548,84.201,1010.079,31696.835,0.133
MSG-000949,REC-03954,2026-09-11T06:56:25Z,2026-09-11T06:56:25Z,SITE-D,ESP32-D01,PV-D01,2.287,-21.896,50.077,36.8,34.68,28.601,84.789,1010.074,31521.629,0.118
MSG-000950,REC-03955,2026-09-11T06:56:30Z,2026-09-11T06:56:30Z,SITE-D,ESP32-D01,PV-D01,2.257,-22.238,50.198,36.8,34.76,28.678,84.735,1010.166,31534.213,0.13
MSG-000951,REC-03956,2026-09-11T06:56:35Z,2026-09-11T06:56:35Z,SITE-D,ESP32-D01,PV-D01,2.305,-22.249,51.273,36.79,34.62,28.47,83.793,1010.037,31058.507,0.159
MSG-000952,REC-03957,2026-09-11T06:56:40Z,2026-09-11T06:56:40Z,SITE-D,ESP32-D01,PV-D01,2.286,-21.428,48.991,36.79,34.67,28.524,84.574,1010.094,31141.843,0.128
MSG-000953,REC-03958,2026-09-11T06:56:45Z,2026-09-11T06:56:45Z,SITE-D,ESP32-D01,PV-D01,2.26,-22.598,51.077,36.7,34.68,28.673,84.323,1010.098,31344.992,0.13
MSG-000954,REC-03959,2026-09-11T06:56:50Z,2026-09-11T06:56:50Z,SITE-D,ESP32-D01,PV-D01,2.287,-21.479,49.113,36.83,34.61,28.52,83.488,1010.177,31385.916,0.127
MSG-000955,REC-03960,2026-09-11T06:56:55Z,2026-09-11T06:56:55Z,SITE-D,ESP32-D01,PV-D01,2.271,-21.618,49.101,36.91,34.82,28.386,83.727,1010.06,31371.252,0.135
MSG-000956,REC-03961,2026-09-11T08:58:00Z,2026-09-11T08:58:00Z,SITE-C,ESP32-C01,PV-C01,2.284,129.634,296.071,48.57,48.21,32.416,69.317,1008.844,78381.007,0.185
MSG-000957,REC-03962,2026-09-11T08:58:05Z,2026-09-11T08:58:05Z,SITE-C,ESP32-C01,PV-C01,2.249,130.875,294.318,48.67,48.02,32.359,68.768,1008.899,77892.62,0.185
MSG-000958,REC-03963,2026-09-11T08:58:10Z,2026-09-11T08:58:10Z,SITE-C,ESP32-C01,PV-C01,2.25,130.127,292.778,48.49,48.14,32.422,68.302,1008.821,77527.902,0.166
MSG-000959,REC-03964,2026-09-11T08:58:15Z,2026-09-11T08:58:15Z,SITE-C,ESP32-C01,PV-C01,2.254,129.106,290.959,48.55,48.15,32.334,68.298,1008.718,78065.851,0.19
MSG-000960,REC-03965,2026-09-11T08:58:20Z,2026-09-11T08:58:20Z,SITE-C,ESP32-C01,PV-C01,2.277,129.123,294.019,48.65,48.2,32.2,69.096,1008.846,77994.799,0.197
MSG-000961,REC-03966,2026-09-11T08:58:25Z,2026-09-11T08:58:25Z,SITE-C,ESP32-C01,PV-C01,2.287,129.261,295.672,48.53,48.11,32.171,69.166,1008.818,77546.98,0.242
MSG-000962,REC-03967,2026-09-11T08:58:30Z,2026-09-11T08:58:30Z,SITE-C,ESP32-C01,PV-C01,2.269,129.987,294.915,48.67,48.04,32.344,68.617,1008.853,77819.9,0.188
MSG-000963,REC-03968,2026-09-11T08:58:35Z,2026-09-11T08:58:35Z,SITE-C,ESP32-C01,PV-C01,2.282,130.045,296.774,48.47,48.0,32.146,68.246,1008.87,77605.247,0.202
MSG-000964,REC-03969,2026-09-11T08:58:40Z,2026-09-11T08:58:40Z,SITE-C,ESP32-C01,PV-C01,2.248,130.074,292.353,48.57,48.18,32.356,69.444,1008.818,77824.676,0.195
MSG-000965,REC-03970,2026-09-11T08:58:45Z,2026-09-11T08:58:45Z,SITE-C,ESP32-C01,PV-C01,2.252,129.732,292.15,48.4,48.06,32.526,68.212,1008.8,77597.159,0.212
MSG-000966,REC-03971,2026-09-11T08:58:50Z,2026-09-11T08:58:50Z,SITE-C,ESP32-C01,PV-C01,2.271,128.946,292.889,48.38,48.13,32.371,69.139,1008.783,77492.455,0.186
MSG-000967,REC-03972,2026-09-11T08:58:55Z,2026-09-11T08:58:55Z,SITE-C,ESP32-C01,PV-C01,2.277,129.295,294.418,48.73,48.07,32.25,67.895,1008.875,77662.983,0.199
MSG-000968,REC-03972,2026-09-11T08:58:55Z,2026-09-11T08:58:55Z,SITE-C,ESP32-C01,PV-C01,2.277,129.295,294.418,48.73,48.07,32.25,67.895,1008.875,77662.983,0.199
MSG-000969,REC-03973,2026-09-11T08:59:00Z,2026-09-11T08:59:00Z,SITE-C,ESP32-C01,PV-C01,2.265,129.778,293.971,48.8,48.21,32.282,68.433,1008.827,77828.154,0.188
MSG-000970,REC-03974,2026-09-11T08:59:05Z,2026-09-11T08:59:05Z,SITE-C,ESP32-C01,PV-C01,2.255,129.939,292.957,48.69,48.22,32.115,70.015,1008.932,77965.777,0.179
MSG-000971,REC-03975,2026-09-11T08:59:10Z,2026-09-11T08:59:10Z,SITE-C,ESP32-C01,PV-C01,2.291,129.205,296.004,48.61,48.2,32.406,68.997,1008.858,77739.707,0.177
MSG-000972,REC-03976,2026-09-11T08:59:15Z,2026-09-11T08:59:15Z,SITE-C,ESP32-C01,PV-C01,2.239,131.55,294.568,48.67,48.17,32.288,70.546,1008.774,77913.047,0.176
MSG-000973,REC-03977,2026-09-11T08:59:20Z,2026-09-11T08:59:20Z,SITE-C,ESP32-C01,PV-C01,2.24,130.784,292.948,48.82,48.27,32.387,69.32,1008.895,78272.066,0.205
MSG-000974,REC-03978,2026-09-11T08:59:25Z,2026-09-11T08:59:25Z,SITE-C,ESP32-C01,PV-C01,2.267,130.417,295.685,48.72,48.36,32.521,68.894,1008.924,78501.199,0.18
MSG-000975,REC-03979,2026-09-11T08:59:30Z,2026-09-11T08:59:30Z,SITE-C,ESP32-C01,PV-C01,2.257,130.988,295.66,48.78,48.26,32.26,69.318,1008.854,78256.657,0.172
MSG-000976,REC-03980,2026-09-11T08:59:35Z,2026-09-11T08:59:35Z,SITE-C,ESP32-C01,PV-C01,2.247,130.391,292.96,48.68,48.22,32.286,68.159,1008.847,77804.678,0.207
MSG-000977,REC-03981,2026-09-11T08:59:40Z,2026-09-11T08:59:40Z,SITE-C,ESP32-C01,PV-C01,2.246,131.568,295.451,48.67,48.22,32.412,68.867,1009.07,78071.599,0.181
MSG-000978,REC-03982,2026-09-11T08:59:45Z,2026-09-11T08:59:45Z,SITE-C,ESP32-C01,PV-C01,2.261,131.234,296.677,48.66,48.22,32.105,69.529,1008.842,77878.906,0.2
MSG-000979,REC-03983,2026-09-11T08:59:50Z,2026-09-11T08:59:50Z,SITE-C,ESP32-C01,PV-C01,2.281,129.593,295.555,48.71,48.33,32.351,68.988,1008.911,78128.357,0.191
MSG-000980,REC-03984,2026-09-11T08:59:55Z,2026-09-11T08:59:55Z,SITE-C,ESP32-C01,PV-C01,2.263,130.398,295.077,48.69,48.37,32.277,68.153,1008.85,78283.326,0.178
MSG-000981,REC-03985,2026-09-11T09:00:00Z,2026-09-11T09:00:00Z,SITE-C,ESP32-C01,PV-C01,2.248,131.522,295.613,48.75,48.22,32.184,68.099,1008.949,77812.225,0.174
MSG-000982,REC-03986,2026-09-11T09:00:05Z,2026-09-11T09:00:05Z,SITE-C,ESP32-C01,PV-C01,2.249,130.832,294.221,48.77,48.32,32.209,69.074,1008.94,78278.944,0.182
MSG-000983,REC-03987,2026-09-11T09:00:10Z,2026-09-11T09:00:10Z,SITE-C,ESP32-C01,PV-C01,2.21,130.724,288.883,48.8,48.24,32.326,69.09,1008.927,78194.369,0.204
MSG-000984,REC-03988,2026-09-11T09:00:15Z,2026-09-11T09:00:15Z,SITE-C,ESP32-C01,PV-C01,2.248,131.426,295.483,48.92,48.3,32.149,70.274,1008.814,78569.052,0.201
MSG-000985,REC-03989,2026-09-11T09:00:20Z,2026-09-11T09:00:20Z,SITE-C,ESP32-C01,PV-C01,2.257,131.321,296.329,48.8,48.34,32.29,68.801,1008.926,78253.912,0.158
MSG-000986,REC-03990,2026-09-11T09:00:25Z,2026-09-11T09:00:25Z,SITE-C,ESP32-C01,PV-C01,2.251,129.944,292.467,48.79,48.28,32.227,70.088,1008.817,77890.427,0.181
MSG-000987,REC-03990,2026-09-11T09:00:25Z,2026-09-11T09:00:25Z,SITE-C,ESP32-C01,PV-C01,2.251,129.944,292.467,48.79,48.28,32.227,70.088,1008.817,77890.427,0.181
MSG-000988,REC-03991,2026-09-11T09:00:30Z,2026-09-11T09:00:30Z,SITE-C,ESP32-C01,PV-C01,2.25,130.307,293.168,48.56,48.26,32.364,67.847,1008.851,77929.371,0.196
MSG-000989,REC-03992,2026-09-11T09:00:35Z,2026-09-11T09:00:35Z,SITE-C,ESP32-C01,PV-C01,2.27,129.326,293.565,48.7,48.15,32.419,69.176,1008.818,77820.864,0.208
MSG-000990,REC-03993,2026-09-11T09:00:40Z,2026-09-11T09:00:40Z,SITE-C,ESP32-C01,PV-C01,2.245,130.084,291.999,48.78,48.36,32.216,69.4,1008.827,78103.2,0.193
MSG-000991,REC-03994,2026-09-11T09:00:45Z,2026-09-11T09:00:45Z,SITE-C,ESP32-C01,PV-C01,2.257,130.653,294.873,48.95,48.29,32.295,68.984,1008.886,78088.727,0.191
MSG-000992,REC-03995,2026-09-11T09:00:50Z,2026-09-11T09:00:50Z,SITE-C,ESP32-C01,PV-C01,2.248,130.317,292.901,48.51,48.09,32.469,69.209,1008.798,77268.658,0.206
MSG-000993,REC-03996,2026-09-11T09:00:55Z,2026-09-11T09:00:55Z,SITE-C,ESP32-C01,PV-C01,2.252,130.319,293.541,48.57,48.18,32.272,69.284,1008.835,77211.553,0.199
MSG-000994,REC-03997,2026-09-11T09:01:00Z,2026-09-11T09:01:00Z,SITE-C,ESP32-C01,PV-C01,2.241,130.651,292.799,48.81,48.31,32.337,69.053,1008.891,77627.602,0.15
MSG-000995,REC-03998,2026-09-11T09:01:05Z,2026-09-11T09:01:05Z,SITE-C,ESP32-C01,PV-C01,2.256,130.077,293.516,48.56,48.15,32.262,68.975,1008.79,77396.376,0.187
MSG-000996,REC-03999,2026-09-11T09:01:10Z,2026-09-11T09:01:10Z,SITE-C,ESP32-C01,PV-C01,2.277,129.228,294.258,48.68,48.26,32.49,68.466,1008.954,77735.581,0.185
MSG-000997,REC-04000,2026-09-11T09:01:15Z,2026-09-11T09:01:15Z,SITE-C,ESP32-C01,PV-C01,2.244,130.553,292.949,48.68,48.21,32.403,69.299,1008.817,77535.476,0.192
MSG-000998,REC-04001,2026-09-11T09:01:20Z,2026-09-11T09:01:20Z,SITE-C,ESP32-C01,PV-C01,2.271,128.354,291.432,48.67,48.26,32.352,68.656,1008.809,77661.274,0.181
MSG-000999,REC-04002,2026-09-11T09:01:25Z,2026-09-11T09:01:25Z,SITE-C,ESP32-C01,PV-C01,2.258,129.325,292.04,48.82,48.25,32.451,68.954,1008.854,77429.929,0.2
MSG-001000,REC-04003,2026-09-11T09:01:30Z,2026-09-11T09:01:30Z,SITE-C,ESP32-C01,PV-C01,2.257,130.267,294.052,48.69,48.05,32.234,69.43,1008.798,77346.296,0.156
MSG-001001,REC-04004,2026-09-11T09:01:35Z,2026-09-11T09:01:35Z,SITE-C,ESP32-C01,PV-C01,2.245,131.313,294.76,48.84,48.39,32.17,68.657,1008.928,77889.83,0.201
MSG-001002,REC-04005,2026-09-11T09:01:40Z,2026-09-11T09:01:40Z,SITE-C,ESP32-C01,PV-C01,2.244,130.648,293.225,48.72,48.33,32.336,69.031,1008.827,77880.157,0.209
MSG-001003,REC-04006,2026-09-11T09:01:45Z,2026-09-11T09:01:45Z,SITE-C,ESP32-C01,PV-C01,2.238,132.081,295.551,48.76,48.27,32.251,68.434,1008.821,77988.213,0.21
MSG-001004,REC-04007,2026-09-11T09:01:50Z,2026-09-11T09:01:50Z,SITE-C,ESP32-C01,PV-C01,2.247,129.544,291.046,48.79,48.22,32.359,69.406,1008.948,78285.35,0.223
MSG-001005,REC-04008,2026-09-11T09:01:55Z,2026-09-11T09:01:55Z,SITE-C,ESP32-C01,PV-C01,2.254,132.078,297.642,48.75,48.38,32.356,70.024,1008.853,78083.086,0.203
MSG-001006,REC-04009,2026-09-11T09:02:00Z,2026-09-11T09:02:00Z,SITE-C,ESP32-C01,PV-C01,2.247,131.224,294.917,48.95,48.39,32.523,69.118,1008.819,78562.922,0.207
MSG-001007,REC-04010,2026-09-11T09:02:05Z,2026-09-11T09:02:05Z,SITE-C,ESP32-C01,PV-C01,2.247,130.951,294.273,48.87,48.43,32.562,68.437,1008.876,78303.109,0.201
MSG-001008,REC-04011,2026-09-11T09:02:10Z,2026-09-11T09:02:10Z,SITE-C,ESP32-C01,PV-C01,2.265,130.908,296.507,48.94,48.55,32.129,68.154,1008.792,78598.926,0.209
MSG-001009,REC-04012,2026-09-11T09:02:15Z,2026-09-11T09:02:15Z,SITE-C,ESP32-C01,PV-C01,2.252,130.31,293.472,49.0,48.41,32.303,69.095,1008.817,78552.523,0.217
MSG-001010,REC-04013,2026-09-11T09:02:20Z,2026-09-11T09:02:20Z,SITE-C,ESP32-C01,PV-C01,2.268,131.784,298.895,48.9,48.41,32.404,68.829,1008.85,78895.835,0.16
MSG-001011,REC-04014,2026-09-11T09:02:25Z,2026-09-11T09:02:25Z,SITE-C,ESP32-C01,PV-C01,2.293,130.726,299.81,49.1,48.57,32.458,68.295,1008.878,78942.093,0.225
MSG-001012,REC-04015,2026-09-11T09:02:30Z,2026-09-11T09:02:30Z,SITE-C,ESP32-C01,PV-C01,2.249,130.211,292.819,48.96,48.45,32.233,68.664,1008.754,78732.612,0.183
MSG-001013,REC-04016,2026-09-11T09:02:35Z,2026-09-11T09:02:35Z,SITE-C,ESP32-C01,PV-C01,2.239,131.887,295.311,49.1,48.52,32.156,69.188,1008.813,78672.796,0.228
MSG-001014,REC-04017,2026-09-11T09:02:40Z,2026-09-11T09:02:40Z,SITE-C,ESP32-C01,PV-C01,2.248,131.101,294.7,48.96,48.39,32.41,68.909,1008.872,78656.107,0.182
MSG-001015,REC-04019,2026-09-11T09:02:50Z,2026-09-11T09:02:50Z,SITE-C,ESP32-C01,PV-C01,2.264,131.266,297.227,48.99,48.54,32.241,69.844,1008.815,78693.468,0.181
MSG-001016,REC-04020,2026-09-11T09:02:55Z,2026-09-11T09:02:55Z,SITE-C,ESP32-C01,PV-C01,2.264,131.015,296.587,49.03,-999.0,32.354,69.835,1008.827,78744.379,0.188
MSG-001017,REC-04021,2026-09-11T09:16:00Z,2026-09-11T09:16:00Z,SITE-A,ESP32-A01,PV-A01,2.306,37.754,87.065,41.23,37.68,29.267,78.388,1008.411,49633.806,0.094
MSG-001018,REC-04022,2026-09-11T09:16:05Z,2026-09-11T09:16:05Z,SITE-A,ESP32-A01,PV-A01,2.294,38.356,87.976,41.11,37.7,29.682,79.314,1008.383,49694.458,0.13
MSG-001019,REC-04023,2026-09-11T09:16:10Z,2026-09-11T09:16:10Z,SITE-A,ESP32-A01,PV-A01,2.293,38.671,88.655,41.15,37.56,29.43,79.543,1008.458,49396.894,0.076
MSG-001020,REC-04024,2026-09-11T09:16:15Z,2026-09-11T09:16:15Z,SITE-A,ESP32-A01,PV-A01,2.305,38.031,87.653,41.22,37.69,29.737,78.83,1008.403,49281.149,0.125
MSG-001021,REC-04025,2026-09-11T09:16:20Z,2026-09-11T09:16:20Z,SITE-A,ESP32-A01,PV-A01,2.3,37.794,86.933,41.13,37.59,29.43,79.078,1008.428,49379.633,0.09
MSG-001022,REC-04026,2026-09-11T09:16:25Z,2026-09-11T09:16:25Z,SITE-A,ESP32-A01,PV-A01,2.297,37.868,87.0,41.01,37.64,29.594,78.881,1008.308,49103.296,0.112
MSG-001023,REC-04027,2026-09-11T09:16:30Z,2026-09-11T09:16:30Z,SITE-A,ESP32-A01,PV-A01,2.308,37.979,87.648,41.2,37.59,29.375,78.527,1008.45,49641.46,0.129
MSG-001024,REC-04028,2026-09-11T09:16:35Z,2026-09-11T09:16:35Z,SITE-A,ESP32-A01,PV-A01,2.307,37.64,86.84,41.12,37.71,29.65,79.847,1008.469,49270.011,0.104
MSG-001025,REC-04029,2026-09-11T09:16:40Z,2026-09-11T09:16:40Z,SITE-A,ESP32-A01,PV-A01,2.325,38.002,88.36,41.22,37.69,29.402,78.516,1008.427,48991.509,0.106
MSG-001026,REC-04030,2026-09-11T09:16:45Z,2026-09-11T09:16:45Z,SITE-A,ESP32-A01,PV-A01,2.317,38.117,88.327,41.12,37.57,29.829,79.163,1008.472,49436.098,0.113
MSG-001027,REC-04031,2026-09-11T09:16:50Z,2026-09-11T09:16:50Z,SITE-A,ESP32-A01,PV-A01,2.318,38.013,88.133,41.33,37.64,29.717,78.386,1008.435,49451.712,0.101
MSG-001028,REC-04032,2026-09-11T09:16:55Z,2026-09-11T09:16:55Z,SITE-A,ESP32-A01,PV-A01,2.316,38.723,89.664,41.2,37.73,29.486,79.994,1008.436,49407.366,0.074
MSG-001029,REC-04033,2026-09-11T09:17:00Z,2026-09-11T09:17:00Z,SITE-A,ESP32-A01,PV-A01,2.283,38.092,86.944,41.19,37.55,29.613,79.188,1008.412,49422.795,0.112
MSG-001030,REC-04034,2026-09-11T09:17:05Z,2026-09-11T09:17:05Z,SITE-A,ESP32-A01,PV-A01,2.338,38.446,89.901,41.26,37.59,29.454,78.496,1008.376,49584.618,0.099
MSG-001031,REC-04035,2026-09-11T09:17:10Z,2026-09-11T09:17:10Z,SITE-A,ESP32-A01,PV-A01,2.297,38.604,88.672,41.14,37.79,29.527,79.917,1008.476,49996.597,0.109
MSG-001032,REC-04036,2026-09-11T09:17:15Z,2026-09-11T09:17:15Z,SITE-A,ESP32-A01,PV-A01,2.281,38.421,87.622,41.23,37.62,29.345,79.569,1008.451,49883.152,0.089
MSG-001033,REC-04037,2026-09-11T09:17:20Z,2026-09-11T09:17:20Z,SITE-A,ESP32-A01,PV-A01,2.305,39.04,90.005,41.38,37.63,29.486,79.057,1008.327,49611.545,0.131
MSG-001034,REC-04038,2026-09-11T09:17:25Z,2026-09-11T09:17:25Z,SITE-A,ESP32-A01,PV-A01,2.304,38.486,88.69,41.23,37.63,29.727,79.156,1008.447,49901.152,0.11
MSG-001035,REC-04039,2026-09-11T09:17:30Z,2026-09-11T09:17:30Z,SITE-A,ESP32-A01,PV-A01,2.29,39.255,89.912,41.27,37.79,29.521,79.394,1008.364,49870.792,0.1
MSG-001036,REC-04040,2026-09-11T09:17:35Z,2026-09-11T09:17:35Z,SITE-A,ESP32-A01,PV-A01,2.332,38.229,89.164,41.24,37.67,29.586,79.25,1008.347,50081.366,0.107
MSG-001037,REC-04041,2026-09-11T09:17:40Z,2026-09-11T09:17:40Z,SITE-A,ESP32-A01,PV-A01,2.33,39.729,92.579,41.41,37.72,29.367,80.302,1008.32,50177.188,0.108
MSG-001038,REC-04042,2026-09-11T09:17:45Z,2026-09-11T09:17:45Z,SITE-A,ESP32-A01,PV-A01,2.339,38.731,90.573,41.35,37.76,29.346,79.774,1008.433,50279.921,0.092
MSG-001039,REC-04043,2026-09-11T09:17:50Z,2026-09-11T09:17:50Z,SITE-A,ESP32-A01,PV-A01,2.318,38.956,90.294,41.26,37.9,29.533,79.626,1008.391,50345.874,0.128
MSG-001040,REC-04044,2026-09-11T09:17:55Z,2026-09-11T09:17:55Z,SITE-A,ESP32-A01,PV-A01,2.316,39.234,90.88,41.58,37.75,29.606,79.293,1008.391,50506.013,0.099
MSG-001041,REC-04045,2026-09-11T09:18:00Z,2026-09-11T09:18:00Z,SITE-A,ESP32-A01,PV-A01,2.317,39.287,91.044,41.31,37.75,29.649,78.7,1008.506,50816.433,0.094
MSG-001042,REC-04046,2026-09-11T09:18:05Z,2026-09-11T09:18:05Z,SITE-A,ESP32-A01,PV-A01,2.313,39.761,91.957,41.48,37.82,29.602,79.269,1008.428,51223.439,0.119
MSG-001043,REC-04047,2026-09-11T09:18:10Z,2026-09-11T09:18:10Z,SITE-A,ESP32-A01,PV-A01,2.32,39.044,90.586,41.43,38.0,29.662,79.678,1008.368,51296.437,0.119
MSG-001044,REC-04048,2026-09-11T09:18:15Z,2026-09-11T09:18:15Z,SITE-A,ESP32-A01,PV-A01,2.309,40.219,92.864,41.48,38.04,29.559,78.141,1008.315,51469.559,0.085
MSG-001045,REC-04049,2026-09-11T09:18:20Z,2026-09-11T09:18:20Z,SITE-A,ESP32-A01,PV-A01,2.278,39.748,90.546,41.43,38.07,29.545,79.414,1008.439,51516.164,0.108
MSG-001046,REC-04050,2026-09-11T09:18:25Z,2026-09-11T09:18:25Z,SITE-A,ESP32-A01,PV-A01,2.284,40.029,91.425,41.46,37.85,29.633,78.001,1008.371,51316.645,0.104
MSG-001047,REC-04051,2026-09-11T09:18:30Z,2026-09-11T09:18:30Z,SITE-A,ESP32-A01,PV-A01,2.313,39.57,91.513,41.55,-127.0,29.602,79.969,1008.339,51042.889,0.134
MSG-001048,REC-04052,2026-09-11T09:18:35Z,2026-09-11T09:18:35Z,SITE-A,ESP32-A01,PV-A01,2.311,39.309,90.854,-127.0,-127.0,29.576,78.951,1008.399,50701.789,0.123
MSG-001049,REC-04053,2026-09-11T09:18:40Z,2026-09-11T09:18:40Z,SITE-A,ESP32-A01,PV-A01,2.324,38.808,90.201,-127.0,-127.0,29.515,79.498,1008.402,50951.252,0.121
MSG-001050,REC-04054,2026-09-11T09:18:45Z,2026-09-11T09:18:45Z,SITE-A,ESP32-A01,PV-A01,2.316,39.075,90.486,-127.0,-127.0,29.645,78.6,1008.466,50856.938,0.118
MSG-001051,REC-04055,2026-09-11T09:18:50Z,2026-09-11T09:18:50Z,SITE-A,ESP32-A01,PV-A01,2.312,39.249,90.747,-127.0,-127.0,29.628,79.356,1008.417,50874.615,0.095
MSG-001052,REC-04056,2026-09-11T09:18:55Z,2026-09-11T09:18:55Z,SITE-A,ESP32-A01,PV-A01,2.303,39.098,90.04,-127.0,-127.0,29.551,79.37,1008.484,50763.539,0.096
MSG-001053,REC-04057,2026-09-11T09:19:00Z,2026-09-11T09:19:00Z,SITE-A,ESP32-A01,PV-A01,2.298,39.637,91.077,-127.0,-127.0,29.292,79.783,1008.474,50903.244,0.128
MSG-001054,REC-04058,2026-09-11T09:19:05Z,2026-09-11T09:19:05Z,SITE-A,ESP32-A01,PV-A01,2.316,39.491,91.446,-127.0,-127.0,29.766,78.295,1008.468,50817.781,0.108
MSG-001055,REC-04059,2026-09-11T09:19:10Z,2026-09-11T09:19:10Z,SITE-A,ESP32-A01,PV-A01,2.264,39.483,89.376,-127.0,-127.0,29.545,79.996,1008.409,50738.54,0.125
MSG-001056,REC-04060,2026-09-11T09:19:15Z,2026-09-11T09:19:15Z,SITE-A,ESP32-A01,PV-A01,2.327,39.414,91.721,-127.0,-127.0,29.555,78.619,1008.462,50897.309,0.09
MSG-001057,REC-04061,2026-09-11T09:19:20Z,2026-09-11T09:19:20Z,SITE-A,ESP32-A01,PV-A01,2.307,39.672,91.521,-127.0,-127.0,29.471,79.255,1008.471,50663.492,0.123
MSG-001058,REC-04062,2026-09-11T09:19:25Z,2026-09-11T09:19:25Z,SITE-A,ESP32-A01,PV-A01,2.316,39.979,92.578,-127.0,37.73,29.476,78.66,1008.421,50750.217,0.109
MSG-001059,REC-04063,2026-09-11T09:19:30Z,2026-09-11T09:19:30Z,SITE-A,ESP32-A01,PV-A01,2.307,39.483,91.097,-127.0,38.0,29.659,78.76,1008.209,50749.331,0.118
MSG-001060,REC-04064,2026-09-11T09:19:35Z,2026-09-11T09:19:35Z,SITE-A,ESP32-A01,PV-A01,2.316,39.215,90.83,-127.0,37.84,29.517,79.678,1008.327,51055.715,0.091
MSG-001061,REC-04065,2026-09-11T09:19:40Z,2026-09-11T09:19:40Z,SITE-A,ESP32-A01,PV-A01,2.311,38.897,89.88,-127.0,37.85,29.59,78.139,1008.415,51368.887,0.073
MSG-001062,REC-04066,2026-09-11T09:19:45Z,2026-09-11T09:19:45Z,SITE-A,ESP32-A01,PV-A01,2.313,40.455,93.558,-127.0,37.81,29.544,78.628,1008.318,50931.866,0.119
MSG-001063,REC-04067,2026-09-11T09:19:50Z,2026-09-11T09:19:50Z,SITE-A,ESP32-A01,PV-A01,2.305,39.315,90.63,-127.0,37.86,29.462,79.261,1008.418,50947.057,0.11
MSG-001064,REC-04068,2026-09-11T09:19:55Z,2026-09-11T09:19:55Z,SITE-A,ESP32-A01,PV-A01,2.328,39.556,92.079,-127.0,37.87,29.365,79.322,1008.386,51038.958,0.123
MSG-001065,REC-04069,2026-09-11T09:20:00Z,2026-09-11T09:20:00Z,SITE-A,ESP32-A01,PV-A01,2.323,39.484,91.719,-127.0,37.81,29.504,79.239,1008.306,50877.194,0.072
MSG-001066,REC-04070,2026-09-11T09:20:05Z,2026-09-11T09:20:05Z,SITE-A,ESP32-A01,PV-A01,6.865,39.059,268.133,-127.0,37.93,29.473,79.79,1008.432,51142.034,0.095
MSG-001067,REC-04071,2026-09-11T09:20:10Z,2026-09-11T09:20:10Z,SITE-A,ESP32-A01,PV-A01,2.301,39.032,89.811,-127.0,37.89,29.731,79.223,1008.466,51161.689,0.115
MSG-001068,REC-04072,2026-09-11T09:20:15Z,2026-09-11T09:20:15Z,SITE-A,ESP32-A01,PV-A01,2.296,37.733,86.63,41.33,37.8,29.543,79.268,1008.515,50707.809,0.126
MSG-001069,REC-04073,2026-09-11T09:20:20Z,2026-09-11T09:20:20Z,SITE-A,ESP32-A01,PV-A01,2.335,38.818,90.641,41.41,37.76,29.547,78.962,1008.456,50877.56,0.114
MSG-001070,REC-04074,2026-09-11T09:20:25Z,2026-09-11T09:20:25Z,SITE-A,ESP32-A01,PV-A01,2.28,39.573,90.227,41.36,37.94,29.608,78.731,1008.366,51029.257,0.103
MSG-001071,REC-04075,2026-09-11T09:20:30Z,2026-09-11T09:20:30Z,SITE-A,ESP32-A01,PV-A01,2.295,38.747,88.933,41.36,37.82,29.58,79.772,1008.442,50738.556,0.138
MSG-001072,REC-04076,2026-09-11T09:20:35Z,2026-09-11T09:20:35Z,SITE-A,ESP32-A01,PV-A01,2.327,39.699,92.365,41.37,37.74,29.63,78.843,1008.466,50938.07,0.091
MSG-001073,REC-04077,2026-09-11T09:20:40Z,2026-09-11T09:20:40Z,SITE-A,ESP32-A01,PV-A01,2.318,39.187,90.854,41.32,37.89,29.659,78.742,1008.372,50881.941,0.111
MSG-001074,REC-04078,2026-09-11T09:20:45Z,2026-09-11T09:20:45Z,SITE-A,ESP32-A01,PV-A01,2.291,39.559,90.64,41.38,37.78,29.659,78.525,1008.423,50883.194,0.126
MSG-001075,REC-04079,2026-09-11T09:20:50Z,2026-09-11T09:20:50Z,SITE-A,ESP32-A01,PV-A01,2.289,39.495,90.398,41.35,37.89,29.731,79.356,1008.349,50671.208,0.112
MSG-001076,REC-04080,2026-09-11T09:20:55Z,2026-09-11T09:20:55Z,SITE-A,ESP32-A01,PV-A01,2.306,39.139,90.247,41.3,37.6,29.461,78.942,1008.292,50437.846,0.118
MSG-001077,REC-04081,2026-09-11T10:14:00Z,2026-09-11T10:14:00Z,SITE-C,ESP32-C01,PV-C01,2.483,70.42,174.874,42.54,41.77,31.122,73.375,1008.652,47775.901,0.489
MSG-001078,REC-04082,2026-09-11T10:14:05Z,2026-09-11T10:14:05Z,SITE-C,ESP32-C01,PV-C01,2.506,70.104,175.691,42.66,41.85,30.851,72.261,1008.595,47597.999,0.402
MSG-001079,REC-04083,2026-09-11T10:14:10Z,2026-09-11T10:14:10Z,SITE-C,ESP32-C01,PV-C01,2.501,70.899,177.344,-999.0,41.82,31.078,72.872,1008.474,47447.406,0.525
MSG-001080,REC-04084,2026-09-11T10:14:15Z,2026-09-11T10:14:15Z,SITE-C,ESP32-C01,PV-C01,2.496,70.435,175.798,42.57,41.9,31.029,72.927,1008.518,47448.549,0.524
MSG-001081,REC-04085,2026-09-11T10:14:20Z,2026-09-11T10:14:20Z,SITE-C,ESP32-C01,PV-C01,7.507,69.408,521.055,42.41,41.84,31.199,72.79,1008.444,47466.442,0.475
MSG-001082,REC-04086,2026-09-11T10:14:25Z,2026-09-11T10:14:25Z,SITE-C,ESP32-C01,PV-C01,2.477,70.801,175.376,42.43,41.77,30.862,73.247,1008.611,100000.0,0.501
MSG-001083,REC-04087,2026-09-11T10:14:30Z,2026-09-11T10:14:30Z,SITE-C,ESP32-C01,PV-C01,2.48,71.614,177.59,42.69,41.88,31.097,72.945,1008.552,47254.196,0.466
MSG-001084,REC-04088,2026-09-11T10:14:35Z,2026-09-11T10:14:35Z,SITE-C,ESP32-C01,PV-C01,2.5,71.316,178.303,42.55,41.69,31.069,73.236,1008.476,47361.316,0.526
MSG-001085,REC-04089,2026-09-11T10:14:40Z,2026-09-11T10:14:40Z,SITE-C,ESP32-C01,PV-C01,2.497,70.542,176.131,42.45,41.74,31.024,72.335,1008.612,47453.498,0.461
MSG-001086,REC-04090,2026-09-11T10:14:45Z,2026-09-11T10:14:45Z,SITE-C,ESP32-C01,PV-C01,2.493,71.165,177.418,42.49,41.74,31.131,73.225,1008.533,47546.359,0.467
MSG-001087,REC-04091,2026-09-11T10:14:50Z,2026-09-11T10:14:50Z,SITE-C,ESP32-C01,PV-C01,2.493,69.893,174.239,42.47,41.74,31.17,72.589,1008.491,46871.544,0.49
MSG-001088,REC-04092,2026-09-11T10:14:55Z,2026-09-11T10:14:55Z,SITE-C,ESP32-C01,PV-C01,2.495,70.381,175.589,42.48,41.72,31.375,73.045,1008.498,46912.897,0.449
MSG-001089,REC-04093,2026-09-11T10:15:00Z,2026-09-11T10:15:00Z,SITE-C,ESP32-C01,PV-C01,2.496,70.847,176.864,42.48,41.69,31.089,71.811,1008.599,47155.474,0.518
MSG-001090,REC-04094,2026-09-11T10:15:05Z,2026-09-11T10:15:05Z,SITE-C,ESP32-C01,PV-C01,2.478,71.795,177.924,42.35,41.56,31.092,73.015,1008.613,46911.652,0.608
MSG-001091,REC-04096,2026-09-11T10:15:15Z,2026-09-11T10:15:15Z,SITE-C,ESP32-C01,PV-C01,2.464,70.498,173.706,42.47,41.68,31.059,72.98,1008.575,46914.388,0.484
MSG-001092,REC-04097,2026-09-11T10:15:20Z,2026-09-11T10:15:20Z,SITE-C,ESP32-C01,PV-C01,2.486,70.725,175.847,42.35,41.53,31.242,72.846,1008.599,46912.404,0.46
MSG-001093,REC-04098,2026-09-11T10:15:25Z,2026-09-11T10:15:25Z,SITE-C,ESP32-C01,PV-C01,2.513,70.187,176.388,42.35,41.6,31.083,73.708,1008.643,46503.751,0.523
MSG-001094,REC-04099,2026-09-11T10:15:30Z,2026-09-11T10:15:30Z,SITE-C,ESP32-C01,PV-C01,2.504,69.235,173.387,42.4,41.64,31.08,73.018,1008.608,46752.927,0.424
MSG-001095,REC-04100,2026-09-11T10:15:35Z,2026-09-11T10:15:35Z,SITE-C,ESP32-C01,PV-C01,2.461,69.839,171.905,42.43,41.74,31.226,73.334,1008.572,46760.997,0.692
MSG-001096,REC-04101,2026-09-11T10:15:40Z,2026-09-11T10:15:40Z,SITE-C,ESP32-C01,PV-C01,2.483,70.569,175.222,42.21,41.51,30.951,72.833,1008.641,46718.483,0.38
MSG-001097,REC-04102,2026-09-11T10:15:45Z,2026-09-11T10:15:45Z,SITE-C,ESP32-C01,PV-C01,2.491,70.255,174.996,42.34,41.66,31.198,72.962,1008.611,46605.408,0.604
MSG-001098,REC-04103,2026-09-11T10:15:50Z,2026-09-11T10:15:50Z,SITE-C,ESP32-C01,PV-C01,2.506,70.145,175.809,42.32,41.5,31.04,72.57,1008.487,46686.94,0.537
MSG-001099,REC-04104,2026-09-11T10:15:55Z,2026-09-11T10:15:55Z,SITE-C,ESP32-C01,PV-C01,2.475,71.861,177.871,42.3,41.5,31.124,73.006,1008.602,46772.221,0.417
MSG-001100,REC-04105,2026-09-11T10:16:00Z,2026-09-11T10:16:00Z,SITE-C,ESP32-C01,PV-C01,2.484,70.72,175.647,42.24,41.45,31.144,72.782,1008.575,46844.189,0.577
MSG-001101,REC-04106,2026-09-11T10:16:05Z,2026-09-11T10:16:05Z,SITE-C,ESP32-C01,PV-C01,2.494,69.754,173.984,42.35,41.58,31.101,72.652,1008.538,46449.801,0.397
MSG-001102,REC-04107,2026-09-11T10:16:10Z,2026-09-11T10:16:10Z,SITE-C,ESP32-C01,PV-C01,2.5,67.887,169.717,42.33,41.56,31.175,73.473,1008.629,46773.852,0.441
MSG-001103,REC-04108,2026-09-11T10:16:15Z,2026-09-11T10:16:15Z,SITE-C,ESP32-C01,PV-C01,2.467,69.587,171.659,42.45,41.52,31.005,72.776,1008.646,46582.971,0.404
MSG-001104,REC-04109,2026-09-11T10:16:20Z,2026-09-11T10:16:20Z,SITE-C,ESP32-C01,PV-C01,2.49,69.53,173.107,42.23,41.58,30.956,73.803,1008.569,46525.487,0.485
MSG-001105,REC-04110,2026-09-11T10:16:25Z,2026-09-11T10:16:25Z,SITE-C,ESP32-C01,PV-C01,2.484,70.474,175.049,42.28,41.54,31.067,72.813,1008.551,46797.036,0.463
MSG-001106,REC-04111,2026-09-11T10:16:30Z,2026-09-11T10:16:30Z,SITE-C,ESP32-C01,PV-C01,2.487,69.716,173.403,42.29,41.53,31.006,72.716,1008.628,46483.829,0.509
MSG-001107,REC-04112,2026-09-11T10:16:35Z,2026-09-11T10:16:35Z,SITE-C,ESP32-C01,PV-C01,2.506,69.171,173.373,42.31,41.47,31.004,71.79,1008.631,46349.105,0.613
MSG-001108,REC-04113,2026-09-11T10:16:40Z,2026-09-11T10:16:40Z,SITE-C,ESP32-C01,PV-C01,2.485,69.114,171.767,42.3,41.37,31.03,71.998,1008.574,46166.535,0.441
MSG-001109,REC-04114,2026-09-11T10:16:45Z,2026-09-11T10:16:45Z,SITE-C,ESP32-C01,PV-C01,2.499,69.882,174.668,42.23,41.62,31.203,74.054,1008.441,46373.853,0.319
MSG-001110,REC-04115,2026-09-11T10:16:50Z,2026-09-11T10:16:50Z,SITE-C,ESP32-C01,PV-C01,2.474,69.636,172.292,42.18,41.64,31.314,72.435,1008.597,46602.794,0.532
MSG-001111,REC-04116,2026-09-11T10:16:55Z,2026-09-11T10:16:55Z,SITE-C,ESP32-C01,PV-C01,2.497,69.635,173.89,42.21,41.66,31.063,72.859,1008.646,46660.651,0.409
MSG-001112,REC-04117,2026-09-11T10:17:00Z,2026-09-11T10:17:00Z,SITE-C,ESP32-C01,PV-C01,2.481,70.347,174.553,42.32,41.53,31.187,73.749,1008.595,46568.397,0.589
MSG-001113,REC-04118,2026-09-11T10:17:05Z,2026-09-11T10:17:05Z,SITE-C,ESP32-C01,PV-C01,2.497,69.494,173.495,42.39,41.5,31.193,72.615,1008.588,46501.23,0.475
MSG-001114,REC-04119,2026-09-11T10:17:10Z,2026-09-11T10:17:10Z,SITE-C,ESP32-C01,PV-C01,2.463,70.142,172.763,42.17,41.51,31.238,72.767,1008.644,46478.486,0.438
MSG-001115,REC-04120,2026-09-11T10:17:15Z,2026-09-11T10:17:15Z,SITE-C,ESP32-C01,PV-C01,2.499,68.873,172.119,42.2,41.64,31.099,73.395,1008.676,46526.361,0.404
MSG-001116,REC-04121,2026-09-11T10:17:20Z,2026-09-11T10:17:20Z,SITE-C,ESP32-C01,PV-C01,2.492,69.99,174.405,42.39,41.59,31.126,72.453,1008.438,46454.569,0.536
MSG-001117,REC-04122,2026-09-11T10:17:25Z,2026-09-11T10:17:25Z,SITE-C,ESP32-C01,PV-C01,2.494,69.374,173.005,42.22,41.54,31.128,73.756,1008.461,46769.024,0.435
MSG-001118,REC-04123,2026-09-11T10:17:30Z,2026-09-11T10:17:30Z,SITE-C,ESP32-C01,PV-C01,2.485,70.065,174.103,42.25,41.63,31.227,72.555,1008.583,46663.607,0.555
MSG-001119,REC-04124,2026-09-11T10:17:35Z,2026-09-11T10:17:35Z,SITE-C,ESP32-C01,PV-C01,2.532,69.659,176.409,42.38,41.49,31.136,73.523,1008.578,46564.607,0.467
MSG-001120,REC-04125,2026-09-11T10:17:40Z,2026-09-11T10:17:40Z,SITE-C,ESP32-C01,PV-C01,2.49,69.382,172.735,42.24,41.41,31.102,73.57,1008.677,46471.973,0.568
MSG-001121,REC-04126,2026-09-11T10:17:45Z,2026-09-11T10:17:45Z,SITE-C,ESP32-C01,PV-C01,2.493,70.086,174.699,42.29,41.58,31.277,73.008,1008.513,46624.987,0.396
MSG-001122,REC-04127,2026-09-11T10:17:50Z,2026-09-11T10:17:50Z,SITE-C,ESP32-C01,PV-C01,2.486,70.611,175.548,42.46,41.57,31.191,72.389,1008.496,46549.166,0.336
MSG-001123,REC-04128,2026-09-11T10:17:55Z,2026-09-11T10:17:55Z,SITE-C,ESP32-C01,PV-C01,2.492,69.738,173.773,42.29,41.63,31.378,72.896,1008.642,46828.361,0.509
MSG-001124,REC-04129,2026-09-11T10:18:00Z,2026-09-11T10:18:00Z,SITE-C,ESP32-C01,PV-C01,2.472,69.858,172.722,42.31,41.45,31.243,72.932,1008.545,47317.484,0.419
MSG-001125,REC-04130,2026-09-11T10:18:05Z,2026-09-11T10:18:05Z,SITE-C,ESP32-C01,PV-C01,2.474,71.143,175.973,42.51,41.57,31.105,73.193,1008.504,47134.033,0.462
MSG-001126,REC-04131,2026-09-11T10:18:10Z,2026-09-11T10:18:10Z,SITE-C,ESP32-C01,PV-C01,2.491,69.749,173.762,42.34,41.58,31.334,72.184,1008.643,46694.156,0.414
MSG-001127,REC-04132,2026-09-11T10:18:15Z,2026-09-11T10:18:15Z,SITE-C,ESP32-C01,PV-C01,2.505,70.04,175.419,42.35,41.44,31.186,72.566,1008.694,46578.443,0.406
MSG-001128,REC-04133,2026-09-11T10:18:20Z,2026-09-11T10:18:20Z,SITE-C,ESP32-C01,PV-C01,2.489,70.171,174.63,42.29,41.46,31.088,73.837,1008.524,46389.804,0.501
MSG-001129,REC-04134,2026-09-11T10:18:25Z,2026-09-11T10:18:25Z,SITE-C,ESP32-C01,PV-C01,2.489,70.386,175.19,42.34,41.61,31.356,73.324,1008.463,46769.666,0.442
MSG-001130,REC-04135,2026-09-11T10:18:30Z,2026-09-11T10:18:30Z,SITE-C,ESP32-C01,PV-C01,2.482,69.512,172.521,42.28,41.65,31.16,72.731,1008.469,46767.267,0.412
MSG-001131,REC-04136,2026-09-11T10:18:35Z,2026-09-11T10:18:35Z,SITE-C,ESP32-C01,PV-C01,2.49,69.569,173.234,42.35,41.51,31.073,72.489,1008.591,46570.035,0.541
MSG-001132,REC-04137,2026-09-11T10:18:40Z,2026-09-11T10:18:40Z,SITE-C,ESP32-C01,PV-C01,2.476,69.989,173.321,42.36,41.54,31.193,73.011,1008.593,46461.394,0.513
MSG-001133,REC-04138,2026-09-11T10:18:45Z,2026-09-11T10:18:45Z,SITE-C,ESP32-C01,PV-C01,2.493,69.064,172.179,42.27,41.5,31.239,73.179,1008.565,46514.661,0.457
MSG-001134,REC-04139,2026-09-11T10:18:50Z,2026-09-11T10:18:50Z,SITE-C,ESP32-C01,PV-C01,2.477,69.742,172.734,42.3,41.35,31.124,73.298,1008.542,45998.017,0.524
MSG-001135,REC-04140,2026-09-11T10:18:55Z,2026-09-11T10:18:55Z,SITE-C,ESP32-C01,PV-C01,2.492,68.86,171.612,42.24,41.54,31.147,72.845,1008.578,46131.856,0.396
MSG-001136,REC-04141,2026-09-11T10:53:00Z,2026-09-11T10:53:00Z,SITE-B,ESP32-B01,PV-B01,2.724,28.012,76.293,33.08,32.8,28.709,82.548,1008.777,20255.612,0.271
MSG-001137,REC-04142,2026-09-11T10:53:05Z,2026-09-11T10:53:05Z,SITE-B,ESP32-B01,PV-B01,2.726,29.124,79.4,33.16,32.52,28.652,82.963,1008.902,20071.382,0.253
MSG-001138,REC-04143,2026-09-11T10:53:10Z,2026-09-11T10:53:10Z,SITE-B,ESP32-B01,PV-B01,2.742,29.844,81.845,32.96,32.54,28.424,81.673,1008.752,19940.977,0.232
MSG-001139,REC-04144,2026-09-11T10:53:15Z,2026-09-11T10:53:15Z,SITE-B,ESP32-B01,PV-B01,2.744,28.911,79.344,33.12,32.6,28.576,82.576,1008.897,20076.204,0.234
MSG-001140,REC-04145,2026-09-11T10:53:20Z,2026-09-11T10:53:20Z,SITE-B,ESP32-B01,PV-B01,2.74,29.568,81.003,33.15,32.78,28.611,82.297,1008.89,20196.196,0.226
MSG-001141,REC-04146,2026-09-11T10:53:25Z,2026-09-11T10:53:25Z,SITE-B,ESP32-B01,PV-B01,2.74,28.777,78.85,33.12,32.66,28.499,83.112,1008.918,20314.661,0.232
MSG-001142,REC-04147,2026-09-11T10:53:30Z,2026-09-11T10:53:30Z,SITE-B,ESP32-B01,PV-B01,2.743,28.812,79.028,33.09,32.61,28.757,83.501,1008.847,20283.169,0.247
MSG-001143,REC-04148,2026-09-11T10:53:35Z,2026-09-11T10:53:35Z,SITE-B,ESP32-B01,PV-B01,2.721,29.225,79.52,33.03,32.55,28.63,83.194,1008.879,19947.742,0.24
MSG-001144,REC-04149,2026-09-11T10:53:40Z,2026-09-11T10:53:40Z,SITE-B,ESP32-B01,PV-B01,2.721,28.686,78.069,32.98,32.52,28.566,83.538,1008.835,20132.517,0.237
MSG-001145,REC-04150,2026-09-11T10:53:45Z,2026-09-11T10:53:45Z,SITE-B,ESP32-B01,PV-B01,2.766,27.961,77.345,33.16,32.74,28.781,82.8,1008.876,20225.696,0.224
MSG-001146,REC-04151,2026-09-11T10:53:50Z,2026-09-11T10:53:50Z,SITE-B,ESP32-B01,PV-B01,2.753,30.362,83.58,33.11,32.69,28.364,82.681,1008.859,20047.285,0.237
MSG-001147,REC-04152,2026-09-11T10:53:55Z,2026-09-11T10:53:55Z,SITE-B,ESP32-B01,PV-B01,2.761,28.453,78.562,33.07,32.78,28.647,81.913,1008.874,20392.477,0.251
MSG-001148,REC-04153,2026-09-11T10:54:00Z,2026-09-11T10:54:00Z,SITE-B,ESP32-B01,PV-B01,2.751,28.982,79.735,33.18,32.7,28.547,82.774,1008.962,20283.556,0.235
MSG-001149,REC-04154,2026-09-11T10:54:05Z,2026-09-11T10:54:05Z,SITE-B,ESP32-B01,PV-B01,2.758,29.244,80.657,33.16,32.47,28.665,82.326,1008.932,20246.25,0.249
MSG-001150,REC-04155,2026-09-11T10:54:10Z,2026-09-11T10:54:10Z,SITE-B,ESP32-B01,PV-B01,2.741,29.067,79.666,33.14,32.58,28.465,82.816,1008.849,20406.667,0.241
MSG-001151,REC-04156,2026-09-11T10:54:15Z,2026-09-11T10:54:15Z,SITE-B,ESP32-B01,PV-B01,2.734,29.986,81.984,33.01,32.72,28.676,81.982,1008.819,20408.901,0.226
MSG-001152,REC-04157,2026-09-11T10:54:20Z,2026-09-11T10:54:20Z,SITE-B,ESP32-B01,PV-B01,2.749,28.89,79.426,33.25,-999.0,28.495,83.245,1008.784,20297.892,0.239
MSG-001153,REC-04158,2026-09-11T10:54:25Z,2026-09-11T10:54:25Z,SITE-B,ESP32-B01,PV-B01,2.731,28.944,79.057,33.08,32.64,28.456,82.256,1008.877,20333.028,0.228
MSG-001154,REC-04159,2026-09-11T10:54:30Z,2026-09-11T10:54:30Z,SITE-B,ESP32-B01,PV-B01,2.757,29.673,81.81,33.18,32.59,28.753,81.525,1008.865,20528.148,0.248
MSG-001155,REC-04160,2026-09-11T10:54:35Z,2026-09-11T10:54:35Z,SITE-B,ESP32-B01,PV-B01,2.754,29.626,81.588,33.11,32.75,28.512,82.876,1008.844,20310.216,0.269
MSG-001156,REC-04161,2026-09-11T10:54:40Z,2026-09-11T10:54:40Z,SITE-B,ESP32-B01,PV-B01,2.745,28.679,78.726,33.14,32.71,28.795,84.238,1008.962,20153.643,0.201
MSG-001157,REC-04162,2026-09-11T10:54:45Z,2026-09-11T10:54:45Z,SITE-B,ESP32-B01,PV-B01,2.77,29.382,81.403,33.25,32.7,28.623,83.314,1008.843,20098.244,0.241
MSG-001158,REC-04163,2026-09-11T10:54:50Z,2026-09-11T10:54:50Z,SITE-B,ESP32-B01,PV-B01,2.751,29.905,82.256,33.2,32.61,28.694,82.7,1008.905,20162.344,0.237
MSG-001159,REC-04164,2026-09-11T10:54:55Z,2026-09-11T10:54:55Z,SITE-B,ESP32-B01,PV-B01,2.728,28.857,78.716,33.26,32.68,28.593,82.779,1008.907,20046.27,0.246
MSG-001160,REC-04165,2026-09-11T10:55:00Z,2026-09-11T10:55:00Z,SITE-B,ESP32-B01,PV-B01,2.72,28.772,78.253,33.16,32.52,28.709,83.427,1008.918,20059.21,0.226
MSG-001161,REC-04166,2026-09-11T10:55:05Z,2026-09-11T10:55:05Z,SITE-B,ESP32-B01,PV-B01,2.745,28.566,78.419,33.18,32.63,28.545,82.171,1008.769,20343.371,0.236
MSG-001162,REC-04167,2026-09-11T10:55:10Z,2026-09-11T10:55:10Z,SITE-B,ESP32-B01,PV-B01,2.739,28.323,77.565,33.0,32.44,28.739,82.453,1008.89,19848.477,0.256
MSG-001163,REC-04168,2026-09-11T10:55:15Z,2026-09-11T10:55:15Z,SITE-B,ESP32-B01,PV-B01,2.728,29.307,79.947,33.12,32.52,28.501,81.929,1008.851,20071.219,0.254
MSG-001164,REC-04169,2026-09-11T10:55:20Z,2026-09-11T10:55:20Z,SITE-B,ESP32-B01,PV-B01,2.731,28.758,78.55,33.14,32.63,28.469,82.794,1008.861,20437.662,0.255
MSG-001165,REC-04170,2026-09-11T10:55:25Z,2026-09-11T10:55:25Z,SITE-B,ESP32-B01,PV-B01,2.727,29.376,80.107,33.25,32.84,28.518,82.852,1008.85,20137.322,0.257
MSG-001166,REC-04171,2026-09-11T10:55:30Z,2026-09-11T10:55:30Z,SITE-B,ESP32-B01,PV-B01,2.72,28.866,78.51,33.08,32.47,28.477,83.481,1008.747,20011.243,0.224
MSG-001167,REC-04172,2026-09-11T10:55:35Z,2026-09-11T10:55:35Z,SITE-B,ESP32-B01,PV-B01,2.769,28.882,79.96,33.13,32.51,28.518,82.709,1008.891,20025.015,0.216
MSG-001168,REC-04173,2026-09-11T10:55:40Z,2026-09-11T10:55:40Z,SITE-B,ESP32-B01,PV-B01,2.718,29.412,79.955,33.13,32.63,28.571,82.239,1008.894,20177.576,0.224
MSG-001169,REC-04174,2026-09-11T10:55:45Z,2026-09-11T10:55:45Z,SITE-B,ESP32-B01,PV-B01,2.725,28.929,78.819,33.21,32.76,28.5,83.828,1008.888,20323.589,0.218
MSG-001170,REC-04175,2026-09-11T10:55:50Z,2026-09-11T10:55:50Z,SITE-B,ESP32-B01,PV-B01,2.733,28.528,77.977,33.12,32.65,28.615,82.872,1008.835,19956.643,0.229
MSG-001171,REC-04176,2026-09-11T10:55:55Z,2026-09-11T10:55:55Z,SITE-B,ESP32-B01,PV-B01,2.734,27.78,75.958,33.19,32.68,28.594,83.503,1008.913,3975.062,0.285
MSG-001172,REC-04177,2026-09-11T10:56:00Z,2026-09-11T10:56:00Z,SITE-B,ESP32-B01,PV-B01,2.748,28.117,77.257,32.97,32.58,28.666,82.787,1008.826,19652.542,0.215
MSG-001173,REC-04178,2026-09-11T10:56:05Z,2026-09-11T10:56:05Z,SITE-B,ESP32-B01,PV-B01,2.746,28.934,79.45,32.97,32.56,28.684,81.551,1008.876,19912.71,0.24
MSG-001174,REC-04179,2026-09-11T10:56:10Z,2026-09-11T10:56:10Z,SITE-B,ESP32-B01,PV-B01,2.72,28.628,77.86,32.91,32.6,28.624,82.6,1008.891,19701.201,0.245
MSG-001175,REC-04180,2026-09-11T10:56:15Z,2026-09-11T10:56:15Z,SITE-B,ESP32-B01,PV-B01,2.734,27.884,76.249,33.19,32.58,28.628,82.965,1008.83,19910.449,0.253
MSG-001176,REC-04181,2026-09-11T10:56:20Z,2026-09-11T10:56:20Z,SITE-B,ESP32-B01,PV-B01,2.715,29.149,79.133,33.19,32.69,28.487,82.814,1008.721,19927.299,0.258
MSG-001177,REC-04182,2026-09-11T10:56:25Z,2026-09-11T10:56:25Z,SITE-B,ESP32-B01,PV-B01,2.768,28.928,80.083,33.21,32.51,28.468,82.976,1008.837,20377.075,0.242
MSG-001178,REC-04183,2026-09-11T10:56:30Z,2026-09-11T10:56:30Z,SITE-B,ESP32-B01,PV-B01,2.739,29.799,81.623,33.09,32.72,28.693,82.346,1008.84,20097.758,0.274
MSG-001179,REC-04184,2026-09-11T10:56:35Z,2026-09-11T10:56:35Z,SITE-B,ESP32-B01,PV-B01,2.747,28.566,78.474,33.11,32.66,28.587,83.225,1008.816,20224.271,0.255
MSG-001180,REC-04185,2026-09-11T10:56:40Z,2026-09-11T10:56:40Z,SITE-B,ESP32-B01,PV-B01,2.749,29.191,80.24,33.15,32.64,28.539,82.129,1008.869,19857.821,0.212
MSG-001181,REC-04186,2026-09-11T10:56:45Z,2026-09-11T10:56:45Z,SITE-B,ESP32-B01,PV-B01,2.737,28.545,78.13,33.3,32.55,28.653,82.924,1008.874,20152.355,0.215
MSG-001182,REC-04187,2026-09-11T10:56:50Z,2026-09-11T10:56:50Z,SITE-B,ESP32-B01,PV-B01,2.738,28.786,78.824,33.33,32.61,28.592,83.323,1008.782,19981.385,0.253
MSG-001183,REC-04188,2026-09-11T10:56:55Z,2026-09-11T10:56:55Z,SITE-B,ESP32-B01,PV-B01,2.745,27.885,76.545,33.26,32.8,28.788,82.271,1008.984,20131.299,0.238
MSG-001184,REC-04189,2026-09-11T10:57:00Z,2026-09-11T10:57:00Z,SITE-B,ESP32-B01,PV-B01,2.756,28.211,77.749,33.19,32.65,28.554,82.653,1008.959,20440.845,0.241
MSG-001185,REC-04190,2026-09-11T10:57:05Z,2026-09-11T10:57:05Z,SITE-B,ESP32-B01,PV-B01,2.769,29.242,80.967,33.28,32.69,28.546,82.762,1008.9,20292.022,0.251
MSG-001186,REC-04191,2026-09-11T10:57:10Z,2026-09-11T10:57:10Z,SITE-B,ESP32-B01,PV-B01,2.727,28.379,77.402,33.16,32.61,28.577,82.23,1008.999,20148.376,0.224
MSG-001187,REC-04192,2026-09-11T10:57:15Z,2026-09-11T10:57:15Z,SITE-B,ESP32-B01,PV-B01,2.739,28.858,79.043,33.15,32.68,28.742,82.175,1008.875,20630.876,0.253
MSG-001188,REC-04193,2026-09-11T10:57:20Z,2026-09-11T10:57:20Z,SITE-B,ESP32-B01,PV-B01,2.743,28.518,78.224,33.16,32.56,28.733,84.049,1008.806,19978.507,0.238
MSG-001189,REC-04194,2026-09-11T10:57:25Z,2026-09-11T10:57:25Z,SITE-B,ESP32-B01,PV-B01,2.744,28.919,79.362,33.1,32.68,28.81,82.264,1008.874,20361.173,0.213
MSG-001190,REC-04195,2026-09-11T10:57:30Z,2026-09-11T10:57:30Z,SITE-B,ESP32-B01,PV-B01,2.736,28.806,78.811,33.18,32.72,28.771,82.262,1008.85,20096.861,0.255
MSG-001191,REC-04196,2026-09-11T10:57:35Z,2026-09-11T10:57:35Z,SITE-B,ESP32-B01,PV-B01,2.748,29.333,80.602,33.11,32.72,28.603,82.157,1008.791,20198.62,0.223
MSG-001192,REC-04197,2026-09-11T10:57:40Z,2026-09-11T10:57:40Z,SITE-B,ESP32-B01,PV-B01,2.718,29.739,80.841,33.3,32.65,28.31,82.755,1008.91,20086.558,0.23
MSG-001193,REC-04198,2026-09-11T10:57:45Z,2026-09-11T10:57:45Z,SITE-B,ESP32-B01,PV-B01,2.704,29.104,78.693,33.23,32.66,28.693,83.167,1008.866,20161.633,0.249
MSG-001194,REC-04199,2026-09-11T10:57:50Z,2026-09-11T10:57:50Z,SITE-B,ESP32-B01,PV-B01,2.726,29.038,79.169,33.31,32.74,28.694,82.885,1008.893,20165.838,0.252
MSG-001195,REC-04200,2026-09-11T10:57:55Z,2026-09-11T10:57:55Z,SITE-B,ESP32-B01,PV-B01,2.754,28.082,77.336,33.04,32.65,28.767,83.374,1008.876,19981.796,0.248
MSG-001196,REC-04201,2026-09-12T01:51:00Z,2026-09-12T01:51:00Z,SITE-B,ESP32-B01,PV-B01,-0.018,13.177,0.241,27.23,26.86,22.802,98.548,1009.769,8930.77,0.185
MSG-001197,REC-04202,2026-09-12T01:51:05Z,2026-09-12T01:51:05Z,SITE-B,ESP32-B01,PV-B01,0.002,12.879,0.021,27.37,26.9,22.985,98.541,1009.701,8867.024,0.188
MSG-001198,REC-04203,2026-09-12T01:51:10Z,2026-09-12T01:51:10Z,SITE-B,ESP32-B01,PV-B01,-0.007,13.399,0.093,27.45,27.0,22.852,98.592,1009.713,8798.651,0.183
MSG-001199,REC-04204,2026-09-12T01:51:15Z,2026-09-12T01:51:15Z,SITE-B,ESP32-B01,PV-B01,0.007,13.649,0.091,27.37,26.92,22.942,100.829,1009.699,8788.048,0.183
MSG-001200,REC-04205,2026-09-12T01:51:20Z,2026-09-12T01:51:20Z,SITE-B,ESP32-B01,PV-B01,-0.012,13.803,0.163,27.24,26.69,22.824,98.515,1009.647,8940.892,0.211
MSG-001201,REC-04206,2026-09-12T01:51:25Z,2026-09-12T01:51:25Z,SITE-B,ESP32-B01,PV-B01,0.008,14.234,0.112,27.31,26.74,22.659,98.951,1009.684,9133.303,0.19
MSG-001202,REC-04207,2026-09-12T01:51:30Z,2026-09-12T01:51:30Z,SITE-B,ESP32-B01,PV-B01,0.011,13.655,0.145,27.37,26.89,22.835,100.449,1009.652,8967.539,0.21
MSG-001203,REC-04208,2026-09-12T01:51:35Z,2026-09-12T01:51:35Z,SITE-B,ESP32-B01,PV-B01,0.012,13.98,0.169,27.14,26.74,22.882,98.887,1009.699,8745.032,0.18
MSG-001204,REC-04209,2026-09-12T01:51:40Z,2026-09-12T01:51:40Z,SITE-B,ESP32-B01,PV-B01,0.019,13.622,0.259,27.34,26.74,22.58,98.792,1009.783,9127.87,0.17
MSG-001205,REC-04210,2026-09-12T01:51:45Z,2026-09-12T01:51:45Z,SITE-B,ESP32-B01,PV-B01,0.005,12.773,0.066,27.3,26.8,22.7,98.269,1009.708,8787.766,0.204
MSG-001206,REC-04211,2026-09-12T01:51:50Z,2026-09-12T01:51:50Z,SITE-B,ESP32-B01,PV-B01,0.007,13.574,0.091,27.42,26.77,22.949,97.614,1009.768,9108.918,0.197
MSG-001207,REC-04212,2026-09-12T01:51:55Z,2026-09-12T01:51:55Z,SITE-B,ESP32-B01,PV-B01,0.019,14.692,0.285,27.3,26.91,22.843,98.355,1009.717,8879.217,0.203
MSG-001208,REC-04213,2026-09-12T01:52:00Z,2026-09-12T01:52:00Z,SITE-B,ESP32-B01,PV-B01,0.001,13.881,0.019,27.27,26.76,22.639,99.047,1009.554,8909.434,0.199
MSG-001209,REC-04214,2026-09-12T01:52:05Z,2026-09-12T01:52:05Z,SITE-B,ESP32-B01,PV-B01,0.012,13.583,0.16,27.32,26.97,22.498,98.24,1009.615,8808.324,0.203
MSG-001210,REC-04215,2026-09-12T01:52:10Z,2026-09-12T01:52:10Z,SITE-B,ESP32-B01,PV-B01,0.004,14.394,0.06,27.15,26.72,22.784,99.081,1009.651,8817.02,0.19
MSG-001211,REC-04216,2026-09-12T01:52:15Z,2026-09-12T01:52:15Z,SITE-B,ESP32-B01,PV-B01,0.011,13.599,0.149,27.18,26.71,22.809,99.189,1009.534,8994.675,0.171
MSG-001212,REC-04217,2026-09-12T01:52:20Z,2026-09-12T01:52:20Z,SITE-B,ESP32-B01,PV-B01,0.008,14.354,0.12,27.27,26.71,22.864,98.979,1009.634,8742.749,0.171
MSG-001213,REC-04218,2026-09-12T01:52:25Z,2026-09-12T01:52:25Z,SITE-B,ESP32-B01,PV-B01,0.022,13.955,0.311,27.22,26.71,22.895,98.117,1009.713,8904.708,0.195
MSG-001214,REC-04219,2026-09-12T01:52:30Z,2026-09-12T01:52:30Z,SITE-B,ESP32-B01,PV-B01,0.011,13.971,0.156,27.21,26.83,22.639,98.124,1009.616,8802.381,0.173
MSG-001215,REC-04220,2026-09-12T01:52:35Z,2026-09-12T01:52:35Z,SITE-B,ESP32-B01,PV-B01,-0.007,14.693,0.098,27.43,26.68,22.675,98.94,1009.732,8755.128,0.208
MSG-001216,REC-04221,2026-09-12T01:52:40Z,2026-09-12T01:52:40Z,SITE-B,ESP32-B01,PV-B01,0.004,13.674,0.061,27.41,26.7,22.639,98.739,1009.754,8808.032,0.227
MSG-001217,REC-04222,2026-09-12T01:52:45Z,2026-09-12T01:52:45Z,SITE-B,ESP32-B01,PV-B01,0.004,13.543,0.051,27.05,26.81,22.816,98.844,1009.8,8700.75,0.187
MSG-001218,REC-04223,2026-09-12T01:52:50Z,2026-09-12T01:52:50Z,SITE-B,ESP32-B01,PV-B01,0.017,13.777,0.229,27.26,26.6,22.646,99.013,1009.712,8618.056,0.186
MSG-001219,REC-04224,2026-09-12T01:52:55Z,2026-09-12T01:52:55Z,SITE-B,ESP32-B01,PV-B01,0.006,14.084,0.079,27.16,26.65,22.817,99.816,1009.651,8627.607,0.179
MSG-001220,REC-04225,2026-09-12T01:53:00Z,2026-09-12T01:53:00Z,SITE-B,ESP32-B01,PV-B01,0.001,14.229,0.012,27.33,26.75,22.647,99.287,1009.723,8788.805,0.184
MSG-001221,REC-04226,2026-09-12T01:53:05Z,2026-09-12T01:53:05Z,SITE-B,ESP32-B01,PV-B01,0.0,13.405,0.001,27.24,26.78,22.702,98.674,1009.698,8375.351,0.224
MSG-001222,REC-04227,2026-09-12T01:53:10Z,2026-09-12T01:53:10Z,SITE-B,ESP32-B01,PV-B01,-0.002,13.365,0.029,27.33,26.71,22.793,99.575,1009.843,8744.291,0.172
MSG-001223,REC-04228,2026-09-12T01:53:15Z,2026-09-12T01:53:15Z,SITE-B,ESP32-B01,PV-B01,0.005,13.729,0.07,27.16,26.78,22.827,99.078,1009.735,8453.557,0.192
MSG-001224,REC-04229,2026-09-12T01:53:20Z,2026-09-12T01:53:20Z,SITE-B,ESP32-B01,PV-B01,-0.002,12.622,0.029,27.14,26.67,22.722,98.817,1009.659,8687.98,0.211
MSG-001225,REC-04230,2026-09-12T01:53:25Z,2026-09-12T01:53:25Z,SITE-B,ESP32-B01,PV-B01,0.003,13.615,0.039,27.19,26.85,22.825,99.111,1009.732,8803.007,0.243
MSG-001226,REC-04231,2026-09-12T01:53:30Z,2026-09-12T01:53:30Z,SITE-B,ESP32-B01,PV-B01,0.012,13.663,0.165,27.17,26.81,22.598,99.416,1009.737,8507.873,0.187
MSG-001227,REC-04232,2026-09-12T01:53:35Z,2026-09-12T01:53:35Z,SITE-B,ESP32-B01,PV-B01,-0.012,14.029,0.167,27.22,26.67,22.717,99.096,1009.749,8725.663,0.183
MSG-001228,REC-04233,2026-09-12T01:53:40Z,2026-09-12T01:53:40Z,SITE-B,ESP32-B01,PV-B01,-0.001,13.634,0.011,27.3,26.71,22.812,98.49,1009.632,8815.082,0.208
MSG-001229,REC-04234,2026-09-12T01:53:45Z,2026-09-12T01:53:45Z,SITE-B,ESP32-B01,PV-B01,0.031,13.783,0.43,27.25,26.57,22.767,98.639,1009.694,8506.586,0.212
MSG-001230,REC-04235,2026-09-12T01:53:50Z,2026-09-12T01:53:50Z,SITE-B,ESP32-B01,PV-B01,-0.002,14.074,0.023,27.19,26.8,22.482,98.569,1009.76,8551.126,0.188
MSG-001231,REC-04236,2026-09-12T01:53:55Z,2026-09-12T01:53:55Z,SITE-B,ESP32-B01,PV-B01,-0.004,13.582,0.049,27.25,26.66,22.721,99.284,1009.662,8728.126,0.201
MSG-001232,REC-04237,2026-09-12T01:54:00Z,2026-09-12T01:54:00Z,SITE-B,ESP32-B01,PV-B01,0.002,13.355,0.029,27.12,26.72,22.631,98.996,1009.647,8873.187,0.223
MSG-001233,REC-04238,2026-09-12T01:54:05Z,2026-09-12T01:54:05Z,SITE-B,ESP32-B01,PV-B01,0.012,13.499,0.164,27.1,26.75,22.743,98.342,1009.789,9021.713,0.173
MSG-001234,REC-04239,2026-09-12T01:54:10Z,2026-09-12T01:54:10Z,SITE-B,ESP32-B01,PV-B01,0.001,12.978,0.012,27.36,26.67,22.734,97.81,1009.61,8575.601,0.187
MSG-001235,REC-04240,2026-09-12T01:54:15Z,2026-09-12T01:54:15Z,SITE-B,ESP32-B01,PV-B01,0.012,14.093,0.165,27.22,26.73,22.732,99.534,1009.672,8802.289,0.215
MSG-001236,REC-04241,2026-09-12T01:54:20Z,2026-09-12T01:54:20Z,SITE-B,ESP32-B01,PV-B01,0.001,14.017,0.013,27.39,26.82,22.699,99.631,1009.699,8620.196,0.209
MSG-001237,REC-04242,2026-09-12T01:54:25Z,2026-09-12T01:54:25Z,SITE-B,ESP32-B01,PV-B01,0.021,13.11,0.271,27.23,26.73,22.804,98.933,1009.688,8514.515,0.186
MSG-001238,REC-04243,2026-09-12T01:54:30Z,2026-09-12T01:54:30Z,SITE-B,ESP32-B01,PV-B01,-0.002,12.612,0.025,27.26,26.83,22.977,98.735,1009.746,8598.775,0.217
MSG-001239,REC-04244,2026-09-12T01:54:35Z,2026-09-12T01:54:35Z,SITE-B,ESP32-B01,PV-B01,0.017,12.803,0.224,27.32,26.83,22.81,99.444,1009.654,8639.867,0.193
MSG-001240,REC-04245,2026-09-12T01:54:40Z,2026-09-12T01:54:40Z,SITE-B,ESP32-B01,PV-B01,0.011,13.716,0.146,27.33,26.7,22.739,98.987,1009.702,8695.812,0.226
MSG-001241,REC-04246,2026-09-12T01:54:45Z,2026-09-12T01:54:45Z,SITE-B,ESP32-B01,PV-B01,-0.006,13.896,0.089,27.24,26.76,22.719,99.8,1009.724,8757.375,0.202
MSG-001242,REC-04247,2026-09-12T01:54:50Z,2026-09-12T01:54:50Z,SITE-B,ESP32-B01,PV-B01,0.021,13.835,0.29,27.28,26.75,22.777,98.766,1009.63,8744.284,0.171
MSG-001243,REC-04248,2026-09-12T01:54:55Z,2026-09-12T01:54:55Z,SITE-B,ESP32-B01,PV-B01,0.002,14.522,0.036,27.28,26.77,22.736,98.169,1009.757,8902.107,0.215
MSG-001244,REC-04249,2026-09-12T01:55:00Z,2026-09-12T01:55:00Z,SITE-B,ESP32-B01,PV-B01,-0.004,13.826,0.055,27.32,26.92,22.719,97.88,1009.719,8988.506,0.192
MSG-001245,REC-04250,2026-09-12T01:55:05Z,2026-09-12T01:55:05Z,SITE-B,ESP32-B01,PV-B01,0.023,14.429,0.33,27.31,26.83,22.625,98.116,1009.702,8746.595,0.181
MSG-001246,REC-04251,2026-09-12T01:55:10Z,2026-09-12T01:55:10Z,SITE-B,ESP32-B01,PV-B01,0.012,13.866,0.163,27.24,26.68,22.794,98.496,1009.662,8620.622,0.205
MSG-001247,REC-04252,2026-09-12T01:55:15Z,2026-09-12T01:55:15Z,SITE-B,ESP32-B01,PV-B01,0.023,13.895,0.315,27.3,26.75,22.754,99.127,1009.704,8622.604,0.184
MSG-001248,REC-04253,2026-09-12T01:55:20Z,2026-09-12T01:55:20Z,SITE-B,ESP32-B01,PV-B01,0.006,13.895,0.08,27.17,26.76,22.696,99.169,1009.739,8580.397,0.218
MSG-001249,REC-04254,2026-09-12T01:55:25Z,2026-09-12T01:55:25Z,SITE-B,ESP32-B01,PV-B01,-0.008,13.071,0.1,27.27,26.82,22.72,99.819,1009.66,8481.145,0.184
MSG-001250,REC-04255,2026-09-12T01:55:30Z,2026-09-12T01:55:30Z,SITE-B,ESP32-B01,PV-B01,0.004,12.354,0.051,27.26,26.91,22.967,98.709,1009.744,8319.278,0.184
MSG-001251,REC-04256,2026-09-12T01:55:35Z,2026-09-12T01:55:35Z,SITE-B,ESP32-B01,PV-B01,-0.018,14.155,0.251,27.18,26.84,22.634,99.338,1009.757,8398.154,0.171
MSG-001252,REC-04257,2026-09-12T01:55:40Z,2026-09-12T01:55:40Z,SITE-B,ESP32-B01,PV-B01,0.016,12.438,0.194,27.21,26.74,22.752,99.559,1009.654,8618.287,0.207
MSG-001253,REC-04258,2026-09-12T01:55:45Z,2026-09-12T01:55:45Z,SITE-B,ESP32-B01,PV-B01,0.006,12.78,0.077,27.19,26.68,22.78,98.818,1009.711,8563.621,0.198
MSG-001254,REC-04259,2026-09-12T01:55:50Z,2026-09-12T01:55:50Z,SITE-B,ESP32-B01,PV-B01,-0.012,13.877,0.172,27.19,26.86,22.653,99.1,1009.767,8572.345,0.161
MSG-001255,REC-04260,2026-09-12T01:55:55Z,2026-09-12T01:55:55Z,SITE-B,ESP32-B01,PV-B01,0.004,13.81,0.051,27.29,26.72,22.852,99.988,1009.69,8443.065,0.205
MSG-001256,REC-04261,2026-09-12T02:50:00Z,2026-09-12T02:50:00Z,SITE-A,ESP32-A01,PV-A01,2.733,17.562,47.992,29.89,28.52,24.794,95.74,1009.823,15440.987,0.669
MSG-001257,REC-04262,2026-09-12T02:50:05Z,2026-09-12T02:50:05Z,SITE-A,ESP32-A01,PV-A01,2.703,16.918,45.736,29.57,28.74,24.976,94.1,1009.9,15215.384,0.591
MSG-001258,REC-04263,2026-09-12T02:50:10Z,2026-09-12T02:50:10Z,SITE-A,ESP32-A01,PV-A01,2.716,17.194,46.695,29.63,28.73,25.055,94.471,1009.814,15203.562,0.542
MSG-001259,REC-04264,2026-09-12T02:50:15Z,2026-09-12T02:50:15Z,SITE-A,ESP32-A01,PV-A01,2.718,16.416,44.627,29.52,28.69,25.137,94.206,1009.926,15514.023,0.662
MSG-001260,REC-04265,2026-09-12T02:50:20Z,2026-09-12T02:50:20Z,SITE-A,ESP32-A01,PV-A01,2.748,16.706,45.908,29.56,28.65,24.9,94.594,1009.846,15405.229,0.592
MSG-001261,REC-04266,2026-09-12T02:50:25Z,2026-09-12T02:50:25Z,SITE-A,ESP32-A01,PV-A01,2.736,17.941,49.09,29.6,28.77,24.778,95.279,1009.912,15384.776,0.614
MSG-001262,REC-04267,2026-09-12T02:50:30Z,2026-09-12T02:50:30Z,SITE-A,ESP32-A01,PV-A01,2.739,16.496,45.191,29.44,28.72,25.006,95.216,1009.799,15493.696,0.502
MSG-001263,REC-04268,2026-09-12T02:50:35Z,2026-09-12T02:50:35Z,SITE-A,ESP32-A01,PV-A01,2.776,15.904,44.15,29.47,28.57,24.874,95.641,1009.835,15498.837,0.55
MSG-001264,REC-04269,2026-09-12T02:50:40Z,2026-09-12T02:50:40Z,SITE-A,ESP32-A01,PV-A01,2.724,16.559,45.103,29.61,28.82,24.723,94.566,1009.93,15359.045,0.663
MSG-001265,REC-04270,2026-09-12T02:50:45Z,2026-09-12T02:50:45Z,SITE-A,ESP32-A01,PV-A01,2.723,17.023,46.362,29.53,28.67,24.892,94.678,1009.874,15385.401,0.58
MSG-001266,REC-04271,2026-09-12T02:50:50Z,2026-09-12T02:50:50Z,SITE-A,ESP32-A01,PV-A01,2.71,16.689,45.223,29.47,28.62,24.99,94.453,1009.818,15385.075,0.516
MSG-001267,REC-04272,2026-09-12T02:50:55Z,2026-09-12T02:50:55Z,SITE-A,ESP32-A01,PV-A01,2.727,16.378,44.662,29.48,28.83,24.979,94.115,1009.872,15167.708,0.582
MSG-001268,REC-04273,2026-09-12T02:51:00Z,2026-09-12T02:51:00Z,SITE-A,ESP32-A01,PV-A01,2.705,17.082,46.208,29.42,28.8,24.942,94.997,1009.899,15386.334,0.563
MSG-001269,REC-04274,2026-09-12T02:51:05Z,2026-09-12T02:51:05Z,SITE-A,ESP32-A01,PV-A01,2.731,16.073,43.897,29.36,28.68,24.766,94.349,1009.815,15031.862,0.577
MSG-001270,REC-04275,2026-09-12T02:51:10Z,2026-09-12T02:51:10Z,SITE-A,ESP32-A01,PV-A01,2.731,17.709,48.362,29.37,28.6,24.895,94.446,1009.919,15149.423,0.563
MSG-001271,REC-04276,2026-09-12T02:51:15Z,2026-09-12T02:51:15Z,SITE-A,ESP32-A01,PV-A01,2.72,15.955,43.394,29.51,28.63,24.932,95.079,1009.85,15319.924,0.728
MSG-001272,REC-04277,2026-09-12T02:51:20Z,2026-09-12T02:51:20Z,SITE-A,ESP32-A01,PV-A01,2.714,17.259,46.841,29.54,28.65,25.102,93.599,1009.803,14939.67,0.636
MSG-001273,REC-04278,2026-09-12T02:51:25Z,2026-09-12T02:51:25Z,SITE-A,ESP32-A01,PV-A01,2.733,15.868,43.361,29.7,28.79,24.969,94.637,1009.871,15244.127,0.474
MSG-001274,REC-04279,2026-09-12T02:51:30Z,2026-09-12T02:51:30Z,SITE-A,ESP32-A01,PV-A01,2.711,16.589,44.972,29.49,28.8,24.98,94.46,1009.951,15159.36,0.581
MSG-001275,REC-04280,2026-09-12T02:51:35Z,2026-09-12T02:51:35Z,SITE-A,ESP32-A01,PV-A01,2.712,16.637,45.12,29.39,28.7,25.026,94.721,1009.924,15279.172,0.619
MSG-001276,REC-04281,2026-09-12T02:51:40Z,2026-09-12T02:51:40Z,SITE-A,ESP32-A01,PV-A01,2.731,17.336,47.341,29.5,28.75,24.971,94.512,1009.864,15159.426,0.682
MSG-001277,REC-04282,2026-09-12T02:51:45Z,2026-09-12T02:51:45Z,SITE-A,ESP32-A01,PV-A01,2.718,17.146,46.603,29.55,28.68,24.955,93.851,1009.703,15025.645,0.597
MSG-001278,REC-04283,2026-09-12T02:51:50Z,2026-09-12T02:51:50Z,SITE-A,ESP32-A01,PV-A01,2.726,16.16,44.052,29.56,28.61,24.963,93.939,1009.871,15099.513,0.612
MSG-001279,REC-04284,2026-09-12T02:51:55Z,2026-09-12T02:51:55Z,SITE-A,ESP32-A01,PV-A01,2.719,15.398,41.862,29.55,28.55,24.965,94.225,1009.859,15114.415,0.692
MSG-001280,REC-04285,2026-09-12T02:52:00Z,2026-09-12T02:52:00Z,SITE-A,ESP32-A01,PV-A01,2.718,16.99,46.173,29.52,28.7,24.846,95.294,1009.926,15406.988,0.534
MSG-001281,REC-04286,2026-09-12T02:52:05Z,2026-09-12T02:52:05Z,SITE-A,ESP32-A01,PV-A01,2.732,16.356,44.682,29.47,28.73,25.073,93.63,1009.834,15103.131,0.639
MSG-001282,REC-04287,2026-09-12T02:52:10Z,2026-09-12T02:52:10Z,SITE-A,ESP32-A01,PV-A01,2.725,16.128,43.953,29.51,28.61,24.982,94.82,1009.828,15003.517,0.606
MSG-001283,REC-04288,2026-09-12T02:52:15Z,2026-09-12T02:52:15Z,SITE-A,ESP32-A01,PV-A01,2.733,17.288,47.252,29.36,28.74,25.004,95.509,1009.904,14988.757,0.582
MSG-001284,REC-04289,2026-09-12T02:52:20Z,2026-09-12T02:52:20Z,SITE-A,ESP32-A01,PV-A01,2.751,15.822,43.529,29.28,28.61,24.812,93.769,1009.832,14997.389,0.568
MSG-001285,REC-04290,2026-09-12T02:52:25Z,2026-09-12T02:52:25Z,SITE-A,ESP32-A01,PV-A01,2.753,16.792,46.221,29.61,28.65,25.062,94.019,1009.942,14775.205,0.689
MSG-001286,REC-04291,2026-09-12T02:52:30Z,2026-09-12T02:52:30Z,SITE-A,ESP32-A01,PV-A01,2.683,16.318,43.79,29.44,28.62,24.9,94.949,1009.765,14924.41,0.604
MSG-001287,REC-04292,2026-09-12T02:52:35Z,2026-09-12T02:52:35Z,SITE-A,ESP32-A01,PV-A01,2.719,16.557,45.014,29.49,28.74,24.845,95.876,1009.894,14785.353,0.666
MSG-001288,REC-04293,2026-09-12T02:52:40Z,2026-09-12T02:52:40Z,SITE-A,ESP32-A01,PV-A01,2.723,17.182,46.785,29.24,28.7,25.16,94.73,1009.838,14866.594,0.653
MSG-001289,REC-04294,2026-09-12T02:52:45Z,2026-09-12T02:52:45Z,SITE-A,ESP32-A01,PV-A01,2.705,17.266,46.7,29.61,28.68,24.94,94.999,1009.784,15198.732,0.614
MSG-001290,REC-04295,2026-09-12T02:52:50Z,2026-09-12T02:52:50Z,SITE-A,ESP32-A01,PV-A01,2.709,16.367,44.332,29.58,28.69,25.014,94.951,1009.925,15114.494,0.515
MSG-001291,REC-04296,2026-09-12T02:52:55Z,2026-09-12T02:52:55Z,SITE-A,ESP32-A01,PV-A01,2.72,16.9,45.966,29.38,28.6,24.987,94.37,1009.846,15043.421,0.52
MSG-001292,REC-04297,2026-09-12T02:53:00Z,2026-09-12T02:53:00Z,SITE-A,ESP32-A01,PV-A01,2.748,16.746,46.024,29.49,28.53,25.023,94.339,1009.84,15184.62,0.695
MSG-001293,REC-04298,2026-09-12T02:53:05Z,2026-09-12T02:53:05Z,SITE-A,ESP32-A01,PV-A01,2.728,15.84,43.213,29.53,28.67,25.043,93.916,1009.818,15165.601,0.604
MSG-001294,REC-04299,2026-09-12T02:53:10Z,2026-09-12T02:53:10Z,SITE-A,ESP32-A01,PV-A01,2.717,16.928,45.987,29.41,28.69,24.985,94.284,1009.879,15237.083,0.587
MSG-001295,REC-04300,2026-09-12T02:53:15Z,2026-09-12T02:53:15Z,SITE-A,ESP32-A01,PV-A01,2.719,16.68,45.351,29.54,28.75,24.906,95.534,1009.829,15016.624,0.72
MSG-001296,REC-04301,2026-09-12T02:53:20Z,2026-09-12T02:53:20Z,SITE-A,ESP32-A01,PV-A01,2.707,17.538,47.473,29.59,28.69,25.029,95.62,1009.815,15135.514,0.525
MSG-001297,REC-04302,2026-09-12T02:53:25Z,2026-09-12T02:53:25Z,SITE-A,ESP32-A01,PV-A01,2.712,16.994,46.085,29.52,28.65,25.024,94.35,1009.948,15077.476,0.453
MSG-001298,REC-04303,2026-09-12T02:53:30Z,2026-09-12T02:53:30Z,SITE-A,ESP32-A01,PV-A01,2.768,17.49,48.415,29.39,28.47,24.959,94.545,1009.893,15092.797,0.495
MSG-001299,REC-04304,2026-09-12T02:53:35Z,2026-09-12T02:53:35Z,SITE-A,ESP32-A01,PV-A01,2.718,17.557,47.717,29.4,28.72,25.194,94.596,1009.811,15070.041,0.573
MSG-001300,REC-04305,2026-09-12T02:53:40Z,2026-09-12T02:53:40Z,SITE-A,ESP32-A01,PV-A01,2.744,17.552,48.157,29.46,28.69,24.905,94.156,1009.668,15018.189,0.638
MSG-001301,REC-04306,2026-09-12T02:53:45Z,2026-09-12T02:53:45Z,SITE-A,ESP32-A01,PV-A01,2.741,16.726,45.854,29.45,28.73,24.942,94.388,1009.91,15242.103,0.698
MSG-001302,REC-04307,2026-09-12T02:53:50Z,2026-09-12T02:53:50Z,SITE-A,ESP32-A01,PV-A01,2.725,16.411,44.712,29.45,28.67,24.986,93.804,1009.9,15444.534,0.663
MSG-001303,REC-04308,2026-09-12T02:53:55Z,2026-09-12T02:53:55Z,SITE-A,ESP32-A01,PV-A01,2.698,16.095,43.417,29.46,28.77,25.027,92.954,1009.834,15330.717,0.446
MSG-001304,REC-04309,2026-09-12T02:54:00Z,2026-09-12T02:54:00Z,SITE-A,ESP32-A01,PV-A01,2.729,16.243,44.329,29.34,28.63,24.931,94.461,1009.842,15135.743,0.769
MSG-001305,REC-04310,2026-09-12T02:54:05Z,2026-09-12T02:54:05Z,SITE-A,ESP32-A01,PV-A01,2.75,17.389,47.826,29.57,28.69,24.941,94.921,1009.794,15295.453,0.561
MSG-001306,REC-04311,2026-09-12T02:54:10Z,2026-09-12T02:54:10Z,SITE-A,ESP32-A01,PV-A01,2.711,16.225,43.982,29.55,28.72,24.906,94.287,1009.874,15258.998,0.681
MSG-001307,REC-04312,2026-09-12T02:54:15Z,2026-09-12T02:54:15Z,SITE-A,ESP32-A01,PV-A01,2.737,16.787,45.94,29.55,28.76,24.965,94.919,1009.733,15197.997,0.599
MSG-001308,REC-04313,2026-09-12T02:54:20Z,2026-09-12T02:54:20Z,SITE-A,ESP32-A01,PV-A01,2.698,17.634,47.578,29.53,28.72,24.958,92.955,1009.777,15483.327,0.598
MSG-001309,REC-04314,2026-09-12T02:54:25Z,2026-09-12T02:54:25Z,SITE-A,ESP32-A01,PV-A01,2.7,16.747,45.209,29.46,28.72,24.892,94.473,1009.851,15556.426,0.603
MSG-001310,REC-04315,2026-09-12T02:54:30Z,2026-09-12T02:54:30Z,SITE-A,ESP32-A01,PV-A01,2.722,16.986,46.238,29.43,28.7,25.109,94.58,1009.881,14981.074,0.511
MSG-001311,REC-04316,2026-09-12T02:54:35Z,2026-09-12T02:54:35Z,SITE-A,ESP32-A01,PV-A01,2.71,16.673,45.191,29.4,28.66,24.913,93.598,1009.748,15343.433,0.506
MSG-001312,REC-04317,2026-09-12T02:54:40Z,2026-09-12T02:54:40Z,SITE-A,ESP32-A01,PV-A01,2.725,16.699,45.506,29.59,28.74,24.942,94.878,1009.972,15006.974,0.613
MSG-001313,REC-04318,2026-09-12T02:54:45Z,2026-09-12T02:54:45Z,SITE-A,ESP32-A01,PV-A01,2.743,16.729,45.893,29.47,28.54,24.757,94.225,1009.88,15170.002,0.515
MSG-001314,REC-04319,2026-09-12T02:54:50Z,2026-09-12T02:54:50Z,SITE-A,ESP32-A01,PV-A01,2.736,15.625,42.75,29.33,28.61,25.036,93.68,1009.838,15182.82,0.672
MSG-001315,REC-04320,2026-09-12T02:54:55Z,2026-09-12T02:54:55Z,SITE-A,ESP32-A01,PV-A01,2.729,17.011,46.421,29.45,28.78,25.036,94.943,1009.899,15316.389,0.609
MSG-001316,REC-04321,2026-09-12T03:11:00Z,2026-09-12T03:11:00Z,SITE-A,ESP32-A01,PV-A01,0.017,26.911,0.458,30.37,31.39,25.613,88.629,1009.903,17581.389,0.088
MSG-001317,REC-04322,2026-09-12T03:11:05Z,2026-09-12T03:11:05Z,SITE-A,ESP32-A01,PV-A01,0.029,26.695,0.767,30.56,31.35,25.554,88.819,1009.855,17760.808,0.068
MSG-001318,REC-04323,2026-09-12T03:11:10Z,2026-09-12T03:11:10Z,SITE-A,ESP32-A01,PV-A01,0.01,27.678,0.289,30.54,31.26,25.602,89.664,1009.98,17607.424,0.119
MSG-001319,REC-04324,2026-09-12T03:11:15Z,2026-09-12T03:11:15Z,SITE-A,ESP32-A01,PV-A01,0.017,27.134,0.463,30.46,31.22,25.572,89.945,1010.025,17677.298,0.102
MSG-001320,REC-04325,2026-09-12T03:11:20Z,2026-09-12T03:11:20Z,SITE-A,ESP32-A01,PV-A01,0.013,26.397,0.337,30.35,31.3,25.498,88.92,1009.888,17418.619,0.096
MSG-001321,REC-04326,2026-09-12T03:11:25Z,2026-09-12T03:11:25Z,SITE-A,ESP32-A01,PV-A01,0.019,26.586,0.495,30.56,31.29,25.689,89.645,1009.855,17565.327,0.067
MSG-001322,REC-04327,2026-09-12T03:11:30Z,2026-09-12T03:11:30Z,SITE-A,ESP32-A01,PV-A01,0.034,27.099,0.934,30.51,31.34,25.48,88.548,1009.934,17639.243,0.092
MSG-001323,REC-04328,2026-09-12T03:11:35Z,2026-09-12T03:11:35Z,SITE-A,ESP32-A01,PV-A01,0.044,27.596,1.216,30.44,31.36,25.357,90.044,1009.898,17526.596,0.119
MSG-001324,REC-04329,2026-09-12T03:11:40Z,2026-09-12T03:11:40Z,SITE-A,ESP32-A01,PV-A01,0.035,26.919,0.94,30.5,31.24,25.456,90.281,1009.998,17940.686,0.071
MSG-001325,REC-04330,2026-09-12T03:11:45Z,2026-09-12T03:11:45Z,SITE-A,ESP32-A01,PV-A01,0.015,26.913,0.413,30.55,31.3,25.373,89.74,1010.023,17753.629,0.108
MSG-001326,REC-04331,2026-09-12T03:11:50Z,2026-09-12T03:11:50Z,SITE-A,ESP32-A01,PV-A01,0.009,26.663,0.228,30.47,31.33,25.567,90.862,1009.952,17931.038,0.107
MSG-001327,REC-04332,2026-09-12T03:11:55Z,2026-09-12T03:11:55Z,SITE-A,ESP32-A01,PV-A01,0.026,26.514,0.684,30.41,31.38,25.646,89.632,1009.861,17722.912,0.094
MSG-001328,REC-04333,2026-09-12T03:12:00Z,2026-09-12T03:12:00Z,SITE-A,ESP32-A01,PV-A01,0.022,26.152,0.581,30.49,31.37,25.402,90.577,1010.029,17896.398,0.087
MSG-001329,REC-04334,2026-09-12T03:12:05Z,2026-09-12T03:12:05Z,SITE-A,ESP32-A01,PV-A01,0.025,26.691,0.655,30.49,31.24,25.345,89.746,1009.942,17844.852,0.102
MSG-001330,REC-04335,2026-09-12T03:12:10Z,2026-09-12T03:12:10Z,SITE-A,ESP32-A01,PV-A01,0.027,26.979,0.719,30.31,31.21,25.662,90.17,1009.931,17617.064,0.057
MSG-001331,REC-04336,2026-09-12T03:12:15Z,2026-09-12T03:12:15Z,SITE-A,ESP32-A01,PV-A01,0.03,26.881,0.802,30.46,31.24,25.465,89.401,1010.073,17663.497,0.089
MSG-001332,REC-04337,2026-09-12T03:12:20Z,2026-09-12T03:12:20Z,SITE-A,ESP32-A01,PV-A01,0.03,67.921,2.057,30.44,31.42,25.46,89.947,1009.894,17846.593,0.078
MSG-001333,REC-04338,2026-09-12T03:12:25Z,2026-09-12T03:12:25Z,SITE-A,ESP32-A01,PV-A01,0.046,27.006,1.238,30.54,31.32,25.625,89.486,1009.951,17852.465,0.1
MSG-001334,REC-04339,2026-09-12T03:12:30Z,2026-09-12T03:12:30Z,SITE-A,ESP32-A01,PV-A01,0.017,26.371,0.453,30.39,31.39,25.579,89.54,1009.984,17787.147,0.104
MSG-001335,REC-04340,2026-09-12T03:12:35Z,2026-09-12T03:12:35Z,SITE-A,ESP32-A01,PV-A01,0.029,27.541,0.803,30.44,31.42,25.455,88.935,1009.829,17875.785,0.078
MSG-001336,REC-04341,2026-09-12T03:12:40Z,2026-09-12T03:12:40Z,SITE-A,ESP32-A01,PV-A01,0.038,27.142,1.022,30.37,31.5,25.499,89.423,1009.922,17682.458,0.101
MSG-001337,REC-04342,2026-09-12T03:12:45Z,2026-09-12T03:12:45Z,SITE-A,ESP32-A01,PV-A01,0.02,26.703,0.522,30.58,31.3,25.55,89.842,1010.007,17736.312,0.046
MSG-001338,REC-04343,2026-09-12T03:12:50Z,2026-09-12T03:12:50Z,SITE-A,ESP32-A01,PV-A01,-0.003,26.631,0.079,30.42,31.49,25.444,90.07,1009.957,17784.708,0.095
MSG-001339,REC-04344,2026-09-12T03:12:55Z,2026-09-12T03:12:55Z,SITE-A,ESP32-A01,PV-A01,0.039,27.188,1.065,30.45,31.45,25.537,89.05,1009.934,18107.282,0.056
MSG-001340,REC-04345,2026-09-12T03:13:00Z,2026-09-12T03:13:00Z,SITE-A,ESP32-A01,PV-A01,0.055,27.304,1.499,30.56,31.55,25.633,88.88,1010.034,17981.009,0.085
MSG-001341,REC-04346,2026-09-12T03:13:05Z,2026-09-12T03:13:05Z,SITE-A,ESP32-A01,PV-A01,0.038,28.259,1.067,30.56,31.54,25.552,89.192,1009.944,18088.671,0.078
MSG-001342,REC-04347,2026-09-12T03:13:10Z,2026-09-12T03:13:10Z,SITE-A,ESP32-A01,PV-A01,0.018,27.396,0.506,30.62,31.43,25.607,89.252,1009.916,18086.918,0.124
MSG-001343,REC-04348,2026-09-12T03:13:15Z,2026-09-12T03:13:15Z,SITE-A,ESP32-A01,PV-A01,0.025,26.576,0.658,30.61,31.35,25.602,88.732,1009.939,18060.175,0.11
MSG-001344,REC-04349,2026-09-12T03:13:20Z,2026-09-12T03:13:20Z,SITE-A,ESP32-A01,PV-A01,0.021,27.455,0.578,30.66,31.47,25.504,90.551,1009.921,18219.92,0.091
MSG-001345,REC-04350,2026-09-12T03:13:25Z,2026-09-12T03:13:25Z,SITE-A,ESP32-A01,PV-A01,0.045,26.964,1.201,30.69,31.32,25.644,88.88,1009.881,18143.851,0.06
MSG-001346,REC-04351,2026-09-12T03:13:30Z,2026-09-12T03:13:30Z,SITE-A,ESP32-A01,PV-A01,0.029,28.026,0.81,30.65,31.43,25.495,90.403,1009.936,18064.18,0.14
MSG-001347,REC-04352,2026-09-12T03:13:35Z,2026-09-12T03:13:35Z,SITE-A,ESP32-A01,PV-A01,0.033,28.219,0.92,30.59,31.35,25.678,90.234,1009.937,18178.458,0.101
MSG-001348,REC-04353,2026-09-12T03:13:40Z,2026-09-12T03:13:40Z,SITE-A,ESP32-A01,PV-A01,0.02,27.611,0.543,30.56,31.38,25.628,89.219,1010.021,18370.225,0.119
MSG-001349,REC-04354,2026-09-12T03:13:45Z,2026-09-12T03:13:45Z,SITE-A,ESP32-A01,PV-A01,0.037,28.251,1.039,30.61,31.24,25.554,89.604,1009.966,18214.756,0.093
MSG-001350,REC-04355,2026-09-12T03:13:50Z,2026-09-12T03:13:50Z,SITE-A,ESP32-A01,PV-A01,0.018,27.05,0.487,30.39,31.4,25.612,88.951,1010.037,18062.523,0.082
MSG-001351,REC-04356,2026-09-12T03:13:55Z,2026-09-12T03:13:55Z,SITE-A,ESP32-A01,PV-A01,0.027,27.499,0.754,30.54,31.42,25.49,89.567,1010.032,18055.607,0.091
MSG-001352,REC-04357,2026-09-12T03:14:00Z,2026-09-12T03:14:00Z,SITE-A,ESP32-A01,PV-A01,0.032,26.905,0.848,30.39,31.34,25.611,88.643,1009.875,18078.828,0.11
MSG-001353,REC-04358,2026-09-12T03:14:05Z,2026-09-12T03:14:05Z,SITE-A,ESP32-A01,PV-A01,0.027,26.828,0.724,30.47,31.37,25.674,91.188,1009.926,18017.368,0.094
MSG-001354,REC-04359,2026-09-12T03:14:10Z,2026-09-12T03:14:10Z,SITE-A,ESP32-A01,PV-A01,0.041,27.257,1.122,30.43,31.31,25.734,90.231,1009.926,17869.792,0.061
MSG-001355,REC-04360,2026-09-12T03:14:15Z,2026-09-12T03:14:15Z,SITE-A,ESP32-A01,PV-A01,0.03,27.245,0.825,30.61,31.5,25.676,89.925,1010.003,18225.853,0.124
MSG-001356,REC-04361,2026-09-12T03:14:20Z,2026-09-12T03:14:20Z,SITE-A,ESP32-A01,PV-A01,0.033,28.135,0.927,30.63,31.44,25.576,90.105,1009.917,18340.288,0.108
MSG-001357,REC-04362,2026-09-12T03:14:25Z,2026-09-12T03:14:25Z,SITE-A,ESP32-A01,PV-A01,0.015,27.428,0.412,30.67,31.6,25.708,89.547,1009.991,18453.62,0.086
MSG-001358,REC-04363,2026-09-12T03:14:30Z,2026-09-12T03:14:30Z,SITE-A,ESP32-A01,PV-A01,-0.0,28.333,0.004,30.48,31.43,25.653,89.662,1009.973,18222.39,0.077
MSG-001359,REC-04364,2026-09-12T03:14:35Z,2026-09-12T03:14:35Z,SITE-A,ESP32-A01,PV-A01,0.035,28.344,1.002,30.52,31.45,25.702,89.014,1010.01,18382.005,0.063
MSG-001360,REC-04365,2026-09-12T03:14:40Z,2026-09-12T03:14:40Z,SITE-A,ESP32-A01,PV-A01,0.027,28.048,0.767,30.66,31.39,25.395,89.512,1010.035,18341.108,0.073
MSG-001361,REC-04366,2026-09-12T03:14:45Z,2026-09-12T03:14:45Z,SITE-A,ESP32-A01,PV-A01,0.022,27.668,0.612,30.52,31.51,25.747,89.989,1010.017,18204.755,0.124
MSG-001362,REC-04367,2026-09-12T03:14:50Z,2026-09-12T03:14:50Z,SITE-A,ESP32-A01,PV-A01,0.024,27.276,0.644,30.5,31.37,25.565,89.435,1009.928,18030.124,0.094
MSG-001363,REC-04368,2026-09-12T03:14:55Z,2026-09-12T03:14:55Z,SITE-A,ESP32-A01,PV-A01,0.042,27.468,1.153,30.63,31.56,25.585,88.906,1009.956,18444.57,0.094
MSG-001364,REC-04369,2026-09-12T03:15:00Z,2026-09-12T03:15:00Z,SITE-A,ESP32-A01,PV-A01,0.027,28.027,0.759,30.64,31.59,25.608,89.894,1009.966,18074.138,0.1
MSG-001365,REC-04370,2026-09-12T03:15:05Z,2026-09-12T03:15:05Z,SITE-A,ESP32-A01,PV-A01,0.021,27.518,0.585,30.69,31.43,25.511,89.465,1010.027,18291.683,0.098
MSG-001366,REC-04371,2026-09-12T03:15:10Z,2026-09-12T03:15:10Z,SITE-A,ESP32-A01,PV-A01,0.035,27.52,0.966,30.65,31.45,25.711,89.609,1009.854,18174.896,0.044
MSG-001367,REC-04372,2026-09-12T03:15:15Z,2026-09-12T03:15:15Z,SITE-A,ESP32-A01,PV-A01,0.027,29.038,0.792,30.57,31.4,25.737,89.741,1009.941,18214.722,0.087
MSG-001368,REC-04373,2026-09-12T03:15:20Z,2026-09-12T03:15:20Z,SITE-A,ESP32-A01,PV-A01,0.03,26.753,0.805,30.71,31.34,25.618,88.518,1009.966,18198.921,0.127
MSG-001369,REC-04374,2026-09-12T03:15:25Z,2026-09-12T03:15:25Z,SITE-A,ESP32-A01,PV-A01,0.048,27.917,1.342,30.68,31.48,25.608,90.12,1009.913,18108.593,0.079
MSG-001370,REC-04375,2026-09-12T03:15:30Z,2026-09-12T03:15:30Z,SITE-A,ESP32-A01,PV-A01,0.018,27.539,0.499,30.62,31.47,25.556,89.857,1009.994,18048.257,0.1
MSG-001371,REC-04376,2026-09-12T03:15:35Z,2026-09-12T03:15:35Z,SITE-A,ESP32-A01,PV-A01,0.016,27.245,0.424,30.68,31.51,25.602,89.141,1009.906,18187.816,0.091
MSG-001372,REC-04377,2026-09-12T03:15:40Z,2026-09-12T03:15:40Z,SITE-A,ESP32-A01,PV-A01,0.021,27.776,0.584,30.61,31.46,25.662,88.808,1010.042,18404.962,0.092
MSG-001373,REC-04378,2026-09-12T03:15:45Z,2026-09-12T03:15:45Z,SITE-A,ESP32-A01,PV-A01,0.024,27.076,0.645,30.55,31.54,25.767,90.449,1009.923,18029.38,0.096
MSG-001374,REC-04379,2026-09-12T03:15:50Z,2026-09-12T03:15:50Z,SITE-A,ESP32-A01,PV-A01,0.021,27.774,0.587,30.61,31.45,25.75,89.508,1009.93,18481.188,0.093
MSG-001375,REC-04380,2026-09-12T03:15:55Z,2026-09-12T03:15:55Z,SITE-A,ESP32-A01,PV-A01,0.019,27.81,0.529,30.78,31.46,25.621,89.321,1009.999,18354.565,0.057
MSG-001376,REC-04381,2026-09-12T03:46:00Z,2026-09-12T03:46:00Z,SITE-C,ESP32-C01,PV-C01,3.252,0.08,0.26,48.26,47.96,29.007,76.721,1010.473,68307.023,0.231
MSG-001377,REC-04382,2026-09-12T03:46:05Z,2026-09-12T03:46:05Z,SITE-C,ESP32-C01,PV-C01,3.258,0.226,0.737,48.29,47.9,28.847,77.202,1010.371,68466.116,0.206
MSG-001378,REC-04383,2026-09-12T03:46:10Z,2026-09-12T03:46:10Z,SITE-C,ESP32-C01,PV-C01,3.243,-0.539,1.747,48.51,-999.0,28.987,76.775,1010.338,68743.583,0.196
MSG-001379,REC-04384,2026-09-12T03:46:15Z,2026-09-12T03:46:15Z,SITE-C,ESP32-C01,PV-C01,3.264,0.082,0.267,48.42,48.24,28.937,76.692,1010.427,68922.173,0.192
MSG-001380,REC-04385,2026-09-12T03:46:20Z,2026-09-12T03:46:20Z,SITE-C,ESP32-C01,PV-C01,3.248,-0.241,0.783,48.41,48.03,28.961,76.377,1010.393,68461.433,0.209
MSG-001381,REC-04386,2026-09-12T03:46:25Z,2026-09-12T03:46:25Z,SITE-C,ESP32-C01,PV-C01,3.238,0.925,2.996,48.36,48.06,28.928,77.557,1010.485,68639.875,0.204
MSG-001382,REC-04387,2026-09-12T03:46:30Z,2026-09-12T03:46:30Z,SITE-C,ESP32-C01,PV-C01,3.24,0.758,2.455,48.48,48.06,28.86,75.513,1010.284,68406.855,0.201
MSG-001383,REC-04388,2026-09-12T03:46:35Z,2026-09-12T03:46:35Z,SITE-C,ESP32-C01,PV-C01,3.246,0.213,0.692,48.29,47.8,28.89,76.809,1010.457,68554.898,0.174
MSG-001384,REC-04389,2026-09-12T03:46:40Z,2026-09-12T03:46:40Z,SITE-C,ESP32-C01,PV-C01,3.259,-0.677,2.205,48.42,48.05,28.955,77.605,1010.425,68822.171,0.2
MSG-001385,REC-04390,2026-09-12T03:46:45Z,2026-09-12T03:46:45Z,SITE-C,ESP32-C01,PV-C01,3.238,-0.444,1.439,48.36,48.15,28.886,77.084,1010.416,68699.335,0.183
MSG-001386,REC-04391,2026-09-12T03:46:50Z,2026-09-12T03:46:50Z,SITE-C,ESP32-C01,PV-C01,3.263,0.075,0.245,48.55,47.95,28.986,76.79,1010.409,68982.446,0.209
MSG-001387,REC-04392,2026-09-12T03:46:55Z,2026-09-12T03:46:55Z,SITE-C,ESP32-C01,PV-C01,3.27,-0.175,0.572,48.67,48.19,28.83,77.033,1010.439,69309.912,0.216
MSG-001388,REC-04393,2026-09-12T03:47:00Z,2026-09-12T03:47:00Z,SITE-C,ESP32-C01,PV-C01,3.248,0.421,1.369,48.63,48.18,28.965,77.03,1010.313,69219.829,0.201
MSG-001389,REC-04394,2026-09-12T03:47:05Z,2026-09-12T03:47:05Z,SITE-C,ESP32-C01,PV-C01,3.263,0.478,1.56,48.54,48.07,29.081,77.774,1010.417,69216.525,0.202
MSG-001390,REC-04395,2026-09-12T03:47:10Z,2026-09-12T03:47:10Z,SITE-C,ESP32-C01,PV-C01,3.234,-0.099,0.322,48.39,48.06,29.007,76.507,1010.429,69091.471,0.167
MSG-001391,REC-04396,2026-09-12T03:47:15Z,2026-09-12T03:47:15Z,SITE-C,ESP32-C01,PV-C01,3.244,-0.332,1.076,48.43,48.17,28.899,77.198,1010.43,68507.469,0.2
MSG-001392,REC-04397,2026-09-12T03:47:20Z,2026-09-12T03:47:20Z,SITE-C,ESP32-C01,PV-C01,3.242,1.069,3.466,48.34,47.73,29.006,76.508,1010.321,68515.298,0.179
MSG-001393,REC-04398,2026-09-12T03:47:25Z,2026-09-12T03:47:25Z,SITE-C,ESP32-C01,PV-C01,3.26,0.234,0.763,48.51,48.08,29.127,77.536,1010.357,68658.607,0.21
MSG-001394,REC-04399,2026-09-12T03:47:30Z,2026-09-12T03:47:30Z,SITE-C,ESP32-C01,PV-C01,3.271,0.166,0.543,48.43,48.19,29.049,77.393,1010.438,69004.689,0.189
MSG-001395,REC-04400,2026-09-12T03:47:35Z,2026-09-12T03:47:35Z,SITE-C,ESP32-C01,PV-C01,3.241,0.041,0.131,48.38,48.04,29.052,75.448,1010.424,68570.68,0.211
MSG-001396,REC-04401,2026-09-12T03:47:40Z,2026-09-12T03:47:40Z,SITE-C,ESP32-C01,PV-C01,3.256,0.157,0.511,48.57,48.14,29.148,77.63,1010.377,68879.349,0.212
MSG-001397,REC-04402,2026-09-12T03:47:45Z,2026-09-12T03:47:45Z,SITE-C,ESP32-C01,PV-C01,3.28,0.107,0.351,48.5,48.03,28.974,77.586,1010.427,68916.736,0.208
MSG-001398,REC-04403,2026-09-12T03:47:50Z,2026-09-12T03:47:50Z,SITE-C,ESP32-C01,PV-C01,3.276,0.255,0.834,48.43,47.89,28.977,77.297,1010.402,68438.504,0.237
MSG-001399,REC-04404,2026-09-12T03:47:55Z,2026-09-12T03:47:55Z,SITE-C,ESP32-C01,PV-C01,3.265,0.306,0.999,48.37,48.04,29.062,76.514,1010.368,68994.579,0.202
MSG-001400,REC-04405,2026-09-12T03:48:00Z,2026-09-12T03:48:00Z,SITE-C,ESP32-C01,PV-C01,3.249,-0.288,0.937,48.38,48.06,28.94,77.571,1010.403,69313.167,0.205
MSG-001401,REC-04406,2026-09-12T03:48:05Z,2026-09-12T03:48:05Z,SITE-C,ESP32-C01,PV-C01,3.263,-0.333,1.086,48.61,48.1,29.023,76.481,1010.482,69161.748,0.19
MSG-001402,REC-04407,2026-09-12T03:48:10Z,2026-09-12T03:48:10Z,SITE-C,ESP32-C01,PV-C01,3.247,0.37,1.201,48.71,48.2,28.967,77.604,1010.361,69316.188,0.204
MSG-001403,REC-04408,2026-09-12T03:48:15Z,2026-09-12T03:48:15Z,SITE-C,ESP32-C01,PV-C01,3.24,0.235,0.761,48.4,48.06,29.134,77.786,1010.435,69092.184,0.196
MSG-001404,REC-04409,2026-09-12T03:48:20Z,2026-09-12T03:48:20Z,SITE-C,ESP32-C01,PV-C01,3.252,-0.041,0.134,48.45,48.05,28.852,76.919,1010.416,68760.266,0.224
MSG-001405,REC-04410,2026-09-12T03:48:25Z,2026-09-12T03:48:25Z,SITE-C,ESP32-C01,PV-C01,3.249,0.25,0.811,48.48,48.09,29.039,77.411,1010.41,69035.442,0.19
MSG-001406,REC-04411,2026-09-12T03:48:30Z,2026-09-12T03:48:30Z,SITE-C,ESP32-C01,PV-C01,3.269,0.922,3.014,48.6,48.22,28.954,77.069,1010.312,69422.15,0.215
MSG-001407,REC-04412,2026-09-12T03:48:35Z,2026-09-12T03:48:35Z,SITE-C,ESP32-C01,PV-C01,3.246,-0.269,0.873,48.69,48.15,29.05,77.207,1010.428,69455.62,0.215
MSG-001408,REC-04413,2026-09-12T03:48:40Z,2026-09-12T03:48:40Z,SITE-C,ESP32-C01,PV-C01,3.238,0.487,1.578,48.64,48.2,29.124,76.656,1010.394,69524.819,0.209
MSG-001409,REC-04414,2026-09-12T03:48:45Z,2026-09-12T03:48:45Z,SITE-C,ESP32-C01,PV-C01,3.254,0.724,2.354,48.67,48.24,28.955,76.611,1010.43,70297.056,0.198
MSG-001410,REC-04415,2026-09-12T03:48:50Z,2026-09-12T03:48:50Z,SITE-C,ESP32-C01,PV-C01,3.251,0.51,1.657,48.53,48.33,28.967,78.111,1010.328,69561.798,0.209
MSG-001411,REC-04416,2026-09-12T03:48:55Z,2026-09-12T03:48:55Z,SITE-C,ESP32-C01,PV-C01,3.264,-0.162,0.527,48.64,48.39,29.039,77.379,1010.496,70000.097,0.188
MSG-001412,REC-04417,2026-09-12T03:49:00Z,2026-09-12T03:49:00Z,SITE-C,ESP32-C01,PV-C01,3.258,0.342,1.114,48.74,48.3,29.084,77.418,1010.507,69447.073,0.195
MSG-001413,REC-04418,2026-09-12T03:49:05Z,2026-09-12T03:49:05Z,SITE-C,ESP32-C01,PV-C01,3.247,-0.067,0.218,48.68,48.29,28.875,76.928,1010.401,69903.37,0.208
MSG-001414,REC-04419,2026-09-12T03:49:10Z,2026-09-12T03:49:10Z,SITE-C,ESP32-C01,PV-C01,3.248,-0.423,1.374,48.73,48.33,29.013,77.234,1010.453,69728.017,0.216
MSG-001415,REC-04420,2026-09-12T03:49:15Z,2026-09-12T03:49:15Z,SITE-C,ESP32-C01,PV-C01,3.281,-0.265,0.871,48.64,48.29,29.05,77.264,1010.421,69762.903,0.191
MSG-001416,REC-04421,2026-09-12T03:49:20Z,2026-09-12T03:49:20Z,SITE-C,ESP32-C01,PV-C01,3.231,-0.02,0.066,48.69,48.37,28.937,76.335,1010.444,69779.695,0.194
MSG-001417,REC-04422,2026-09-12T03:49:25Z,2026-09-12T03:49:25Z,SITE-C,ESP32-C01,PV-C01,3.245,-0.057,0.185,48.74,48.4,28.848,76.58,1010.366,70422.154,0.196
MSG-001418,REC-04423,2026-09-12T03:49:30Z,2026-09-12T03:49:30Z,SITE-C,ESP32-C01,PV-C01,3.266,-0.026,0.086,48.77,48.31,29.086,77.502,1010.449,70064.148,0.176
MSG-001419,REC-04424,2026-09-12T03:49:35Z,2026-09-12T03:49:35Z,SITE-C,ESP32-C01,PV-C01,3.254,-0.558,1.816,48.94,48.37,29.14,77.365,1010.337,70595.144,0.209
MSG-001420,REC-04425,2026-09-12T03:49:40Z,2026-09-12T03:49:40Z,SITE-C,ESP32-C01,PV-C01,3.242,-0.663,2.149,48.74,48.52,29.012,76.592,1010.451,70318.706,0.198
MSG-001421,REC-04426,2026-09-12T03:49:45Z,2026-09-12T03:49:45Z,SITE-C,ESP32-C01,PV-C01,3.235,-0.137,0.444,48.83,48.48,29.006,76.411,1010.463,70527.375,0.202
MSG-001422,REC-04427,2026-09-12T03:49:50Z,2026-09-12T03:49:50Z,SITE-C,ESP32-C01,PV-C01,3.258,0.521,1.698,48.85,48.63,28.968,77.754,1010.371,70585.31,0.228
MSG-001423,REC-04428,2026-09-12T03:49:55Z,2026-09-12T03:49:55Z,SITE-C,ESP32-C01,PV-C01,3.239,0.402,1.303,48.81,48.5,28.873,77.595,1010.433,71041.718,0.193
MSG-001424,REC-04429,2026-09-12T03:50:00Z,2026-09-12T03:50:00Z,SITE-C,ESP32-C01,PV-C01,3.243,0.145,0.472,49.01,48.53,28.861,77.735,1010.464,70935.164,0.18
MSG-001425,REC-04430,2026-09-12T03:50:05Z,2026-09-12T03:50:05Z,SITE-C,ESP32-C01,PV-C01,3.246,-0.036,0.116,49.09,48.46,29.017,76.825,1010.232,71086.306,0.207
MSG-001426,REC-04431,2026-09-12T03:50:10Z,2026-09-12T03:50:10Z,SITE-C,ESP32-C01,PV-C01,3.259,0.474,1.544,48.97,48.58,29.136,77.631,1010.32,71191.811,0.215
MSG-001427,REC-04432,2026-09-12T03:50:15Z,2026-09-12T03:50:15Z,SITE-C,ESP32-C01,PV-C01,3.264,0.03,0.099,48.9,48.45,29.106,77.126,1010.401,70858.647,0.221
MSG-001428,REC-04433,2026-09-12T03:50:20Z,2026-09-12T03:50:20Z,SITE-C,ESP32-C01,PV-C01,3.249,0.114,0.371,-127.0,48.45,28.955,77.718,1010.308,70922.69,0.218
MSG-001429,REC-04434,2026-09-12T03:50:25Z,2026-09-12T03:50:25Z,SITE-C,ESP32-C01,PV-C01,3.258,0.319,1.04,-127.0,48.61,29.154,78.19,1010.322,70575.773,0.21
MSG-001430,REC-04435,2026-09-12T03:50:30Z,2026-09-12T03:50:30Z,SITE-C,ESP32-C01,PV-C01,3.247,0.762,2.475,-127.0,48.49,28.994,77.779,1010.308,70392.141,0.2
MSG-001431,REC-04436,2026-09-12T03:50:35Z,2026-09-12T03:50:35Z,SITE-C,ESP32-C01,PV-C01,3.256,0.533,1.736,-127.0,48.44,29.202,77.377,1010.372,70295.792,0.168
MSG-001432,REC-04437,2026-09-12T03:50:40Z,2026-09-12T03:50:40Z,SITE-C,ESP32-C01,PV-C01,3.24,0.397,1.288,-127.0,48.32,28.962,76.667,1010.473,70352.125,0.23
MSG-001433,REC-04438,2026-09-12T03:50:45Z,2026-09-12T03:50:45Z,SITE-C,ESP32-C01,PV-C01,3.245,-0.674,2.187,-127.0,48.34,28.94,77.301,1010.387,70809.25,0.206
MSG-001434,REC-04439,2026-09-12T03:50:50Z,2026-09-12T03:50:50Z,SITE-C,ESP32-C01,PV-C01,3.257,0.164,0.534,-127.0,48.67,29.118,76.147,1010.308,71182.561,0.196
MSG-001435,REC-04440,2026-09-12T03:50:55Z,2026-09-12T03:50:55Z,SITE-C,ESP32-C01,PV-C01,3.255,0.206,0.671,48.84,48.37,28.909,76.907,1010.308,70800.214,0.174
MSG-001436,REC-04441,2026-09-12T06:39:00Z,2026-09-12T06:39:00Z,SITE-E,ESP32-E01,PV-E01,2.593,78.838,204.402,50.93,50.76,31.604,73.774,1010.15,88456.286,1.263
MSG-001437,REC-04442,2026-09-12T06:39:05Z,2026-09-12T06:39:05Z,SITE-E,ESP32-E01,PV-E01,2.584,78.923,203.913,50.77,50.64,31.647,73.024,1010.163,88460.706,1.282
MSG-001438,REC-04443,2026-09-12T06:39:10Z,2026-09-12T06:39:10Z,SITE-E,ESP32-E01,PV-E01,2.584,78.762,203.525,50.73,50.71,31.703,72.616,1010.167,88286.602,1.389
MSG-001439,REC-04444,2026-09-12T06:39:15Z,2026-09-12T06:39:15Z,SITE-E,ESP32-E01,PV-E01,2.563,79.228,203.065,50.83,50.79,31.832,72.186,1010.216,88416.696,1.276
MSG-001440,REC-04445,2026-09-12T06:39:20Z,2026-09-12T06:39:20Z,SITE-E,ESP32-E01,PV-E01,2.595,79.878,207.31,50.85,50.77,31.611,74.217,1010.263,88941.264,1.202
MSG-001441,REC-04446,2026-09-12T06:39:25Z,2026-09-12T06:39:25Z,SITE-E,ESP32-E01,PV-E01,2.561,79.102,202.589,50.73,50.57,31.703,73.498,1010.231,88004.228,1.327
MSG-001442,REC-04447,2026-09-12T06:39:30Z,2026-09-12T06:39:30Z,SITE-E,ESP32-E01,PV-E01,2.564,79.441,203.689,50.86,50.71,31.736,72.788,1010.13,88549.027,1.332
MSG-001443,REC-04448,2026-09-12T06:39:35Z,2026-09-12T06:39:35Z,SITE-E,ESP32-E01,PV-E01,2.608,78.38,204.452,51.01,50.76,31.56,73.59,1010.211,88254.461,1.292
MSG-001444,REC-04449,2026-09-12T06:39:40Z,2026-09-12T06:39:40Z,SITE-E,ESP32-E01,PV-E01,2.579,78.956,203.623,50.73,50.64,31.596,72.808,1010.178,87747.224,1.168
MSG-001445,REC-04450,2026-09-12T06:39:45Z,2026-09-12T06:39:45Z,SITE-E,ESP32-E01,PV-E01,2.545,79.654,202.7,50.89,50.65,31.722,71.562,1010.137,88476.971,1.338
MSG-001446,REC-04451,2026-09-12T06:39:50Z,2026-09-12T06:39:50Z,SITE-E,ESP32-E01,PV-E01,2.595,79.43,206.138,50.78,50.67,31.574,72.843,1010.143,87924.23,1.298
MSG-001447,REC-04452,2026-09-12T06:39:55Z,2026-09-12T06:39:55Z,SITE-E,ESP32-E01,PV-E01,2.596,78.206,203.005,50.67,50.79,31.629,72.104,1010.182,88185.337,1.255
MSG-001448,REC-04453,2026-09-12T06:40:00Z,2026-09-12T06:40:00Z,SITE-E,ESP32-E01,PV-E01,2.587,79.54,205.807,50.78,50.61,31.726,72.781,1010.219,87903.882,1.349
MSG-001449,REC-04454,2026-09-12T06:40:05Z,2026-09-12T06:40:05Z,SITE-E,ESP32-E01,PV-E01,2.59,79.201,205.099,50.68,50.56,31.49,73.102,1010.182,87425.251,1.181
MSG-001450,REC-04455,2026-09-12T06:40:10Z,2026-09-12T06:40:10Z,SITE-E,ESP32-E01,PV-E01,2.587,78.547,203.177,50.93,50.92,31.471,72.902,1010.158,88028.212,1.255
MSG-001451,REC-04456,2026-09-12T06:40:15Z,2026-09-12T06:40:15Z,SITE-E,ESP32-E01,PV-E01,2.579,79.137,204.122,50.84,50.63,31.774,72.963,1010.166,87714.611,1.244
MSG-001452,REC-04457,2026-09-12T06:40:20Z,2026-09-12T06:40:20Z,SITE-E,ESP32-E01,PV-E01,2.59,78.38,202.993,50.71,50.46,31.625,72.719,1010.206,87481.291,1.384
MSG-001453,REC-04458,2026-09-12T06:40:25Z,2026-09-12T06:40:25Z,SITE-E,ESP32-E01,PV-E01,2.562,79.421,203.44,50.73,50.48,31.688,72.979,1010.097,87042.846,1.288
MSG-001454,REC-04459,2026-09-12T06:40:30Z,2026-09-12T06:40:30Z,SITE-E,ESP32-E01,PV-E01,2.595,78.385,203.447,50.6,50.44,31.689,72.68,1010.102,87474.117,1.225
MSG-001455,REC-04460,2026-09-12T06:40:35Z,2026-09-12T06:40:35Z,SITE-E,ESP32-E01,PV-E01,2.577,78.654,202.668,50.74,50.57,31.667,72.421,1010.266,87335.887,1.333
MSG-001456,REC-04461,2026-09-12T06:40:40Z,2026-09-12T06:40:40Z,SITE-E,ESP32-E01,PV-E01,2.582,79.454,205.16,50.66,50.57,31.637,72.587,1010.22,87592.843,1.16
MSG-001457,REC-04462,2026-09-12T06:40:45Z,2026-09-12T06:40:45Z,SITE-E,ESP32-E01,PV-E01,2.577,79.357,204.469,50.78,50.53,31.459,73.476,1010.237,87566.382,1.302
MSG-001458,REC-04463,2026-09-12T06:40:50Z,2026-09-12T06:40:50Z,SITE-E,ESP32-E01,PV-E01,2.586,78.158,202.149,50.83,50.77,31.601,72.431,1010.229,87813.155,1.218
MSG-001459,REC-04464,2026-09-12T06:40:55Z,2026-09-12T06:40:55Z,SITE-E,ESP32-E01,PV-E01,2.574,79.051,203.487,50.68,50.52,31.397,73.096,1010.205,87471.237,1.29
MSG-001460,REC-04465,2026-09-12T06:41:00Z,2026-09-12T06:41:00Z,SITE-E,ESP32-E01,PV-E01,2.57,78.367,201.373,50.6,50.51,31.487,72.98,1010.223,87601.602,1.241
MSG-001461,REC-04466,2026-09-12T06:41:05Z,2026-09-12T06:41:05Z,SITE-E,ESP32-E01,PV-E01,2.594,78.191,202.812,50.63,50.46,31.822,72.94,1010.092,87501.295,1.349
MSG-001462,REC-04467,2026-09-12T06:41:10Z,2026-09-12T06:41:10Z,SITE-E,ESP32-E01,PV-E01,2.595,78.859,204.613,50.7,50.46,31.5,72.281,1010.158,87428.768,1.408
MSG-001463,REC-04468,2026-09-12T06:41:15Z,2026-09-12T06:41:15Z,SITE-E,ESP32-E01,PV-E01,2.559,80.079,204.903,50.83,50.55,31.695,73.681,1010.204,88044.467,1.194
MSG-001464,REC-04469,2026-09-12T06:41:20Z,2026-09-12T06:41:20Z,SITE-E,ESP32-E01,PV-E01,2.6,79.523,206.753,50.8,50.66,31.621,73.04,1010.141,88070.002,1.294
MSG-001465,REC-04470,2026-09-12T06:41:25Z,2026-09-12T06:41:25Z,SITE-E,ESP32-E01,PV-E01,2.576,79.776,205.53,50.82,50.66,31.566,73.038,1010.082,88175.846,1.394
MSG-001466,REC-04470,2026-09-12T06:41:25Z,2026-09-12T06:41:25Z,SITE-E,ESP32-E01,PV-E01,2.576,79.776,205.53,50.82,50.66,31.566,73.038,1010.082,88175.846,1.394
MSG-001467,REC-04471,2026-09-12T06:41:30Z,2026-09-12T06:41:30Z,SITE-E,ESP32-E01,PV-E01,2.595,80.302,208.408,50.9,50.84,31.645,71.884,1010.269,88506.127,1.248
MSG-001468,REC-04472,2026-09-12T06:41:35Z,2026-09-12T06:41:35Z,SITE-E,ESP32-E01,PV-E01,2.592,80.366,208.277,50.84,50.7,31.73,73.036,1010.174,88425.949,1.247
MSG-001469,REC-04473,2026-09-12T06:41:40Z,2026-09-12T06:41:40Z,SITE-E,ESP32-E01,PV-E01,2.562,79.84,204.531,50.88,50.86,31.529,73.845,1010.202,88677.989,1.296
MSG-001470,REC-04474,2026-09-12T06:41:45Z,2026-09-12T06:41:45Z,SITE-E,ESP32-E01,PV-E01,2.588,79.367,205.385,51.09,50.86,31.7,73.579,1010.118,88985.656,1.333
MSG-001471,REC-04475,2026-09-12T06:41:50Z,2026-09-12T06:41:50Z,SITE-E,ESP32-E01,PV-E01,2.586,79.595,205.859,50.86,50.83,31.632,73.005,1010.144,88711.124,1.343
MSG-001472,REC-04476,2026-09-12T06:41:55Z,2026-09-12T06:41:55Z,SITE-E,ESP32-E01,PV-E01,2.614,78.595,205.474,50.86,50.78,31.595,73.154,1010.215,88146.845,1.284
MSG-001473,REC-04477,2026-09-12T06:42:00Z,2026-09-12T06:42:00Z,SITE-E,ESP32-E01,PV-E01,2.572,79.757,205.145,50.83,50.87,31.65,72.393,1010.148,88550.422,1.224
MSG-001474,REC-04478,2026-09-12T06:42:05Z,2026-09-12T06:42:05Z,SITE-E,ESP32-E01,PV-E01,2.577,79.807,205.691,50.74,-999.0,31.77,72.691,1010.124,88411.712,1.36
MSG-001475,REC-04479,2026-09-12T06:42:10Z,2026-09-12T06:42:10Z,SITE-E,ESP32-E01,PV-E01,2.597,78.762,204.584,50.75,50.81,31.702,73.192,1010.171,88536.698,1.249
MSG-001476,REC-04480,2026-09-12T06:42:15Z,2026-09-12T06:42:15Z,SITE-E,ESP32-E01,PV-E01,2.585,78.465,202.837,50.82,50.75,31.775,72.735,1010.187,88225.602,1.156
MSG-001477,REC-04481,2026-09-12T06:42:20Z,2026-09-12T06:42:20Z,SITE-E,ESP32-E01,PV-E01,2.578,78.896,203.425,50.67,50.8,31.669,72.617,1010.244,88335.245,1.177
MSG-001478,REC-04482,2026-09-12T06:42:25Z,2026-09-12T06:42:25Z,SITE-E,ESP32-E01,PV-E01,2.58,78.747,203.169,50.96,50.71,31.75,72.48,1010.058,88501.01,1.23
MSG-001479,REC-04483,2026-09-12T06:42:30Z,2026-09-12T06:42:30Z,SITE-E,ESP32-E01,PV-E01,2.594,78.483,203.595,50.87,50.89,31.753,73.175,1010.065,88608.937,1.392
MSG-001480,REC-04484,2026-09-12T06:42:35Z,2026-09-12T06:42:35Z,SITE-E,ESP32-E01,PV-E01,2.59,80.495,208.504,50.87,50.69,31.591,73.026,1010.214,88811.495,1.211
MSG-001481,REC-04485,2026-09-12T06:42:40Z,2026-09-12T06:42:40Z,SITE-E,ESP32-E01,PV-E01,2.602,79.24,206.208,51.0,50.71,31.613,73.375,1010.262,88747.82,1.35
MSG-001482,REC-04486,2026-09-12T06:42:45Z,2026-09-12T06:42:45Z,SITE-E,ESP32-E01,PV-E01,2.562,79.592,203.905,50.76,50.61,31.622,72.694,1010.187,88016.192,1.345
MSG-001483,REC-04487,2026-09-12T06:42:50Z,2026-09-12T06:42:50Z,SITE-E,ESP32-E01,PV-E01,2.563,79.67,204.231,50.8,50.63,31.665,72.456,1010.161,87842.814,1.28
MSG-001484,REC-04488,2026-09-12T06:42:55Z,2026-09-12T06:42:55Z,SITE-E,ESP32-E01,PV-E01,2.572,78.309,201.415,50.66,50.6,31.809,72.84,1010.107,88148.197,1.131
MSG-001485,REC-04489,2026-09-12T06:43:00Z,2026-09-12T06:43:00Z,SITE-E,ESP32-E01,PV-E01,2.598,77.906,202.402,50.67,50.49,31.663,72.502,1010.14,88263.748,1.209
MSG-001486,REC-04490,2026-09-12T06:43:05Z,2026-09-12T06:43:05Z,SITE-E,ESP32-E01,PV-E01,2.582,78.217,201.996,50.81,50.54,31.679,73.676,1010.147,88151.524,1.244
MSG-001487,REC-04491,2026-09-12T06:43:10Z,2026-09-12T06:43:10Z,SITE-E,ESP32-E01,PV-E01,2.588,79.745,206.42,50.65,50.55,31.783,72.453,1010.062,88213.851,1.374
MSG-001488,REC-04492,2026-09-12T06:43:15Z,2026-09-12T06:43:15Z,SITE-E,ESP32-E01,PV-E01,2.602,79.341,206.407,50.68,50.39,31.578,72.761,1010.101,87503.067,1.219
MSG-001489,REC-04493,2026-09-12T06:43:20Z,2026-09-12T06:43:20Z,SITE-E,ESP32-E01,PV-E01,2.552,78.43,200.174,50.47,50.53,31.707,73.326,1010.222,88030.75,1.261
MSG-001490,REC-04494,2026-09-12T06:43:25Z,2026-09-12T06:43:25Z,SITE-E,ESP32-E01,PV-E01,2.602,79.128,205.87,50.66,50.45,31.584,74.022,1010.169,87343.571,1.301
MSG-001491,REC-04495,2026-09-12T06:43:30Z,2026-09-12T06:43:30Z,SITE-E,ESP32-E01,PV-E01,2.569,79.705,204.729,50.54,50.51,31.707,72.737,1010.158,87780.278,1.167
MSG-001492,REC-04496,2026-09-12T06:43:35Z,2026-09-12T06:43:35Z,SITE-E,ESP32-E01,PV-E01,2.576,78.772,202.925,50.55,50.46,31.614,73.405,1010.184,87533.189,1.25
MSG-001493,REC-04497,2026-09-12T06:43:40Z,2026-09-12T06:43:40Z,SITE-E,ESP32-E01,PV-E01,2.596,78.249,203.132,50.54,50.58,31.455,72.52,1010.191,87567.716,1.228
MSG-001494,REC-04498,2026-09-12T06:43:45Z,2026-09-12T06:43:45Z,SITE-E,ESP32-E01,PV-E01,2.567,79.364,203.731,50.47,50.51,31.625,74.26,1010.192,87548.944,1.445
MSG-001495,REC-04499,2026-09-12T06:43:50Z,2026-09-12T06:43:50Z,SITE-E,ESP32-E01,PV-E01,2.579,78.283,201.908,50.45,50.49,31.681,72.588,1010.231,87538.241,1.224
MSG-001496,REC-04500,2026-09-12T06:43:55Z,2026-09-12T06:43:55Z,SITE-E,ESP32-E01,PV-E01,2.595,79.582,206.543,50.6,50.48,31.733,73.25,1010.24,87505.554,1.397
MSG-001497,REC-04501,2026-09-12T06:46:00Z,2026-09-12T06:46:00Z,SITE-D,ESP32-D01,PV-D01,2.755,-65.466,180.343,39.19,38.89,29.752,82.119,1009.944,46777.624,0.119
MSG-001498,REC-04502,2026-09-12T06:46:05Z,2026-09-12T06:46:05Z,SITE-D,ESP32-D01,PV-D01,2.749,-65.239,179.352,39.28,38.68,29.763,82.424,1009.806,46928.353,0.11
MSG-001499,REC-04503,2026-09-12T06:46:10Z,2026-09-12T06:46:10Z,SITE-D,ESP32-D01,PV-D01,2.764,-65.357,180.628,39.26,38.95,29.963,81.735,1009.999,46678.459,0.075
MSG-001500,REC-04504,2026-09-12T06:46:15Z,2026-09-12T06:46:15Z,SITE-D,ESP32-D01,PV-D01,2.748,-66.084,181.618,39.42,38.82,29.937,81.46,1009.838,46700.751,0.152
MSG-001501,REC-04505,2026-09-12T06:46:20Z,2026-09-12T06:46:20Z,SITE-D,ESP32-D01,PV-D01,2.763,-65.166,180.053,39.29,38.75,29.789,82.49,1009.915,47069.591,0.134
MSG-001502,REC-04506,2026-09-12T06:46:25Z,2026-09-12T06:46:25Z,SITE-D,ESP32-D01,PV-D01,2.721,-64.972,176.773,39.17,38.83,29.978,82.813,1009.913,46818.295,0.138
MSG-001503,REC-04507,2026-09-12T06:46:30Z,2026-09-12T06:46:30Z,SITE-D,ESP32-D01,PV-D01,2.759,-65.302,180.171,39.24,38.59,30.075,80.819,1009.839,46789.752,0.128
MSG-001504,REC-04508,2026-09-12T06:46:35Z,2026-09-12T06:46:35Z,SITE-D,ESP32-D01,PV-D01,2.757,-63.961,176.317,39.35,38.66,29.958,82.169,1009.855,46607.672,0.112
MSG-001505,REC-04509,2026-09-12T06:46:40Z,2026-09-12T06:46:40Z,SITE-D,ESP32-D01,PV-D01,2.773,-64.838,179.801,39.07,38.82,29.872,82.791,1009.842,46749.577,0.145
MSG-001506,REC-04510,2026-09-12T06:46:45Z,2026-09-12T06:46:45Z,SITE-D,ESP32-D01,PV-D01,2.76,-65.11,179.727,39.08,38.5,29.99,82.224,1009.919,46749.413,0.106
MSG-001507,REC-04511,2026-09-12T06:46:50Z,2026-09-12T06:46:50Z,SITE-D,ESP32-D01,PV-D01,2.76,-64.237,177.272,39.13,38.7,29.721,83.161,1010.004,46418.079,0.112
MSG-001508,REC-04512,2026-09-12T06:46:55Z,2026-09-12T06:46:55Z,SITE-D,ESP32-D01,PV-D01,2.726,-65.397,178.244,39.14,38.72,29.894,81.947,1009.901,46633.895,0.127
MSG-001509,REC-04513,2026-09-12T06:47:00Z,2026-09-12T06:47:00Z,SITE-D,ESP32-D01,PV-D01,2.766,-64.574,178.586,39.17,38.86,29.989,82.623,1009.813,46412.261,0.159
MSG-001510,REC-04514,2026-09-12T06:47:05Z,2026-09-12T06:47:05Z,SITE-D,ESP32-D01,PV-D01,2.766,-65.599,181.454,39.15,38.63,29.98,82.352,1009.887,47192.035,0.145
MSG-001511,REC-04515,2026-09-12T06:47:10Z,2026-09-12T06:47:10Z,SITE-D,ESP32-D01,PV-D01,2.746,-65.371,179.489,39.4,38.92,29.921,82.585,1009.879,47081.419,0.12
MSG-001512,REC-04516,2026-09-12T06:47:15Z,2026-09-12T06:47:15Z,SITE-D,ESP32-D01,PV-D01,2.746,-65.832,180.796,39.21,38.77,29.814,81.881,1009.914,47477.59,0.106
MSG-001513,REC-04517,2026-09-12T06:47:20Z,2026-09-12T06:47:20Z,SITE-D,ESP32-D01,PV-D01,2.758,-66.652,183.826,39.4,38.88,29.967,82.107,1009.831,47710.631,0.138
MSG-001514,REC-04518,2026-09-12T06:47:25Z,2026-09-12T06:47:25Z,SITE-D,ESP32-D01,PV-D01,2.745,-66.008,181.178,39.52,38.84,29.851,82.414,1009.938,47937.683,0.124
MSG-001515,REC-04519,2026-09-12T06:47:30Z,2026-09-12T06:47:30Z,SITE-D,ESP32-D01,PV-D01,2.745,-66.09,181.442,39.43,38.85,29.923,83.064,1009.921,47977.429,0.102
MSG-001516,REC-04520,2026-09-12T06:47:35Z,2026-09-12T06:47:35Z,SITE-D,ESP32-D01,PV-D01,2.725,-67.022,182.639,39.38,38.99,29.733,82.048,1009.88,47964.555,0.134
MSG-001517,REC-04521,2026-09-12T06:47:40Z,2026-09-12T06:47:40Z,SITE-D,ESP32-D01,PV-D01,2.778,-66.371,184.352,39.34,38.86,29.919,82.321,1009.936,48078.42,0.156
MSG-001518,REC-04522,2026-09-12T06:47:45Z,2026-09-12T06:47:45Z,SITE-D,ESP32-D01,PV-D01,2.724,-66.874,182.172,39.43,39.01,29.911,81.872,1009.932,47839.588,0.12
MSG-001519,REC-04523,2026-09-12T06:47:50Z,2026-09-12T06:47:50Z,SITE-D,ESP32-D01,PV-D01,2.735,-66.499,181.85,39.37,38.87,29.884,82.363,1009.932,47980.829,0.087
MSG-001520,REC-04524,2026-09-12T06:47:55Z,2026-09-12T06:47:55Z,SITE-D,ESP32-D01,PV-D01,2.735,-67.217,183.826,39.45,38.83,29.806,82.757,1009.822,47855.524,0.131
MSG-001521,REC-04525,2026-09-12T06:48:00Z,2026-09-12T06:48:00Z,SITE-D,ESP32-D01,PV-D01,2.721,-66.229,180.235,39.3,38.87,29.975,81.395,1009.844,47871.862,0.133
MSG-001522,REC-04526,2026-09-12T06:48:05Z,2026-09-12T06:48:05Z,SITE-D,ESP32-D01,PV-D01,2.764,-66.016,182.473,39.46,38.92,30.025,81.891,1009.893,47651.275,0.129
MSG-001523,REC-04527,2026-09-12T06:48:10Z,2026-09-12T06:48:10Z,SITE-D,ESP32-D01,PV-D01,2.76,-66.682,184.012,39.41,38.88,29.971,81.071,1009.845,47803.763,0.137
MSG-001524,REC-04528,2026-09-12T06:48:15Z,2026-09-12T06:48:15Z,SITE-D,ESP32-D01,PV-D01,2.732,-65.8,179.773,39.4,38.89,29.851,82.66,1009.936,47580.56,0.114
MSG-001525,REC-04529,2026-09-12T06:48:20Z,2026-09-12T06:48:20Z,SITE-D,ESP32-D01,PV-D01,2.71,-66.766,180.927,39.45,38.89,29.722,81.143,1009.826,47530.889,0.151
MSG-001526,REC-04530,2026-09-12T06:48:25Z,2026-09-12T06:48:25Z,SITE-D,ESP32-D01,PV-D01,2.731,-65.94,180.05,39.25,38.87,29.925,82.182,1009.887,47317.093,0.142
MSG-001527,REC-04531,2026-09-12T06:48:30Z,2026-09-12T06:48:30Z,SITE-D,ESP32-D01,PV-D01,2.739,-65.714,179.969,39.19,38.73,29.866,81.639,1009.853,47017.214,0.095
MSG-001528,REC-04532,2026-09-12T06:48:35Z,2026-09-12T06:48:35Z,SITE-D,ESP32-D01,PV-D01,2.749,-64.853,178.252,39.19,38.65,29.766,82.127,1009.809,46987.371,0.113
MSG-001529,REC-04533,2026-09-12T06:48:40Z,2026-09-12T06:48:40Z,SITE-D,ESP32-D01,PV-D01,2.734,-65.744,179.777,39.23,38.75,29.879,82.68,1009.988,47078.133,0.088
MSG-001530,REC-04534,2026-09-12T06:48:45Z,2026-09-12T06:48:45Z,SITE-D,ESP32-D01,PV-D01,2.76,-65.404,180.5,39.25,38.8,29.718,81.999,1009.893,46978.071,0.084
MSG-001531,REC-04535,2026-09-12T06:48:50Z,2026-09-12T06:48:50Z,SITE-D,ESP32-D01,PV-D01,2.739,-65.415,179.2,39.23,38.68,30.032,82.779,1009.896,47206.929,0.113
MSG-001532,REC-04536,2026-09-12T06:48:55Z,2026-09-12T06:48:55Z,SITE-D,ESP32-D01,PV-D01,2.75,-65.247,179.439,39.15,38.74,29.505,82.857,1009.854,47180.171,0.127
MSG-001533,REC-04537,2026-09-12T06:49:00Z,2026-09-12T06:49:00Z,SITE-D,ESP32-D01,PV-D01,2.744,-65.691,180.248,39.3,38.78,29.89,81.819,1009.85,47844.431,0.13
MSG-001534,REC-04538,2026-09-12T06:49:05Z,2026-09-12T06:49:05Z,SITE-D,ESP32-D01,PV-D01,2.759,-65.605,180.988,39.38,38.83,29.999,83.601,1009.93,47745.869,0.132
MSG-001535,REC-04539,2026-09-12T06:49:10Z,2026-09-12T06:49:10Z,SITE-D,ESP32-D01,PV-D01,2.751,-65.711,180.781,39.36,38.79,29.903,82.366,1009.893,47646.28,0.096
MSG-001536,REC-04540,2026-09-12T06:49:15Z,2026-09-12T06:49:15Z,SITE-D,ESP32-D01,PV-D01,2.755,-66.231,182.495,39.47,38.93,29.835,82.332,1009.759,47916.585,0.126
MSG-001537,REC-04541,2026-09-12T06:49:20Z,2026-09-12T06:49:20Z,SITE-D,ESP32-D01,PV-D01,0.563,-66.134,37.256,39.55,38.77,29.991,82.052,1009.97,47574.337,0.129
MSG-001538,REC-04542,2026-09-12T06:49:25Z,2026-09-12T06:49:25Z,SITE-D,ESP32-D01,PV-D01,2.746,-66.032,181.308,39.47,38.78,29.738,81.934,1009.891,47570.075,0.112
MSG-001539,REC-04543,2026-09-12T06:49:30Z,2026-09-12T06:49:30Z,SITE-D,ESP32-D01,PV-D01,2.758,-65.719,181.276,39.54,38.91,29.724,82.782,1009.863,48077.109,0.114
MSG-001540,REC-04544,2026-09-12T06:49:35Z,2026-09-12T06:49:35Z,SITE-D,ESP32-D01,PV-D01,2.727,-66.532,181.458,39.41,38.84,29.809,82.832,1009.853,47603.09,0.125
MSG-001541,REC-04545,2026-09-12T06:49:40Z,2026-09-12T06:49:40Z,SITE-D,ESP32-D01,PV-D01,2.765,-66.382,183.553,39.49,38.73,29.778,82.525,1009.82,47721.36,0.094
MSG-001542,REC-04546,2026-09-12T06:49:45Z,2026-09-12T06:49:45Z,SITE-D,ESP32-D01,PV-D01,2.756,-66.319,182.801,39.49,38.79,29.831,82.502,1009.979,47755.936,0.105
MSG-001543,REC-04547,2026-09-12T06:49:50Z,2026-09-12T06:49:50Z,SITE-D,ESP32-D01,PV-D01,2.746,-67.337,184.905,39.44,38.83,29.872,82.48,1009.886,48009.343,0.125
MSG-001544,REC-04548,2026-09-12T06:49:55Z,2026-09-12T06:49:55Z,SITE-D,ESP32-D01,PV-D01,2.742,-65.902,180.699,39.45,38.86,29.723,82.456,1009.875,47929.702,0.136
MSG-001545,REC-04549,2026-09-12T06:50:00Z,2026-09-12T06:50:00Z,SITE-D,ESP32-D01,PV-D01,2.76,-66.563,183.716,39.34,38.87,29.828,81.941,1009.811,47947.903,0.114
MSG-001546,REC-04550,2026-09-12T06:50:05Z,2026-09-12T06:50:05Z,SITE-D,ESP32-D01,PV-D01,2.76,-66.376,183.221,39.41,38.86,29.965,82.547,1009.952,48085.833,0.115
MSG-001547,REC-04551,2026-09-12T06:50:10Z,2026-09-12T06:50:10Z,SITE-D,ESP32-D01,PV-D01,2.739,-66.134,181.148,39.35,38.99,30.084,82.926,1009.863,47989.406,0.123
MSG-001548,REC-04552,2026-09-12T06:50:15Z,2026-09-12T06:50:15Z,SITE-D,ESP32-D01,PV-D01,2.726,-66.209,180.488,39.39,38.88,30.005,82.771,1009.918,47674.044,0.083
MSG-001549,REC-04553,2026-09-12T06:50:20Z,2026-09-12T06:50:20Z,SITE-D,ESP32-D01,PV-D01,2.763,-66.518,183.814,39.29,38.78,29.818,81.908,1009.782,47932.637,0.128
MSG-001550,REC-04554,2026-09-12T06:50:25Z,2026-09-12T06:50:25Z,SITE-D,ESP32-D01,PV-D01,2.784,-66.113,184.035,39.3,38.83,29.977,82.321,1009.881,47669.986,0.126
MSG-001551,REC-04555,2026-09-12T06:50:30Z,2026-09-12T06:50:30Z,SITE-D,ESP32-D01,PV-D01,2.753,-65.425,180.096,39.11,38.8,29.83,82.899,1009.934,47708.568,0.099
MSG-001552,REC-04556,2026-09-12T06:50:35Z,2026-09-12T06:50:35Z,SITE-D,ESP32-D01,PV-D01,2.724,-66.793,181.913,39.47,38.93,29.685,81.775,1009.81,47424.409,0.138
MSG-001553,REC-04557,2026-09-12T06:50:40Z,2026-09-12T06:50:40Z,SITE-D,ESP32-D01,PV-D01,2.761,-65.232,180.117,39.31,38.78,29.962,82.372,1009.772,47775.34,0.107
MSG-001554,REC-04558,2026-09-12T06:50:45Z,2026-09-12T06:50:45Z,SITE-D,ESP32-D01,PV-D01,2.758,-65.74,181.301,39.39,38.92,29.869,81.209,1009.957,47809.153,0.123
MSG-001555,REC-04559,2026-09-12T06:50:50Z,2026-09-12T06:50:50Z,SITE-D,ESP32-D01,PV-D01,2.765,-65.956,182.386,39.45,38.84,29.906,82.634,1009.835,47687.464,0.151
MSG-001556,REC-04560,2026-09-12T06:50:55Z,2026-09-12T06:50:55Z,SITE-D,ESP32-D01,PV-D01,2.728,-65.761,179.408,39.36,38.95,29.889,82.383,1009.859,47818.153,0.128
MSG-001557,REC-04561,2026-09-12T07:06:00Z,2026-09-12T07:06:00Z,SITE-B,ESP32-B01,PV-B01,2.743,46.292,127.001,38.76,37.74,28.532,84.418,1009.955,48655.044,1.296
MSG-001558,REC-04562,2026-09-12T07:06:05Z,2026-09-12T07:06:05Z,SITE-B,ESP32-B01,PV-B01,2.721,46.311,126.007,38.62,37.66,28.73,83.423,1010.026,49009.961,1.28
MSG-001559,REC-04563,2026-09-12T07:06:10Z,2026-09-12T07:06:10Z,SITE-B,ESP32-B01,PV-B01,2.717,47.125,128.061,38.61,37.64,28.789,83.672,1009.98,48937.711,1.321
MSG-001560,REC-04564,2026-09-12T07:06:15Z,2026-09-12T07:06:15Z,SITE-B,ESP32-B01,PV-B01,2.712,45.04,122.148,38.71,37.66,28.706,84.252,1010.055,48552.824,1.286
MSG-001561,REC-04565,2026-09-12T07:06:20Z,2026-09-12T07:06:20Z,SITE-B,ESP32-B01,PV-B01,2.699,46.647,125.913,38.66,37.62,28.643,84.513,1010.102,48807.799,1.3
MSG-001562,REC-04566,2026-09-12T07:06:25Z,2026-09-12T07:06:25Z,SITE-B,ESP32-B01,PV-B01,2.729,46.627,127.265,38.61,37.58,28.536,83.967,1009.935,48743.488,1.344
MSG-001563,REC-04567,2026-09-12T07:06:30Z,2026-09-12T07:06:30Z,SITE-B,ESP32-B01,PV-B01,2.717,46.431,126.148,38.65,37.64,28.677,84.209,1009.959,48516.927,1.328
MSG-001564,REC-04568,2026-09-12T07:06:35Z,2026-09-12T07:06:35Z,SITE-B,ESP32-B01,PV-B01,2.742,46.658,127.949,38.82,37.7,28.652,84.115,1010.054,48502.744,1.342
MSG-001565,REC-04569,2026-09-12T07:06:40Z,2026-09-12T07:06:40Z,SITE-B,ESP32-B01,PV-B01,2.729,46.835,127.835,38.75,37.67,28.703,84.167,1009.982,48519.463,1.388
MSG-001566,REC-04570,2026-09-12T07:06:45Z,2026-09-12T07:06:45Z,SITE-B,ESP32-B01,PV-B01,2.756,45.844,126.36,38.66,37.5,28.68,85.794,1009.929,48380.127,1.231
MSG-001567,REC-04571,2026-09-12T07:06:50Z,2026-09-12T07:06:50Z,SITE-B,ESP32-B01,PV-B01,2.738,47.029,128.76,38.7,37.47,28.653,83.957,1009.96,48694.781,1.423
MSG-001568,REC-04572,2026-09-12T07:06:55Z,2026-09-12T07:06:55Z,SITE-B,ESP32-B01,PV-B01,2.753,45.042,124.014,38.65,37.66,28.688,83.997,1010.017,48423.749,1.33
MSG-001569,REC-04573,2026-09-12T07:07:00Z,2026-09-12T07:07:00Z,SITE-B,ESP32-B01,PV-B01,2.738,45.771,125.336,38.51,37.57,28.58,83.708,1010.067,48315.045,1.331
MSG-001570,REC-04574,2026-09-12T07:07:05Z,2026-09-12T07:07:05Z,SITE-B,ESP32-B01,PV-B01,2.74,45.317,124.162,38.54,37.46,28.554,84.937,1010.019,48331.274,1.271
MSG-001571,REC-04575,2026-09-12T07:07:10Z,2026-09-12T07:07:10Z,SITE-B,ESP32-B01,PV-B01,2.705,45.569,123.267,38.6,37.56,28.648,84.29,1010.033,48456.866,1.463
MSG-001572,REC-04576,2026-09-12T07:07:15Z,2026-09-12T07:07:15Z,SITE-B,ESP32-B01,PV-B01,2.748,46.267,127.157,38.5,37.53,28.606,84.744,1009.984,48034.214,1.444
MSG-001573,REC-04577,2026-09-12T07:07:20Z,2026-09-12T07:07:20Z,SITE-B,ESP32-B01,PV-B01,2.737,44.816,122.647,38.63,37.53,28.741,84.03,1010.006,48263.717,1.452
MSG-001574,REC-04578,2026-09-12T07:07:25Z,2026-09-12T07:07:25Z,SITE-B,ESP32-B01,PV-B01,2.725,45.944,125.22,38.58,37.63,28.821,84.029,1010.071,47845.017,1.324
MSG-001575,REC-04579,2026-09-12T07:07:30Z,2026-09-12T07:07:30Z,SITE-B,ESP32-B01,PV-B01,2.682,46.055,123.539,38.58,37.41,28.762,84.07,1010.02,48028.374,1.348
MSG-001576,REC-04580,2026-09-12T07:07:35Z,2026-09-12T07:07:35Z,SITE-B,ESP32-B01,PV-B01,2.748,45.295,124.474,38.59,37.57,28.668,83.616,1010.121,47892.127,1.398
MSG-001577,REC-04581,2026-09-12T07:07:40Z,2026-09-12T07:07:40Z,SITE-B,ESP32-B01,PV-B01,2.718,45.71,124.235,38.61,37.52,28.653,83.786,1010.106,47659.648,1.284
MSG-001578,REC-04582,2026-09-12T07:07:45Z,2026-09-12T07:07:45Z,SITE-B,ESP32-B01,PV-B01,2.708,45.75,123.897,38.47,37.38,28.738,83.904,1009.947,47767.518,1.375
MSG-001579,REC-04583,2026-09-12T07:07:50Z,2026-09-12T07:07:50Z,SITE-B,ESP32-B01,PV-B01,2.734,45.176,123.51,38.57,37.44,28.738,83.961,1009.993,47699.979,1.355
MSG-001580,REC-04584,2026-09-12T07:07:55Z,2026-09-12T07:07:55Z,SITE-B,ESP32-B01,PV-B01,2.718,45.403,123.391,38.44,37.5,28.751,84.791,1009.995,47565.322,1.434
MSG-001581,REC-04585,2026-09-12T07:08:00Z,2026-09-12T07:08:00Z,SITE-B,ESP32-B01,PV-B01,2.717,46.021,125.029,38.54,37.43,28.583,84.462,1009.958,47614.404,1.407
MSG-001582,REC-04586,2026-09-12T07:08:05Z,2026-09-12T07:08:05Z,SITE-B,ESP32-B01,PV-B01,2.719,45.842,124.622,38.52,37.39,28.713,84.406,1009.977,47197.037,1.322
MSG-001583,REC-04587,2026-09-12T07:08:10Z,2026-09-12T07:08:10Z,SITE-B,ESP32-B01,PV-B01,2.724,45.387,123.653,38.49,37.33,28.862,83.281,1009.926,47374.58,1.421
MSG-001584,REC-04588,2026-09-12T07:08:15Z,2026-09-12T07:08:15Z,SITE-B,ESP32-B01,PV-B01,2.706,45.831,123.996,38.41,37.41,28.75,84.152,1010.0,47133.431,1.321
MSG-001585,REC-04589,2026-09-12T07:08:20Z,2026-09-12T07:08:20Z,SITE-B,ESP32-B01,PV-B01,2.729,45.499,124.153,38.45,37.31,28.735,85.114,1009.976,47168.724,1.299
MSG-001586,REC-04590,2026-09-12T07:08:25Z,2026-09-12T07:08:25Z,SITE-B,ESP32-B01,PV-B01,2.724,44.983,122.516,38.31,37.58,28.645,84.447,1009.953,47026.023,1.331
MSG-001587,REC-04591,2026-09-12T07:08:30Z,2026-09-12T07:08:30Z,SITE-B,ESP32-B01,PV-B01,2.723,45.263,123.247,38.29,37.26,28.624,84.1,1010.07,47256.81,1.328
MSG-001588,REC-04592,2026-09-12T07:08:35Z,2026-09-12T07:08:35Z,SITE-B,ESP32-B01,PV-B01,2.728,45.199,123.307,38.41,37.53,28.679,84.418,1010.038,46882.15,1.261
MSG-001589,REC-04593,2026-09-12T07:08:40Z,2026-09-12T07:08:40Z,SITE-B,ESP32-B01,PV-B01,2.711,45.803,124.193,38.5,37.26,28.575,83.854,1010.051,47287.024,1.297
MSG-001590,REC-04594,2026-09-12T07:08:45Z,2026-09-12T07:08:45Z,SITE-B,ESP32-B01,PV-B01,2.728,45.64,124.517,38.33,37.47,28.554,83.627,1010.048,47336.043,1.227
MSG-001591,REC-04595,2026-09-12T07:08:50Z,2026-09-12T07:08:50Z,SITE-B,ESP32-B01,PV-B01,2.738,44.787,122.63,38.44,-999.0,28.7,83.39,1010.049,47497.453,1.273
MSG-001592,REC-04596,2026-09-12T07:08:55Z,2026-09-12T07:08:55Z,SITE-B,ESP32-B01,PV-B01,2.736,45.341,124.044,38.45,37.28,28.488,83.764,1010.127,47307.443,1.358
MSG-001593,REC-04597,2026-09-12T07:09:00Z,2026-09-12T07:09:00Z,SITE-B,ESP32-B01,PV-B01,2.736,44.817,122.608,38.31,37.35,28.685,83.11,1009.984,47312.888,1.358
MSG-001594,REC-04598,2026-09-12T07:09:05Z,2026-09-12T07:09:05Z,SITE-B,ESP32-B01,PV-B01,2.733,44.556,121.753,38.32,37.25,28.768,83.457,1009.986,46692.125,1.389
MSG-001595,REC-04599,2026-09-12T07:09:10Z,2026-09-12T07:09:10Z,SITE-B,ESP32-B01,PV-B01,2.708,44.713,121.095,38.41,37.32,28.578,84.556,1009.97,46929.391,1.374
MSG-001596,REC-04600,2026-09-12T07:09:15Z,2026-09-12T07:09:15Z,SITE-B,ESP32-B01,PV-B01,2.724,45.136,122.972,38.4,37.35,28.67,83.939,1010.074,47001.836,1.228
MSG-001597,REC-04601,2026-09-12T07:09:20Z,2026-09-12T07:09:20Z,SITE-B,ESP32-B01,PV-B01,8.202,44.599,365.78,38.38,37.28,28.618,84.393,1009.96,46715.906,1.245
MSG-001598,REC-04602,2026-09-12T07:09:25Z,2026-09-12T07:09:25Z,SITE-B,ESP32-B01,PV-B01,2.753,44.764,123.213,38.28,37.26,28.863,84.506,1010.037,46762.512,1.292
MSG-001599,REC-04603,2026-09-12T07:09:30Z,2026-09-12T07:09:30Z,SITE-B,ESP32-B01,PV-B01,2.724,45.07,122.775,38.39,37.36,28.678,84.193,1010.071,47261.908,1.391
MSG-001600,REC-04604,2026-09-12T07:09:35Z,2026-09-12T07:09:35Z,SITE-B,ESP32-B01,PV-B01,2.707,44.821,121.345,38.36,37.26,28.752,83.678,1009.979,47033.948,1.274
MSG-001601,REC-04605,2026-09-12T07:09:40Z,2026-09-12T07:09:40Z,SITE-B,ESP32-B01,PV-B01,2.742,45.042,123.51,-999.0,37.32,28.594,84.845,1009.986,47232.971,1.234
MSG-001602,REC-04606,2026-09-12T07:09:45Z,2026-09-12T07:09:45Z,SITE-B,ESP32-B01,PV-B01,2.733,44.986,122.929,38.41,37.47,28.676,83.699,1010.028,47352.709,1.419
MSG-001603,REC-04607,2026-09-12T07:09:50Z,2026-09-12T07:09:50Z,SITE-B,ESP32-B01,PV-B01,2.767,45.041,124.651,38.47,37.45,28.554,84.633,1010.039,47421.512,1.312
MSG-001604,REC-04608,2026-09-12T07:09:55Z,2026-09-12T07:09:55Z,SITE-B,ESP32-B01,PV-B01,2.689,45.619,122.68,38.4,37.31,28.616,85.479,1009.929,47572.14,1.242
MSG-001605,REC-04609,2026-09-12T07:10:00Z,2026-09-12T07:10:00Z,SITE-B,ESP32-B01,PV-B01,2.719,45.421,123.491,38.51,37.37,28.579,84.834,1010.07,47634.583,1.351
MSG-001606,REC-04610,2026-09-12T07:10:05Z,2026-09-12T07:10:05Z,SITE-B,ESP32-B01,PV-B01,2.735,45.108,123.374,38.47,37.27,28.566,84.702,1010.008,47631.47,1.314
MSG-001607,REC-04611,2026-09-12T07:10:10Z,2026-09-12T07:10:10Z,SITE-B,ESP32-B01,PV-B01,2.728,45.889,125.17,38.41,37.5,28.745,83.71,1009.991,47458.119,1.306
MSG-001608,REC-04612,2026-09-12T07:10:15Z,2026-09-12T07:10:15Z,SITE-B,ESP32-B01,PV-B01,2.705,45.871,124.072,38.34,37.49,28.741,84.422,1010.024,47779.163,1.301
MSG-001609,REC-04613,2026-09-12T07:10:20Z,2026-09-12T07:10:20Z,SITE-B,ESP32-B01,PV-B01,2.705,45.888,124.137,38.61,37.38,28.699,85.208,1010.028,47530.352,1.286
MSG-001610,REC-04614,2026-09-12T07:10:25Z,2026-09-12T07:10:25Z,SITE-B,ESP32-B01,PV-B01,2.703,45.207,122.184,38.6,37.53,28.723,84.062,1009.987,47784.086,1.281
MSG-001611,REC-04615,2026-09-12T07:10:30Z,2026-09-12T07:10:30Z,SITE-B,ESP32-B01,PV-B01,2.721,46.441,126.353,38.42,37.59,28.73,84.573,1010.015,47704.269,1.314
MSG-001612,REC-04616,2026-09-12T07:10:35Z,2026-09-12T07:10:35Z,SITE-B,ESP32-B01,PV-B01,2.726,45.765,124.754,38.53,37.29,28.752,85.408,1009.951,47557.155,1.198
MSG-001613,REC-04617,2026-09-12T07:10:40Z,2026-09-12T07:10:40Z,SITE-B,ESP32-B01,PV-B01,2.699,46.486,125.45,38.37,37.34,28.534,83.834,1009.986,47409.47,1.394
MSG-001614,REC-04618,2026-09-12T07:10:45Z,2026-09-12T07:10:45Z,SITE-B,ESP32-B01,PV-B01,2.717,45.216,122.83,38.42,37.26,28.771,84.273,1010.109,47738.491,1.237
MSG-001615,REC-04619,2026-09-12T07:10:50Z,2026-09-12T07:10:50Z,SITE-B,ESP32-B01,PV-B01,2.736,46.014,125.907,38.41,37.47,28.612,84.367,1009.963,47674.895,1.249
MSG-001616,REC-04620,2026-09-12T07:10:55Z,2026-09-12T07:10:55Z,SITE-B,ESP32-B01,PV-B01,2.748,45.552,125.169,38.47,37.42,28.699,84.508,1010.057,47750.592,1.403
MSG-001617,REC-04621,2026-09-12T10:04:00Z,2026-09-12T10:04:00Z,SITE-B,ESP32-B01,PV-B01,2.772,25.142,69.703,28.85,28.18,25.87,99.263,1009.097,17579.45,0.165
MSG-001618,REC-04622,2026-09-12T10:04:05Z,2026-09-12T10:04:05Z,SITE-B,ESP32-B01,PV-B01,2.758,24.332,67.108,28.81,28.27,25.611,99.853,1009.073,17681.363,0.186
MSG-001619,REC-04623,2026-09-12T10:04:10Z,2026-09-12T10:04:10Z,SITE-B,ESP32-B01,PV-B01,2.797,25.051,70.08,28.82,28.31,25.914,100.934,1008.939,17403.245,0.144
MSG-001620,REC-04624,2026-09-12T10:04:15Z,2026-09-12T10:04:15Z,SITE-B,ESP32-B01,PV-B01,2.791,24.757,69.103,28.84,28.26,25.664,99.989,1008.965,17280.17,0.164
MSG-001621,REC-04625,2026-09-12T10:04:20Z,2026-09-12T10:04:20Z,SITE-B,ESP32-B01,PV-B01,2.753,24.887,68.502,28.61,28.21,25.609,100.049,1008.975,17543.148,0.134
MSG-001622,REC-04626,2026-09-12T10:04:25Z,2026-09-12T10:04:25Z,SITE-B,ESP32-B01,PV-B01,2.747,24.579,67.527,28.62,28.31,25.83,99.835,1009.056,17950.568,0.157
MSG-001623,REC-04627,2026-09-12T10:04:30Z,2026-09-12T10:04:30Z,SITE-B,ESP32-B01,PV-B01,2.785,24.307,67.695,28.75,28.29,25.604,99.411,1008.96,17770.856,0.151
MSG-001624,REC-04628,2026-09-12T10:04:35Z,2026-09-12T10:04:35Z,SITE-B,ESP32-B01,PV-B01,2.783,24.158,67.234,28.75,28.24,25.733,100.14,1008.958,17514.556,0.137
MSG-001625,REC-04629,2026-09-12T10:04:40Z,2026-09-12T10:04:40Z,SITE-B,ESP32-B01,PV-B01,2.795,24.771,69.238,28.8,28.12,25.53,100.535,1008.865,17625.275,0.211
MSG-001626,REC-04630,2026-09-12T10:04:45Z,2026-09-12T10:04:45Z,SITE-B,ESP32-B01,PV-B01,2.805,24.106,67.627,28.77,28.31,25.745,100.381,1008.959,17677.43,0.168
MSG-001627,REC-04631,2026-09-12T10:04:50Z,2026-09-12T10:04:50Z,SITE-B,ESP32-B01,PV-B01,2.755,24.979,68.826,28.85,28.24,25.566,100.457,1008.851,17480.421,0.142
MSG-001628,REC-04632,2026-09-12T10:04:55Z,2026-09-12T10:04:55Z,SITE-B,ESP32-B01,PV-B01,2.778,24.535,68.163,28.7,28.31,25.588,99.173,1009.054,17885.831,0.176
MSG-001629,REC-04633,2026-09-12T10:05:00Z,2026-09-12T10:05:00Z,SITE-B,ESP32-B01,PV-B01,2.757,25.431,70.109,28.78,28.3,25.924,99.984,1008.924,17700.85,0.179
MSG-001630,REC-04634,2026-09-12T10:05:05Z,2026-09-12T10:05:05Z,SITE-B,ESP32-B01,PV-B01,2.767,25.755,71.257,28.67,28.13,25.545,100.253,1009.026,17757.452,0.138
MSG-001631,REC-04635,2026-09-12T10:05:10Z,2026-09-12T10:05:10Z,SITE-B,ESP32-B01,PV-B01,2.794,24.964,69.738,28.8,28.28,25.697,99.412,1008.962,17782.438,0.139
MSG-001632,REC-04636,2026-09-12T10:05:15Z,2026-09-12T10:05:15Z,SITE-B,ESP32-B01,PV-B01,2.799,25.409,71.123,28.64,28.33,25.791,99.892,1008.964,17946.237,0.179
MSG-001633,REC-04637,2026-09-12T10:05:20Z,2026-09-12T10:05:20Z,SITE-B,ESP32-B01,PV-B01,2.795,25.174,70.373,28.83,28.35,25.689,99.071,1008.971,17696.121,0.137
MSG-001634,REC-04638,2026-09-12T10:05:25Z,2026-09-12T10:05:25Z,SITE-B,ESP32-B01,PV-B01,2.795,25.322,70.77,28.7,28.33,25.681,100.261,1008.945,17617.419,0.172
MSG-001635,REC-04639,2026-09-12T10:05:30Z,2026-09-12T10:05:30Z,SITE-B,ESP32-B01,PV-B01,2.765,25.678,71.0,28.79,28.16,25.397,99.497,1008.774,17923.814,0.134
MSG-001636,REC-04640,2026-09-12T10:05:35Z,2026-09-12T10:05:35Z,SITE-B,ESP32-B01,PV-B01,2.777,24.137,67.035,28.88,28.41,25.627,99.528,1008.99,17548.793,0.16
MSG-001637,REC-04641,2026-09-12T10:05:40Z,2026-09-12T10:05:40Z,SITE-B,ESP32-B01,PV-B01,2.796,25.041,70.018,28.83,28.35,25.804,99.885,1009.03,17808.865,0.168
MSG-001638,REC-04642,2026-09-12T10:05:45Z,2026-09-12T10:05:45Z,SITE-B,ESP32-B01,PV-B01,2.796,25.708,71.88,28.69,28.23,25.458,99.41,1009.089,18037.028,0.18
MSG-001639,REC-04643,2026-09-12T10:05:50Z,2026-09-12T10:05:50Z,SITE-B,ESP32-B01,PV-B01,2.75,25.904,71.223,28.77,28.26,25.564,99.446,1008.995,17926.152,0.177
MSG-001640,REC-04644,2026-09-12T10:05:55Z,2026-09-12T10:05:55Z,SITE-B,ESP32-B01,PV-B01,2.781,25.32,70.425,28.72,28.36,25.787,99.351,1008.977,18132.525,0.162
MSG-001641,REC-04645,2026-09-12T10:06:00Z,2026-09-12T10:06:00Z,SITE-B,ESP32-B01,PV-B01,2.787,24.922,69.452,28.7,28.39,25.779,99.452,1009.089,18003.633,0.158
MSG-001642,REC-04646,2026-09-12T10:06:05Z,2026-09-12T10:06:05Z,SITE-B,ESP32-B01,PV-B01,2.785,25.345,70.58,28.86,28.31,25.614,99.49,1008.895,18302.316,0.19
MSG-001643,REC-04647,2026-09-12T10:06:10Z,2026-09-12T10:06:10Z,SITE-B,ESP32-B01,PV-B01,2.805,25.661,71.973,28.88,28.4,25.689,99.942,1008.944,17836.552,0.139
MSG-001644,REC-04648,2026-09-12T10:06:15Z,2026-09-12T10:06:15Z,SITE-B,ESP32-B01,PV-B01,2.773,25.579,70.936,28.84,28.16,25.655,100.412,1009.023,17985.127,0.18
MSG-001645,REC-04649,2026-09-12T10:06:20Z,2026-09-12T10:06:20Z,SITE-B,ESP32-B01,PV-B01,2.789,25.107,70.016,28.89,28.26,25.733,100.006,1008.899,17971.712,0.148
MSG-001646,REC-04650,2026-09-12T10:06:25Z,2026-09-12T10:06:25Z,SITE-B,ESP32-B01,PV-B01,2.776,25.443,70.623,28.83,28.16,25.71,100.423,1008.853,18138.71,0.18
MSG-001647,REC-04651,2026-09-12T10:06:30Z,2026-09-12T10:06:30Z,SITE-B,ESP32-B01,PV-B01,2.786,24.721,68.872,28.8,28.25,25.774,99.77,1008.893,17966.375,0.137
MSG-001648,REC-04652,2026-09-12T10:06:35Z,2026-09-12T10:06:35Z,SITE-B,ESP32-B01,PV-B01,2.762,24.856,68.653,28.73,28.44,25.716,100.214,1008.97,18204.21,0.17
MSG-001649,REC-04653,2026-09-12T10:06:40Z,2026-09-12T10:06:40Z,SITE-B,ESP32-B01,PV-B01,2.76,25.252,69.705,28.77,28.47,25.747,100.908,1008.889,17854.894,0.177
MSG-001650,REC-04654,2026-09-12T10:06:45Z,2026-09-12T10:06:45Z,SITE-B,ESP32-B01,PV-B01,2.803,24.801,69.529,28.7,28.33,25.84,99.942,1008.973,18162.856,0.135
MSG-001651,REC-04655,2026-09-12T10:06:50Z,2026-09-12T10:06:50Z,SITE-B,ESP32-B01,PV-B01,2.761,24.937,68.85,28.74,28.26,25.769,100.153,1008.997,18024.206,0.149
MSG-001652,REC-04656,2026-09-12T10:06:55Z,2026-09-12T10:06:55Z,SITE-B,ESP32-B01,PV-B01,2.784,63.163,175.84,28.83,28.3,25.611,99.708,1009.039,17954.486,0.162
MSG-001653,REC-04657,2026-09-12T10:07:00Z,2026-09-12T10:07:00Z,SITE-B,ESP32-B01,PV-B01,2.79,24.063,67.147,28.8,28.34,25.627,100.19,1008.973,17976.914,0.195
MSG-001654,REC-04658,2026-09-12T10:07:05Z,2026-09-12T10:07:05Z,SITE-B,ESP32-B01,PV-B01,2.813,24.763,69.663,29.04,28.17,25.695,101.117,1009.039,17832.386,0.147
MSG-001655,REC-04659,2026-09-12T10:07:10Z,2026-09-12T10:07:10Z,SITE-B,ESP32-B01,PV-B01,2.794,24.569,68.648,28.69,28.25,25.897,100.801,1008.935,17852.024,0.155
MSG-001656,REC-04660,2026-09-12T10:07:15Z,2026-09-12T10:07:15Z,SITE-B,ESP32-B01,PV-B01,2.758,24.241,66.856,28.76,28.39,25.628,99.846,1008.973,17678.841,0.165
MSG-001657,REC-04661,2026-09-12T10:07:20Z,2026-09-12T10:07:20Z,SITE-B,ESP32-B01,PV-B01,2.763,24.841,68.624,28.68,28.21,25.719,100.166,1008.886,17684.147,0.169
MSG-001658,REC-04662,2026-09-12T10:07:25Z,2026-09-12T10:07:25Z,SITE-B,ESP32-B01,PV-B01,2.771,26.143,72.438,28.73,28.2,25.433,99.62,1008.965,17648.649,0.168
MSG-001659,REC-04663,2026-09-12T10:07:30Z,2026-09-12T10:07:30Z,SITE-B,ESP32-B01,PV-B01,2.747,25.032,68.772,28.73,28.26,25.632,99.494,1009.005,17401.587,0.199
MSG-001660,REC-04664,2026-09-12T10:07:35Z,2026-09-12T10:07:35Z,SITE-B,ESP32-B01,PV-B01,2.749,25.489,70.07,28.81,28.27,25.734,99.933,1008.946,17814.305,0.18
MSG-001661,REC-04665,2026-09-12T10:07:40Z,2026-09-12T10:07:40Z,SITE-B,ESP32-B01,PV-B01,2.777,25.246,70.103,28.69,28.18,25.829,100.87,1008.925,17458.086,0.151
MSG-001662,REC-04666,2026-09-12T10:07:45Z,2026-09-12T10:07:45Z,SITE-B,ESP32-B01,PV-B01,2.784,24.599,68.492,28.68,28.2,25.819,100.141,1008.993,17531.339,0.163
MSG-001663,REC-04667,2026-09-12T10:07:50Z,2026-09-12T10:07:50Z,SITE-B,ESP32-B01,PV-B01,2.769,24.664,68.286,28.68,28.26,25.629,100.027,1009.071,17758.921,0.148
MSG-001664,REC-04668,2026-09-12T10:07:55Z,2026-09-12T10:07:55Z,SITE-B,ESP32-B01,PV-B01,2.751,23.992,66.01,28.6,28.37,25.91,99.594,1008.923,17732.151,0.164
MSG-001665,REC-04669,2026-09-12T10:08:00Z,2026-09-12T10:08:00Z,SITE-B,ESP32-B01,PV-B01,2.79,25.6,71.425,28.66,28.2,25.676,99.689,1008.956,17361.4,0.157
MSG-001666,REC-04670,2026-09-12T10:08:00Z,2026-09-12T10:08:00Z,SITE-E,ESP32-E01,PV-E01,0.08,67.339,5.388,39.18,39.93,29.945,76.984,1008.644,39537.456,0.161
MSG-001667,REC-04671,2026-09-12T10:08:05Z,2026-09-12T10:08:05Z,SITE-B,ESP32-B01,PV-B01,2.769,25.588,70.855,28.69,28.21,25.642,99.799,1009.057,17580.057,0.173
MSG-001668,REC-04672,2026-09-12T10:08:05Z,2026-09-12T10:08:05Z,SITE-E,ESP32-E01,PV-E01,0.114,67.937,7.766,39.3,40.06,30.006,76.424,1008.673,39894.941,0.133
MSG-001669,REC-04673,2026-09-12T10:08:10Z,2026-09-12T10:08:10Z,SITE-B,ESP32-B01,PV-B01,2.781,24.844,69.088,28.75,28.37,25.779,99.804,1008.96,17695.826,0.158
MSG-001670,REC-04674,2026-09-12T10:08:10Z,2026-09-12T10:08:10Z,SITE-E,ESP32-E01,PV-E01,0.102,67.453,6.87,39.34,39.86,29.822,77.555,1008.648,39603.185,0.167
MSG-001671,REC-04675,2026-09-12T10:08:15Z,2026-09-12T10:08:15Z,SITE-B,ESP32-B01,PV-B01,2.766,24.995,69.139,28.8,28.21,25.773,99.02,1009.03,17659.279,0.125
MSG-001672,REC-04677,2026-09-12T10:08:20Z,2026-09-12T10:08:20Z,SITE-B,ESP32-B01,PV-B01,2.75,24.341,66.948,28.72,28.13,25.76,100.604,1008.941,17826.704,0.163
MSG-001673,REC-04678,2026-09-12T10:08:20Z,2026-09-12T10:08:20Z,SITE-E,ESP32-E01,PV-E01,0.085,69.124,5.866,39.31,40.0,29.735,77.551,1008.664,39506.119,0.146
MSG-001674,REC-04679,2026-09-12T10:08:25Z,2026-09-12T10:08:25Z,SITE-B,ESP32-B01,PV-B01,2.811,24.527,68.949,28.71,28.25,25.689,100.491,1008.957,17441.292,0.153
MSG-001675,REC-04680,2026-09-12T10:08:25Z,2026-09-12T10:08:25Z,SITE-E,ESP32-E01,PV-E01,0.092,67.874,6.23,39.3,40.08,29.98,77.198,1008.59,39667.19,0.149
MSG-001676,REC-04681,2026-09-12T10:08:30Z,2026-09-12T10:08:30Z,SITE-B,ESP32-B01,PV-B01,2.771,25.768,71.402,28.59,28.31,25.708,99.604,1008.962,17285.173,0.167
MSG-001677,REC-04682,2026-09-12T10:08:30Z,2026-09-12T10:08:30Z,SITE-E,ESP32-E01,PV-E01,0.104,66.923,6.955,39.05,39.93,29.759,76.315,1008.649,39010.124,0.141
MSG-001678,REC-04683,2026-09-12T10:08:35Z,2026-09-12T10:08:35Z,SITE-B,ESP32-B01,PV-B01,2.779,25.076,69.677,28.77,28.26,25.593,100.85,1008.966,17753.868,0.146
MSG-001679,REC-04684,2026-09-12T10:08:35Z,2026-09-12T10:08:35Z,SITE-E,ESP32-E01,PV-E01,0.095,68.91,6.537,39.18,40.06,29.854,76.739,1008.636,39544.677,0.197
MSG-001680,REC-04685,2026-09-12T10:08:40Z,2026-09-12T10:08:40Z,SITE-B,ESP32-B01,PV-B01,2.798,24.832,69.479,28.66,28.2,25.574,100.177,1008.966,17477.961,0.198
MSG-001681,REC-04686,2026-09-12T10:08:40Z,2026-09-12T10:08:40Z,SITE-E,ESP32-E01,PV-E01,0.082,68.397,5.631,39.39,39.89,29.723,76.395,1008.665,39077.587,0.144
MSG-001682,REC-04687,2026-09-12T10:08:45Z,2026-09-12T10:08:45Z,SITE-B,ESP32-B01,PV-B01,2.779,24.641,68.471,28.8,28.13,25.754,100.143,1009.044,17405.563,0.191
MSG-001683,REC-04688,2026-09-12T10:08:45Z,2026-09-12T10:08:45Z,SITE-E,ESP32-E01,PV-E01,0.102,67.791,6.919,39.3,40.02,29.799,76.622,1008.655,39790.357,0.16
MSG-001684,REC-04689,2026-09-12T10:08:50Z,2026-09-12T10:08:50Z,SITE-B,ESP32-B01,PV-B01,2.779,25.254,70.187,28.85,28.24,25.754,99.737,1008.921,17619.901,0.165
MSG-001685,REC-04690,2026-09-12T10:08:50Z,2026-09-12T10:08:50Z,SITE-E,ESP32-E01,PV-E01,0.094,68.661,6.454,39.24,40.14,29.86,76.558,1008.58,39501.101,0.125
MSG-001686,REC-04691,2026-09-12T10:08:55Z,2026-09-12T10:08:55Z,SITE-B,ESP32-B01,PV-B01,2.778,25.055,69.613,28.71,28.33,25.812,101.164,1008.973,17823.148,0.153
MSG-001687,REC-04692,2026-09-12T10:08:55Z,2026-09-12T10:08:55Z,SITE-E,ESP32-E01,PV-E01,0.101,68.248,6.86,39.29,39.9,29.788,77.516,1008.68,39509.717,0.135
MSG-001688,REC-04693,2026-09-12T10:09:00Z,2026-09-12T10:09:00Z,SITE-E,ESP32-E01,PV-E01,0.1,67.983,6.822,39.3,39.97,29.758,75.725,1008.613,39337.895,0.152
MSG-001689,REC-04694,2026-09-12T10:09:05Z,2026-09-12T10:09:05Z,SITE-E,ESP32-E01,PV-E01,0.11,67.689,7.475,39.35,39.99,29.942,76.355,1008.689,39841.982,0.14
MSG-001690,REC-04695,2026-09-12T10:09:10Z,2026-09-12T10:09:10Z,SITE-E,ESP32-E01,PV-E01,0.085,68.79,5.832,39.21,39.85,29.988,75.743,1008.588,39563.797,0.157
MSG-001691,REC-04696,2026-09-12T10:09:15Z,2026-09-12T10:09:15Z,SITE-E,ESP32-E01,PV-E01,0.092,68.394,6.326,39.23,40.03,29.899,77.767,1008.661,40111.468,0.16
MSG-001692,REC-04697,2026-09-12T10:09:20Z,2026-09-12T10:09:20Z,SITE-E,ESP32-E01,PV-E01,0.09,68.754,6.206,39.24,39.95,29.94,76.583,1008.686,40119.689,0.175
MSG-001693,REC-04698,2026-09-12T10:09:25Z,2026-09-12T10:09:25Z,SITE-E,ESP32-E01,PV-E01,0.087,68.813,6.005,39.22,39.91,29.954,76.468,1008.712,39940.65,0.157
MSG-001694,REC-04699,2026-09-12T10:09:30Z,2026-09-12T10:09:30Z,SITE-E,ESP32-E01,PV-E01,0.073,67.585,4.941,39.19,39.92,29.92,77.299,1008.647,39387.504,0.146
MSG-001695,REC-04700,2026-09-12T10:09:35Z,2026-09-12T10:09:35Z,SITE-E,ESP32-E01,PV-E01,0.09,67.514,6.045,39.27,39.93,29.908,77.635,1008.712,39736.611,0.157
MSG-001696,REC-04701,2026-09-12T10:09:40Z,2026-09-12T10:09:40Z,SITE-E,ESP32-E01,PV-E01,0.083,69.264,5.766,39.21,40.03,29.913,76.315,1008.568,39863.822,0.149
MSG-001697,REC-04702,2026-09-12T10:09:45Z,2026-09-12T10:09:45Z,SITE-E,ESP32-E01,PV-E01,0.089,69.018,6.128,39.22,39.94,29.781,76.012,1008.628,39638.164,0.167
MSG-001698,REC-04703,2026-09-12T10:09:50Z,2026-09-12T10:09:50Z,SITE-E,ESP32-E01,PV-E01,0.093,68.414,6.362,39.4,40.15,29.771,77.278,1008.509,39538.194,0.187
MSG-001699,REC-04704,2026-09-12T10:09:55Z,2026-09-12T10:09:55Z,SITE-E,ESP32-E01,PV-E01,0.094,68.711,6.446,39.18,39.93,29.895,76.869,1008.684,39732.618,0.162
MSG-001700,REC-04706,2026-09-12T10:10:05Z,2026-09-12T10:10:05Z,SITE-E,ESP32-E01,PV-E01,0.07,67.656,4.769,39.13,39.92,29.931,77.502,1008.712,39316.741,0.173
MSG-001701,REC-04707,2026-09-12T10:10:10Z,2026-09-12T10:10:10Z,SITE-E,ESP32-E01,PV-E01,0.103,68.411,7.069,39.33,39.87,29.844,76.471,1008.624,39598.175,0.161
MSG-001702,REC-04708,2026-09-12T10:10:15Z,2026-09-12T10:10:15Z,SITE-E,ESP32-E01,PV-E01,0.106,68.45,7.267,39.37,40.12,29.72,77.697,1008.692,39862.79,0.132
MSG-001703,REC-04709,2026-09-12T10:10:20Z,2026-09-12T10:10:20Z,SITE-E,ESP32-E01,PV-E01,0.083,67.918,5.647,39.24,40.04,29.899,77.128,1008.693,40008.822,0.176
MSG-001704,REC-04710,2026-09-12T10:10:25Z,2026-09-12T10:10:25Z,SITE-E,ESP32-E01,PV-E01,0.109,67.587,7.348,39.24,39.95,29.742,76.552,1008.837,39885.148,0.163
MSG-001705,REC-04711,2026-09-12T10:10:30Z,2026-09-12T10:10:30Z,SITE-E,ESP32-E01,PV-E01,0.107,67.938,7.294,39.32,40.01,29.958,76.861,1008.671,39663.053,0.153
MSG-001706,REC-04712,2026-09-12T10:10:35Z,2026-09-12T10:10:35Z,SITE-E,ESP32-E01,PV-E01,0.099,68.279,6.766,39.24,40.06,29.724,77.614,1008.692,39656.778,0.124
MSG-001707,REC-04713,2026-09-12T10:10:40Z,2026-09-12T10:10:40Z,SITE-E,ESP32-E01,PV-E01,0.095,67.483,6.439,39.34,39.88,29.946,77.567,1008.675,39367.16,0.174
MSG-001708,REC-04714,2026-09-12T10:10:45Z,2026-09-12T10:10:45Z,SITE-E,ESP32-E01,PV-E01,0.096,67.403,6.486,39.12,39.94,29.95,77.54,1008.571,39456.435,0.143
MSG-001709,REC-04715,2026-09-12T10:10:50Z,2026-09-12T10:10:50Z,SITE-E,ESP32-E01,PV-E01,0.094,67.343,6.329,39.27,39.98,29.891,77.963,1008.679,39513.481,0.15
MSG-001710,REC-04717,2026-09-12T10:11:00Z,2026-09-12T10:11:00Z,SITE-E,ESP32-E01,PV-E01,0.081,67.349,5.427,39.19,39.92,29.629,77.203,1008.653,39189.025,0.155
MSG-001711,REC-04718,2026-09-12T10:11:05Z,2026-09-12T10:11:05Z,SITE-E,ESP32-E01,PV-E01,0.087,67.549,5.895,39.11,39.85,29.948,75.851,1008.679,39577.23,0.124
MSG-001712,REC-04719,2026-09-12T10:11:10Z,2026-09-12T10:11:10Z,SITE-E,ESP32-E01,PV-E01,0.096,68.175,6.54,39.08,39.73,29.846,77.847,1008.63,39367.248,0.119
MSG-001713,REC-04720,2026-09-12T10:11:15Z,2026-09-12T10:11:15Z,SITE-E,ESP32-E01,PV-E01,0.102,66.92,6.806,39.09,39.8,29.794,76.658,1008.651,38931.933,0.148
MSG-001714,REC-04721,2026-09-12T10:11:20Z,2026-09-12T10:11:20Z,SITE-E,ESP32-E01,PV-E01,0.092,67.383,6.177,39.12,39.73,29.864,77.185,1008.62,38982.821,0.152
MSG-001715,REC-04722,2026-09-12T10:11:25Z,2026-09-12T10:11:25Z,SITE-E,ESP32-E01,PV-E01,0.097,66.863,6.463,38.93,39.76,29.811,77.245,1008.718,39004.16,0.15
MSG-001716,REC-04723,2026-09-12T10:11:30Z,2026-09-12T10:11:30Z,SITE-E,ESP32-E01,PV-E01,0.097,66.918,6.495,39.03,39.72,29.845,76.442,1008.59,39038.706,0.188
MSG-001717,REC-04724,2026-09-12T10:11:35Z,2026-09-12T10:11:35Z,SITE-E,ESP32-E01,PV-E01,0.078,66.753,5.213,39.05,39.77,29.737,77.87,1008.733,39020.216,0.165
MSG-001718,REC-04725,2026-09-12T10:11:40Z,2026-09-12T10:11:40Z,SITE-E,ESP32-E01,PV-E01,0.086,66.752,5.76,39.21,39.78,29.764,78.009,1008.648,39343.772,0.157
MSG-001719,REC-04726,2026-09-12T10:11:45Z,2026-09-12T10:11:45Z,SITE-E,ESP32-E01,PV-E01,0.115,67.87,7.821,39.26,39.9,30.061,77.594,1008.688,39346.986,0.167
MSG-001720,REC-04727,2026-09-12T10:11:50Z,2026-09-12T10:11:50Z,SITE-E,ESP32-E01,PV-E01,0.1,66.769,6.67,39.07,39.85,30.054,76.441,1008.605,39043.628,0.17
MSG-001721,REC-04728,2026-09-12T10:11:55Z,2026-09-12T10:11:55Z,SITE-E,ESP32-E01,PV-E01,0.104,67.346,6.992,38.99,39.72,29.853,77.337,1008.631,39096.996,0.142
MSG-001722,REC-04730,2026-09-12T10:12:05Z,2026-09-12T10:12:05Z,SITE-E,ESP32-E01,PV-E01,0.087,66.89,5.808,39.08,39.72,29.712,76.73,1008.706,38890.685,0.14
MSG-001723,REC-04731,2026-09-12T10:12:10Z,2026-09-12T10:12:10Z,SITE-E,ESP32-E01,PV-E01,0.119,67.052,7.987,39.17,39.7,30.029,76.513,1008.722,39284.704,0.173
MSG-001724,REC-04732,2026-09-12T10:12:15Z,2026-09-12T10:12:15Z,SITE-E,ESP32-E01,PV-E01,0.095,67.377,6.425,39.06,39.89,29.794,76.406,1008.651,38992.135,0.146
MSG-001725,REC-04734,2026-09-12T10:12:25Z,2026-09-12T10:12:25Z,SITE-E,ESP32-E01,PV-E01,0.107,67.136,7.206,39.12,39.84,30.082,76.3,1008.651,39490.536,0.151
MSG-001726,REC-04736,2026-09-12T10:12:35Z,2026-09-12T10:12:35Z,SITE-E,ESP32-E01,PV-E01,0.085,68.041,5.817,39.14,39.85,30.008,77.07,1008.864,39548.485,0.171
MSG-001727,REC-04737,2026-09-12T10:12:40Z,2026-09-12T10:12:40Z,SITE-E,ESP32-E01,PV-E01,0.086,68.567,5.87,39.08,39.85,29.858,77.767,1008.608,39765.745,0.142
MSG-001728,REC-04738,2026-09-12T10:12:45Z,2026-09-12T10:12:45Z,SITE-E,ESP32-E01,PV-E01,0.088,67.464,5.92,39.02,39.81,29.979,76.632,1008.565,39313.306,0.166
MSG-001729,REC-04739,2026-09-12T10:12:50Z,2026-09-12T10:12:50Z,SITE-E,ESP32-E01,PV-E01,0.075,67.141,5.065,39.19,39.81,29.957,76.384,1008.646,39780.311,0.153
MSG-001730,REC-04740,2026-09-12T10:12:55Z,2026-09-12T10:12:55Z,SITE-E,ESP32-E01,PV-E01,0.075,68.392,5.1,39.13,39.83,30.056,76.233,1008.689,39041.996,0.146
MSG-001731,REC-04742,2026-09-12T10:15:05Z,2026-09-12T10:15:05Z,SITE-E,ESP32-E01,PV-E01,2.691,53.426,143.761,38.08,37.73,29.751,79.488,1008.641,37401.912,0.078
MSG-001732,REC-04743,2026-09-12T10:15:10Z,2026-09-12T10:15:10Z,SITE-E,ESP32-E01,PV-E01,2.708,52.385,141.864,38.07,37.76,29.747,80.003,1008.632,37129.623,0.113
MSG-001733,REC-04744,2026-09-12T10:15:15Z,2026-09-12T10:15:15Z,SITE-E,ESP32-E01,PV-E01,2.699,52.43,141.531,38.15,37.68,29.819,80.341,1008.651,37021.836,0.126
MSG-001734,REC-04745,2026-09-12T10:15:20Z,2026-09-12T10:15:20Z,SITE-E,ESP32-E01,PV-E01,2.71,52.697,142.81,38.17,37.62,29.823,79.354,1008.734,36482.74,0.124
MSG-001735,REC-04746,2026-09-12T10:15:25Z,2026-09-12T10:15:25Z,SITE-E,ESP32-E01,PV-E01,2.695,52.334,141.047,38.26,37.65,29.557,80.855,1008.649,36921.943,0.113
MSG-001736,REC-04747,2026-09-12T10:15:30Z,2026-09-12T10:15:30Z,SITE-E,ESP32-E01,PV-E01,2.723,52.417,142.709,38.28,37.69,29.846,80.43,1008.768,36693.107,0.104
MSG-001737,REC-04748,2026-09-12T10:15:35Z,2026-09-12T10:15:35Z,SITE-E,ESP32-E01,PV-E01,2.712,52.869,143.359,38.24,37.7,29.604,79.274,1008.704,37099.249,0.105
MSG-001738,REC-04749,2026-09-12T10:15:40Z,2026-09-12T10:15:40Z,SITE-E,ESP32-E01,PV-E01,2.707,52.221,141.372,38.32,37.92,29.822,79.941,1008.709,36985.477,0.124
MSG-001739,REC-04750,2026-09-12T10:15:45Z,2026-09-12T10:15:45Z,SITE-E,ESP32-E01,PV-E01,2.706,52.756,142.784,38.3,37.75,29.732,79.861,1008.677,36993.633,0.098
MSG-001740,REC-04751,2026-09-12T10:15:50Z,2026-09-12T10:15:50Z,SITE-E,ESP32-E01,PV-E01,2.702,52.478,141.82,38.24,37.8,29.702,79.147,1008.674,37066.559,0.112
MSG-001741,REC-04752,2026-09-12T10:15:55Z,2026-09-12T10:15:55Z,SITE-E,ESP32-E01,PV-E01,2.717,52.394,142.341,38.3,37.69,29.776,79.066,1008.654,36935.237,0.102
MSG-001742,REC-04753,2026-09-12T10:16:00Z,2026-09-12T10:16:00Z,SITE-E,ESP32-E01,PV-E01,2.682,53.298,142.96,38.27,37.73,29.678,79.888,1008.658,36898.984,0.145
MSG-001743,REC-04754,2026-09-12T10:16:05Z,2026-09-12T10:16:05Z,SITE-E,ESP32-E01,PV-E01,2.736,52.013,142.296,38.2,37.69,29.713,79.583,1008.658,37005.28,0.091
MSG-001744,REC-04755,2026-09-12T10:16:10Z,2026-09-12T10:16:10Z,SITE-E,ESP32-E01,PV-E01,2.697,53.045,143.078,38.31,37.54,29.734,80.052,1008.678,36868.752,0.088
MSG-001745,REC-04756,2026-09-12T10:16:15Z,2026-09-12T10:16:15Z,SITE-E,ESP32-E01,PV-E01,2.669,51.802,138.276,38.27,37.65,29.584,79.954,1008.559,36988.099,0.12
MSG-001746,REC-04757,2026-09-12T10:16:20Z,2026-09-12T10:16:20Z,SITE-E,ESP32-E01,PV-E01,2.717,53.838,146.283,38.28,37.63,29.762,80.426,1008.692,37228.726,0.13
MSG-001747,REC-04758,2026-09-12T10:16:25Z,2026-09-12T10:16:25Z,SITE-E,ESP32-E01,PV-E01,2.721,52.818,143.738,38.42,37.62,29.863,79.749,1008.665,37062.096,0.149
MSG-001748,REC-04760,2026-09-12T10:16:35Z,2026-09-12T10:16:35Z,SITE-E,ESP32-E01,PV-E01,2.696,52.222,140.812,38.08,37.8,29.756,79.589,1008.629,36812.922,0.118
MSG-001749,REC-04761,2026-09-12T10:16:40Z,2026-09-12T10:16:40Z,SITE-E,ESP32-E01,PV-E01,2.71,52.026,140.99,38.12,37.71,29.785,80.061,1008.624,36688.99,0.095
MSG-001750,REC-04763,2026-09-12T10:16:50Z,2026-09-12T10:16:50Z,SITE-E,ESP32-E01,PV-E01,2.703,52.484,141.849,38.18,37.73,29.704,79.76,1008.737,36966.222,0.129
MSG-001751,REC-04764,2026-09-12T10:16:55Z,2026-09-12T10:16:55Z,SITE-E,ESP32-E01,PV-E01,2.701,52.23,141.069,38.04,37.72,29.765,80.566,1008.715,36653.163,0.114
MSG-001752,REC-04765,2026-09-12T10:17:00Z,2026-09-12T10:17:00Z,SITE-E,ESP32-E01,PV-E01,2.667,51.912,138.455,38.07,37.58,29.933,80.479,1008.598,36542.839,0.11
MSG-001753,REC-04767,2026-09-12T10:17:10Z,2026-09-12T10:17:10Z,SITE-E,ESP32-E01,PV-E01,2.701,53.191,143.668,38.41,37.77,29.731,80.128,1008.596,36896.609,0.1
MSG-001754,REC-04768,2026-09-12T10:17:15Z,2026-09-12T10:17:15Z,SITE-E,ESP32-E01,PV-E01,2.732,52.438,143.266,38.36,37.67,29.659,80.159,1008.76,37129.063,0.104
MSG-001755,REC-04769,2026-09-12T10:17:20Z,2026-09-12T10:17:20Z,SITE-E,ESP32-E01,PV-E01,2.685,53.412,143.422,38.17,37.75,29.767,79.47,1008.675,36841.326,0.12
MSG-001756,REC-04770,2026-09-12T10:17:25Z,2026-09-12T10:17:25Z,SITE-E,ESP32-E01,PV-E01,2.714,52.588,142.73,38.15,37.73,29.863,80.173,1008.694,36958.346,0.109
MSG-001757,REC-04772,2026-09-12T10:17:35Z,2026-09-12T10:17:35Z,SITE-E,ESP32-E01,PV-E01,2.686,52.742,141.661,38.02,37.58,29.662,79.933,1008.583,36817.752,0.116
MSG-001758,REC-04773,2026-09-12T10:17:40Z,2026-09-12T10:17:40Z,SITE-E,ESP32-E01,PV-E01,2.718,52.738,143.356,38.14,37.56,29.662,80.206,1008.591,36740.696,0.086
MSG-001759,REC-04774,2026-09-12T10:17:45Z,2026-09-12T10:17:45Z,SITE-E,ESP32-E01,PV-E01,2.693,52.789,142.172,38.12,37.71,29.666,80.687,1008.745,37332.031,0.139
MSG-001760,REC-04776,2026-09-12T10:17:55Z,2026-09-12T10:17:55Z,SITE-E,ESP32-E01,PV-E01,2.732,53.382,145.824,38.11,37.67,29.823,79.679,1008.636,37512.474,0.127
MSG-001761,REC-04777,2026-09-12T10:18:00Z,2026-09-12T10:18:00Z,SITE-E,ESP32-E01,PV-E01,2.718,52.247,142.032,38.15,37.71,29.646,78.971,1008.619,37228.332,0.12
MSG-001762,REC-04778,2026-09-12T10:18:05Z,2026-09-12T10:18:05Z,SITE-E,ESP32-E01,PV-E01,2.719,53.55,145.579,38.24,37.78,29.756,79.685,1008.659,37337.077,0.107
MSG-001763,REC-04779,2026-09-12T10:18:10Z,2026-09-12T10:18:10Z,SITE-E,ESP32-E01,PV-E01,2.691,53.453,143.859,38.27,37.79,29.746,79.692,1008.556,37377.089,0.127
MSG-001764,REC-04781,2026-09-12T10:18:20Z,2026-09-12T10:18:20Z,SITE-E,ESP32-E01,PV-E01,2.718,52.687,143.219,38.18,37.89,29.727,80.364,1008.741,37532.925,0.106
MSG-001765,REC-04782,2026-09-12T10:18:25Z,2026-09-12T10:18:25Z,SITE-E,ESP32-E01,PV-E01,2.686,53.526,143.794,38.38,37.73,29.803,79.741,1008.684,37838.647,0.107
MSG-001766,REC-04783,2026-09-12T10:18:30Z,2026-09-12T10:18:30Z,SITE-E,ESP32-E01,PV-E01,2.688,54.006,145.176,38.26,37.95,29.79,80.498,1008.665,37634.274,0.121
MSG-001767,REC-04784,2026-09-12T10:18:35Z,2026-09-12T10:18:35Z,SITE-E,ESP32-E01,PV-E01,2.709,53.855,145.899,38.37,37.78,29.714,80.115,1008.606,37948.671,0.11
MSG-001768,REC-04786,2026-09-12T10:18:45Z,2026-09-12T10:18:45Z,SITE-E,ESP32-E01,PV-E01,2.714,53.937,146.401,38.17,37.79,29.53,80.585,1008.633,37622.562,0.108
MSG-001769,REC-04787,2026-09-12T10:18:50Z,2026-09-12T10:18:50Z,SITE-E,ESP32-E01,PV-E01,2.744,52.578,144.257,38.27,37.76,29.551,80.417,1008.642,37476.033,0.111
MSG-001770,REC-04788,2026-09-12T10:18:55Z,2026-09-12T10:18:55Z,SITE-E,ESP32-E01,PV-E01,2.709,53.504,144.963,38.31,37.63,29.724,79.135,1008.696,37628.302,0.092
MSG-001771,REC-04789,2026-09-12T10:19:00Z,2026-09-12T10:19:00Z,SITE-E,ESP32-E01,PV-E01,2.715,53.336,144.789,38.27,37.71,29.706,79.678,1008.766,37645.977,0.12
MSG-001772,REC-04790,2026-09-12T10:19:05Z,2026-09-12T10:19:05Z,SITE-E,ESP32-E01,PV-E01,2.715,53.212,144.451,38.23,37.62,29.74,78.347,1008.602,37604.187,0.086
MSG-001773,REC-04791,2026-09-12T10:19:10Z,2026-09-12T10:19:10Z,SITE-E,ESP32-E01,PV-E01,2.705,53.842,145.667,38.4,37.86,29.756,79.726,1008.672,37758.471,0.08
MSG-001774,REC-04793,2026-09-12T10:19:20Z,2026-09-12T10:19:20Z,SITE-E,ESP32-E01,PV-E01,2.732,53.424,145.95,38.29,37.74,29.756,79.846,1008.6,37951.35,0.074
MSG-001775,REC-04794,2026-09-12T10:19:25Z,2026-09-12T10:19:25Z,SITE-E,ESP32-E01,PV-E01,2.73,161.465,440.827,38.4,37.86,29.551,79.188,1008.622,37908.057,0.139
MSG-001776,REC-04797,2026-09-12T10:19:40Z,2026-09-12T10:19:40Z,SITE-E,ESP32-E01,PV-E01,2.722,54.476,148.279,38.22,37.88,29.723,79.47,1008.671,38234.57,0.126
MSG-001777,REC-04800,2026-09-12T10:19:55Z,2026-09-12T10:19:55Z,SITE-E,ESP32-E01,PV-E01,2.722,53.084,144.513,38.2,37.74,29.536,80.7,1008.74,38141.74,0.127
MSG-001778,REC-04801,2026-09-12T11:39:00Z,2026-09-12T11:39:00Z,SITE-E,ESP32-E01,PV-E01,2.559,5.55,14.206,29.22,28.23,27.358,88.708,1008.892,6255.053,0.5
MSG-001779,REC-04802,2026-09-12T11:39:05Z,2026-09-12T11:39:05Z,SITE-E,ESP32-E01,PV-E01,2.585,4.715,12.188,29.2,28.26,27.379,87.393,1008.901,6015.335,0.516
MSG-001780,REC-04803,2026-09-12T11:39:10Z,2026-09-12T11:39:10Z,SITE-E,ESP32-E01,PV-E01,2.553,4.356,11.12,29.26,28.24,27.703,88.459,1008.863,6445.535,0.598
MSG-001781,REC-04804,2026-09-12T11:39:15Z,2026-09-12T11:39:15Z,SITE-E,ESP32-E01,PV-E01,2.561,4.187,10.724,29.39,28.34,27.306,88.539,1008.773,6197.505,0.574
MSG-001782,REC-04807,2026-09-12T11:39:30Z,2026-09-12T11:39:30Z,SITE-E,ESP32-E01,PV-E01,2.551,5.571,14.214,29.31,28.33,27.433,87.907,1008.853,6284.848,0.466
MSG-001783,REC-04808,2026-09-12T11:39:35Z,2026-09-12T11:39:35Z,SITE-E,ESP32-E01,PV-E01,2.577,4.283,11.035,29.3,28.28,27.314,87.436,1008.799,6517.133,0.355
MSG-001784,REC-04809,2026-09-12T11:39:40Z,2026-09-12T11:39:40Z,SITE-E,ESP32-E01,PV-E01,2.556,5.085,12.997,29.29,28.26,27.426,87.669,1008.848,6137.906,0.446
MSG-001785,REC-04810,2026-09-12T11:39:45Z,2026-09-12T11:39:45Z,SITE-E,ESP32-E01,PV-E01,2.565,5.947,15.252,29.31,28.32,27.436,87.266,1008.84,6307.37,0.567
MSG-001786,REC-04811,2026-09-12T11:39:50Z,2026-09-12T11:39:50Z,SITE-E,ESP32-E01,PV-E01,2.593,4.928,12.782,29.22,28.27,27.439,87.773,1008.835,6375.022,0.551
MSG-001787,REC-04812,2026-09-12T11:39:55Z,2026-09-12T11:39:55Z,SITE-E,ESP32-E01,PV-E01,2.56,3.48,8.909,29.2,28.27,27.484,87.665,1008.779,6212.871,0.534
MSG-001788,REC-04813,2026-09-12T11:40:00Z,2026-09-12T11:40:00Z,SITE-E,ESP32-E01,PV-E01,2.571,5.505,14.156,29.36,28.31,27.276,86.845,1008.765,6389.018,0.459
MSG-001789,REC-04814,2026-09-12T11:40:05Z,2026-09-12T11:40:05Z,SITE-E,ESP32-E01,PV-E01,2.537,5.358,13.593,29.28,28.29,27.187,88.21,1008.827,6356.209,0.54
MSG-001790,REC-04816,2026-09-12T11:40:15Z,2026-09-12T11:40:15Z,SITE-E,ESP32-E01,PV-E01,2.561,4.875,12.487,29.37,28.2,27.214,88.645,1008.873,6642.284,0.362
MSG-001791,REC-04817,2026-09-12T11:40:20Z,2026-09-12T11:40:20Z,SITE-E,ESP32-E01,PV-E01,2.528,5.094,12.877,29.36,28.39,27.476,87.466,1008.824,6784.884,0.52
MSG-001792,REC-04818,2026-09-12T11:40:25Z,2026-09-12T11:40:25Z,SITE-E,ESP32-E01,PV-E01,2.573,4.998,12.859,29.19,28.2,27.483,88.388,1008.873,6496.257,0.604
MSG-001793,REC-04819,2026-09-12T11:40:30Z,2026-09-12T11:40:30Z,SITE-E,ESP32-E01,PV-E01,2.546,4.932,12.558,29.29,28.33,27.419,88.222,1008.864,6377.757,0.459
MSG-001794,REC-04820,2026-09-12T11:40:35Z,2026-09-12T11:40:35Z,SITE-E,ESP32-E01,PV-E01,2.564,4.295,11.011,29.38,28.24,27.388,87.576,1008.889,6459.728,0.335
MSG-001795,REC-04821,2026-09-12T11:40:40Z,2026-09-12T11:40:40Z,SITE-E,ESP32-E01,PV-E01,2.561,5.093,13.044,29.32,28.36,27.418,87.871,1008.824,6345.957,0.461
MSG-001796,REC-04822,2026-09-12T11:40:45Z,2026-09-12T11:40:45Z,SITE-E,ESP32-E01,PV-E01,2.575,4.039,10.403,29.3,28.34,27.45,87.734,1008.865,6154.04,0.383
MSG-001797,REC-04823,2026-09-12T11:40:50Z,2026-09-12T11:40:50Z,SITE-E,ESP32-E01,PV-E01,2.584,5.261,13.593,29.17,28.29,27.391,87.276,1008.861,6424.93,0.444
MSG-001798,REC-04824,2026-09-12T11:40:55Z,2026-09-12T11:40:55Z,SITE-E,ESP32-E01,PV-E01,2.531,5.105,12.923,29.24,28.41,27.428,87.734,1008.8,6585.609,0.411
MSG-001799,REC-04825,2026-09-12T11:41:00Z,2026-09-12T11:41:00Z,SITE-E,ESP32-E01,PV-E01,2.592,5.159,13.373,29.29,28.26,27.593,88.009,1008.841,6202.985,0.511
MSG-001800,REC-04826,2026-09-12T11:41:05Z,2026-09-12T11:41:05Z,SITE-E,ESP32-E01,PV-E01,2.556,5.025,12.845,29.16,28.34,27.427,87.139,1008.81,6311.766,0.546
MSG-001801,REC-04827,2026-09-12T11:41:10Z,2026-09-12T11:41:10Z,SITE-E,ESP32-E01,PV-E01,2.58,5.073,13.088,29.33,28.2,27.545,87.444,1008.863,6375.273,0.531
MSG-001802,REC-04828,2026-09-12T11:41:15Z,2026-09-12T11:41:15Z,SITE-E,ESP32-E01,PV-E01,2.566,5.579,14.316,29.26,28.29,27.463,87.922,1008.789,6499.07,0.569
MSG-001803,REC-04829,2026-09-12T11:41:20Z,2026-09-12T11:41:20Z,SITE-E,ESP32-E01,PV-E01,2.54,4.388,11.144,29.11,28.18,27.543,88.613,1008.843,6779.409,0.457
MSG-001804,REC-04830,2026-09-12T11:41:25Z,2026-09-12T11:41:25Z,SITE-E,ESP32-E01,PV-E01,2.53,5.341,13.514,29.2,28.24,27.474,88.389,1008.744,6305.172,0.512
MSG-001805,REC-04831,2026-09-12T11:41:30Z,2026-09-12T11:41:30Z,SITE-E,ESP32-E01,PV-E01,2.561,4.676,11.975,29.24,28.25,27.567,88.816,1008.871,6426.826,0.627
MSG-001806,REC-04832,2026-09-12T11:41:35Z,2026-09-12T11:41:35Z,SITE-E,ESP32-E01,PV-E01,2.536,5.109,12.955,29.25,28.32,27.513,87.405,1008.799,6434.357,0.509
MSG-001807,REC-04833,2026-09-12T11:41:40Z,2026-09-12T11:41:40Z,SITE-E,ESP32-E01,PV-E01,2.538,4.972,12.62,29.39,28.21,27.375,87.781,1008.774,6407.714,0.535
MSG-001808,REC-04834,2026-09-12T11:41:45Z,2026-09-12T11:41:45Z,SITE-E,ESP32-E01,PV-E01,2.571,4.373,11.241,29.33,28.52,27.408,88.222,1008.8,6420.274,0.454
MSG-001809,REC-04835,2026-09-12T11:41:50Z,2026-09-12T11:41:50Z,SITE-E,ESP32-E01,PV-E01,2.536,5.011,12.706,29.19,28.18,27.59,88.591,1008.768,6399.173,0.464
MSG-001810,REC-04837,2026-09-12T11:42:00Z,2026-09-12T11:42:00Z,SITE-E,ESP32-E01,PV-E01,2.549,5.449,13.887,29.29,28.33,27.579,88.529,1008.892,6619.648,0.585
MSG-001811,REC-04838,2026-09-12T11:42:05Z,2026-09-12T11:42:05Z,SITE-E,ESP32-E01,PV-E01,2.556,4.798,12.267,29.33,28.35,27.338,87.811,1008.89,6472.585,0.415
MSG-001812,REC-04839,2026-09-12T11:42:10Z,2026-09-12T11:42:10Z,SITE-E,ESP32-E01,PV-E01,2.546,4.826,12.289,29.39,28.26,27.438,88.276,1008.86,6727.272,0.55
MSG-001813,REC-04840,2026-09-12T11:42:15Z,2026-09-12T11:42:15Z,SITE-E,ESP32-E01,PV-E01,2.578,5.64,14.539,29.46,28.33,27.634,87.703,1008.827,6635.744,0.518
MSG-001814,REC-04841,2026-09-12T11:42:20Z,2026-09-12T11:42:20Z,SITE-E,ESP32-E01,PV-E01,2.549,5.015,12.784,29.46,28.27,27.482,87.229,1008.867,6565.057,0.406
MSG-001815,REC-04842,2026-09-12T11:42:25Z,2026-09-12T11:42:25Z,SITE-E,ESP32-E01,PV-E01,2.561,4.945,12.664,29.3,28.47,27.383,88.374,1008.853,6545.846,0.576
MSG-001816,REC-04843,2026-09-12T11:42:30Z,2026-09-12T11:42:30Z,SITE-E,ESP32-E01,PV-E01,2.579,4.879,12.581,29.4,28.27,27.222,87.383,1008.781,6521.828,0.463
MSG-001817,REC-04844,2026-09-12T11:42:35Z,2026-09-12T11:42:35Z,SITE-E,ESP32-E01,PV-E01,2.564,5.086,13.041,29.35,28.3,27.497,87.442,1008.791,6382.564,0.429
MSG-001818,REC-04845,2026-09-12T11:42:40Z,2026-09-12T11:42:40Z,SITE-E,ESP32-E01,PV-E01,2.537,5.429,13.774,29.23,28.25,27.415,87.103,1008.837,6299.013,0.491
MSG-001819,REC-04846,2026-09-12T11:42:45Z,2026-09-12T11:42:45Z,SITE-E,ESP32-E01,PV-E01,2.567,5.7,14.632,29.16,28.23,27.572,88.569,1008.677,6612.711,0.436
MSG-001820,REC-04847,2026-09-12T11:42:50Z,2026-09-12T11:42:50Z,SITE-E,ESP32-E01,PV-E01,2.578,4.606,11.873,29.31,28.18,27.353,87.784,1008.82,6497.415,0.489
MSG-001821,REC-04848,2026-09-12T11:42:55Z,2026-09-12T11:42:55Z,SITE-E,ESP32-E01,PV-E01,2.545,5.265,13.402,29.18,28.35,27.408,88.588,1008.866,6646.839,0.472
MSG-001822,REC-04849,2026-09-12T11:43:00Z,2026-09-12T11:43:00Z,SITE-E,ESP32-E01,PV-E01,2.546,6.016,15.316,29.24,28.25,27.456,88.574,1008.904,6399.273,0.401
MSG-001823,REC-04850,2026-09-12T11:43:05Z,2026-09-12T11:43:05Z,SITE-E,ESP32-E01,PV-E01,2.564,4.849,12.434,29.26,28.25,27.507,87.969,1008.875,6378.356,0.415
MSG-001824,REC-04851,2026-09-12T11:43:10Z,2026-09-12T11:43:10Z,SITE-E,ESP32-E01,PV-E01,2.55,5.239,13.358,29.33,28.23,27.19,88.231,1008.843,6638.941,0.513
MSG-001825,REC-04852,2026-09-12T11:43:15Z,2026-09-12T11:43:15Z,SITE-E,ESP32-E01,PV-E01,2.581,5.109,13.185,29.42,28.34,27.498,88.651,1008.836,6475.164,0.547
MSG-001826,REC-04853,2026-09-12T11:43:20Z,2026-09-12T11:43:20Z,SITE-E,ESP32-E01,PV-E01,2.566,5.822,14.936,29.32,28.31,27.483,87.342,1008.943,6638.384,0.496
MSG-001827,REC-04854,2026-09-12T11:43:25Z,2026-09-12T11:43:25Z,SITE-E,ESP32-E01,PV-E01,2.543,5.002,12.722,29.27,28.31,27.354,87.338,1008.829,6502.801,0.48
MSG-001828,REC-04855,2026-09-12T11:43:30Z,2026-09-12T11:43:30Z,SITE-E,ESP32-E01,PV-E01,2.529,5.274,13.339,29.14,28.23,27.421,86.949,1008.849,20349.721,0.503
MSG-001829,REC-04856,2026-09-12T11:43:35Z,2026-09-12T11:43:35Z,SITE-E,ESP32-E01,PV-E01,2.568,6.17,15.847,29.33,28.31,27.296,87.243,1008.846,6636.134,0.447
MSG-001830,REC-04857,2026-09-12T11:43:40Z,2026-09-12T11:43:40Z,SITE-E,ESP32-E01,PV-E01,2.543,5.342,13.584,29.27,28.21,27.259,88.296,1008.868,6557.548,0.46
MSG-001831,REC-04858,2026-09-12T11:43:45Z,2026-09-12T11:43:45Z,SITE-E,ESP32-E01,PV-E01,2.58,4.955,12.783,29.23,28.27,27.511,88.02,1008.77,6646.082,0.599
MSG-001832,REC-04859,2026-09-12T11:43:50Z,2026-09-12T11:43:50Z,SITE-E,ESP32-E01,PV-E01,2.587,4.654,12.041,29.36,28.25,27.303,88.539,1008.81,6486.434,0.525
MSG-001833,REC-04860,2026-09-12T11:43:55Z,2026-09-12T11:43:55Z,SITE-E,ESP32-E01,PV-E01,2.572,5.334,13.719,29.15,28.1,27.447,87.723,1008.94,6243.954,0.481
MSG-001834,REC-04861,2026-09-13T01:02:00Z,2026-09-13T01:02:00Z,SITE-D,ESP32-D01,PV-D01,2.46,-1.033,2.542,23.03,22.5,22.283,98.846,1009.414,765.496,0.485
MSG-001835,REC-04862,2026-09-13T01:02:05Z,2026-09-13T01:02:05Z,SITE-D,ESP32-D01,PV-D01,2.469,-1.187,2.932,22.71,22.58,22.362,99.659,1009.354,992.67,0.543
MSG-001836,REC-04863,2026-09-13T01:02:10Z,2026-09-13T01:02:10Z,SITE-D,ESP32-D01,PV-D01,2.474,-1.933,4.782,22.88,22.42,22.28,98.38,1009.297,757.179,0.532
MSG-001837,REC-04864,2026-09-13T01:02:15Z,2026-09-13T01:02:15Z,SITE-D,ESP32-D01,PV-D01,2.456,-0.794,1.95,22.88,22.51,22.465,98.616,1009.212,788.065,0.669
MSG-001838,REC-04865,2026-09-13T01:02:20Z,2026-09-13T01:02:20Z,SITE-D,ESP32-D01,PV-D01,2.468,-1.708,4.216,22.88,22.56,22.156,98.695,1009.23,1006.534,0.606
MSG-001839,REC-04866,2026-09-13T01:02:25Z,2026-09-13T01:02:25Z,SITE-D,ESP32-D01,PV-D01,2.49,-1.836,4.572,22.76,22.66,22.374,98.33,1009.276,1052.064,0.64
MSG-001840,REC-04867,2026-09-13T01:02:30Z,2026-09-13T01:02:30Z,SITE-D,ESP32-D01,PV-D01,2.468,-1.883,4.647,22.78,22.62,22.486,99.725,1009.248,1034.493,0.516
MSG-001841,REC-04868,2026-09-13T01:02:35Z,2026-09-13T01:02:35Z,SITE-D,ESP32-D01,PV-D01,2.437,-0.165,0.401,22.95,22.54,22.195,99.28,1009.26,787.854,0.651
MSG-001842,REC-04869,2026-09-13T01:02:40Z,2026-09-13T01:02:40Z,SITE-D,ESP32-D01,PV-D01,2.461,-0.564,1.388,22.98,22.44,22.18,99.564,1009.309,681.003,0.491
MSG-001843,REC-04870,2026-09-13T01:02:45Z,2026-09-13T01:02:45Z,SITE-D,ESP32-D01,PV-D01,2.471,-1.463,3.614,22.83,22.62,22.413,99.558,1009.329,957.465,0.511
MSG-001844,REC-04871,2026-09-13T01:02:50Z,2026-09-13T01:02:50Z,SITE-D,ESP32-D01,PV-D01,2.476,-0.2,0.496,22.79,22.49,22.35,99.242,1009.305,699.365,0.544
MSG-001845,REC-04872,2026-09-13T01:02:55Z,2026-09-13T01:02:55Z,SITE-D,ESP32-D01,PV-D01,2.446,-0.701,1.714,22.75,22.57,22.309,98.989,1009.347,1106.611,0.541
MSG-001846,REC-04873,2026-09-13T01:03:00Z,2026-09-13T01:03:00Z,SITE-D,ESP32-D01,PV-D01,2.421,-1.774,4.294,22.96,22.52,22.437,98.458,1009.324,793.563,0.54
MSG-001847,REC-04874,2026-09-13T01:03:05Z,2026-09-13T01:03:05Z,SITE-D,ESP32-D01,PV-D01,2.457,-0.806,1.98,22.95,22.68,22.342,98.73,1009.345,1322.467,0.496
MSG-001848,REC-04875,2026-09-13T01:03:10Z,2026-09-13T01:03:10Z,SITE-D,ESP32-D01,PV-D01,2.434,-1.407,3.425,22.65,22.47,22.415,98.829,1009.272,823.756,0.578
MSG-001849,REC-04876,2026-09-13T01:03:15Z,2026-09-13T01:03:15Z,SITE-D,ESP32-D01,PV-D01,2.477,-1.292,3.2,22.67,22.59,22.303,98.815,1009.335,1053.222,0.409
MSG-001850,REC-04877,2026-09-13T01:03:20Z,2026-09-13T01:03:20Z,SITE-D,ESP32-D01,PV-D01,2.455,-1.224,3.005,22.86,22.49,22.286,99.581,1009.348,867.252,0.596
MSG-001851,REC-04878,2026-09-13T01:03:25Z,2026-09-13T01:03:25Z,SITE-D,ESP32-D01,PV-D01,2.465,-1.846,4.55,22.88,22.56,22.371,98.718,1009.288,943.999,0.505
MSG-001852,REC-04879,2026-09-13T01:03:30Z,2026-09-13T01:03:30Z,SITE-D,ESP32-D01,PV-D01,2.475,-0.922,2.282,22.82,22.64,22.267,98.68,1009.353,1007.932,0.522
MSG-001853,REC-04880,2026-09-13T01:03:35Z,2026-09-13T01:03:35Z,SITE-D,ESP32-D01,PV-D01,2.445,-0.837,2.046,22.86,22.35,22.463,98.097,1009.233,1111.545,0.53
MSG-001854,REC-04881,2026-09-13T01:03:40Z,2026-09-13T01:03:40Z,SITE-D,ESP32-D01,PV-D01,2.459,-1.131,2.783,22.82,22.49,22.328,99.301,1009.254,1162.903,0.606
MSG-001855,REC-04882,2026-09-13T01:03:45Z,2026-09-13T01:03:45Z,SITE-D,ESP32-D01,PV-D01,2.458,-1.475,3.626,22.84,22.41,22.276,98.627,1009.277,1078.942,0.615
MSG-001856,REC-04883,2026-09-13T01:03:50Z,2026-09-13T01:03:50Z,SITE-D,ESP32-D01,PV-D01,2.442,-1.378,3.364,22.75,22.51,22.262,97.341,1009.387,1135.001,0.568
MSG-001857,REC-04884,2026-09-13T01:03:55Z,2026-09-13T01:03:55Z,SITE-D,ESP32-D01,PV-D01,2.437,-0.636,1.55,22.82,22.53,22.172,97.818,1009.34,870.603,0.539
MSG-001858,REC-04885,2026-09-13T01:04:00Z,2026-09-13T01:04:00Z,SITE-D,ESP32-D01,PV-D01,2.428,-0.642,1.56,22.77,22.43,22.415,99.104,1009.217,1063.231,0.631
MSG-001859,REC-04886,2026-09-13T01:04:05Z,2026-09-13T01:04:05Z,SITE-D,ESP32-D01,PV-D01,2.458,-1.087,2.671,22.76,22.43,22.287,99.224,1009.284,915.088,0.709
MSG-001860,REC-04887,2026-09-13T01:04:10Z,2026-09-13T01:04:10Z,SITE-D,ESP32-D01,PV-D01,2.417,-1.371,3.313,22.67,22.48,22.338,99.885,1009.321,1114.143,0.529
MSG-001861,REC-04888,2026-09-13T01:04:15Z,2026-09-13T01:04:15Z,SITE-D,ESP32-D01,PV-D01,2.44,-0.502,1.225,22.79,22.35,22.354,98.375,1009.346,998.026,0.483
MSG-001862,REC-04889,2026-09-13T01:04:20Z,2026-09-13T01:04:20Z,SITE-D,ESP32-D01,PV-D01,2.469,-0.548,1.354,22.87,22.48,22.462,99.884,1009.355,1039.757,0.519
MSG-001863,REC-04890,2026-09-13T01:04:25Z,2026-09-13T01:04:25Z,SITE-D,ESP32-D01,PV-D01,2.451,-0.317,0.777,22.78,22.39,22.365,99.722,1009.262,1008.167,0.602
MSG-001864,REC-04891,2026-09-13T01:04:30Z,2026-09-13T01:04:30Z,SITE-D,ESP32-D01,PV-D01,2.439,-1.291,3.149,22.77,22.51,22.292,99.248,1009.318,1069.285,0.541
MSG-001865,REC-04892,2026-09-13T01:04:35Z,2026-09-13T01:04:35Z,SITE-D,ESP32-D01,PV-D01,2.468,-1.738,4.29,22.89,22.34,22.279,97.858,1009.385,846.1,0.509
MSG-001866,REC-04893,2026-09-13T01:04:40Z,2026-09-13T01:04:40Z,SITE-D,ESP32-D01,PV-D01,2.472,-1.362,3.368,22.87,22.39,22.347,98.892,1009.375,712.651,0.511
MSG-001867,REC-04894,2026-09-13T01:04:45Z,2026-09-13T01:04:45Z,SITE-D,ESP32-D01,PV-D01,2.46,0.223,0.549,22.92,22.37,22.264,99.644,1009.311,1092.617,0.585
MSG-001868,REC-04895,2026-09-13T01:04:50Z,2026-09-13T01:04:50Z,SITE-D,ESP32-D01,PV-D01,2.47,-1.249,3.085,22.95,22.4,22.476,98.241,1009.225,1167.308,0.466
MSG-001869,REC-04896,2026-09-13T01:04:55Z,2026-09-13T01:04:55Z,SITE-D,ESP32-D01,PV-D01,2.466,-0.251,0.62,22.77,22.52,22.28,99.48,1009.249,952.666,0.582
MSG-001870,REC-04897,2026-09-13T01:05:00Z,2026-09-13T01:05:00Z,SITE-D,ESP32-D01,PV-D01,2.438,-0.875,2.134,22.67,22.48,22.252,99.778,1009.324,1083.135,0.584
MSG-001871,REC-04898,2026-09-13T01:05:05Z,2026-09-13T01:05:05Z,SITE-D,ESP32-D01,PV-D01,2.449,-1.859,4.554,22.73,22.38,22.332,98.318,1009.462,739.025,0.533
MSG-001872,REC-04899,2026-09-13T01:05:10Z,2026-09-13T01:05:10Z,SITE-D,ESP32-D01,PV-D01,2.477,-0.703,1.742,22.82,22.38,22.397,98.942,1009.309,884.887,0.537
MSG-001873,REC-04900,2026-09-13T01:05:15Z,2026-09-13T01:05:15Z,SITE-D,ESP32-D01,PV-D01,2.442,-1.017,2.483,22.87,22.48,22.447,99.335,1009.263,1004.403,0.622
MSG-001874,REC-04901,2026-09-13T01:05:20Z,2026-09-13T01:05:20Z,SITE-D,ESP32-D01,PV-D01,2.45,-0.683,1.674,22.65,22.29,22.209,99.862,1009.292,718.012,0.495
MSG-001875,REC-04902,2026-09-13T01:05:25Z,2026-09-13T01:05:25Z,SITE-D,ESP32-D01,PV-D01,2.419,-1.601,3.871,22.77,22.41,22.437,99.236,1009.254,747.969,0.574
MSG-001876,REC-04903,2026-09-13T01:05:30Z,2026-09-13T01:05:30Z,SITE-D,ESP32-D01,PV-D01,2.449,-1.289,3.157,22.7,22.37,22.469,98.905,1009.316,984.622,0.628
MSG-001877,REC-04904,2026-09-13T01:05:35Z,2026-09-13T01:05:35Z,SITE-D,ESP32-D01,PV-D01,2.476,-1.616,4.002,22.76,22.4,22.369,98.164,1009.33,891.071,0.585
MSG-001878,REC-04905,2026-09-13T01:05:40Z,2026-09-13T01:05:40Z,SITE-D,ESP32-D01,PV-D01,2.448,-1.433,3.507,22.77,22.49,22.404,99.064,1009.322,901.59,0.644
MSG-001879,REC-04906,2026-09-13T01:05:45Z,2026-09-13T01:05:45Z,SITE-D,ESP32-D01,PV-D01,2.454,-1.551,3.805,22.82,22.38,22.438,99.391,1009.29,912.92,0.501
MSG-001880,REC-04907,2026-09-13T01:05:50Z,2026-09-13T01:05:50Z,SITE-D,ESP32-D01,PV-D01,2.453,-1.17,2.87,22.95,22.51,22.138,98.991,1009.306,793.095,0.516
MSG-001881,REC-04908,2026-09-13T01:05:55Z,2026-09-13T01:05:55Z,SITE-D,ESP32-D01,PV-D01,2.462,-1.171,2.884,22.81,22.6,22.529,97.432,1009.231,947.612,0.516
MSG-001882,REC-04909,2026-09-13T01:06:00Z,2026-09-13T01:06:00Z,SITE-D,ESP32-D01,PV-D01,2.48,-2.299,5.701,22.76,22.49,22.455,98.429,1009.207,987.252,0.742
MSG-001883,REC-04910,2026-09-13T01:06:05Z,2026-09-13T01:06:05Z,SITE-D,ESP32-D01,PV-D01,2.468,-1.63,4.023,22.74,22.43,22.366,99.544,1009.187,903.623,0.598
MSG-001884,REC-04911,2026-09-13T01:06:10Z,2026-09-13T01:06:10Z,SITE-D,ESP32-D01,PV-D01,2.44,-1.181,2.881,22.77,22.53,22.438,99.826,1009.295,915.007,0.615
MSG-001885,REC-04912,2026-09-13T01:06:15Z,2026-09-13T01:06:15Z,SITE-D,ESP32-D01,PV-D01,2.467,-0.795,1.962,22.71,22.34,22.495,99.707,1009.226,940.104,0.613
MSG-001886,REC-04913,2026-09-13T01:06:20Z,2026-09-13T01:06:20Z,SITE-D,ESP32-D01,PV-D01,2.438,-1.438,3.506,22.8,22.56,22.477,98.923,1009.149,1091.643,0.562
MSG-001887,REC-04914,2026-09-13T01:06:25Z,2026-09-13T01:06:25Z,SITE-D,ESP32-D01,PV-D01,2.472,-0.898,2.219,22.6,22.38,22.383,99.886,1009.297,981.745,0.654
MSG-001888,REC-04915,2026-09-13T01:06:30Z,2026-09-13T01:06:30Z,SITE-D,ESP32-D01,PV-D01,2.46,-0.966,2.376,22.78,22.62,22.398,99.76,1009.268,663.632,0.467
MSG-001889,REC-04916,2026-09-13T01:06:35Z,2026-09-13T01:06:35Z,SITE-D,ESP32-D01,PV-D01,2.492,-0.527,1.313,22.78,22.38,22.336,98.931,1009.24,803.503,0.579
MSG-001890,REC-04917,2026-09-13T01:06:40Z,2026-09-13T01:06:40Z,SITE-D,ESP32-D01,PV-D01,2.458,-0.99,2.432,22.7,22.49,22.546,99.28,1009.315,1118.318,0.578
MSG-001891,REC-04918,2026-09-13T01:06:45Z,2026-09-13T01:06:45Z,SITE-D,ESP32-D01,PV-D01,2.493,-0.738,1.84,22.76,22.32,22.336,98.652,1009.339,887.849,0.635
MSG-001892,REC-04919,2026-09-13T01:06:50Z,2026-09-13T01:06:50Z,SITE-D,ESP32-D01,PV-D01,2.476,-0.598,1.48,22.88,22.42,22.491,100.212,1009.346,978.9,0.516
MSG-001893,REC-04920,2026-09-13T01:06:55Z,2026-09-13T01:06:55Z,SITE-D,ESP32-D01,PV-D01,2.455,-0.862,2.117,22.9,22.37,22.362,97.999,1009.329,1282.615,0.512
MSG-001894,REC-04921,2026-09-13T01:15:00Z,2026-09-13T01:15:00Z,SITE-B,ESP32-B01,PV-B01,2.612,5.073,13.254,25.26,24.63,23.45,96.73,1009.567,4359.094,1.162
MSG-001895,REC-04922,2026-09-13T01:15:05Z,2026-09-13T01:15:05Z,SITE-B,ESP32-B01,PV-B01,2.653,4.707,12.489,25.26,24.65,23.525,97.516,1009.545,4560.524,1.212
MSG-001896,REC-04923,2026-09-13T01:15:10Z,2026-09-13T01:15:10Z,SITE-B,ESP32-B01,PV-B01,2.599,5.452,14.169,25.32,24.71,23.56,96.598,1009.491,4501.705,1.245
MSG-001897,REC-04924,2026-09-13T01:15:15Z,2026-09-13T01:15:15Z,SITE-B,ESP32-B01,PV-B01,2.61,4.09,10.675,25.41,24.59,23.654,97.316,1009.599,4518.78,1.278
MSG-001898,REC-04925,2026-09-13T01:15:20Z,2026-09-13T01:15:20Z,SITE-B,ESP32-B01,PV-B01,2.635,4.674,12.316,25.33,24.52,23.684,97.507,1009.619,4203.36,1.311
MSG-001899,REC-04926,2026-09-13T01:15:25Z,2026-09-13T01:15:25Z,SITE-B,ESP32-B01,PV-B01,2.611,4.286,11.19,25.22,24.56,23.418,97.143,1009.602,4542.154,1.225
MSG-001900,REC-04927,2026-09-13T01:15:30Z,2026-09-13T01:15:30Z,SITE-B,ESP32-B01,PV-B01,2.589,4.574,11.844,25.3,24.55,23.375,96.46,1009.537,4378.574,1.172
MSG-001901,REC-04928,2026-09-13T01:15:35Z,2026-09-13T01:15:35Z,SITE-B,ESP32-B01,PV-B01,2.622,5.043,13.226,25.27,24.6,23.568,96.213,1009.566,4212.377,1.106
MSG-001902,REC-04929,2026-09-13T01:15:40Z,2026-09-13T01:15:40Z,SITE-B,ESP32-B01,PV-B01,2.653,4.79,12.706,25.26,24.48,23.494,95.833,1009.484,4376.728,1.132
MSG-001903,REC-04930,2026-09-13T01:15:45Z,2026-09-13T01:15:45Z,SITE-B,ESP32-B01,PV-B01,2.615,4.391,11.482,25.28,24.55,23.503,96.228,1009.585,4333.135,1.218
MSG-001904,REC-04931,2026-09-13T01:15:50Z,2026-09-13T01:15:50Z,SITE-B,ESP32-B01,PV-B01,2.634,4.15,10.932,25.33,24.68,23.529,95.821,1009.658,4605.944,1.147
MSG-001905,REC-04932,2026-09-13T01:15:55Z,2026-09-13T01:15:55Z,SITE-B,ESP32-B01,PV-B01,2.608,3.98,10.381,25.23,24.58,23.532,96.767,1009.473,4383.594,1.059
MSG-001906,REC-04933,2026-09-13T01:16:00Z,2026-09-13T01:16:00Z,SITE-B,ESP32-B01,PV-B01,2.624,4.523,11.865,25.26,24.48,23.637,95.69,1009.512,4195.881,1.211
MSG-001907,REC-04934,2026-09-13T01:16:05Z,2026-09-13T01:16:05Z,SITE-B,ESP32-B01,PV-B01,2.651,4.218,11.182,25.35,24.52,23.529,96.381,1009.632,4134.454,1.228
MSG-001908,REC-04935,2026-09-13T01:16:10Z,2026-09-13T01:16:10Z,SITE-B,ESP32-B01,PV-B01,2.623,4.309,11.302,25.32,24.38,23.596,97.282,1009.636,4290.621,1.187
MSG-001909,REC-04936,2026-09-13T01:16:15Z,2026-09-13T01:16:15Z,SITE-B,ESP32-B01,PV-B01,2.655,3.972,10.547,25.4,24.57,23.697,96.761,1009.612,4075.706,1.262
MSG-001910,REC-04937,2026-09-13T01:16:20Z,2026-09-13T01:16:20Z,SITE-B,ESP32-B01,PV-B01,2.628,5.317,13.973,25.41,24.7,23.57,96.747,1009.609,4191.59,1.231
MSG-001911,REC-04938,2026-09-13T01:16:25Z,2026-09-13T01:16:25Z,SITE-B,ESP32-B01,PV-B01,2.631,4.669,12.286,25.18,24.47,23.609,96.162,1009.591,4258.124,1.275
MSG-001912,REC-04939,2026-09-13T01:16:30Z,2026-09-13T01:16:30Z,SITE-B,ESP32-B01,PV-B01,2.626,4.669,12.261,25.3,24.44,23.66,95.515,1009.613,4216.484,1.323
MSG-001913,REC-04939,2026-09-13T01:16:30Z,2026-09-13T01:16:30Z,SITE-B,ESP32-B01,PV-B01,2.626,4.669,12.261,25.3,24.44,23.66,95.515,1009.613,4216.484,1.323
MSG-001914,REC-04940,2026-09-13T01:16:35Z,2026-09-13T01:16:35Z,SITE-B,ESP32-B01,PV-B01,2.627,4.365,11.467,25.22,24.49,23.469,95.27,1009.531,4396.179,1.345
MSG-001915,REC-04941,2026-09-13T01:16:40Z,2026-09-13T01:16:40Z,SITE-B,ESP32-B01,PV-B01,2.615,4.747,12.416,25.17,24.62,23.6,96.128,1009.484,4184.913,1.234
MSG-001916,REC-04942,2026-09-13T01:16:45Z,2026-09-13T01:16:45Z,SITE-B,ESP32-B01,PV-B01,2.653,4.537,12.036,25.21,24.69,23.524,96.97,1009.612,3911.861,1.18
MSG-001917,REC-04943,2026-09-13T01:16:50Z,2026-09-13T01:16:50Z,SITE-B,ESP32-B01,PV-B01,2.618,4.753,12.443,25.26,24.6,23.408,95.514,1009.596,4039.011,1.16
MSG-001918,REC-04944,2026-09-13T01:16:55Z,2026-09-13T01:16:55Z,SITE-B,ESP32-B01,PV-B01,2.624,4.903,12.865,25.26,24.46,23.453,96.144,1009.355,4323.519,1.295
MSG-001919,REC-04945,2026-09-13T01:17:00Z,2026-09-13T01:17:00Z,SITE-B,ESP32-B01,PV-B01,2.619,5.457,14.291,25.25,24.57,23.648,96.938,1009.471,4217.159,1.156
MSG-001920,REC-04946,2026-09-13T01:17:05Z,2026-09-13T01:17:05Z,SITE-B,ESP32-B01,PV-B01,2.636,3.908,10.302,25.29,24.71,23.499,95.289,1009.568,4134.269,1.25
MSG-001921,REC-04947,2026-09-13T01:17:10Z,2026-09-13T01:17:10Z,SITE-B,ESP32-B01,PV-B01,2.639,5.421,14.306,-999.0,24.56,23.589,96.406,1009.635,4616.194,1.223
MSG-001922,REC-04948,2026-09-13T01:17:15Z,2026-09-13T01:17:15Z,SITE-B,ESP32-B01,PV-B01,2.631,5.381,14.157,25.16,24.59,23.668,96.471,1009.514,4462.816,1.172
MSG-001923,REC-04949,2026-09-13T01:17:20Z,2026-09-13T01:17:20Z,SITE-B,ESP32-B01,PV-B01,2.634,5.194,13.684,25.38,24.59,23.67,96.066,1009.562,4311.519,1.143
MSG-001924,REC-04950,2026-09-13T01:17:25Z,2026-09-13T01:17:25Z,SITE-B,ESP32-B01,PV-B01,2.622,5.214,13.673,25.28,24.44,23.365,96.586,1009.482,4355.697,1.118
MSG-001925,REC-04951,2026-09-13T01:17:30Z,2026-09-13T01:17:30Z,SITE-B,ESP32-B01,PV-B01,2.628,4.012,10.546,25.25,24.64,23.565,96.693,1009.532,4305.33,1.191
MSG-001926,REC-04952,2026-09-13T01:17:35Z,2026-09-13T01:17:35Z,SITE-B,ESP32-B01,PV-B01,2.636,5.248,13.834,25.12,24.62,23.547,96.723,1009.581,4136.447,1.272
MSG-001927,REC-04953,2026-09-13T01:17:40Z,2026-09-13T01:17:40Z,SITE-B,ESP32-B01,PV-B01,2.643,5.01,13.244,25.34,24.4,23.61,94.992,1009.56,4507.537,1.157
MSG-001928,REC-04954,2026-09-13T01:17:45Z,2026-09-13T01:17:45Z,SITE-B,ESP32-B01,PV-B01,2.648,4.244,11.237,25.16,24.45,23.601,96.935,1009.541,4482.937,1.282
MSG-001929,REC-04955,2026-09-13T01:17:50Z,2026-09-13T01:17:50Z,SITE-B,ESP32-B01,PV-B01,2.644,4.199,11.101,25.34,24.47,23.334,96.173,1009.601,4046.139,1.137
MSG-001930,REC-04956,2026-09-13T01:17:55Z,2026-09-13T01:17:55Z,SITE-B,ESP32-B01,PV-B01,2.615,5.172,13.528,25.41,24.61,23.448,95.674,1009.479,4393.419,1.123
MSG-001931,REC-04957,2026-09-13T01:18:00Z,2026-09-13T01:18:00Z,SITE-B,ESP32-B01,PV-B01,2.666,4.146,11.051,25.17,24.49,23.353,95.832,1009.652,4429.724,1.166
MSG-001932,REC-04958,2026-09-13T01:18:05Z,2026-09-13T01:18:05Z,SITE-B,ESP32-B01,PV-B01,2.629,5.621,14.778,25.37,24.59,23.595,96.897,1009.56,4365.235,1.247
MSG-001933,REC-04959,2026-09-13T01:18:10Z,2026-09-13T01:18:10Z,SITE-B,ESP32-B01,PV-B01,2.611,6.172,16.118,25.29,24.55,23.659,96.74,1009.565,4722.513,1.206
MSG-001934,REC-04960,2026-09-13T01:18:15Z,2026-09-13T01:18:15Z,SITE-B,ESP32-B01,PV-B01,2.617,5.105,13.361,25.12,24.57,23.428,96.293,1009.56,4673.537,1.188
MSG-001935,REC-04961,2026-09-13T01:18:20Z,2026-09-13T01:18:20Z,SITE-B,ESP32-B01,PV-B01,2.624,4.499,11.805,25.18,24.6,23.543,94.816,1009.548,4337.992,1.3
MSG-001936,REC-04962,2026-09-13T01:18:25Z,2026-09-13T01:18:25Z,SITE-B,ESP32-B01,PV-B01,2.601,4.879,12.691,25.29,24.58,23.383,95.899,1009.543,4349.074,1.196
MSG-001937,REC-04963,2026-09-13T01:18:30Z,2026-09-13T01:18:30Z,SITE-B,ESP32-B01,PV-B01,2.623,4.972,13.041,25.3,24.55,23.295,96.67,1009.567,4326.755,1.178
MSG-001938,REC-04964,2026-09-13T01:18:35Z,2026-09-13T01:18:35Z,SITE-B,ESP32-B01,PV-B01,2.625,4.145,10.88,25.14,24.57,23.684,96.373,1009.689,4281.936,1.122
MSG-001939,REC-04965,2026-09-13T01:18:40Z,2026-09-13T01:18:40Z,SITE-B,ESP32-B01,PV-B01,2.624,4.868,12.773,25.27,24.57,23.452,96.172,1009.488,4255.403,1.269
MSG-001940,REC-04966,2026-09-13T01:18:45Z,2026-09-13T01:18:45Z,SITE-B,ESP32-B01,PV-B01,2.616,4.851,12.691,25.36,24.56,23.66,96.188,1009.535,4449.562,1.178
MSG-001941,REC-04967,2026-09-13T01:18:50Z,2026-09-13T01:18:50Z,SITE-B,ESP32-B01,PV-B01,2.622,4.055,10.632,25.37,24.54,23.638,96.784,1009.588,4711.819,1.162
MSG-001942,REC-04968,2026-09-13T01:18:55Z,2026-09-13T01:18:55Z,SITE-B,ESP32-B01,PV-B01,2.619,4.763,12.473,25.23,24.69,23.402,96.238,1009.593,4669.864,1.24
MSG-001943,REC-04969,2026-09-13T01:19:00Z,2026-09-13T01:19:00Z,SITE-B,ESP32-B01,PV-B01,2.652,4.551,12.071,25.29,24.5,23.511,96.169,1009.642,4541.396,1.332
MSG-001944,REC-04970,2026-09-13T01:19:05Z,2026-09-13T01:19:05Z,SITE-B,ESP32-B01,PV-B01,2.631,4.703,12.374,25.33,24.63,23.42,96.211,1009.662,4060.424,1.23
MSG-001945,REC-04971,2026-09-13T01:19:10Z,2026-09-13T01:19:10Z,SITE-B,ESP32-B01,PV-B01,2.637,5.08,13.394,25.31,24.46,23.566,96.326,1009.554,4154.084,1.19
MSG-001946,REC-04972,2026-09-13T01:19:15Z,2026-09-13T01:19:15Z,SITE-B,ESP32-B01,PV-B01,2.639,4.489,11.847,25.3,24.57,23.501,97.153,1009.472,4638.132,1.18
MSG-001947,REC-04973,2026-09-13T01:19:20Z,2026-09-13T01:19:20Z,SITE-B,ESP32-B01,PV-B01,2.647,4.21,11.144,25.23,24.64,23.475,96.805,1009.631,4706.672,1.166
MSG-001948,REC-04974,2026-09-13T01:19:25Z,2026-09-13T01:19:25Z,SITE-B,ESP32-B01,PV-B01,2.64,4.667,12.32,25.2,24.46,23.513,96.623,1009.537,4558.482,1.176
MSG-001949,REC-04975,2026-09-13T01:19:30Z,2026-09-13T01:19:30Z,SITE-B,ESP32-B01,PV-B01,2.624,5.548,14.559,25.24,24.44,23.482,96.787,1009.552,4407.016,1.166
MSG-001950,REC-04976,2026-09-13T01:19:35Z,2026-09-13T01:19:35Z,SITE-B,ESP32-B01,PV-B01,2.651,5.747,15.237,25.15,24.46,23.642,97.525,1009.596,4627.557,1.261
MSG-001951,REC-04977,2026-09-13T01:19:40Z,2026-09-13T01:19:40Z,SITE-B,ESP32-B01,PV-B01,2.658,4.401,11.699,25.31,24.5,23.414,96.082,1009.569,4545.404,1.205
MSG-001952,REC-04978,2026-09-13T01:19:45Z,2026-09-13T01:19:45Z,SITE-B,ESP32-B01,PV-B01,2.648,4.873,12.907,25.1,24.53,23.394,96.762,1009.641,4596.591,1.306
MSG-001953,REC-04979,2026-09-13T01:19:50Z,2026-09-13T01:19:50Z,SITE-B,ESP32-B01,PV-B01,2.653,4.929,13.079,25.19,24.51,23.522,96.825,1009.535,4171.351,1.205
MSG-001954,REC-04980,2026-09-13T01:19:55Z,2026-09-13T01:19:55Z,SITE-B,ESP32-B01,PV-B01,2.651,5.007,13.274,25.23,24.48,23.355,96.688,1009.545,4492.382,1.185
MSG-001955,REC-04981,2026-09-13T01:27:00Z,2026-09-13T01:27:00Z,SITE-E,ESP32-E01,PV-E01,0.01,13.978,0.14,27.45,27.46,22.942,96.669,1010.057,8324.664,0.102
MSG-001956,REC-04982,2026-09-13T01:27:05Z,2026-09-13T01:27:05Z,SITE-E,ESP32-E01,PV-E01,0.01,14.516,0.143,27.38,27.42,22.927,95.631,1010.003,8187.152,0.09
MSG-001957,REC-04983,2026-09-13T01:27:10Z,2026-09-13T01:27:10Z,SITE-E,ESP32-E01,PV-E01,0.003,14.16,0.044,27.57,27.37,22.941,94.982,1010.004,8399.078,0.067
MSG-001958,REC-04984,2026-09-13T01:27:15Z,2026-09-13T01:27:15Z,SITE-E,ESP32-E01,PV-E01,0.018,13.116,0.233,27.6,27.42,23.032,95.795,1009.945,7837.838,0.086
MSG-001959,REC-04985,2026-09-13T01:27:20Z,2026-09-13T01:27:20Z,SITE-E,ESP32-E01,PV-E01,-0.003,14.341,0.038,27.41,27.54,22.845,96.675,1010.051,8061.33,0.071
MSG-001960,REC-04986,2026-09-13T01:27:25Z,2026-09-13T01:27:25Z,SITE-E,ESP32-E01,PV-E01,-0.006,14.468,0.081,27.48,27.48,22.84,95.688,1010.045,8080.89,0.102
MSG-001961,REC-04987,2026-09-13T01:27:30Z,2026-09-13T01:27:30Z,SITE-E,ESP32-E01,PV-E01,0.01,14.068,0.134,-999.0,27.32,22.879,95.746,1009.954,8093.472,0.084
MSG-001962,REC-04988,2026-09-13T01:27:35Z,2026-09-13T01:27:35Z,SITE-E,ESP32-E01,PV-E01,-0.003,14.488,0.039,27.31,27.38,23.033,96.307,1009.949,8001.417,0.093
MSG-001963,REC-04989,2026-09-13T01:27:40Z,2026-09-13T01:27:40Z,SITE-E,ESP32-E01,PV-E01,-0.003,13.389,0.045,27.43,27.46,22.922,96.059,1010.016,8105.769,0.099
MSG-001964,REC-04990,2026-09-13T01:27:45Z,2026-09-13T01:27:45Z,SITE-E,ESP32-E01,PV-E01,0.013,13.832,0.181,27.29,27.46,22.879,95.209,1010.132,8089.66,0.089
MSG-001965,REC-04991,2026-09-13T01:27:50Z,2026-09-13T01:27:50Z,SITE-E,ESP32-E01,PV-E01,0.006,12.83,0.077,27.42,27.42,22.813,95.313,1009.957,8096.368,0.09
MSG-001966,REC-04992,2026-09-13T01:27:55Z,2026-09-13T01:27:55Z,SITE-E,ESP32-E01,PV-E01,-0.009,14.444,0.135,27.61,27.52,22.916,97.044,1009.928,8130.708,0.099
MSG-001967,REC-04993,2026-09-13T01:28:00Z,2026-09-13T01:28:00Z,SITE-E,ESP32-E01,PV-E01,0.019,13.279,0.257,27.32,27.49,22.915,96.11,1009.983,7927.453,0.075
MSG-001968,REC-04994,2026-09-13T01:28:05Z,2026-09-13T01:28:05Z,SITE-E,ESP32-E01,PV-E01,0.012,13.902,0.162,27.59,27.42,22.956,97.723,1010.081,8061.294,0.093
MSG-001969,REC-04995,2026-09-13T01:28:10Z,2026-09-13T01:28:10Z,SITE-E,ESP32-E01,PV-E01,-0.008,13.944,0.117,27.58,27.41,22.989,95.15,1009.987,8120.289,0.107
MSG-001970,REC-04996,2026-09-13T01:28:15Z,2026-09-13T01:28:15Z,SITE-E,ESP32-E01,PV-E01,0.001,12.894,0.012,27.44,27.45,22.768,95.798,1010.038,7828.679,0.122
MSG-001971,REC-04997,2026-09-13T01:28:20Z,2026-09-13T01:28:20Z,SITE-E,ESP32-E01,PV-E01,0.016,13.158,0.212,27.49,27.31,22.989,93.877,1010.08,8094.661,0.135
MSG-001972,REC-04998,2026-09-13T01:28:25Z,2026-09-13T01:28:25Z,SITE-E,ESP32-E01,PV-E01,0.027,14.124,0.386,27.43,27.5,23.085,96.58,1010.02,8185.336,0.138
MSG-001973,REC-04999,2026-09-13T01:28:30Z,2026-09-13T01:28:30Z,SITE-E,ESP32-E01,PV-E01,0.011,14.953,0.159,27.4,27.36,22.948,95.319,1009.959,8293.212,0.078
MSG-001974,REC-05000,2026-09-13T01:28:35Z,2026-09-13T01:28:35Z,SITE-E,ESP32-E01,PV-E01,0.013,13.979,0.177,27.46,27.57,22.849,95.141,1010.001,7945.902,0.11
MSG-001975,REC-05001,2026-09-13T01:28:40Z,2026-09-13T01:28:40Z,SITE-E,ESP32-E01,PV-E01,0.007,13.441,0.094,27.38,27.33,23.03,96.065,1009.969,8102.049,0.107
MSG-001976,REC-05002,2026-09-13T01:28:45Z,2026-09-13T01:28:45Z,SITE-E,ESP32-E01,PV-E01,0.019,14.085,0.272,27.47,27.49,22.72,96.366,1010.024,8287.437,0.058
MSG-001977,REC-05003,2026-09-13T01:28:50Z,2026-09-13T01:28:50Z,SITE-E,ESP32-E01,PV-E01,0.023,14.469,0.328,27.44,27.3,22.993,94.978,1010.032,7868.063,0.078
MSG-001978,REC-05004,2026-09-13T01:28:55Z,2026-09-13T01:28:55Z,SITE-E,ESP32-E01,PV-E01,-0.011,13.908,0.154,27.33,27.39,23.046,96.393,1010.092,8100.796,0.109
MSG-001979,REC-05005,2026-09-13T01:29:00Z,2026-09-13T01:29:00Z,SITE-E,ESP32-E01,PV-E01,0.019,12.801,0.247,27.48,27.48,22.86,96.349,1010.108,7906.171,0.084
MSG-001980,REC-05007,2026-09-13T01:29:10Z,2026-09-13T01:29:10Z,SITE-E,ESP32-E01,PV-E01,0.007,13.91,0.099,27.51,27.51,22.961,96.263,1010.048,7953.057,0.101
MSG-001981,REC-05008,2026-09-13T01:29:15Z,2026-09-13T01:29:15Z,SITE-E,ESP32-E01,PV-E01,0.015,14.067,0.214,27.39,27.51,22.784,95.297,1010.059,8146.438,0.11
MSG-001982,REC-05009,2026-09-13T01:29:20Z,2026-09-13T01:29:20Z,SITE-E,ESP32-E01,PV-E01,0.006,13.552,0.078,27.51,27.52,22.987,96.121,1009.977,8056.003,0.084
MSG-001983,REC-05010,2026-09-13T01:29:25Z,2026-09-13T01:29:25Z,SITE-E,ESP32-E01,PV-E01,0.005,13.5,0.07,27.62,27.55,22.828,96.498,1010.07,7905.165,0.098
MSG-001984,REC-05011,2026-09-13T01:29:30Z,2026-09-13T01:29:30Z,SITE-E,ESP32-E01,PV-E01,0.006,13.483,0.086,27.45,27.43,23.047,95.396,1010.04,8327.789,0.099
MSG-001985,REC-05012,2026-09-13T01:29:35Z,2026-09-13T01:29:35Z,SITE-E,ESP32-E01,PV-E01,0.0,13.819,0.001,27.44,27.42,22.691,95.695,1009.988,8071.459,0.09
MSG-001986,REC-05013,2026-09-13T01:29:40Z,2026-09-13T01:29:40Z,SITE-E,ESP32-E01,PV-E01,0.004,13.919,0.054,27.47,27.5,22.934,96.345,1009.999,8225.91,0.096
MSG-001987,REC-05015,2026-09-13T01:29:50Z,2026-09-13T01:29:50Z,SITE-E,ESP32-E01,PV-E01,-0.005,14.732,0.079,27.31,27.43,23.035,96.855,1009.953,8020.935,0.085
MSG-001988,REC-05016,2026-09-13T01:29:55Z,2026-09-13T01:29:55Z,SITE-E,ESP32-E01,PV-E01,0.026,13.144,0.335,27.39,27.41,23.033,95.451,1010.039,8235.346,0.092
MSG-001989,REC-05017,2026-09-13T01:30:00Z,2026-09-13T01:30:00Z,SITE-E,ESP32-E01,PV-E01,-0.001,13.134,0.008,27.41,27.41,22.989,95.484,1010.139,7995.064,0.068
MSG-001990,REC-05018,2026-09-13T01:30:05Z,2026-09-13T01:30:05Z,SITE-E,ESP32-E01,PV-E01,-0.009,12.977,0.114,27.44,27.38,22.849,95.584,1010.087,8068.847,0.095
MSG-001991,REC-05019,2026-09-13T01:30:10Z,2026-09-13T01:30:10Z,SITE-E,ESP32-E01,PV-E01,-0.01,13.826,0.136,27.45,27.49,23.024,95.363,1009.996,8080.961,0.128
MSG-001992,REC-05020,2026-09-13T01:30:15Z,2026-09-13T01:30:15Z,SITE-E,ESP32-E01,PV-E01,0.024,13.688,0.331,27.33,27.55,22.887,95.814,1010.04,7758.97,0.099
MSG-001993,REC-05021,2026-09-13T01:30:20Z,2026-09-13T01:30:20Z,SITE-E,ESP32-E01,PV-E01,-0.009,13.829,0.121,27.53,27.5,23.006,95.766,1009.992,8084.39,0.107
MSG-001994,REC-05022,2026-09-13T01:30:25Z,2026-09-13T01:30:25Z,SITE-E,ESP32-E01,PV-E01,0.003,14.566,0.039,27.48,27.47,22.849,95.52,1009.975,8065.55,0.087
MSG-001995,REC-05023,2026-09-13T01:30:30Z,2026-09-13T01:30:30Z,SITE-E,ESP32-E01,PV-E01,0.003,13.677,0.041,27.45,27.62,22.954,94.823,1009.998,8113.505,0.135
MSG-001996,REC-05024,2026-09-13T01:30:35Z,2026-09-13T01:30:35Z,SITE-E,ESP32-E01,PV-E01,0.017,14.117,0.241,27.52,27.5,23.065,96.358,1009.969,8037.831,0.066
MSG-001997,REC-05025,2026-09-13T01:30:40Z,2026-09-13T01:30:40Z,SITE-E,ESP32-E01,PV-E01,0.002,14.051,0.022,27.42,27.6,23.154,94.359,1010.038,7934.188,0.118
MSG-001998,REC-05026,2026-09-13T01:30:45Z,2026-09-13T01:30:45Z,SITE-E,ESP32-E01,PV-E01,0.016,13.028,0.203,27.44,27.4,22.973,95.607,1010.058,8011.489,0.086
MSG-001999,REC-05027,2026-09-13T01:30:50Z,2026-09-13T01:30:50Z,SITE-E,ESP32-E01,PV-E01,0.003,13.886,0.04,27.39,27.52,22.882,95.704,1010.01,8045.664,0.113
MSG-002000,REC-05028,2026-09-13T01:30:55Z,2026-09-13T01:30:55Z,SITE-E,ESP32-E01,PV-E01,0.013,13.294,0.179,27.31,27.43,22.965,96.831,1010.046,8222.734,0.091
MSG-002001,REC-05029,2026-09-13T01:31:00Z,2026-09-13T01:31:00Z,SITE-E,ESP32-E01,PV-E01,0.01,12.854,0.133,27.45,27.42,23.014,95.004,1009.962,8021.868,0.085
MSG-002002,REC-05030,2026-09-13T01:31:05Z,2026-09-13T01:31:05Z,SITE-E,ESP32-E01,PV-E01,0.01,14.509,0.14,27.62,27.45,23.177,96.303,1010.066,8171.196,0.095
MSG-002003,REC-05032,2026-09-13T01:31:15Z,2026-09-13T01:31:15Z,SITE-E,ESP32-E01,PV-E01,-0.006,13.757,0.081,27.37,27.48,22.826,96.495,1009.978,8105.563,0.117
MSG-002004,REC-05033,2026-09-13T01:31:20Z,2026-09-13T01:31:20Z,SITE-E,ESP32-E01,PV-E01,0.006,14.008,0.09,27.54,27.35,22.918,96.521,1010.015,8346.062,0.102
MSG-002005,REC-05034,2026-09-13T01:31:25Z,2026-09-13T01:31:25Z,SITE-E,ESP32-E01,PV-E01,-0.002,13.963,0.028,27.48,27.51,22.906,96.041,1010.009,8116.514,0.079
MSG-002006,REC-05035,2026-09-13T01:31:30Z,2026-09-13T01:31:30Z,SITE-E,ESP32-E01,PV-E01,0.015,14.211,0.212,27.57,27.51,22.847,96.34,1010.192,8082.677,0.079
MSG-002007,REC-05036,2026-09-13T01:31:35Z,2026-09-13T01:31:35Z,SITE-E,ESP32-E01,PV-E01,0.001,14.232,0.009,27.6,27.44,23.156,96.473,1010.074,8361.746,0.116
MSG-002008,REC-05037,2026-09-13T01:31:40Z,2026-09-13T01:31:40Z,SITE-E,ESP32-E01,PV-E01,0.018,13.662,0.25,27.53,27.63,22.989,96.831,1009.994,8297.299,0.087
MSG-002009,REC-05038,2026-09-13T01:31:45Z,2026-09-13T01:31:45Z,SITE-E,ESP32-E01,PV-E01,0.001,13.929,0.02,27.59,27.64,23.091,96.622,1010.071,7904.628,0.093
MSG-002010,REC-05039,2026-09-13T01:31:50Z,2026-09-13T01:31:50Z,SITE-E,ESP32-E01,PV-E01,0.0,14.171,0.001,27.55,27.63,23.114,95.863,1009.939,7874.544,0.152
MSG-002011,REC-05040,2026-09-13T01:31:55Z,2026-09-13T01:31:55Z,SITE-E,ESP32-E01,PV-E01,0.019,13.757,0.259,27.39,27.71,22.907,96.939,1010.1,8503.489,0.116
MSG-002012,REC-05041,2026-09-13T02:08:00Z,2026-09-13T02:08:00Z,SITE-A,ESP32-A01,PV-A01,2.775,47.099,130.702,32.38,31.81,24.612,88.916,1009.334,29518.128,0.188
MSG-002013,REC-05042,2026-09-13T02:08:05Z,2026-09-13T02:08:05Z,SITE-A,ESP32-A01,PV-A01,2.822,46.571,131.44,32.43,31.82,24.628,89.087,1009.333,29435.654,0.162
MSG-002014,REC-05043,2026-09-13T02:08:10Z,2026-09-13T02:08:10Z,SITE-A,ESP32-A01,PV-A01,2.804,46.46,130.278,32.45,32.03,24.577,90.373,1009.381,29528.137,0.182
MSG-002015,REC-05044,2026-09-13T02:08:15Z,2026-09-13T02:08:15Z,SITE-A,ESP32-A01,PV-A01,2.798,47.117,131.828,32.52,31.93,24.525,89.627,1009.224,29632.908,0.181
MSG-002016,REC-05045,2026-09-13T02:08:20Z,2026-09-13T02:08:20Z,SITE-A,ESP32-A01,PV-A01,2.811,46.494,130.713,32.51,32.14,24.605,90.061,1009.371,29941.014,0.169
MSG-002017,REC-05046,2026-09-13T02:08:25Z,2026-09-13T02:08:25Z,SITE-A,ESP32-A01,PV-A01,2.813,46.846,131.801,32.61,31.96,24.606,89.641,1009.341,30064.132,0.164
MSG-002018,REC-05047,2026-09-13T02:08:30Z,2026-09-13T02:08:30Z,SITE-A,ESP32-A01,PV-A01,2.793,47.265,132.026,32.52,32.02,24.659,90.133,1009.267,29891.453,0.184
MSG-002019,REC-05048,2026-09-13T02:08:35Z,2026-09-13T02:08:35Z,SITE-A,ESP32-A01,PV-A01,2.83,45.874,129.821,32.51,32.16,24.452,90.133,1009.304,29762.89,0.163
MSG-002020,REC-05049,2026-09-13T02:08:40Z,2026-09-13T02:08:40Z,SITE-A,ESP32-A01,PV-A01,2.798,47.331,132.412,32.39,31.87,24.667,89.635,1009.28,29573.004,0.197
MSG-002021,REC-05050,2026-09-13T02:08:45Z,2026-09-13T02:08:45Z,SITE-A,ESP32-A01,PV-A01,2.786,46.762,130.259,32.62,31.79,24.711,90.453,1009.475,29494.728,0.178
MSG-002022,REC-05051,2026-09-13T02:08:50Z,2026-09-13T02:08:50Z,SITE-A,ESP32-A01,PV-A01,2.812,46.566,130.956,32.49,32.05,24.545,89.74,1009.314,29582.299,0.185
MSG-002023,REC-05052,2026-09-13T02:08:55Z,2026-09-13T02:08:55Z,SITE-A,ESP32-A01,PV-A01,2.8,46.67,130.666,32.48,31.85,24.614,90.534,1009.3,29510.762,0.154
MSG-002024,REC-05053,2026-09-13T02:09:00Z,2026-09-13T02:09:00Z,SITE-A,ESP32-A01,PV-A01,2.798,46.372,129.756,32.31,31.94,24.801,89.972,1009.428,29304.529,0.143
MSG-002025,REC-05054,2026-09-13T02:09:05Z,2026-09-13T02:09:05Z,SITE-A,ESP32-A01,PV-A01,2.799,45.846,128.311,32.38,31.9,24.691,89.013,1009.346,29475.035,0.168
MSG-002026,REC-05055,2026-09-13T02:09:10Z,2026-09-13T02:09:10Z,SITE-A,ESP32-A01,PV-A01,2.793,46.098,128.762,32.58,32.01,24.376,89.148,1009.348,29188.066,0.175
MSG-002027,REC-05056,2026-09-13T02:09:15Z,2026-09-13T02:09:15Z,SITE-A,ESP32-A01,PV-A01,2.769,47.564,131.708,32.51,31.91,24.673,91.023,1009.379,29588.551,0.142
MSG-002028,REC-05057,2026-09-13T02:09:20Z,2026-09-13T02:09:20Z,SITE-A,ESP32-A01,PV-A01,2.768,46.451,128.576,32.34,31.98,24.733,90.386,1009.417,29733.575,0.167
MSG-002029,REC-05058,2026-09-13T02:09:25Z,2026-09-13T02:09:25Z,SITE-A,ESP32-A01,PV-A01,2.796,46.965,131.331,32.57,32.02,24.617,90.936,1009.292,29553.58,0.175
MSG-002030,REC-05059,2026-09-13T02:09:30Z,2026-09-13T02:09:30Z,SITE-A,ESP32-A01,PV-A01,2.784,46.741,130.126,32.48,31.94,24.647,89.477,1009.376,30046.742,0.182
MSG-002031,REC-05060,2026-09-13T02:09:35Z,2026-09-13T02:09:35Z,SITE-A,ESP32-A01,PV-A01,2.802,47.44,132.916,32.63,31.96,24.572,88.641,1009.446,29653.166,0.162
MSG-002032,REC-05061,2026-09-13T02:09:40Z,2026-09-13T02:09:40Z,SITE-A,ESP32-A01,PV-A01,2.767,47.444,131.302,32.44,31.92,24.584,90.422,1009.402,29649.391,0.179
MSG-002033,REC-05062,2026-09-13T02:09:45Z,2026-09-13T02:09:45Z,SITE-A,ESP32-A01,PV-A01,2.815,46.29,130.326,32.44,31.81,24.527,90.215,1009.307,29513.916,0.194
MSG-002034,REC-05063,2026-09-13T02:09:50Z,2026-09-13T02:09:50Z,SITE-A,ESP32-A01,PV-A01,2.817,45.772,128.943,32.49,31.86,24.673,90.481,1009.364,29350.933,0.178
MSG-002035,REC-05064,2026-09-13T02:09:55Z,2026-09-13T02:09:55Z,SITE-A,ESP32-A01,PV-A01,2.802,46.332,129.83,32.32,31.9,24.704,90.209,1009.41,29365.232,0.181
MSG-002036,REC-05065,2026-09-13T02:10:00Z,2026-09-13T02:10:00Z,SITE-A,ESP32-A01,PV-A01,2.81,45.475,127.805,32.33,31.88,24.704,90.716,1009.374,29383.47,0.163
MSG-002037,REC-05066,2026-09-13T02:10:05Z,2026-09-13T02:10:05Z,SITE-A,ESP32-A01,PV-A01,2.792,45.497,127.021,32.39,31.88,24.655,89.353,1009.284,29472.864,0.198
MSG-002038,REC-05067,2026-09-13T02:10:10Z,2026-09-13T02:10:10Z,SITE-A,ESP32-A01,PV-A01,2.814,46.405,130.587,32.52,31.95,24.511,90.12,1009.415,29698.893,0.144
MSG-002039,REC-05068,2026-09-13T02:10:15Z,2026-09-13T02:10:15Z,SITE-A,ESP32-A01,PV-A01,2.772,46.468,128.824,32.36,31.91,24.509,89.211,1009.32,29551.085,0.196
MSG-002040,REC-05069,2026-09-13T02:10:20Z,2026-09-13T02:10:20Z,SITE-A,ESP32-A01,PV-A01,2.784,46.341,129.02,32.36,32.04,24.532,89.269,1009.331,29733.294,0.132
MSG-002041,REC-05070,2026-09-13T02:10:25Z,2026-09-13T02:10:25Z,SITE-A,ESP32-A01,PV-A01,2.832,46.406,131.416,-127.0,32.09,24.572,89.366,1009.434,29415.543,0.193
MSG-002042,REC-05071,2026-09-13T02:10:30Z,2026-09-13T02:10:30Z,SITE-A,ESP32-A01,PV-A01,2.811,46.031,129.409,-127.0,31.93,24.554,89.149,1009.36,29550.778,0.148
MSG-002043,REC-05072,2026-09-13T02:10:35Z,2026-09-13T02:10:35Z,SITE-A,ESP32-A01,PV-A01,2.795,47.378,132.4,-127.0,32.01,24.568,90.016,1009.344,29326.133,0.137
MSG-002044,REC-05073,2026-09-13T02:10:40Z,2026-09-13T02:10:40Z,SITE-A,ESP32-A01,PV-A01,2.794,46.936,131.15,-127.0,31.96,24.429,89.247,1009.449,29630.853,0.163
MSG-002045,REC-05074,2026-09-13T02:10:45Z,2026-09-13T02:10:45Z,SITE-A,ESP32-A01,PV-A01,2.761,45.098,124.537,-127.0,31.97,24.573,89.263,1009.31,29641.058,0.173
MSG-002046,REC-05075,2026-09-13T02:10:50Z,2026-09-13T02:10:50Z,SITE-A,ESP32-A01,PV-A01,2.806,46.35,130.066,-127.0,32.06,24.441,90.171,1009.313,29251.742,0.156
MSG-002047,REC-05076,2026-09-13T02:10:55Z,2026-09-13T02:10:55Z,SITE-A,ESP32-A01,PV-A01,2.807,46.237,129.782,-127.0,31.98,24.512,89.793,1009.404,28940.498,0.168
MSG-002048,REC-05077,2026-09-13T02:11:00Z,2026-09-13T02:11:00Z,SITE-A,ESP32-A01,PV-A01,2.821,46.005,129.768,-127.0,31.82,24.569,90.154,1009.366,29187.634,0.185
MSG-002049,REC-05078,2026-09-13T02:11:05Z,2026-09-13T02:11:05Z,SITE-A,ESP32-A01,PV-A01,2.801,46.149,129.281,-127.0,31.98,24.62,89.14,1009.297,29384.602,0.185
MSG-002050,REC-05079,2026-09-13T02:11:10Z,2026-09-13T02:11:10Z,SITE-A,ESP32-A01,PV-A01,2.766,45.246,125.162,-127.0,32.03,24.495,89.815,1009.412,29214.152,0.177
MSG-002051,REC-05080,2026-09-13T02:11:15Z,2026-09-13T02:11:15Z,SITE-A,ESP32-A01,PV-A01,2.804,45.948,128.838,-127.0,31.93,24.53,90.488,1009.32,29167.961,0.161
MSG-002052,REC-05081,2026-09-13T02:11:20Z,2026-09-13T02:11:20Z,SITE-A,ESP32-A01,PV-A01,2.783,46.032,128.101,-127.0,32.04,24.603,89.034,1009.349,29296.108,0.213
MSG-002053,REC-05082,2026-09-13T02:11:25Z,2026-09-13T02:11:25Z,SITE-A,ESP32-A01,PV-A01,2.791,45.665,127.449,-127.0,31.92,24.541,89.719,1009.499,29270.618,0.192
MSG-002054,REC-05083,2026-09-13T02:11:30Z,2026-09-13T02:11:30Z,SITE-A,ESP32-A01,PV-A01,2.782,46.937,130.592,-127.0,31.85,24.424,90.014,1009.263,29469.445,0.183
MSG-002055,REC-05084,2026-09-13T02:11:35Z,2026-09-13T02:11:35Z,SITE-A,ESP32-A01,PV-A01,2.808,45.938,128.973,-127.0,31.98,24.623,89.904,1009.484,29396.398,0.151
MSG-002056,REC-05085,2026-09-13T02:11:40Z,2026-09-13T02:11:40Z,SITE-A,ESP32-A01,PV-A01,2.79,45.574,127.164,-127.0,31.8,24.273,89.142,1009.408,29438.485,0.176
MSG-002057,REC-05086,2026-09-13T02:11:45Z,2026-09-13T02:11:45Z,SITE-A,ESP32-A01,PV-A01,2.796,46.308,129.464,-127.0,31.94,24.476,89.448,1009.307,29305.566,0.171
MSG-002058,REC-05087,2026-09-13T02:11:50Z,2026-09-13T02:11:50Z,SITE-A,ESP32-A01,PV-A01,2.783,46.307,128.854,-127.0,32.08,24.646,89.588,1009.378,29433.799,0.135
MSG-002059,REC-05088,2026-09-13T02:11:55Z,2026-09-13T02:11:55Z,SITE-A,ESP32-A01,PV-A01,2.824,45.281,127.882,-127.0,31.82,24.643,89.283,1009.358,29236.006,0.184
MSG-002060,REC-05089,2026-09-13T02:12:00Z,2026-09-13T02:12:00Z,SITE-A,ESP32-A01,PV-A01,2.803,46.378,129.995,-127.0,31.88,24.388,89.591,1009.313,29248.485,0.179
MSG-002061,REC-05090,2026-09-13T02:12:05Z,2026-09-13T02:12:05Z,SITE-A,ESP32-A01,PV-A01,2.77,45.568,126.203,32.41,31.9,24.533,90.008,1009.38,29688.184,0.182
MSG-002062,REC-05091,2026-09-13T02:12:10Z,2026-09-13T02:12:10Z,SITE-A,ESP32-A01,PV-A01,2.772,46.063,127.704,32.51,32.01,24.341,89.172,1009.343,29570.714,0.174
MSG-002063,REC-05092,2026-09-13T02:12:15Z,2026-09-13T02:12:15Z,SITE-A,ESP32-A01,PV-A01,2.798,46.671,130.584,32.55,32.02,24.745,90.58,1009.394,29825.644,0.157
MSG-002064,REC-05093,2026-09-13T02:12:20Z,2026-09-13T02:12:20Z,SITE-A,ESP32-A01,PV-A01,2.786,46.09,128.403,32.62,32.14,24.468,89.537,1009.337,29642.788,0.17
MSG-002065,REC-05094,2026-09-13T02:12:25Z,2026-09-13T02:12:25Z,SITE-A,ESP32-A01,PV-A01,2.793,46.619,130.209,32.62,32.1,24.388,88.385,1009.429,29531.87,0.178
MSG-002066,REC-05095,2026-09-13T02:12:30Z,2026-09-13T02:12:30Z,SITE-A,ESP32-A01,PV-A01,2.78,46.275,128.657,32.53,32.09,24.406,89.488,1009.377,29640.438,0.176
MSG-002067,REC-05096,2026-09-13T02:12:35Z,2026-09-13T02:12:35Z,SITE-A,ESP32-A01,PV-A01,2.812,46.068,129.54,32.54,32.07,24.521,89.578,1009.322,29836.691,0.171
MSG-002068,REC-05097,2026-09-13T02:12:40Z,2026-09-13T02:12:40Z,SITE-A,ESP32-A01,PV-A01,2.792,46.904,130.949,32.61,32.09,24.362,88.935,1009.323,29639.235,0.168
MSG-002069,REC-05098,2026-09-13T02:12:45Z,2026-09-13T02:12:45Z,SITE-A,ESP32-A01,PV-A01,2.808,46.212,129.782,32.49,31.97,24.591,89.777,1009.294,29160.786,0.19
MSG-002070,REC-05099,2026-09-13T02:12:50Z,2026-09-13T02:12:50Z,SITE-A,ESP32-A01,PV-A01,2.764,46.417,128.293,32.6,32.12,24.541,89.656,1009.362,29404.056,0.153
MSG-002071,REC-05100,2026-09-13T02:12:55Z,2026-09-13T02:12:55Z,SITE-A,ESP32-A01,PV-A01,2.79,45.969,128.261,32.53,31.95,24.385,90.981,1009.314,29649.313,0.192
MSG-002072,REC-05101,2026-09-13T06:47:00Z,2026-09-13T06:47:00Z,SITE-C,ESP32-C01,PV-C01,0.118,87.015,10.252,40.91,39.68,28.136,85.077,1009.94,51595.148,0.114
MSG-002073,REC-05102,2026-09-13T06:47:05Z,2026-09-13T06:47:05Z,SITE-C,ESP32-C01,PV-C01,0.113,86.141,9.748,40.86,39.84,27.912,84.775,1009.96,51801.421,0.082
MSG-002074,REC-05103,2026-09-13T06:47:10Z,2026-09-13T06:47:10Z,SITE-C,ESP32-C01,PV-C01,0.111,86.75,9.67,40.94,39.78,27.879,83.902,1009.927,51589.352,0.078
MSG-002075,REC-05104,2026-09-13T06:47:15Z,2026-09-13T06:47:15Z,SITE-C,ESP32-C01,PV-C01,0.109,86.395,9.428,40.88,39.77,27.873,85.541,1009.995,51840.18,0.098
MSG-002076,REC-05105,2026-09-13T06:47:20Z,2026-09-13T06:47:20Z,SITE-C,ESP32-C01,PV-C01,0.123,86.349,10.588,40.79,39.65,28.055,84.042,1010.01,51557.266,0.1
MSG-002077,REC-05106,2026-09-13T06:47:25Z,2026-09-13T06:47:25Z,SITE-C,ESP32-C01,PV-C01,0.085,86.793,7.412,40.62,39.72,27.998,84.8,1009.978,51669.276,0.09
MSG-002078,REC-05107,2026-09-13T06:47:30Z,2026-09-13T06:47:30Z,SITE-C,ESP32-C01,PV-C01,0.126,86.499,10.905,40.86,39.56,27.941,83.485,1010.008,51529.125,0.088
MSG-002079,REC-05108,2026-09-13T06:47:35Z,2026-09-13T06:47:35Z,SITE-C,ESP32-C01,PV-C01,0.119,86.638,10.325,40.72,39.71,27.954,84.657,1010.072,51474.101,0.114
MSG-002080,REC-05109,2026-09-13T06:47:40Z,2026-09-13T06:47:40Z,SITE-C,ESP32-C01,PV-C01,0.093,86.561,8.073,40.75,39.7,27.917,84.682,1009.989,51311.68,0.072
MSG-002081,REC-05110,2026-09-13T06:47:45Z,2026-09-13T06:47:45Z,SITE-C,ESP32-C01,PV-C01,0.125,87.213,10.894,40.8,39.62,28.105,85.082,1010.046,51974.042,0.111
MSG-002082,REC-05111,2026-09-13T06:47:50Z,2026-09-13T06:47:50Z,SITE-C,ESP32-C01,PV-C01,0.13,87.144,11.367,40.86,39.82,28.04,84.371,1009.961,51499.808,0.124
MSG-002083,REC-05112,2026-09-13T06:47:55Z,2026-09-13T06:47:55Z,SITE-C,ESP32-C01,PV-C01,0.099,87.43,8.676,40.77,39.84,27.895,85.003,1010.108,51168.045,0.061
MSG-002084,REC-05113,2026-09-13T06:48:00Z,2026-09-13T06:48:00Z,SITE-C,ESP32-C01,PV-C01,0.105,86.546,9.084,-127.0,39.7,28.035,83.945,1009.962,51812.461,0.11
MSG-002085,REC-05114,2026-09-13T06:48:05Z,2026-09-13T06:48:05Z,SITE-C,ESP32-C01,PV-C01,0.139,87.045,12.061,-127.0,39.82,28.08,84.552,1009.939,51486.458,0.103
MSG-002086,REC-05115,2026-09-13T06:48:10Z,2026-09-13T06:48:10Z,SITE-C,ESP32-C01,PV-C01,0.109,86.233,9.404,-127.0,39.54,28.057,83.639,1009.93,51527.174,0.047
MSG-002087,REC-05116,2026-09-13T06:48:15Z,2026-09-13T06:48:15Z,SITE-C,ESP32-C01,PV-C01,0.097,86.156,8.337,-127.0,39.65,28.034,85.137,1010.024,51452.584,0.11
MSG-002088,REC-05117,2026-09-13T06:48:20Z,2026-09-13T06:48:20Z,SITE-C,ESP32-C01,PV-C01,0.098,86.404,8.456,-127.0,39.5,28.074,83.245,1009.917,51530.509,0.066
MSG-002089,REC-05118,2026-09-13T06:48:25Z,2026-09-13T06:48:25Z,SITE-C,ESP32-C01,PV-C01,0.117,86.627,10.094,-127.0,39.83,27.916,83.764,1009.978,51708.708,0.109
MSG-002090,REC-05119,2026-09-13T06:48:30Z,2026-09-13T06:48:30Z,SITE-C,ESP32-C01,PV-C01,0.106,86.883,9.241,-127.0,39.61,27.931,83.939,1009.951,51745.946,0.076
MSG-002091,REC-05120,2026-09-13T06:48:35Z,2026-09-13T06:48:35Z,SITE-C,ESP32-C01,PV-C01,0.115,87.463,10.019,-127.0,39.55,27.963,85.714,1010.006,51605.289,0.1
MSG-002092,REC-05121,2026-09-13T06:48:40Z,2026-09-13T06:48:40Z,SITE-C,ESP32-C01,PV-C01,0.106,85.961,9.077,-127.0,39.72,28.053,85.419,1010.023,51675.82,0.097
MSG-002093,REC-05122,2026-09-13T06:48:45Z,2026-09-13T06:48:45Z,SITE-C,ESP32-C01,PV-C01,0.124,86.457,10.741,-127.0,39.87,28.21,84.05,1009.887,52007.674,0.088
MSG-002094,REC-05123,2026-09-13T06:48:50Z,2026-09-13T06:48:50Z,SITE-C,ESP32-C01,PV-C01,0.118,87.18,10.265,-127.0,39.75,27.954,83.559,1009.95,52286.622,0.089
MSG-002095,REC-05124,2026-09-13T06:48:55Z,2026-09-13T06:48:55Z,SITE-C,ESP32-C01,PV-C01,0.111,87.672,9.736,-127.0,39.82,28.153,84.638,1009.957,52459.361,0.091
MSG-002096,REC-05125,2026-09-13T06:49:00Z,2026-09-13T06:49:00Z,SITE-C,ESP32-C01,PV-C01,0.122,87.14,10.651,-127.0,39.95,28.02,84.5,1009.99,52084.179,0.084
MSG-002097,REC-05126,2026-09-13T06:49:05Z,2026-09-13T06:49:05Z,SITE-C,ESP32-C01,PV-C01,0.101,88.577,8.91,-127.0,39.76,27.894,84.401,1009.98,52411.207,0.116
MSG-002098,REC-05127,2026-09-13T06:49:10Z,2026-09-13T06:49:10Z,SITE-C,ESP32-C01,PV-C01,0.129,88.375,11.438,-127.0,39.79,28.176,83.882,1010.065,52480.863,0.084
MSG-002099,REC-05128,2026-09-13T06:49:15Z,2026-09-13T06:49:15Z,SITE-C,ESP32-C01,PV-C01,0.114,87.62,10.022,-127.0,39.98,27.958,85.425,1010.005,52445.525,0.097
MSG-002100,REC-05129,2026-09-13T06:49:20Z,2026-09-13T06:49:20Z,SITE-C,ESP32-C01,PV-C01,0.118,88.316,10.418,-127.0,39.91,28.046,84.907,1010.002,52147.294,0.079
MSG-002101,REC-05130,2026-09-13T06:49:25Z,2026-09-13T06:49:25Z,SITE-C,ESP32-C01,PV-C01,0.112,86.771,9.684,40.98,40.0,27.895,84.221,1009.944,52532.582,0.05
MSG-002102,REC-05131,2026-09-13T06:49:30Z,2026-09-13T06:49:30Z,SITE-C,ESP32-C01,PV-C01,0.121,88.128,10.684,41.1,39.79,27.988,84.774,1010.008,52579.659,0.097
MSG-002103,REC-05132,2026-09-13T06:49:35Z,2026-09-13T06:49:35Z,SITE-C,ESP32-C01,PV-C01,0.113,88.135,9.92,41.04,39.8,28.039,85.242,1010.084,53058.395,0.072
MSG-002104,REC-05133,2026-09-13T06:49:40Z,2026-09-13T06:49:40Z,SITE-C,ESP32-C01,PV-C01,0.098,89.486,8.774,41.22,39.89,28.037,85.185,1010.004,53176.86,0.116
MSG-002105,REC-05134,2026-09-13T06:49:45Z,2026-09-13T06:49:45Z,SITE-C,ESP32-C01,PV-C01,0.111,89.068,9.916,41.17,40.11,28.112,84.916,1009.941,53305.363,0.1
MSG-002106,REC-05135,2026-09-13T06:49:50Z,2026-09-13T06:49:50Z,SITE-C,ESP32-C01,PV-C01,0.134,88.661,11.85,41.06,40.15,28.002,85.8,1010.015,53240.045,0.092
MSG-002107,REC-05136,2026-09-13T06:49:55Z,2026-09-13T06:49:55Z,SITE-C,ESP32-C01,PV-C01,0.108,89.216,9.634,41.21,40.13,28.138,84.087,1009.964,53150.001,0.08
MSG-002108,REC-05137,2026-09-13T06:50:00Z,2026-09-13T06:50:00Z,SITE-C,ESP32-C01,PV-C01,0.103,88.458,9.094,41.07,40.05,27.935,84.379,1009.936,53007.408,0.074
MSG-002109,REC-05138,2026-09-13T06:50:05Z,2026-09-13T06:50:05Z,SITE-C,ESP32-C01,PV-C01,0.112,89.132,9.948,41.06,40.1,28.123,85.381,1010.059,53175.069,0.085
MSG-002110,REC-05139,2026-09-13T06:50:10Z,2026-09-13T06:50:10Z,SITE-C,ESP32-C01,PV-C01,0.113,89.545,10.154,41.22,39.99,28.12,84.774,1010.069,52907.994,0.079
MSG-002111,REC-05140,2026-09-13T06:50:15Z,2026-09-13T06:50:15Z,SITE-C,ESP32-C01,PV-C01,0.103,88.706,9.121,41.02,39.86,28.144,84.236,1010.002,52949.78,0.071
MSG-002112,REC-05141,2026-09-13T06:50:20Z,2026-09-13T06:50:20Z,SITE-C,ESP32-C01,PV-C01,0.116,88.591,10.296,40.97,39.88,28.119,84.94,1010.037,52893.479,0.08
MSG-002113,REC-05142,2026-09-13T06:50:25Z,2026-09-13T06:50:25Z,SITE-C,ESP32-C01,PV-C01,0.111,89.898,10.008,41.11,39.91,28.153,85.322,1009.977,52987.198,0.067
MSG-002114,REC-05143,2026-09-13T06:50:30Z,2026-09-13T06:50:30Z,SITE-C,ESP32-C01,PV-C01,0.113,89.598,10.113,41.15,39.87,28.015,83.147,1009.942,53008.94,0.124
MSG-002115,REC-05144,2026-09-13T06:50:35Z,2026-09-13T06:50:35Z,SITE-C,ESP32-C01,PV-C01,0.128,88.615,11.384,41.21,39.93,27.993,84.883,1010.011,53254.725,0.097
MSG-002116,REC-05145,2026-09-13T06:50:40Z,2026-09-13T06:50:40Z,SITE-C,ESP32-C01,PV-C01,0.112,88.914,9.984,41.18,39.99,28.021,84.298,1010.032,53305.023,0.07
MSG-002117,REC-05146,2026-09-13T06:50:45Z,2026-09-13T06:50:45Z,SITE-C,ESP32-C01,PV-C01,0.113,88.589,9.978,40.99,40.12,27.933,84.244,1010.093,53372.174,0.074
MSG-002118,REC-05147,2026-09-13T06:50:50Z,2026-09-13T06:50:50Z,SITE-C,ESP32-C01,PV-C01,0.115,89.518,10.282,41.08,40.08,28.225,85.079,1009.938,53047.629,0.1
MSG-002119,REC-05148,2026-09-13T06:50:55Z,2026-09-13T06:50:55Z,SITE-C,ESP32-C01,PV-C01,0.102,88.073,8.957,41.07,40.19,27.961,84.621,1010.033,53054.9,0.057
MSG-002120,REC-05149,2026-09-13T06:51:00Z,2026-09-13T06:51:00Z,SITE-C,ESP32-C01,PV-C01,0.101,88.433,8.893,41.02,39.97,28.152,85.056,1009.972,53241.65,0.1
MSG-002121,REC-05150,2026-09-13T06:51:05Z,2026-09-13T06:51:05Z,SITE-C,ESP32-C01,PV-C01,0.132,89.629,11.857,41.24,40.18,27.905,84.173,1010.054,53625.43,0.087
MSG-002122,REC-05151,2026-09-13T06:51:10Z,2026-09-13T06:51:10Z,SITE-C,ESP32-C01,PV-C01,0.115,90.869,10.408,41.35,40.31,27.921,84.39,1010.032,53844.324,0.094
MSG-002123,REC-05152,2026-09-13T06:51:15Z,2026-09-13T06:51:15Z,SITE-C,ESP32-C01,PV-C01,0.11,90.757,10.027,41.49,40.27,28.031,84.59,1009.996,54627.419,0.078
MSG-002124,REC-05153,2026-09-13T06:51:20Z,2026-09-13T06:51:20Z,SITE-C,ESP32-C01,PV-C01,0.121,90.982,11.028,41.41,40.23,28.116,83.929,1010.088,54193.878,0.081
MSG-002125,REC-05154,2026-09-13T06:51:25Z,2026-09-13T06:51:25Z,SITE-C,ESP32-C01,PV-C01,0.139,90.72,12.648,41.36,40.41,28.173,83.896,1009.959,54216.185,0.128
MSG-002126,REC-05155,2026-09-13T06:51:30Z,2026-09-13T06:51:30Z,SITE-C,ESP32-C01,PV-C01,0.145,91.061,13.216,41.51,40.29,28.105,84.527,1009.87,54438.868,0.111
MSG-002127,REC-05156,2026-09-13T06:51:35Z,2026-09-13T06:51:35Z,SITE-C,ESP32-C01,PV-C01,0.121,91.441,11.095,41.4,40.43,27.967,84.103,1010.014,54690.298,0.129
MSG-002128,REC-05157,2026-09-13T06:51:40Z,2026-09-13T06:51:40Z,SITE-C,ESP32-C01,PV-C01,0.117,91.648,10.759,41.39,40.16,28.088,84.049,1010.024,54597.243,0.092
MSG-002129,REC-05158,2026-09-13T06:51:45Z,2026-09-13T06:51:45Z,SITE-C,ESP32-C01,PV-C01,0.104,90.992,9.435,41.35,40.43,28.126,84.08,1009.957,54760.892,0.078
MSG-002130,REC-05159,2026-09-13T06:51:50Z,2026-09-13T06:51:50Z,SITE-C,ESP32-C01,PV-C01,0.13,90.666,11.821,41.38,40.4,28.073,84.087,1010.021,54649.576,0.127
MSG-002131,REC-05160,2026-09-13T06:51:55Z,2026-09-13T06:51:55Z,SITE-C,ESP32-C01,PV-C01,0.128,90.595,11.614,41.31,40.17,28.154,84.286,1010.028,54247.17,0.07
MSG-002132,REC-05161,2026-09-13T08:26:00Z,2026-09-13T08:26:00Z,SITE-C,ESP32-C01,PV-C01,3.31,0.77,2.547,40.63,40.3,28.655,84.452,1009.02,61451.037,0.147
MSG-002133,REC-05162,2026-09-13T08:26:05Z,2026-09-13T08:26:05Z,SITE-C,ESP32-C01,PV-C01,3.302,-0.338,1.116,40.61,40.04,28.596,85.404,1009.011,61178.879,0.176
MSG-002134,REC-05163,2026-09-13T08:26:10Z,2026-09-13T08:26:10Z,SITE-C,ESP32-C01,PV-C01,3.305,-0.107,0.353,40.57,40.26,28.719,85.069,1009.088,60983.473,0.117
MSG-002135,REC-05164,2026-09-13T08:26:15Z,2026-09-13T08:26:15Z,SITE-C,ESP32-C01,PV-C01,3.313,0.146,0.483,40.46,40.23,28.637,85.168,1009.132,60436.112,0.161
MSG-002136,REC-05165,2026-09-13T08:26:20Z,2026-09-13T08:26:20Z,SITE-C,ESP32-C01,PV-C01,3.296,0.337,1.11,40.53,40.29,28.568,84.539,1009.006,60644.414,0.143
MSG-002137,REC-05166,2026-09-13T08:26:25Z,2026-09-13T08:26:25Z,SITE-C,ESP32-C01,PV-C01,3.31,-0.073,0.243,40.56,40.15,28.743,85.802,1009.086,60685.411,0.139
MSG-002138,REC-05166,2026-09-13T08:26:25Z,2026-09-13T08:26:25Z,SITE-C,ESP32-C01,PV-C01,3.31,-0.073,0.243,40.56,40.15,28.743,85.802,1009.086,60685.411,0.139
MSG-002139,REC-05167,2026-09-13T08:26:30Z,2026-09-13T08:26:30Z,SITE-C,ESP32-C01,PV-C01,3.32,-0.376,1.249,40.5,40.22,28.854,84.337,1009.107,60807.22,0.139
MSG-002140,REC-05168,2026-09-13T08:26:35Z,2026-09-13T08:26:35Z,SITE-C,ESP32-C01,PV-C01,3.305,0.083,0.274,40.48,40.17,28.546,84.055,1009.098,60701.185,0.138
MSG-002141,REC-05169,2026-09-13T08:26:40Z,2026-09-13T08:26:40Z,SITE-C,ESP32-C01,PV-C01,3.307,0.488,1.613,40.47,40.1,28.401,84.709,1009.161,60828.708,0.149
MSG-002142,REC-05170,2026-09-13T08:26:45Z,2026-09-13T08:26:45Z,SITE-C,ESP32-C01,PV-C01,3.302,-0.029,0.094,40.36,40.1,28.582,85.461,1009.031,60904.604,0.146
MSG-002143,REC-05171,2026-09-13T08:26:50Z,2026-09-13T08:26:50Z,SITE-C,ESP32-C01,PV-C01,3.329,-0.352,1.17,40.51,40.16,28.689,84.531,1009.119,60529.301,0.142
MSG-002144,REC-05172,2026-09-13T08:26:55Z,2026-09-13T08:26:55Z,SITE-C,ESP32-C01,PV-C01,3.31,0.12,0.399,40.41,40.15,28.544,86.107,1009.12,60825.686,0.172
MSG-002145,REC-05173,2026-09-13T08:27:00Z,2026-09-13T08:27:00Z,SITE-C,ESP32-C01,PV-C01,3.319,0.089,0.296,40.48,40.19,28.698,83.76,1009.191,60781.361,0.154
MSG-002146,REC-05174,2026-09-13T08:27:05Z,2026-09-13T08:27:05Z,SITE-C,ESP32-C01,PV-C01,3.338,-0.057,0.19,40.44,40.14,28.688,84.989,1009.09,60847.99,0.147
MSG-002147,REC-05175,2026-09-13T08:27:10Z,2026-09-13T08:27:10Z,SITE-C,ESP32-C01,PV-C01,3.314,0.574,1.904,40.49,40.23,28.793,84.526,1009.066,61092.401,0.161
MSG-002148,REC-05176,2026-09-13T08:27:15Z,2026-09-13T08:27:15Z,SITE-C,ESP32-C01,PV-C01,3.313,0.362,1.199,40.52,40.15,28.688,85.586,1009.117,61033.18,0.147
MSG-002149,REC-05177,2026-09-13T08:27:20Z,2026-09-13T08:27:20Z,SITE-C,ESP32-C01,PV-C01,3.28,-0.706,2.315,40.62,40.37,28.542,84.391,1009.064,61189.894,0.131
MSG-002150,REC-05178,2026-09-13T08:27:25Z,2026-09-13T08:27:25Z,SITE-C,ESP32-C01,PV-C01,3.322,0.132,0.438,40.58,40.07,28.737,85.191,1009.03,61268.74,0.135
MSG-002151,REC-05179,2026-09-13T08:27:30Z,2026-09-13T08:27:30Z,SITE-C,ESP32-C01,PV-C01,3.314,-0.049,0.163,40.57,40.22,28.46,85.207,1009.026,61125.332,0.132
MSG-002152,REC-05180,2026-09-13T08:27:35Z,2026-09-13T08:27:35Z,SITE-C,ESP32-C01,PV-C01,3.32,-0.041,0.136,40.63,40.18,28.608,84.369,1008.991,60939.75,0.16
MSG-002153,REC-05182,2026-09-13T08:27:45Z,2026-09-13T08:27:45Z,SITE-C,ESP32-C01,PV-C01,3.309,-0.435,1.44,40.7,40.25,28.664,84.267,1009.057,61572.82,0.159
MSG-002154,REC-05183,2026-09-13T08:27:50Z,2026-09-13T08:27:50Z,SITE-C,ESP32-C01,PV-C01,3.291,0.74,2.437,40.75,40.22,28.635,85.433,1009.124,61402.391,0.165
MSG-002155,REC-05184,2026-09-13T08:27:55Z,2026-09-13T08:27:55Z,SITE-C,ESP32-C01,PV-C01,3.304,0.685,2.264,40.66,40.32,28.681,84.011,1009.059,61336.146,0.131
MSG-002156,REC-05185,2026-09-13T08:28:00Z,2026-09-13T08:28:00Z,SITE-C,ESP32-C01,PV-C01,3.305,-0.59,1.951,40.67,40.26,28.591,84.851,1008.95,61223.869,0.119
MSG-002157,REC-05186,2026-09-13T08:28:05Z,2026-09-13T08:28:05Z,SITE-C,ESP32-C01,PV-C01,3.313,0.046,0.151,40.46,40.28,28.679,83.102,1009.053,61290.822,0.122
MSG-002158,REC-05187,2026-09-13T08:28:10Z,2026-09-13T08:28:10Z,SITE-C,ESP32-C01,PV-C01,3.315,0.266,0.882,40.33,40.08,28.685,84.159,1009.191,60985.487,0.148
MSG-002159,REC-05188,2026-09-13T08:28:15Z,2026-09-13T08:28:15Z,SITE-C,ESP32-C01,PV-C01,3.317,0.588,1.952,40.37,40.34,28.717,84.776,1009.032,60947.122,0.14
MSG-002160,REC-05189,2026-09-13T08:28:20Z,2026-09-13T08:28:20Z,SITE-C,ESP32-C01,PV-C01,3.302,-0.583,1.926,40.51,40.21,28.635,85.071,1009.064,60894.893,0.141
MSG-002161,REC-05190,2026-09-13T08:28:25Z,2026-09-13T08:28:25Z,SITE-C,ESP32-C01,PV-C01,3.316,0.615,2.041,40.7,40.0,28.5,83.924,1009.114,61058.234,0.156
MSG-002162,REC-05191,2026-09-13T08:28:30Z,2026-09-13T08:28:30Z,SITE-C,ESP32-C01,PV-C01,3.311,-0.776,2.567,40.64,40.3,28.785,84.325,1009.139,61384.474,0.189
MSG-002163,REC-05192,2026-09-13T08:28:35Z,2026-09-13T08:28:35Z,SITE-C,ESP32-C01,PV-C01,3.299,0.552,1.82,40.59,40.25,28.631,84.594,1008.992,61265.836,0.152
MSG-002164,REC-05193,2026-09-13T08:28:40Z,2026-09-13T08:28:40Z,SITE-C,ESP32-C01,PV-C01,3.299,-0.117,0.387,40.67,40.19,28.532,85.458,1009.068,61207.041,0.161
MSG-002165,REC-05194,2026-09-13T08:28:45Z,2026-09-13T08:28:45Z,SITE-C,ESP32-C01,PV-C01,3.309,0.536,1.772,40.6,40.34,28.679,84.541,1009.075,61038.001,0.165
MSG-002166,REC-05195,2026-09-13T08:28:50Z,2026-09-13T08:28:50Z,SITE-C,ESP32-C01,PV-C01,3.295,-0.017,0.057,40.46,40.3,28.642,84.347,1009.053,61217.211,0.16
MSG-002167,REC-05196,2026-09-13T08:28:55Z,2026-09-13T08:28:55Z,SITE-C,ESP32-C01,PV-C01,3.317,-0.488,1.619,40.58,40.23,28.639,85.351,1009.036,61087.482,0.17
MSG-002168,REC-05197,2026-09-13T08:29:00Z,2026-09-13T08:29:00Z,SITE-C,ESP32-C01,PV-C01,3.306,0.766,2.533,40.6,40.2,28.528,85.252,1009.05,60719.72,0.177
MSG-002169,REC-05198,2026-09-13T08:29:05Z,2026-09-13T08:29:05Z,SITE-C,ESP32-C01,PV-C01,3.328,0.154,0.514,40.67,40.21,28.557,85.232,1009.033,60904.04,0.161
MSG-002170,REC-05199,2026-09-13T08:29:10Z,2026-09-13T08:29:10Z,SITE-C,ESP32-C01,PV-C01,3.315,-0.182,0.603,40.46,40.0,28.551,85.053,1009.062,60908.549,0.16
MSG-002171,REC-05200,2026-09-13T08:29:15Z,2026-09-13T08:29:15Z,SITE-C,ESP32-C01,PV-C01,3.303,-0.619,2.044,40.62,40.16,28.703,85.454,1009.115,60919.529,0.169
MSG-002172,REC-05201,2026-09-13T08:29:20Z,2026-09-13T08:29:20Z,SITE-C,ESP32-C01,PV-C01,3.312,0.587,1.944,40.44,40.23,28.549,84.32,1009.03,60414.69,0.173
MSG-002173,REC-05202,2026-09-13T08:29:25Z,2026-09-13T08:29:25Z,SITE-C,ESP32-C01,PV-C01,3.315,-0.459,1.523,40.72,40.28,28.561,84.633,1009.02,61103.882,0.174
MSG-002174,REC-05203,2026-09-13T08:29:30Z,2026-09-13T08:29:30Z,SITE-C,ESP32-C01,PV-C01,3.302,0.177,0.584,40.44,40.07,28.57,84.069,1008.982,61037.728,0.179
MSG-002175,REC-05204,2026-09-13T08:29:35Z,2026-09-13T08:29:35Z,SITE-C,ESP32-C01,PV-C01,3.325,0.388,1.291,40.59,40.22,28.683,85.099,1009.062,60976.12,0.14
MSG-002176,REC-05205,2026-09-13T08:29:40Z,2026-09-13T08:29:40Z,SITE-C,ESP32-C01,PV-C01,3.314,0.46,1.526,40.54,40.09,28.585,84.452,1009.12,61388.711,0.152
MSG-002177,REC-05206,2026-09-13T08:29:45Z,2026-09-13T08:29:45Z,SITE-C,ESP32-C01,PV-C01,3.283,-0.137,0.45,40.63,40.19,28.72,85.078,1009.141,60625.456,0.143
MSG-002178,REC-05207,2026-09-13T08:29:50Z,2026-09-13T08:29:50Z,SITE-C,ESP32-C01,PV-C01,3.309,0.026,0.087,40.64,40.13,28.673,84.062,1008.927,61026.101,0.141
MSG-002179,REC-05208,2026-09-13T08:29:55Z,2026-09-13T08:29:55Z,SITE-C,ESP32-C01,PV-C01,3.287,0.242,0.795,40.49,40.16,28.624,84.219,1009.082,61296.37,0.14
MSG-002180,REC-05209,2026-09-13T08:30:00Z,2026-09-13T08:30:00Z,SITE-C,ESP32-C01,PV-C01,3.316,0.497,1.649,40.58,40.29,28.594,84.772,1009.146,61382.697,0.17
MSG-002181,REC-05210,2026-09-13T08:30:05Z,2026-09-13T08:30:05Z,SITE-C,ESP32-C01,PV-C01,3.314,-0.925,3.065,40.8,40.24,28.63,84.258,1009.006,61582.371,0.166
MSG-002182,REC-05211,2026-09-13T08:30:10Z,2026-09-13T08:30:10Z,SITE-C,ESP32-C01,PV-C01,3.309,0.433,1.433,40.64,40.23,28.599,84.405,1008.99,61367.681,0.156
MSG-002183,REC-05212,2026-09-13T08:30:15Z,2026-09-13T08:30:15Z,SITE-C,ESP32-C01,PV-C01,3.294,-0.087,0.287,40.77,40.39,28.752,84.213,1009.154,61745.635,0.154
MSG-002184,REC-05213,2026-09-13T08:30:20Z,2026-09-13T08:30:20Z,SITE-C,ESP32-C01,PV-C01,3.31,0.192,0.635,40.64,40.27,28.997,85.383,1009.096,61999.905,0.155
MSG-002185,REC-05214,2026-09-13T08:30:25Z,2026-09-13T08:30:25Z,SITE-C,ESP32-C01,PV-C01,3.327,-0.521,1.734,40.61,40.27,28.707,84.42,1009.059,61027.711,0.119
MSG-002186,REC-05215,2026-09-13T08:30:30Z,2026-09-13T08:30:30Z,SITE-C,ESP32-C01,PV-C01,3.318,-0.1,0.332,40.6,40.19,28.64,84.464,1008.997,61506.104,0.164
MSG-002187,REC-05216,2026-09-13T08:30:35Z,2026-09-13T08:30:35Z,SITE-C,ESP32-C01,PV-C01,3.299,-0.003,0.008,40.73,40.2,28.903,85.249,1009.136,61253.697,0.169
MSG-002188,REC-05217,2026-09-13T08:30:40Z,2026-09-13T08:30:40Z,SITE-C,ESP32-C01,PV-C01,3.294,0.363,1.196,40.69,40.39,28.791,85.381,1009.047,61311.625,0.158
MSG-002189,REC-05218,2026-09-13T08:30:45Z,2026-09-13T08:30:45Z,SITE-C,ESP32-C01,PV-C01,3.308,-0.513,1.699,40.76,40.29,28.653,84.783,1009.016,61474.557,0.165
MSG-002190,REC-05219,2026-09-13T08:30:50Z,2026-09-13T08:30:50Z,SITE-C,ESP32-C01,PV-C01,3.315,-0.114,0.378,40.58,40.28,28.611,85.81,1009.143,61943.956,0.154
MSG-002191,REC-05220,2026-09-13T08:30:55Z,2026-09-13T08:30:55Z,SITE-C,ESP32-C01,PV-C01,3.317,0.57,1.889,40.68,40.37,28.685,84.797,1009.092,61463.248,0.146
MSG-002192,REC-05221,2026-09-13T08:41:00Z,2026-09-13T08:41:00Z,SITE-F,ESP32-F01,PV-F01,3.277,1.717,5.628,44.27,44.11,30.584,77.991,1009.34,65825.797,0.104
MSG-002193,REC-05222,2026-09-13T08:41:05Z,2026-09-13T08:41:05Z,SITE-F,ESP32-F01,PV-F01,3.258,0.372,1.213,44.39,44.08,30.577,77.482,1009.44,66058.396,0.124
MSG-002194,REC-05223,2026-09-13T08:41:10Z,2026-09-13T08:41:10Z,SITE-F,ESP32-F01,PV-F01,3.285,0.599,1.967,44.3,44.08,30.818,76.35,1009.383,65960.8,0.105
MSG-002195,REC-05224,2026-09-13T08:41:15Z,2026-09-13T08:41:15Z,SITE-F,ESP32-F01,PV-F01,3.303,0.555,1.834,44.4,44.3,30.677,77.661,1009.301,66046.327,0.082
MSG-002196,REC-05225,2026-09-13T08:41:20Z,2026-09-13T08:41:20Z,SITE-F,ESP32-F01,PV-F01,3.299,0.509,1.68,44.42,44.2,30.828,77.862,1009.342,66372.564,0.096
MSG-002197,REC-05226,2026-09-13T08:41:25Z,2026-09-13T08:41:25Z,SITE-F,ESP32-F01,PV-F01,3.27,-0.837,2.736,44.58,44.22,30.461,77.32,1009.315,66443.119,0.122
MSG-002198,REC-05227,2026-09-13T08:41:30Z,2026-09-13T08:41:30Z,SITE-F,ESP32-F01,PV-F01,3.278,-0.786,2.578,44.45,44.13,30.737,78.032,1009.283,66147.796,0.158
MSG-002199,REC-05228,2026-09-13T08:41:35Z,2026-09-13T08:41:35Z,SITE-F,ESP32-F01,PV-F01,3.273,-0.064,0.211,44.28,44.08,30.907,75.216,1009.284,66153.252,0.124
MSG-002200,REC-05229,2026-09-13T08:41:40Z,2026-09-13T08:41:40Z,SITE-F,ESP32-F01,PV-F01,3.299,-0.215,0.71,44.25,44.17,30.835,77.429,1009.314,66387.525,0.116
MSG-002201,REC-05230,2026-09-13T08:41:45Z,2026-09-13T08:41:45Z,SITE-F,ESP32-F01,PV-F01,3.287,0.059,0.195,44.46,44.03,30.864,77.159,1009.204,65851.982,0.118
MSG-002202,REC-05231,2026-09-13T08:41:50Z,2026-09-13T08:41:50Z,SITE-F,ESP32-F01,PV-F01,3.273,0.231,0.756,44.26,44.05,30.875,76.607,1009.236,65938.85,0.121
MSG-002203,REC-05232,2026-09-13T08:41:55Z,2026-09-13T08:41:55Z,SITE-F,ESP32-F01,PV-F01,3.278,0.233,0.763,44.16,44.06,30.734,76.568,1009.261,65852.672,0.084
MSG-002204,REC-05233,2026-09-13T08:42:00Z,2026-09-13T08:42:00Z,SITE-F,ESP32-F01,PV-F01,3.3,0.98,3.235,44.22,44.05,30.915,77.527,1009.323,66059.007,0.092
MSG-002205,REC-05234,2026-09-13T08:42:05Z,2026-09-13T08:42:05Z,SITE-F,ESP32-F01,PV-F01,3.287,-0.832,2.736,44.29,44.08,30.705,77.516,1009.31,65448.444,0.117
MSG-002206,REC-05235,2026-09-13T08:42:10Z,2026-09-13T08:42:10Z,SITE-F,ESP32-F01,PV-F01,3.291,-0.365,1.2,44.26,43.88,30.82,77.785,1009.327,65426.632,0.104
MSG-002207,REC-05236,2026-09-13T08:42:15Z,2026-09-13T08:42:15Z,SITE-F,ESP32-F01,PV-F01,3.265,0.14,0.456,44.28,43.96,30.616,76.967,1009.379,65332.755,0.113
MSG-002208,REC-05237,2026-09-13T08:42:20Z,2026-09-13T08:42:20Z,SITE-F,ESP32-F01,PV-F01,3.266,-0.162,0.529,44.22,44.13,30.515,77.847,1009.361,65646.087,0.117
MSG-002209,REC-05238,2026-09-13T08:42:25Z,2026-09-13T08:42:25Z,SITE-F,ESP32-F01,PV-F01,3.317,-0.14,0.465,44.13,44.02,30.689,77.426,1009.284,65783.046,0.115
MSG-002210,REC-05239,2026-09-13T08:42:30Z,2026-09-13T08:42:30Z,SITE-F,ESP32-F01,PV-F01,3.286,-0.168,0.551,44.05,43.91,30.675,78.607,1009.37,65509.282,0.113
MSG-002211,REC-05240,2026-09-13T08:42:35Z,2026-09-13T08:42:35Z,SITE-F,ESP32-F01,PV-F01,3.27,-0.287,0.939,44.17,44.03,30.718,77.022,1009.343,65528.483,0.118
MSG-002212,REC-05241,2026-09-13T08:42:40Z,2026-09-13T08:42:40Z,SITE-F,ESP32-F01,PV-F01,3.276,-0.038,0.126,44.21,43.93,30.66,77.605,1009.259,65730.52,0.103
MSG-002213,REC-05242,2026-09-13T08:42:45Z,2026-09-13T08:42:45Z,SITE-F,ESP32-F01,PV-F01,3.308,-0.254,0.84,44.13,44.07,30.662,76.178,1009.342,65628.629,0.135
MSG-002214,REC-05243,2026-09-13T08:42:50Z,2026-09-13T08:42:50Z,SITE-F,ESP32-F01,PV-F01,3.298,0.246,0.81,44.32,44.03,30.467,76.914,1009.305,65711.849,0.127
MSG-002215,REC-05244,2026-09-13T08:42:55Z,2026-09-13T08:42:55Z,SITE-F,ESP32-F01,PV-F01,3.286,0.812,2.669,44.15,43.89,30.778,76.209,1009.342,65723.939,0.116
MSG-002216,REC-05245,2026-09-13T08:43:00Z,2026-09-13T08:43:00Z,SITE-F,ESP32-F01,PV-F01,3.278,-0.093,0.305,44.04,43.92,30.817,77.054,1009.353,65458.06,0.1
MSG-002217,REC-05246,2026-09-13T08:43:05Z,2026-09-13T08:43:05Z,SITE-F,ESP32-F01,PV-F01,3.282,0.554,1.818,44.13,43.89,30.632,77.683,1009.336,65251.747,0.102
MSG-002218,REC-05247,2026-09-13T08:43:10Z,2026-09-13T08:43:10Z,SITE-F,ESP32-F01,PV-F01,3.305,0.488,1.612,44.25,43.95,30.475,77.297,1009.294,65795.801,0.134
MSG-002219,REC-05248,2026-09-13T08:43:15Z,2026-09-13T08:43:15Z,SITE-F,ESP32-F01,PV-F01,3.29,-0.36,1.186,44.32,43.95,30.619,77.247,1009.429,65608.649,0.121
MSG-002220,REC-05249,2026-09-13T08:43:20Z,2026-09-13T08:43:20Z,SITE-F,ESP32-F01,PV-F01,3.289,0.508,1.672,44.06,43.97,30.775,77.14,1009.363,65530.108,0.085
MSG-002221,REC-05250,2026-09-13T08:43:25Z,2026-09-13T08:43:25Z,SITE-F,ESP32-F01,PV-F01,3.289,0.463,1.524,44.28,43.93,30.696,78.356,1009.305,65719.67,0.072
MSG-002222,REC-05251,2026-09-13T08:43:30Z,2026-09-13T08:43:30Z,SITE-F,ESP32-F01,PV-F01,3.288,-0.124,0.408,44.28,43.93,30.473,77.125,1009.344,65834.556,0.074
MSG-002223,REC-05252,2026-09-13T08:43:35Z,2026-09-13T08:43:35Z,SITE-F,ESP32-F01,PV-F01,3.285,0.24,0.788,44.18,43.93,30.699,76.462,1009.323,65676.343,0.115
MSG-002224,REC-05253,2026-09-13T08:43:40Z,2026-09-13T08:43:40Z,SITE-F,ESP32-F01,PV-F01,3.26,-0.359,1.171,44.31,43.96,30.627,77.513,1009.323,65920.946,0.122
MSG-002225,REC-05254,2026-09-13T08:43:45Z,2026-09-13T08:43:45Z,SITE-F,ESP32-F01,PV-F01,3.296,0.134,0.441,44.37,44.0,30.712,77.298,1009.189,65809.183,0.099
MSG-002226,REC-05255,2026-09-13T08:43:50Z,2026-09-13T08:43:50Z,SITE-F,ESP32-F01,PV-F01,3.292,0.004,0.015,44.07,43.91,30.688,77.935,1009.216,65588.654,0.114
MSG-002227,REC-05256,2026-09-13T08:43:55Z,2026-09-13T08:43:55Z,SITE-F,ESP32-F01,PV-F01,3.28,-0.833,2.732,44.14,43.99,30.652,77.836,1009.424,65519.33,0.124
MSG-002228,REC-05257,2026-09-13T08:44:00Z,2026-09-13T08:44:00Z,SITE-F,ESP32-F01,PV-F01,3.285,0.857,2.814,44.12,43.82,30.773,76.601,1009.369,65407.409,0.078
MSG-002229,REC-05258,2026-09-13T08:44:05Z,2026-09-13T08:44:05Z,SITE-F,ESP32-F01,PV-F01,3.289,-0.197,0.649,44.26,43.8,30.654,77.891,1009.345,65537.197,0.064
MSG-002230,REC-05259,2026-09-13T08:44:10Z,2026-09-13T08:44:10Z,SITE-F,ESP32-F01,PV-F01,3.295,-0.008,0.025,44.31,44.08,30.587,79.511,1009.362,65193.587,0.146
MSG-002231,REC-05260,2026-09-13T08:44:15Z,2026-09-13T08:44:15Z,SITE-F,ESP32-F01,PV-F01,3.284,0.389,1.276,44.11,43.77,30.664,77.096,1009.244,65204.631,0.104
MSG-002232,REC-05261,2026-09-13T08:44:20Z,2026-09-13T08:44:20Z,SITE-F,ESP32-F01,PV-F01,3.281,0.353,1.158,44.01,43.85,30.848,76.834,1009.324,65178.025,0.132
MSG-002233,REC-05262,2026-09-13T08:44:25Z,2026-09-13T08:44:25Z,SITE-F,ESP32-F01,PV-F01,3.297,0.101,0.333,44.04,43.78,30.674,77.178,1009.347,64883.221,0.067
MSG-002234,REC-05263,2026-09-13T08:44:30Z,2026-09-13T08:44:30Z,SITE-F,ESP32-F01,PV-F01,3.291,0.124,0.407,43.92,43.61,30.623,78.269,1009.206,64402.518,0.115
MSG-002235,REC-05264,2026-09-13T08:44:35Z,2026-09-13T08:44:35Z,SITE-F,ESP32-F01,PV-F01,3.266,-0.217,0.71,43.8,43.69,30.388,76.748,1009.298,64691.492,0.122
MSG-002236,REC-05265,2026-09-13T08:44:40Z,2026-09-13T08:44:40Z,SITE-F,ESP32-F01,PV-F01,3.297,-0.517,1.704,44.05,43.72,30.596,76.4,1009.227,64900.445,0.114
MSG-002237,REC-05266,2026-09-13T08:44:45Z,2026-09-13T08:44:45Z,SITE-F,ESP32-F01,PV-F01,3.286,-0.632,2.077,44.1,43.78,30.63,77.383,1009.298,64641.589,0.078
MSG-002238,REC-05267,2026-09-13T08:44:50Z,2026-09-13T08:44:50Z,SITE-F,ESP32-F01,PV-F01,3.284,-0.038,0.124,44.09,43.67,30.73,78.022,1009.278,64926.001,0.114
MSG-002239,REC-05268,2026-09-13T08:44:55Z,2026-09-13T08:44:55Z,SITE-F,ESP32-F01,PV-F01,3.278,0.518,1.698,43.95,43.76,30.535,77.125,1009.232,64905.559,0.115
MSG-002240,REC-05269,2026-09-13T08:45:00Z,2026-09-13T08:45:00Z,SITE-F,ESP32-F01,PV-F01,3.287,-0.4,1.314,44.14,43.81,30.709,76.919,1009.254,64982.847,0.08
MSG-002241,REC-05270,2026-09-13T08:45:05Z,2026-09-13T08:45:05Z,SITE-F,ESP32-F01,PV-F01,3.286,0.435,1.429,44.18,43.88,30.78,77.473,1009.2,65049.159,0.139
MSG-002242,REC-05271,2026-09-13T08:45:10Z,2026-09-13T08:45:10Z,SITE-F,ESP32-F01,PV-F01,3.277,-0.451,1.478,44.22,43.72,30.568,77.342,1009.322,64361.466,0.118
MSG-002243,REC-05272,2026-09-13T08:45:15Z,2026-09-13T08:45:15Z,SITE-F,ESP32-F01,PV-F01,3.28,0.122,0.4,44.09,43.7,30.662,77.131,1009.351,64626.925,0.092
MSG-002244,REC-05273,2026-09-13T08:45:20Z,2026-09-13T08:45:20Z,SITE-F,ESP32-F01,PV-F01,3.279,0.54,1.77,44.15,43.76,30.837,77.109,1009.249,64951.615,0.137
MSG-002245,REC-05274,2026-09-13T08:45:25Z,2026-09-13T08:45:25Z,SITE-F,ESP32-F01,PV-F01,3.297,-0.194,0.64,-999.0,43.86,30.713,77.002,1009.32,65083.128,0.079
MSG-002246,REC-05275,2026-09-13T08:45:30Z,2026-09-13T08:45:30Z,SITE-F,ESP32-F01,PV-F01,3.28,-0.64,2.098,43.97,43.64,30.585,77.444,1009.385,65044.185,0.104
MSG-002247,REC-05276,2026-09-13T08:45:35Z,2026-09-13T08:45:35Z,SITE-F,ESP32-F01,PV-F01,3.284,0.606,1.988,44.09,43.83,30.637,77.079,1009.337,64321.181,0.151
MSG-002248,REC-05277,2026-09-13T08:45:40Z,2026-09-13T08:45:40Z,SITE-F,ESP32-F01,PV-F01,3.287,0.037,0.123,43.86,43.75,30.895,77.74,1009.267,64867.743,0.121
MSG-002249,REC-05278,2026-09-13T08:45:45Z,2026-09-13T08:45:45Z,SITE-F,ESP32-F01,PV-F01,3.3,0.742,2.448,44.0,43.75,30.614,76.995,1009.26,64423.729,0.113
MSG-002250,REC-05279,2026-09-13T08:45:50Z,2026-09-13T08:45:50Z,SITE-F,ESP32-F01,PV-F01,3.293,0.576,1.896,44.02,43.65,30.441,76.733,1009.372,64380.825,0.121
MSG-002251,REC-05280,2026-09-13T08:45:55Z,2026-09-13T08:45:55Z,SITE-F,ESP32-F01,PV-F01,3.285,1.271,4.176,43.94,43.56,30.596,78.25,1009.349,64164.391,0.13
MSG-002252,REC-05281,2026-09-13T08:52:00Z,2026-09-13T08:52:00Z,SITE-C,ESP32-C01,PV-C01,0.072,99.204,7.139,41.68,39.92,28.83,84.179,1008.824,57123.604,0.109
MSG-002253,REC-05282,2026-09-13T08:52:05Z,2026-09-13T08:52:05Z,SITE-C,ESP32-C01,PV-C01,0.08,99.55,7.936,41.65,40.0,28.808,84.522,1008.899,57608.553,0.127
MSG-002254,REC-05283,2026-09-13T08:52:10Z,2026-09-13T08:52:10Z,SITE-C,ESP32-C01,PV-C01,0.082,99.186,8.164,41.83,40.01,28.904,83.66,1008.896,57979.897,0.111
MSG-002255,REC-05284,2026-09-13T08:52:15Z,2026-09-13T08:52:15Z,SITE-C,ESP32-C01,PV-C01,0.093,100.186,9.338,41.76,40.05,29.019,83.489,1008.847,58209.823,0.11
MSG-002256,REC-05285,2026-09-13T08:52:20Z,2026-09-13T08:52:20Z,SITE-C,ESP32-C01,PV-C01,0.073,99.094,7.274,41.81,40.06,29.023,83.989,1008.933,57892.718,0.107
MSG-002257,REC-05286,2026-09-13T08:52:25Z,2026-09-13T08:52:25Z,SITE-C,ESP32-C01,PV-C01,0.088,100.016,8.835,41.67,39.95,29.012,84.33,1008.818,57571.785,0.094
MSG-002258,REC-05287,2026-09-13T08:52:30Z,2026-09-13T08:52:30Z,SITE-C,ESP32-C01,PV-C01,0.081,99.718,8.058,41.81,40.13,28.887,84.758,1008.807,57447.258,0.088
MSG-002259,REC-05288,2026-09-13T08:52:35Z,2026-09-13T08:52:35Z,SITE-C,ESP32-C01,PV-C01,0.067,99.737,6.698,41.66,39.88,28.799,83.82,1008.935,57645.123,0.097
MSG-002260,REC-05289,2026-09-13T08:52:40Z,2026-09-13T08:52:40Z,SITE-C,ESP32-C01,PV-C01,0.068,98.752,6.753,41.69,40.06,28.76,84.679,1008.908,57103.464,0.105
MSG-002261,REC-05290,2026-09-13T08:52:45Z,2026-09-13T08:52:45Z,SITE-C,ESP32-C01,PV-C01,0.06,99.369,6.0,41.63,39.79,28.689,83.096,1008.873,57216.009,0.09
MSG-002262,REC-05291,2026-09-13T08:52:50Z,2026-09-13T08:52:50Z,SITE-C,ESP32-C01,PV-C01,0.085,98.765,8.409,41.55,39.88,28.924,84.702,1008.863,57185.256,0.097
MSG-002263,REC-05292,2026-09-13T08:52:55Z,2026-09-13T08:52:55Z,SITE-C,ESP32-C01,PV-C01,0.06,99.255,5.97,41.76,39.94,28.751,84.013,1008.849,57150.509,0.093
MSG-002264,REC-05293,2026-09-13T08:53:00Z,2026-09-13T08:53:00Z,SITE-C,ESP32-C01,PV-C01,0.068,98.867,6.684,41.76,39.83,28.863,84.315,1008.882,57017.77,0.141
MSG-002265,REC-05294,2026-09-13T08:53:05Z,2026-09-13T08:53:05Z,SITE-C,ESP32-C01,PV-C01,0.074,98.772,7.34,41.66,39.83,28.821,84.729,1008.891,57069.099,0.077
MSG-002266,REC-05295,2026-09-13T08:53:10Z,2026-09-13T08:53:10Z,SITE-C,ESP32-C01,PV-C01,0.073,99.082,7.269,41.64,39.92,28.912,84.679,1008.881,57571.688,0.122
MSG-002267,REC-05296,2026-09-13T08:53:15Z,2026-09-13T08:53:15Z,SITE-C,ESP32-C01,PV-C01,0.07,98.108,6.882,41.58,39.92,28.779,84.429,1008.917,57387.208,0.111
MSG-002268,REC-05297,2026-09-13T08:53:20Z,2026-09-13T08:53:20Z,SITE-C,ESP32-C01,PV-C01,0.087,98.593,8.624,41.59,39.88,28.854,85.261,1008.872,57104.878,0.094
MSG-002269,REC-05298,2026-09-13T08:53:25Z,2026-09-13T08:53:25Z,SITE-C,ESP32-C01,PV-C01,0.083,98.225,8.166,41.63,40.02,28.937,84.367,1008.95,57065.537,0.091
MSG-002270,REC-05299,2026-09-13T08:53:30Z,2026-09-13T08:53:30Z,SITE-C,ESP32-C01,PV-C01,0.07,98.106,6.914,41.53,39.85,29.068,84.296,1008.886,56931.195,0.091
MSG-002271,REC-05300,2026-09-13T08:53:35Z,2026-09-13T08:53:35Z,SITE-C,ESP32-C01,PV-C01,0.091,98.458,8.946,41.52,39.8,28.851,84.063,1008.99,56932.619,0.097
MSG-002272,REC-05301,2026-09-13T08:53:40Z,2026-09-13T08:53:40Z,SITE-C,ESP32-C01,PV-C01,0.071,98.219,6.956,41.68,39.62,28.885,84.084,1008.94,57112.857,0.108
MSG-002273,REC-05302,2026-09-13T08:53:45Z,2026-09-13T08:53:45Z,SITE-C,ESP32-C01,PV-C01,0.084,97.964,8.21,41.52,39.65,28.838,84.517,1008.77,56523.672,0.102
MSG-002274,REC-05303,2026-09-13T08:53:50Z,2026-09-13T08:53:50Z,SITE-C,ESP32-C01,PV-C01,0.063,97.698,6.157,41.7,39.77,28.714,85.077,1008.903,56821.289,0.11
MSG-002275,REC-05304,2026-09-13T08:53:55Z,2026-09-13T08:53:55Z,SITE-C,ESP32-C01,PV-C01,0.051,97.399,4.924,41.55,39.65,28.961,84.654,1008.858,57023.684,0.098
MSG-002276,REC-05305,2026-09-13T08:54:00Z,2026-09-13T08:54:00Z,SITE-C,ESP32-C01,PV-C01,0.082,98.29,8.071,41.52,39.78,28.982,84.66,1008.821,56696.139,0.048
MSG-002277,REC-05306,2026-09-13T08:54:05Z,2026-09-13T08:54:05Z,SITE-C,ESP32-C01,PV-C01,0.074,97.467,7.234,41.45,39.73,28.769,82.88,1008.803,56455.846,0.114
MSG-002278,REC-05307,2026-09-13T08:54:10Z,2026-09-13T08:54:10Z,SITE-C,ESP32-C01,PV-C01,0.099,98.071,9.683,41.43,39.68,28.97,85.215,1008.824,56407.929,0.119
MSG-002279,REC-05308,2026-09-13T08:54:15Z,2026-09-13T08:54:15Z,SITE-C,ESP32-C01,PV-C01,0.079,97.453,7.733,41.41,39.64,28.706,85.171,1008.876,56399.273,0.109
MSG-002280,REC-05309,2026-09-13T08:54:20Z,2026-09-13T08:54:20Z,SITE-C,ESP32-C01,PV-C01,0.06,97.581,5.901,41.44,39.82,28.879,83.261,1008.833,56453.719,0.107
MSG-002281,REC-05310,2026-09-13T08:54:25Z,2026-09-13T08:54:25Z,SITE-C,ESP32-C01,PV-C01,0.069,97.38,6.736,41.27,39.6,28.814,84.528,1008.885,55878.661,0.097
MSG-002282,REC-05311,2026-09-13T08:54:30Z,2026-09-13T08:54:30Z,SITE-C,ESP32-C01,PV-C01,0.102,97.384,9.938,41.22,39.53,28.919,84.353,1008.747,56167.18,0.083
MSG-002283,REC-05312,2026-09-13T08:54:35Z,2026-09-13T08:54:35Z,SITE-C,ESP32-C01,PV-C01,0.072,97.678,7.047,-999.0,39.51,28.764,84.131,1008.986,56047.54,0.113
MSG-002284,REC-05313,2026-09-13T08:54:40Z,2026-09-13T08:54:40Z,SITE-C,ESP32-C01,PV-C01,0.075,97.435,7.286,41.42,39.62,29.13,84.547,1008.906,56165.76,0.106
MSG-002285,REC-05314,2026-09-13T08:54:45Z,2026-09-13T08:54:45Z,SITE-C,ESP32-C01,PV-C01,0.067,97.965,6.522,41.31,39.64,28.827,84.112,1008.859,56637.182,0.074
MSG-002286,REC-05315,2026-09-13T08:54:50Z,2026-09-13T08:54:50Z,SITE-C,ESP32-C01,PV-C01,0.077,98.33,7.607,41.53,39.87,28.991,84.534,1008.953,56699.312,0.117
MSG-002287,REC-05316,2026-09-13T08:54:55Z,2026-09-13T08:54:55Z,SITE-C,ESP32-C01,PV-C01,0.066,98.604,6.544,41.49,39.71,29.004,83.155,1008.826,56296.134,0.122
MSG-002288,REC-05317,2026-09-13T08:55:00Z,2026-09-13T08:55:00Z,SITE-C,ESP32-C01,PV-C01,0.075,96.943,7.23,41.44,39.78,28.839,83.847,1008.847,56256.345,0.082
MSG-002289,REC-05318,2026-09-13T08:55:05Z,2026-09-13T08:55:05Z,SITE-C,ESP32-C01,PV-C01,0.058,97.455,5.666,41.32,39.71,28.88,83.421,1008.878,56722.063,0.099
MSG-002290,REC-05319,2026-09-13T08:55:10Z,2026-09-13T08:55:10Z,SITE-C,ESP32-C01,PV-C01,0.085,96.773,8.274,41.32,39.76,28.978,84.322,1008.916,56149.439,0.094
MSG-002291,REC-05320,2026-09-13T08:55:15Z,2026-09-13T08:55:15Z,SITE-C,ESP32-C01,PV-C01,0.098,97.459,9.578,41.35,39.51,28.851,84.376,1008.862,56166.42,0.104
MSG-002292,REC-05321,2026-09-13T08:55:20Z,2026-09-13T08:55:20Z,SITE-C,ESP32-C01,PV-C01,0.075,97.574,7.357,41.54,39.65,28.887,83.995,1008.849,56020.082,0.097
MSG-002293,REC-05322,2026-09-13T08:55:25Z,2026-09-13T08:55:25Z,SITE-C,ESP32-C01,PV-C01,0.089,97.352,8.64,41.37,39.58,28.773,83.986,1008.885,56158.628,0.089
MSG-002294,REC-05323,2026-09-13T08:55:30Z,2026-09-13T08:55:30Z,SITE-C,ESP32-C01,PV-C01,0.084,97.901,8.205,41.43,39.58,28.832,84.309,1008.931,56129.097,0.108
MSG-002295,REC-05324,2026-09-13T08:55:35Z,2026-09-13T08:55:35Z,SITE-C,ESP32-C01,PV-C01,0.084,97.617,8.182,41.35,39.65,28.824,84.893,1008.762,56366.011,0.064
MSG-002296,REC-05325,2026-09-13T08:55:40Z,2026-09-13T08:55:40Z,SITE-C,ESP32-C01,PV-C01,0.059,97.022,5.682,41.56,39.59,28.958,84.06,1008.817,56063.339,0.102
MSG-002297,REC-05326,2026-09-13T08:55:45Z,2026-09-13T08:55:45Z,SITE-C,ESP32-C01,PV-C01,0.219,97.972,21.485,41.47,39.59,28.97,84.596,1008.945,56348.606,0.087
MSG-002298,REC-05327,2026-09-13T08:55:50Z,2026-09-13T08:55:50Z,SITE-C,ESP32-C01,PV-C01,0.084,97.707,8.247,41.35,39.76,28.835,83.95,1008.763,56405.516,0.085
MSG-002299,REC-05328,2026-09-13T08:55:55Z,2026-09-13T08:55:55Z,SITE-C,ESP32-C01,PV-C01,0.082,97.301,7.995,41.39,39.56,28.875,83.801,1008.875,56459.546,0.075
MSG-002300,REC-05329,2026-09-13T08:56:00Z,2026-09-13T08:56:00Z,SITE-C,ESP32-C01,PV-C01,0.071,97.931,6.957,41.4,39.85,28.874,84.391,1008.881,56333.154,0.109
MSG-002301,REC-05330,2026-09-13T08:56:05Z,2026-09-13T08:56:05Z,SITE-C,ESP32-C01,PV-C01,0.079,97.58,7.679,41.47,39.64,28.923,85.052,1008.81,56134.968,0.094
MSG-002302,REC-05331,2026-09-13T08:56:10Z,2026-09-13T08:56:10Z,SITE-C,ESP32-C01,PV-C01,0.083,96.834,8.024,41.32,39.66,28.867,83.839,1008.829,55902.48,0.124
MSG-002303,REC-05332,2026-09-13T08:56:15Z,2026-09-13T08:56:15Z,SITE-C,ESP32-C01,PV-C01,0.085,96.421,8.193,41.33,39.66,28.828,83.622,1008.819,56005.395,0.134
MSG-002304,REC-05333,2026-09-13T08:56:20Z,2026-09-13T08:56:20Z,SITE-C,ESP32-C01,PV-C01,0.072,96.673,6.956,41.53,39.53,28.955,84.259,1008.946,55950.133,0.151
MSG-002305,REC-05334,2026-09-13T08:56:25Z,2026-09-13T08:56:25Z,SITE-C,ESP32-C01,PV-C01,0.078,97.619,7.613,41.3,39.62,28.976,84.819,1008.843,55970.813,0.119
MSG-002306,REC-05335,2026-09-13T08:56:30Z,2026-09-13T08:56:30Z,SITE-C,ESP32-C01,PV-C01,0.079,96.707,7.625,41.38,39.62,28.9,84.001,1008.829,55816.852,0.099
MSG-002307,REC-05336,2026-09-13T08:56:35Z,2026-09-13T08:56:35Z,SITE-C,ESP32-C01,PV-C01,0.071,97.146,6.908,41.37,39.68,28.829,84.633,1008.881,55683.529,0.08
MSG-002308,REC-05337,2026-09-13T08:56:40Z,2026-09-13T08:56:40Z,SITE-C,ESP32-C01,PV-C01,0.081,97.046,7.837,41.4,39.74,28.886,84.688,1008.895,55878.616,0.102
MSG-002309,REC-05338,2026-09-13T08:56:45Z,2026-09-13T08:56:45Z,SITE-C,ESP32-C01,PV-C01,0.093,96.633,8.947,41.43,39.69,28.945,85.205,1008.861,55919.476,0.104
MSG-002310,REC-05339,2026-09-13T08:56:50Z,2026-09-13T08:56:50Z,SITE-C,ESP32-C01,PV-C01,0.077,96.762,7.411,41.13,39.48,28.87,84.485,1008.852,55530.073,0.118
MSG-002311,REC-05340,2026-09-13T08:56:55Z,2026-09-13T08:56:55Z,SITE-C,ESP32-C01,PV-C01,0.077,95.905,7.376,41.25,39.47,28.827,84.416,1008.891,55248.503,0.131
MSG-002312,REC-05341,2026-09-13T09:15:00Z,2026-09-13T09:15:00Z,SITE-A,ESP32-A01,PV-A01,2.289,21.427,49.044,34.01,31.79,27.708,85.368,1008.302,23314.584,0.151
MSG-002313,REC-05342,2026-09-13T09:15:05Z,2026-09-13T09:15:05Z,SITE-A,ESP32-A01,PV-A01,2.28,20.649,47.081,33.98,31.72,27.914,85.848,1008.378,22819.831,0.126
MSG-002314,REC-05343,2026-09-13T09:15:10Z,2026-09-13T09:15:10Z,SITE-A,ESP32-A01,PV-A01,2.303,21.315,49.093,33.94,31.8,27.985,86.099,1008.339,23208.07,0.147
MSG-002315,REC-05344,2026-09-13T09:15:15Z,2026-09-13T09:15:15Z,SITE-A,ESP32-A01,PV-A01,2.279,20.842,47.504,33.95,31.78,28.167,84.998,1008.365,23042.25,0.142
MSG-002316,REC-05345,2026-09-13T09:15:20Z,2026-09-13T09:15:20Z,SITE-A,ESP32-A01,PV-A01,2.297,20.755,47.67,34.08,31.74,27.874,85.248,1008.438,22945.045,0.107
MSG-002317,REC-05346,2026-09-13T09:15:25Z,2026-09-13T09:15:25Z,SITE-A,ESP32-A01,PV-A01,2.3,20.979,48.243,34.02,31.83,27.87,85.962,1008.329,22996.714,0.094
MSG-002318,REC-05347,2026-09-13T09:15:30Z,2026-09-13T09:15:30Z,SITE-A,ESP32-A01,PV-A01,2.305,20.894,48.154,33.98,31.95,27.869,84.713,1008.321,23284.409,0.116
MSG-002319,REC-05348,2026-09-13T09:15:35Z,2026-09-13T09:15:35Z,SITE-A,ESP32-A01,PV-A01,2.286,21.069,48.166,33.94,31.84,27.777,85.032,1008.251,23022.522,0.091
MSG-002320,REC-05349,2026-09-13T09:15:40Z,2026-09-13T09:15:40Z,SITE-A,ESP32-A01,PV-A01,2.284,20.712,47.31,33.97,31.94,27.571,85.797,1008.279,22955.787,0.116
MSG-002321,REC-05350,2026-09-13T09:15:45Z,2026-09-13T09:15:45Z,SITE-A,ESP32-A01,PV-A01,2.302,21.04,48.43,33.99,31.94,27.921,86.051,1008.296,22847.434,0.117
MSG-002322,REC-05351,2026-09-13T09:15:50Z,2026-09-13T09:15:50Z,SITE-A,ESP32-A01,PV-A01,2.261,20.463,46.275,34.08,31.76,27.867,85.63,1008.387,23043.0,0.11
MSG-002323,REC-05352,2026-09-13T09:15:55Z,2026-09-13T09:15:55Z,SITE-A,ESP32-A01,PV-A01,2.294,20.79,47.685,33.95,31.84,27.845,86.347,1008.361,22994.737,0.137
MSG-002324,REC-05353,2026-09-13T09:16:00Z,2026-09-13T09:16:00Z,SITE-A,ESP32-A01,PV-A01,2.292,20.801,47.681,34.09,31.78,28.008,85.481,1008.392,22715.355,0.153
MSG-002325,REC-05354,2026-09-13T09:16:05Z,2026-09-13T09:16:05Z,SITE-A,ESP32-A01,PV-A01,2.271,20.18,45.822,34.01,31.68,28.118,85.297,1008.359,23028.318,0.115
MSG-002326,REC-05355,2026-09-13T09:16:10Z,2026-09-13T09:16:10Z,SITE-A,ESP32-A01,PV-A01,2.284,20.688,47.249,34.01,31.83,27.815,86.299,1008.411,22785.668,0.096
MSG-002327,REC-05356,2026-09-13T09:16:15Z,2026-09-13T09:16:15Z,SITE-A,ESP32-A01,PV-A01,2.274,20.811,47.333,34.06,31.7,27.96,85.49,1008.362,22971.234,0.115
MSG-002328,REC-05357,2026-09-13T09:16:20Z,2026-09-13T09:16:20Z,SITE-A,ESP32-A01,PV-A01,2.288,21.299,48.734,34.05,31.83,27.961,85.815,1008.319,22807.528,0.118
MSG-002329,REC-05358,2026-09-13T09:16:25Z,2026-09-13T09:16:25Z,SITE-A,ESP32-A01,PV-A01,2.316,21.02,48.691,33.89,31.69,28.034,86.414,1008.331,22965.375,0.127
MSG-002330,REC-05359,2026-09-13T09:16:30Z,2026-09-13T09:16:30Z,SITE-A,ESP32-A01,PV-A01,2.305,21.804,50.263,33.92,31.83,27.83,86.031,1008.454,22885.344,0.134
MSG-002331,REC-05360,2026-09-13T09:16:35Z,2026-09-13T09:16:35Z,SITE-A,ESP32-A01,PV-A01,2.299,20.915,48.086,34.01,31.71,27.862,86.148,1008.387,23347.408,0.096
MSG-002332,REC-05361,2026-09-13T09:16:40Z,2026-09-13T09:16:40Z,SITE-A,ESP32-A01,PV-A01,2.272,20.512,46.601,34.04,31.87,27.852,85.842,1008.318,23135.56,0.16
MSG-002333,REC-05362,2026-09-13T09:16:45Z,2026-09-13T09:16:45Z,SITE-A,ESP32-A01,PV-A01,2.304,21.252,48.957,34.12,31.79,27.895,85.649,1008.428,23275.368,0.136
MSG-002334,REC-05363,2026-09-13T09:16:50Z,2026-09-13T09:16:50Z,SITE-A,ESP32-A01,PV-A01,2.307,20.066,46.293,34.01,31.77,28.054,85.006,1008.445,23575.809,0.094
MSG-002335,REC-05364,2026-09-13T09:16:55Z,2026-09-13T09:16:55Z,SITE-A,ESP32-A01,PV-A01,2.274,21.0,47.758,34.15,31.91,27.756,86.313,1008.294,23115.493,0.146
MSG-002336,REC-05365,2026-09-13T09:17:00Z,2026-09-13T09:17:00Z,SITE-A,ESP32-A01,PV-A01,2.287,21.095,48.248,33.96,31.8,27.766,85.831,1008.362,23436.272,0.111
MSG-002337,REC-05366,2026-09-13T09:17:05Z,2026-09-13T09:17:05Z,SITE-A,ESP32-A01,PV-A01,2.299,20.919,48.093,33.99,31.85,28.127,86.038,1008.335,23122.246,0.106
MSG-002338,REC-05367,2026-09-13T09:17:10Z,2026-09-13T09:17:10Z,SITE-A,ESP32-A01,PV-A01,2.298,20.895,48.025,34.01,31.82,27.886,86.148,1008.399,23419.18,0.127
MSG-002339,REC-05368,2026-09-13T09:17:15Z,2026-09-13T09:17:15Z,SITE-A,ESP32-A01,PV-A01,2.294,21.167,48.557,33.99,31.9,27.815,86.693,1008.393,23222.205,0.131
MSG-002340,REC-05369,2026-09-13T09:17:20Z,2026-09-13T09:17:20Z,SITE-A,ESP32-A01,PV-A01,2.29,21.212,48.581,34.13,31.93,28.006,85.969,1008.328,23242.897,0.125
MSG-002341,REC-05370,2026-09-13T09:17:25Z,2026-09-13T09:17:25Z,SITE-A,ESP32-A01,PV-A01,2.29,21.469,49.164,33.82,31.91,27.955,86.404,1008.449,23310.076,0.143
MSG-002342,REC-05371,2026-09-13T09:17:30Z,2026-09-13T09:17:30Z,SITE-A,ESP32-A01,PV-A01,2.307,21.426,49.43,34.0,31.81,27.899,85.406,1008.364,23357.652,0.087
MSG-002343,REC-05372,2026-09-13T09:17:35Z,2026-09-13T09:17:35Z,SITE-A,ESP32-A01,PV-A01,2.294,21.522,49.361,34.15,31.96,27.944,86.033,1008.507,23115.862,0.125
MSG-002344,REC-05373,2026-09-13T09:17:40Z,2026-09-13T09:17:40Z,SITE-A,ESP32-A01,PV-A01,2.282,20.308,46.339,34.04,31.8,27.99,86.772,1008.262,23228.893,0.144
MSG-002345,REC-05374,2026-09-13T09:17:45Z,2026-09-13T09:17:45Z,SITE-A,ESP32-A01,PV-A01,2.314,21.417,49.558,34.14,31.8,27.892,86.5,1008.45,23406.147,0.11
MSG-002346,REC-05375,2026-09-13T09:17:50Z,2026-09-13T09:17:50Z,SITE-A,ESP32-A01,PV-A01,2.279,21.388,48.732,34.23,31.85,27.928,86.45,1008.399,23248.86,0.148
MSG-002347,REC-05376,2026-09-13T09:17:55Z,2026-09-13T09:17:55Z,SITE-A,ESP32-A01,PV-A01,2.285,22.053,50.387,34.05,31.93,27.905,84.599,1008.365,23176.482,0.148
MSG-002348,REC-05377,2026-09-13T09:18:00Z,2026-09-13T09:18:00Z,SITE-A,ESP32-A01,PV-A01,2.3,20.464,47.058,34.12,31.74,27.754,86.321,1008.334,23404.557,0.133
MSG-002349,REC-05378,2026-09-13T09:18:05Z,2026-09-13T09:18:05Z,SITE-A,ESP32-A01,PV-A01,2.29,20.546,47.047,34.22,31.9,27.986,86.022,1008.387,23296.367,0.099
MSG-002350,REC-05379,2026-09-13T09:18:10Z,2026-09-13T09:18:10Z,SITE-A,ESP32-A01,PV-A01,2.329,20.937,48.756,34.04,31.81,28.024,85.856,1008.293,23307.544,0.122
MSG-002351,REC-05380,2026-09-13T09:18:15Z,2026-09-13T09:18:15Z,SITE-A,ESP32-A01,PV-A01,2.285,21.96,50.172,34.01,31.79,27.878,85.426,1008.374,23462.809,0.148
MSG-002352,REC-05381,2026-09-13T09:18:20Z,2026-09-13T09:18:20Z,SITE-A,ESP32-A01,PV-A01,2.29,21.118,48.366,34.08,31.9,27.952,86.551,1008.34,23398.531,0.133
MSG-002353,REC-05382,2026-09-13T09:18:25Z,2026-09-13T09:18:25Z,SITE-A,ESP32-A01,PV-A01,2.318,21.369,49.525,34.1,31.75,27.992,84.824,1008.512,23235.532,0.132
MSG-002354,REC-05383,2026-09-13T09:18:30Z,2026-09-13T09:18:30Z,SITE-A,ESP32-A01,PV-A01,2.275,21.352,48.585,34.01,32.0,27.852,85.836,1008.489,23387.663,0.122
MSG-002355,REC-05384,2026-09-13T09:18:35Z,2026-09-13T09:18:35Z,SITE-A,ESP32-A01,PV-A01,2.271,20.607,46.799,33.97,31.8,27.937,87.169,1008.505,23620.828,0.127
MSG-002356,REC-05385,2026-09-13T09:18:40Z,2026-09-13T09:18:40Z,SITE-A,ESP32-A01,PV-A01,2.313,21.793,50.411,34.11,31.79,27.814,86.024,1008.382,4645.352,0.114
MSG-002357,REC-05386,2026-09-13T09:18:45Z,2026-09-13T09:18:45Z,SITE-A,ESP32-A01,PV-A01,2.303,21.573,49.692,33.95,31.9,27.876,86.23,1008.42,23300.404,0.106
MSG-002358,REC-05387,2026-09-13T09:18:50Z,2026-09-13T09:18:50Z,SITE-A,ESP32-A01,PV-A01,2.299,21.192,48.722,34.09,31.81,27.961,86.439,1008.335,23262.647,0.147
MSG-002359,REC-05388,2026-09-13T09:18:55Z,2026-09-13T09:18:55Z,SITE-A,ESP32-A01,PV-A01,2.282,21.33,48.666,34.01,31.89,27.651,85.386,1008.308,23406.002,0.097
MSG-002360,REC-05389,2026-09-13T09:19:00Z,2026-09-13T09:19:00Z,SITE-A,ESP32-A01,PV-A01,2.281,20.956,47.811,34.12,31.62,27.733,85.756,1008.336,23440.102,0.124
MSG-002361,REC-05390,2026-09-13T09:19:05Z,2026-09-13T09:19:05Z,SITE-A,ESP32-A01,PV-A01,2.26,21.475,48.538,33.91,31.75,27.743,85.673,1008.361,23099.099,0.09
MSG-002362,REC-05391,2026-09-13T09:19:10Z,2026-09-13T09:19:10Z,SITE-A,ESP32-A01,PV-A01,2.285,21.116,48.256,33.91,31.82,27.782,86.411,1008.389,23216.788,0.105
MSG-002363,REC-05392,2026-09-13T09:19:15Z,2026-09-13T09:19:15Z,SITE-A,ESP32-A01,PV-A01,2.285,20.372,46.544,34.06,31.88,27.979,84.848,1008.293,23204.361,0.127
MSG-002364,REC-05393,2026-09-13T09:19:20Z,2026-09-13T09:19:20Z,SITE-A,ESP32-A01,PV-A01,2.298,21.794,50.08,33.88,31.83,27.732,85.704,1008.315,23445.898,0.118
MSG-002365,REC-05394,2026-09-13T09:19:25Z,2026-09-13T09:19:25Z,SITE-A,ESP32-A01,PV-A01,2.302,21.049,48.458,33.97,31.82,27.879,85.59,1008.282,23020.16,0.13
MSG-002366,REC-05395,2026-09-13T09:19:30Z,2026-09-13T09:19:30Z,SITE-A,ESP32-A01,PV-A01,2.323,53.348,123.951,34.08,31.85,27.976,85.801,1008.291,23364.375,0.157
MSG-002367,REC-05396,2026-09-13T09:19:35Z,2026-09-13T09:19:35Z,SITE-A,ESP32-A01,PV-A01,2.305,21.021,48.445,33.83,31.82,27.936,86.619,1008.432,23509.676,0.145
MSG-002368,REC-05397,2026-09-13T09:19:40Z,2026-09-13T09:19:40Z,SITE-A,ESP32-A01,PV-A01,2.313,21.17,48.975,34.01,31.62,28.035,86.757,1008.333,23374.212,0.116
MSG-002369,REC-05398,2026-09-13T09:19:45Z,2026-09-13T09:19:45Z,SITE-A,ESP32-A01,PV-A01,2.274,21.395,48.646,34.08,31.91,27.889,85.546,1008.406,23237.689,0.14
MSG-002370,REC-05399,2026-09-13T09:19:50Z,2026-09-13T09:19:50Z,SITE-A,ESP32-A01,PV-A01,2.32,21.612,50.131,33.98,31.72,27.876,84.874,1008.402,23374.372,0.119
MSG-002371,REC-05400,2026-09-13T09:19:55Z,2026-09-13T09:19:55Z,SITE-A,ESP32-A01,PV-A01,2.303,21.002,48.36,33.88,31.79,27.882,85.84,1008.345,23373.994,0.128
MSG-002372,REC-05401,2026-09-13T10:32:00Z,2026-09-13T10:32:00Z,SITE-A,ESP32-A01,PV-A01,2.559,19.179,49.082,32.14,34.45,27.815,85.296,1008.15,20603.49,0.108
MSG-002373,REC-05402,2026-09-13T10:32:05Z,2026-09-13T10:32:05Z,SITE-A,ESP32-A01,PV-A01,2.533,20.885,52.908,32.1,-999.0,27.683,84.43,1008.313,20537.638,0.123
MSG-002374,REC-05403,2026-09-13T10:32:10Z,2026-09-13T10:32:10Z,SITE-A,ESP32-A01,PV-A01,2.572,19.731,50.745,32.21,34.5,27.805,85.46,1008.236,21000.683,0.107
MSG-002375,REC-05404,2026-09-13T10:32:15Z,2026-09-13T10:32:15Z,SITE-A,ESP32-A01,PV-A01,2.556,20.223,51.688,32.22,34.5,27.855,84.01,1008.234,20927.322,0.119
MSG-002376,REC-05405,2026-09-13T10:32:20Z,2026-09-13T10:32:20Z,SITE-A,ESP32-A01,PV-A01,2.572,18.456,47.463,32.43,34.46,27.794,84.607,1008.185,20778.715,0.102
MSG-002377,REC-05406,2026-09-13T10:32:25Z,2026-09-13T10:32:25Z,SITE-A,ESP32-A01,PV-A01,2.563,20.582,52.754,32.32,34.41,27.642,84.131,1008.244,21012.207,0.111
MSG-002378,REC-05407,2026-09-13T10:32:30Z,2026-09-13T10:32:30Z,SITE-A,ESP32-A01,PV-A01,2.56,20.123,51.507,32.27,34.54,27.84,84.899,1008.202,20832.888,0.112
MSG-002379,REC-05408,2026-09-13T10:32:35Z,2026-09-13T10:32:35Z,SITE-A,ESP32-A01,PV-A01,2.523,19.921,50.264,32.29,34.43,27.947,85.362,1008.267,20909.516,0.102
MSG-002380,REC-05409,2026-09-13T10:32:40Z,2026-09-13T10:32:40Z,SITE-A,ESP32-A01,PV-A01,2.561,20.56,52.661,32.39,34.42,27.885,84.147,1008.263,21024.761,0.089
MSG-002381,REC-05410,2026-09-13T10:32:45Z,2026-09-13T10:32:45Z,SITE-A,ESP32-A01,PV-A01,2.568,20.229,51.955,32.15,34.48,27.697,84.159,1008.081,20793.892,0.13
MSG-002382,REC-05411,2026-09-13T10:32:50Z,2026-09-13T10:32:50Z,SITE-A,ESP32-A01,PV-A01,2.552,19.557,49.916,32.19,34.53,27.695,85.085,1008.176,20801.797,0.126
MSG-002383,REC-05412,2026-09-13T10:32:55Z,2026-09-13T10:32:55Z,SITE-A,ESP32-A01,PV-A01,2.531,20.016,50.664,32.05,34.65,27.75,84.607,1008.219,20659.268,0.099
MSG-002384,REC-05413,2026-09-13T10:33:00Z,2026-09-13T10:33:00Z,SITE-A,ESP32-A01,PV-A01,2.552,20.195,51.532,32.24,34.56,27.721,85.806,1008.178,20687.065,0.106
MSG-002385,REC-05414,2026-09-13T10:33:05Z,2026-09-13T10:33:05Z,SITE-A,ESP32-A01,PV-A01,2.569,19.736,50.694,32.26,34.6,27.777,85.255,1008.205,20661.884,0.1
MSG-002386,REC-05415,2026-09-13T10:33:10Z,2026-09-13T10:33:10Z,SITE-A,ESP32-A01,PV-A01,2.552,20.967,53.503,32.08,34.51,27.866,84.946,1008.161,20700.712,0.124
MSG-002387,REC-05416,2026-09-13T10:33:15Z,2026-09-13T10:33:15Z,SITE-A,ESP32-A01,PV-A01,2.547,20.425,52.012,32.29,34.5,27.814,84.163,1008.282,20677.984,0.127
MSG-002388,REC-05417,2026-09-13T10:33:20Z,2026-09-13T10:33:20Z,SITE-A,ESP32-A01,PV-A01,2.546,20.519,52.24,32.12,34.67,27.798,84.608,1008.209,20831.022,0.132
MSG-002389,REC-05418,2026-09-13T10:33:25Z,2026-09-13T10:33:25Z,SITE-A,ESP32-A01,PV-A01,2.548,21.128,53.843,32.15,34.37,27.749,84.085,1008.147,20738.807,0.128
MSG-002390,REC-05419,2026-09-13T10:33:30Z,2026-09-13T10:33:30Z,SITE-A,ESP32-A01,PV-A01,2.557,19.842,50.733,32.21,34.46,27.612,84.173,1008.312,20939.283,0.076
MSG-002391,REC-05420,2026-09-13T10:33:35Z,2026-09-13T10:33:35Z,SITE-A,ESP32-A01,PV-A01,2.518,19.255,48.477,32.34,34.48,27.614,83.456,1008.172,21106.581,0.145
MSG-002392,REC-05421,2026-09-13T10:33:40Z,2026-09-13T10:33:40Z,SITE-A,ESP32-A01,PV-A01,2.531,19.763,50.025,32.15,34.58,27.729,84.336,1008.136,20871.859,0.101
MSG-002393,REC-05422,2026-09-13T10:33:45Z,2026-09-13T10:33:45Z,SITE-A,ESP32-A01,PV-A01,2.55,20.508,52.297,32.25,34.44,27.747,83.435,1008.096,20819.3,0.148
MSG-002394,REC-05423,2026-09-13T10:33:50Z,2026-09-13T10:33:50Z,SITE-A,ESP32-A01,PV-A01,2.565,20.265,51.98,32.28,34.57,27.717,83.935,1008.223,20841.098,0.124
MSG-002395,REC-05424,2026-09-13T10:33:55Z,2026-09-13T10:33:55Z,SITE-A,ESP32-A01,PV-A01,2.552,20.168,51.469,32.26,34.55,27.767,84.632,1008.22,20806.166,0.074
MSG-002396,REC-05425,2026-09-13T10:34:00Z,2026-09-13T10:34:00Z,SITE-A,ESP32-A01,PV-A01,2.535,20.045,50.804,32.26,34.57,27.687,84.396,1008.28,20729.976,0.107
MSG-002397,REC-05426,2026-09-13T10:34:05Z,2026-09-13T10:34:05Z,SITE-A,ESP32-A01,PV-A01,2.548,20.662,52.652,32.28,34.57,27.643,83.545,1008.209,20755.523,0.115
MSG-002398,REC-05427,2026-09-13T10:34:10Z,2026-09-13T10:34:10Z,SITE-A,ESP32-A01,PV-A01,2.545,20.315,51.691,32.18,34.63,27.769,85.098,1008.197,20614.644,0.074
MSG-002399,REC-05428,2026-09-13T10:34:15Z,2026-09-13T10:34:15Z,SITE-A,ESP32-A01,PV-A01,2.54,19.643,49.891,32.34,34.49,27.711,85.023,1008.194,20916.42,0.124
MSG-002400,REC-05429,2026-09-13T10:34:20Z,2026-09-13T10:34:20Z,SITE-A,ESP32-A01,PV-A01,2.561,20.49,52.469,32.17,34.52,27.669,84.448,1008.2,20736.641,0.077
MSG-002401,REC-05430,2026-09-13T10:34:25Z,2026-09-13T10:34:25Z,SITE-A,ESP32-A01,PV-A01,2.57,20.578,52.875,32.17,34.42,27.68,85.764,1008.188,20972.77,0.115
MSG-002402,REC-05431,2026-09-13T10:34:30Z,2026-09-13T10:34:30Z,SITE-A,ESP32-A01,PV-A01,2.532,19.783,50.091,32.31,34.42,27.698,84.33,1008.278,20938.635,0.11
MSG-002403,REC-05432,2026-09-13T10:34:35Z,2026-09-13T10:34:35Z,SITE-A,ESP32-A01,PV-A01,2.539,20.032,50.863,32.16,34.65,27.76,84.172,1008.228,20753.76,0.112
MSG-002404,REC-05433,2026-09-13T10:34:40Z,2026-09-13T10:34:40Z,SITE-A,ESP32-A01,PV-A01,2.553,20.444,52.199,32.26,34.46,27.646,84.027,1008.279,20967.36,0.093
MSG-002405,REC-05434,2026-09-13T10:34:45Z,2026-09-13T10:34:45Z,SITE-A,ESP32-A01,PV-A01,2.55,19.424,49.523,32.18,34.58,27.626,84.545,1008.3,20434.786,0.093
MSG-002406,REC-05435,2026-09-13T10:34:50Z,2026-09-13T10:34:50Z,SITE-A,ESP32-A01,PV-A01,2.52,19.559,49.285,32.42,34.56,27.653,85.456,1008.228,21063.759,0.095
MSG-002407,REC-05436,2026-09-13T10:34:55Z,2026-09-13T10:34:55Z,SITE-A,ESP32-A01,PV-A01,2.532,20.021,50.7,32.41,34.62,27.79,85.158,1008.162,20530.483,0.118
MSG-002408,REC-05437,2026-09-13T10:35:00Z,2026-09-13T10:35:00Z,SITE-A,ESP32-A01,PV-A01,2.548,19.476,49.631,32.23,34.4,27.737,83.291,1008.19,20776.252,0.086
MSG-002409,REC-05438,2026-09-13T10:35:05Z,2026-09-13T10:35:05Z,SITE-A,ESP32-A01,PV-A01,2.565,19.249,49.38,32.27,34.59,27.842,84.162,1008.354,20694.927,0.104
MSG-002410,REC-05439,2026-09-13T10:35:10Z,2026-09-13T10:35:10Z,SITE-A,ESP32-A01,PV-A01,2.548,20.257,51.614,32.24,34.52,27.56,85.0,1008.168,20787.653,0.089
MSG-002411,REC-05440,2026-09-13T10:35:15Z,2026-09-13T10:35:15Z,SITE-A,ESP32-A01,PV-A01,2.571,49.053,126.131,32.21,34.48,27.823,82.787,1008.11,20586.167,0.111
MSG-002412,REC-05441,2026-09-13T10:35:20Z,2026-09-13T10:35:20Z,SITE-A,ESP32-A01,PV-A01,2.576,19.393,49.953,32.24,34.51,27.764,85.013,1008.125,20198.854,0.137
MSG-002413,REC-05442,2026-09-13T10:35:25Z,2026-09-13T10:35:25Z,SITE-A,ESP32-A01,PV-A01,2.571,19.559,50.286,32.24,34.62,27.833,84.486,1008.168,20437.622,0.082
MSG-002414,REC-05443,2026-09-13T10:35:30Z,2026-09-13T10:35:30Z,SITE-A,ESP32-A01,PV-A01,2.55,20.043,51.102,32.09,34.56,27.576,85.421,1008.198,20351.227,0.106
MSG-002415,REC-05444,2026-09-13T10:35:35Z,2026-09-13T10:35:35Z,SITE-A,ESP32-A01,PV-A01,2.554,20.555,52.496,32.26,34.52,27.826,84.09,1008.25,20222.377,0.085
MSG-002416,REC-05445,2026-09-13T10:35:40Z,2026-09-13T10:35:40Z,SITE-A,ESP32-A01,PV-A01,2.558,19.629,50.218,32.22,34.43,27.676,84.585,1008.255,20537.544,0.132
MSG-002417,REC-05446,2026-09-13T10:35:45Z,2026-09-13T10:35:45Z,SITE-A,ESP32-A01,PV-A01,2.531,19.029,48.16,32.27,34.45,27.835,83.995,1008.347,20368.761,0.094
MSG-002418,REC-05447,2026-09-13T10:35:50Z,2026-09-13T10:35:50Z,SITE-A,ESP32-A01,PV-A01,2.558,19.746,50.503,32.24,34.6,27.988,84.814,1008.257,20672.322,0.135
MSG-002419,REC-05448,2026-09-13T10:35:55Z,2026-09-13T10:35:55Z,SITE-A,ESP32-A01,PV-A01,2.553,19.439,49.629,32.24,34.46,27.797,84.38,1008.165,20562.7,0.075
MSG-002420,REC-05449,2026-09-13T10:36:00Z,2026-09-13T10:36:00Z,SITE-A,ESP32-A01,PV-A01,2.566,18.784,48.192,32.35,34.56,27.637,83.821,1008.115,20950.399,0.093
MSG-002421,REC-05450,2026-09-13T10:36:05Z,2026-09-13T10:36:05Z,SITE-A,ESP32-A01,PV-A01,2.562,18.909,48.449,32.29,34.75,27.784,84.395,1008.196,20525.158,0.112
MSG-002422,REC-05451,2026-09-13T10:36:10Z,2026-09-13T10:36:10Z,SITE-A,ESP32-A01,PV-A01,2.563,19.649,50.363,32.4,34.61,27.654,84.235,1008.232,20718.049,0.112
MSG-002423,REC-05452,2026-09-13T10:36:15Z,2026-09-13T10:36:15Z,SITE-A,ESP32-A01,PV-A01,2.56,19.418,49.702,32.34,34.65,27.731,83.268,1008.267,20706.281,0.132
MSG-002424,REC-05453,2026-09-13T10:36:20Z,2026-09-13T10:36:20Z,SITE-A,ESP32-A01,PV-A01,2.543,19.944,50.715,32.27,34.5,27.706,83.968,1008.277,20456.397,0.111
MSG-002425,REC-05454,2026-09-13T10:36:25Z,2026-09-13T10:36:25Z,SITE-A,ESP32-A01,PV-A01,2.571,20.036,51.513,32.35,34.49,27.694,84.679,1008.164,20682.904,0.094
MSG-002426,REC-05455,2026-09-13T10:36:30Z,2026-09-13T10:36:30Z,SITE-A,ESP32-A01,PV-A01,2.529,18.751,47.424,32.13,34.64,27.686,84.422,1008.162,20639.98,0.1
MSG-002427,REC-05456,2026-09-13T10:36:35Z,2026-09-13T10:36:35Z,SITE-A,ESP32-A01,PV-A01,2.52,19.616,49.433,32.43,34.54,27.938,83.499,1008.276,20534.817,0.135
MSG-002428,REC-05457,2026-09-13T10:36:40Z,2026-09-13T10:36:40Z,SITE-A,ESP32-A01,PV-A01,2.538,19.676,49.945,32.29,34.66,27.773,84.377,1008.207,20420.513,0.1
MSG-002429,REC-05458,2026-09-13T10:36:45Z,2026-09-13T10:36:45Z,SITE-A,ESP32-A01,PV-A01,2.531,18.931,47.916,32.46,34.59,27.613,83.781,1008.217,20314.493,0.124
MSG-002430,REC-05459,2026-09-13T10:36:50Z,2026-09-13T10:36:50Z,SITE-A,ESP32-A01,PV-A01,2.528,20.25,51.185,32.22,34.86,27.869,84.557,1008.27,20665.434,0.138
MSG-002431,REC-05460,2026-09-13T10:36:55Z,2026-09-13T10:36:55Z,SITE-A,ESP32-A01,PV-A01,2.544,19.659,50.008,32.19,34.53,27.643,84.504,1008.207,20662.438,0.082
MSG-002432,REC-05461,2026-09-13T10:41:00Z,2026-09-13T10:41:00Z,SITE-E,ESP32-E01,PV-E01,3.22,-0.421,1.356,28.97,28.06,25.796,100.484,1008.918,12878.344,0.071
MSG-002433,REC-05462,2026-09-13T10:41:05Z,2026-09-13T10:41:05Z,SITE-E,ESP32-E01,PV-E01,3.209,0.142,0.456,29.1,28.0,25.784,99.764,1008.943,12919.661,0.031
MSG-002434,REC-05464,2026-09-13T10:41:15Z,2026-09-13T10:41:15Z,SITE-E,ESP32-E01,PV-E01,3.183,0.367,1.169,29.08,28.15,25.809,99.763,1008.833,12710.299,0.066
MSG-002435,REC-05465,2026-09-13T10:41:20Z,2026-09-13T10:41:20Z,SITE-E,ESP32-E01,PV-E01,3.204,0.498,1.594,28.88,28.01,25.689,99.681,1008.832,12946.114,0.044
MSG-002436,REC-05467,2026-09-13T10:41:30Z,2026-09-13T10:41:30Z,SITE-E,ESP32-E01,PV-E01,3.239,1.178,3.815,-127.0,28.07,25.778,99.598,1008.863,12780.872,0.026
MSG-002437,REC-05468,2026-09-13T10:41:35Z,2026-09-13T10:41:35Z,SITE-E,ESP32-E01,PV-E01,3.219,-0.519,1.669,-127.0,28.04,25.765,99.666,1008.873,13180.426,0.034
MSG-002438,REC-05469,2026-09-13T10:41:40Z,2026-09-13T10:41:40Z,SITE-E,ESP32-E01,PV-E01,3.194,-0.065,0.208,-127.0,27.94,25.899,100.834,1008.784,12758.233,0.061
MSG-002439,REC-05470,2026-09-13T10:41:45Z,2026-09-13T10:41:45Z,SITE-E,ESP32-E01,PV-E01,3.221,-0.108,0.347,29.06,28.03,25.815,100.316,1008.811,13004.166,0.051
MSG-002440,REC-05471,2026-09-13T10:41:50Z,2026-09-13T10:41:50Z,SITE-E,ESP32-E01,PV-E01,3.189,0.069,0.22,28.87,28.04,25.787,99.327,1008.811,13159.282,0.006
MSG-002441,REC-05472,2026-09-13T10:41:55Z,2026-09-13T10:41:55Z,SITE-E,ESP32-E01,PV-E01,3.208,0.822,2.637,29.01,28.1,25.742,100.645,1008.869,12941.341,0.063
MSG-002442,REC-05474,2026-09-13T10:42:05Z,2026-09-13T10:42:05Z,SITE-E,ESP32-E01,PV-E01,3.217,0.106,0.34,28.84,28.07,25.797,99.616,1008.889,12848.319,0.052
MSG-002443,REC-05475,2026-09-13T10:42:10Z,2026-09-13T10:42:10Z,SITE-E,ESP32-E01,PV-E01,3.212,0.105,0.337,29.05,28.02,25.888,100.344,1008.732,12650.956,0.038
MSG-002444,REC-05476,2026-09-13T10:42:15Z,2026-09-13T10:42:15Z,SITE-E,ESP32-E01,PV-E01,3.22,0.036,0.117,28.99,28.11,25.841,99.639,1008.859,12872.35,0.028
MSG-002445,REC-05477,2026-09-13T10:42:20Z,2026-09-13T10:42:20Z,SITE-E,ESP32-E01,PV-E01,3.213,0.157,0.505,29.08,28.11,25.731,100.476,1008.759,12847.749,0.051
MSG-002446,REC-05478,2026-09-13T10:42:25Z,2026-09-13T10:42:25Z,SITE-E,ESP32-E01,PV-E01,3.202,0.388,1.242,28.98,28.05,25.799,100.151,1008.893,12796.004,0.01
MSG-002447,REC-05479,2026-09-13T10:42:30Z,2026-09-13T10:42:30Z,SITE-E,ESP32-E01,PV-E01,3.211,0.077,0.246,28.9,28.07,25.801,99.791,1008.898,13013.201,0.029
MSG-002448,REC-05480,2026-09-13T10:42:35Z,2026-09-13T10:42:35Z,SITE-E,ESP32-E01,PV-E01,3.201,0.562,1.799,28.9,28.11,25.831,99.872,1008.729,12832.52,0.075
MSG-002449,REC-05482,2026-09-13T10:42:45Z,2026-09-13T10:42:45Z,SITE-E,ESP32-E01,PV-E01,3.214,0.649,2.087,28.96,28.02,25.643,100.322,1008.948,13034.064,0.054
MSG-002450,REC-05483,2026-09-13T10:42:50Z,2026-09-13T10:42:50Z,SITE-E,ESP32-E01,PV-E01,3.205,0.151,0.483,29.05,28.02,25.901,99.676,1008.997,2506.4,0.046
MSG-002451,REC-05484,2026-09-13T10:42:55Z,2026-09-13T10:42:55Z,SITE-E,ESP32-E01,PV-E01,3.212,-0.01,0.031,28.93,28.11,26.001,99.625,1008.818,12911.424,0.045
MSG-002452,REC-05485,2026-09-13T10:43:00Z,2026-09-13T10:43:00Z,SITE-E,ESP32-E01,PV-E01,3.212,-0.319,1.025,28.82,27.98,25.784,99.947,1008.823,12844.517,0.027
MSG-002453,REC-05486,2026-09-13T10:43:05Z,2026-09-13T10:43:05Z,SITE-E,ESP32-E01,PV-E01,3.198,-0.036,0.115,28.92,28.05,25.869,100.808,1008.848,12795.453,0.015
MSG-002454,REC-05487,2026-09-13T10:43:10Z,2026-09-13T10:43:10Z,SITE-E,ESP32-E01,PV-E01,3.21,0.393,1.26,28.83,27.92,25.724,99.203,1008.972,12957.438,0.053
MSG-002455,REC-05488,2026-09-13T10:43:15Z,2026-09-13T10:43:15Z,SITE-E,ESP32-E01,PV-E01,3.189,1.73,5.518,28.97,28.09,25.906,100.233,1008.838,12756.437,0.044
MSG-002456,REC-05489,2026-09-13T10:43:20Z,2026-09-13T10:43:20Z,SITE-E,ESP32-E01,PV-E01,3.213,0.1,0.321,28.99,28.01,25.858,99.496,1008.861,12607.888,0.033
MSG-002457,REC-05491,2026-09-13T10:43:30Z,2026-09-13T10:43:30Z,SITE-E,ESP32-E01,PV-E01,3.223,0.166,0.536,28.95,28.0,25.712,100.017,1008.84,12461.213,0.02
MSG-002458,REC-05493,2026-09-13T10:43:40Z,2026-09-13T10:43:40Z,SITE-E,ESP32-E01,PV-E01,3.197,0.223,0.714,28.96,28.03,25.728,100.39,1008.855,12806.069,0.077
MSG-002459,REC-05494,2026-09-13T10:43:45Z,2026-09-13T10:43:45Z,SITE-E,ESP32-E01,PV-E01,3.187,-0.174,0.554,29.0,28.05,25.795,99.941,1008.835,12898.346,0.029
MSG-002460,REC-05496,2026-09-13T10:43:55Z,2026-09-13T10:43:55Z,SITE-E,ESP32-E01,PV-E01,3.184,1.169,3.723,29.15,27.92,25.956,100.173,1008.875,12736.562,0.037
MSG-002461,REC-05497,2026-09-13T10:44:00Z,2026-09-13T10:44:00Z,SITE-E,ESP32-E01,PV-E01,3.216,0.821,2.639,28.99,28.19,25.697,98.864,1008.848,12785.857,0.06
MSG-002462,REC-05498,2026-09-13T10:44:05Z,2026-09-13T10:44:05Z,SITE-E,ESP32-E01,PV-E01,3.198,0.034,0.109,29.03,28.08,25.893,99.415,1008.844,12546.882,0.023
MSG-002463,REC-05499,2026-09-13T10:44:10Z,2026-09-13T10:44:10Z,SITE-E,ESP32-E01,PV-E01,3.192,0.957,3.053,28.97,28.08,25.496,100.044,1008.819,12668.535,0.038
MSG-002464,REC-05500,2026-09-13T10:44:15Z,2026-09-13T10:44:15Z,SITE-E,ESP32-E01,PV-E01,3.18,0.147,0.466,28.99,28.07,25.935,100.529,1008.779,12700.526,0.046
MSG-002465,REC-05501,2026-09-13T10:44:20Z,2026-09-13T10:44:20Z,SITE-E,ESP32-E01,PV-E01,3.213,0.225,0.722,28.94,28.14,25.863,99.626,1008.805,12715.665,0.042
MSG-002466,REC-05502,2026-09-13T10:44:25Z,2026-09-13T10:44:25Z,SITE-E,ESP32-E01,PV-E01,3.212,-1.151,3.696,28.97,28.09,25.696,99.999,1008.81,12977.851,0.041
MSG-002467,REC-05503,2026-09-13T10:44:30Z,2026-09-13T10:44:30Z,SITE-E,ESP32-E01,PV-E01,3.227,0.029,0.095,29.2,28.05,25.689,100.107,1008.871,13013.258,0.025
MSG-002468,REC-05504,2026-09-13T10:44:35Z,2026-09-13T10:44:35Z,SITE-E,ESP32-E01,PV-E01,3.216,-0.218,0.702,29.09,28.05,25.581,99.715,1008.863,12947.886,0.089
MSG-002469,REC-05505,2026-09-13T10:44:40Z,2026-09-13T10:44:40Z,SITE-E,ESP32-E01,PV-E01,3.207,-0.134,0.43,29.03,28.18,25.872,99.121,1008.86,12628.956,0.037
MSG-002470,REC-05507,2026-09-13T10:44:50Z,2026-09-13T10:44:50Z,SITE-E,ESP32-E01,PV-E01,3.208,-0.299,0.959,29.17,28.09,25.681,100.656,1008.81,12909.228,0.062
MSG-002471,REC-05510,2026-09-13T10:45:05Z,2026-09-13T10:45:05Z,SITE-E,ESP32-E01,PV-E01,3.212,-0.494,1.587,29.11,28.18,25.858,99.382,1008.945,12914.792,0.006
MSG-002472,REC-05511,2026-09-13T10:45:10Z,2026-09-13T10:45:10Z,SITE-E,ESP32-E01,PV-E01,3.2,0.056,0.178,29.0,28.03,25.805,100.216,1008.859,13136.344,0.026
MSG-002473,REC-05512,2026-09-13T10:45:15Z,2026-09-13T10:45:15Z,SITE-E,ESP32-E01,PV-E01,3.213,0.61,1.96,28.96,28.14,25.673,99.648,1008.746,12984.91,0.056
MSG-002474,REC-05513,2026-09-13T10:45:20Z,2026-09-13T10:45:20Z,SITE-E,ESP32-E01,PV-E01,3.212,0.743,2.386,28.96,28.13,25.822,101.039,1008.792,13001.72,0.029
MSG-002475,REC-05514,2026-09-13T10:45:25Z,2026-09-13T10:45:25Z,SITE-E,ESP32-E01,PV-E01,3.198,0.421,1.346,29.07,28.08,25.726,99.449,1008.886,13011.767,0.048
MSG-002476,REC-05516,2026-09-13T10:45:35Z,2026-09-13T10:45:35Z,SITE-E,ESP32-E01,PV-E01,3.204,0.155,0.498,28.93,27.92,25.854,99.634,1008.821,12773.682,0.013
MSG-002477,REC-05517,2026-09-13T10:45:40Z,2026-09-13T10:45:40Z,SITE-E,ESP32-E01,PV-E01,3.206,0.323,1.036,29.06,28.1,25.746,99.308,1008.861,12857.413,0.023
MSG-002478,REC-05518,2026-09-13T10:45:45Z,2026-09-13T10:45:45Z,SITE-E,ESP32-E01,PV-E01,3.193,0.584,1.865,28.95,27.91,25.647,100.541,1008.715,12736.445,0.035
MSG-002479,REC-05519,2026-09-13T10:45:50Z,2026-09-13T10:45:50Z,SITE-E,ESP32-E01,PV-E01,3.221,-0.696,2.242,28.86,28.03,25.837,99.63,1008.842,12569.556,0.071
MSG-002480,REC-05520,2026-09-13T10:45:55Z,2026-09-13T10:45:55Z,SITE-E,ESP32-E01,PV-E01,3.2,0.849,2.715,28.9,28.04,25.883,100.439,1008.894,12906.209,0.052
MSG-002481,REC-05521,2026-09-13T11:20:00Z,2026-09-13T11:20:00Z,SITE-E,ESP32-E01,PV-E01,0.015,11.426,0.17,29.76,28.83,24.998,100.111,1008.912,7102.045,0.057
MSG-002482,REC-05522,2026-09-13T11:20:05Z,2026-09-13T11:20:05Z,SITE-E,ESP32-E01,PV-E01,0.024,10.557,0.255,29.43,28.9,25.091,99.439,1008.876,7111.182,0.06
MSG-002483,REC-05523,2026-09-13T11:20:10Z,2026-09-13T11:20:10Z,SITE-E,ESP32-E01,PV-E01,0.011,12.705,0.144,29.44,28.69,25.242,99.392,1008.869,7090.966,0.07
MSG-002484,REC-05524,2026-09-13T11:20:15Z,2026-09-13T11:20:15Z,SITE-E,ESP32-E01,PV-E01,0.017,12.057,0.204,29.5,28.84,25.131,99.935,1008.869,7205.371,0.042
MSG-002485,REC-05525,2026-09-13T11:20:20Z,2026-09-13T11:20:20Z,SITE-E,ESP32-E01,PV-E01,0.029,11.86,0.341,29.5,28.76,25.094,100.128,1008.924,7173.569,0.025
MSG-002486,REC-05526,2026-09-13T11:20:25Z,2026-09-13T11:20:25Z,SITE-E,ESP32-E01,PV-E01,0.017,11.647,0.196,29.58,28.86,25.016,100.138,1008.774,7331.632,0.074
MSG-002487,REC-05527,2026-09-13T11:20:30Z,2026-09-13T11:20:30Z,SITE-E,ESP32-E01,PV-E01,0.005,12.291,0.067,29.54,28.82,25.221,100.16,1008.895,7016.279,0.05
MSG-002488,REC-05528,2026-09-13T11:20:35Z,2026-09-13T11:20:35Z,SITE-E,ESP32-E01,PV-E01,0.018,11.718,0.213,29.64,28.74,25.112,100.995,1008.901,7019.979,0.031
MSG-002489,REC-05529,2026-09-13T11:20:40Z,2026-09-13T11:20:40Z,SITE-E,ESP32-E01,PV-E01,0.015,11.68,0.178,29.59,28.75,25.117,99.942,1008.87,7081.47,0.063
MSG-002490,REC-05530,2026-09-13T11:20:45Z,2026-09-13T11:20:45Z,SITE-E,ESP32-E01,PV-E01,0.01,11.754,0.121,29.51,28.78,25.075,98.495,1008.789,7062.814,0.068
MSG-002491,REC-05531,2026-09-13T11:20:50Z,2026-09-13T11:20:50Z,SITE-E,ESP32-E01,PV-E01,0.006,11.546,0.072,29.55,28.82,25.066,99.499,1008.879,7213.738,0.065
MSG-002492,REC-05532,2026-09-13T11:20:55Z,2026-09-13T11:20:55Z,SITE-E,ESP32-E01,PV-E01,0.017,11.618,0.195,29.55,28.83,25.049,99.41,1008.787,6931.142,0.058
MSG-002493,REC-05534,2026-09-13T11:21:05Z,2026-09-13T11:21:05Z,SITE-E,ESP32-E01,PV-E01,0.01,11.336,0.115,29.65,28.84,25.116,99.239,1008.877,7003.637,0.08
MSG-002494,REC-05535,2026-09-13T11:21:10Z,2026-09-13T11:21:10Z,SITE-E,ESP32-E01,PV-E01,-0.006,11.487,0.067,29.65,28.7,25.132,99.675,1008.849,7262.43,0.104
MSG-002495,REC-05536,2026-09-13T11:21:15Z,2026-09-13T11:21:15Z,SITE-E,ESP32-E01,PV-E01,0.021,11.407,0.242,29.52,-999.0,25.15,99.502,1008.927,7417.014,0.076
MSG-002496,REC-05537,2026-09-13T11:21:20Z,2026-09-13T11:21:20Z,SITE-E,ESP32-E01,PV-E01,0.01,11.498,0.117,29.58,28.82,25.085,99.611,1008.93,7191.824,0.076
MSG-002497,REC-05538,2026-09-13T11:21:25Z,2026-09-13T11:21:25Z,SITE-E,ESP32-E01,PV-E01,0.016,10.874,0.176,29.48,28.77,25.084,100.298,1008.866,7138.831,0.026
MSG-002498,REC-05539,2026-09-13T11:21:30Z,2026-09-13T11:21:30Z,SITE-E,ESP32-E01,PV-E01,0.015,12.182,0.179,29.62,28.69,25.155,100.023,1008.873,7263.061,0.055
MSG-002499,REC-05540,2026-09-13T11:21:35Z,2026-09-13T11:21:35Z,SITE-E,ESP32-E01,PV-E01,0.01,11.571,0.114,29.67,28.76,25.021,99.887,1008.884,7082.708,0.058
MSG-002500,REC-05541,2026-09-13T11:21:40Z,2026-09-13T11:21:40Z,SITE-E,ESP32-E01,PV-E01,0.01,11.885,0.119,29.39,28.87,24.958,99.661,1008.908,7157.447,0.07
MSG-002501,REC-05542,2026-09-13T11:21:45Z,2026-09-13T11:21:45Z,SITE-E,ESP32-E01,PV-E01,0.035,11.605,0.406,29.56,28.82,25.088,98.261,1008.913,7006.266,0.077
MSG-002502,REC-05543,2026-09-13T11:21:50Z,2026-09-13T11:21:50Z,SITE-E,ESP32-E01,PV-E01,-0.0,11.409,0.005,29.56,28.89,25.077,100.087,1008.896,6993.52,0.034
MSG-002503,REC-05544,2026-09-13T11:21:55Z,2026-09-13T11:21:55Z,SITE-E,ESP32-E01,PV-E01,0.012,11.249,0.131,29.63,28.88,25.087,100.44,1008.898,7138.858,0.105
MSG-002504,REC-05546,2026-09-13T11:22:05Z,2026-09-13T11:22:05Z,SITE-E,ESP32-E01,PV-E01,0.005,11.512,0.056,29.5,28.52,25.119,99.57,1008.841,7128.889,0.074
MSG-002505,REC-05547,2026-09-13T11:22:10Z,2026-09-13T11:22:10Z,SITE-E,ESP32-E01,PV-E01,0.008,11.967,0.091,29.56,28.7,25.133,99.117,1008.884,7093.999,0.043
MSG-002506,REC-05548,2026-09-13T11:22:15Z,2026-09-13T11:22:15Z,SITE-E,ESP32-E01,PV-E01,-0.0,11.718,0.002,29.59,28.64,25.133,100.182,1008.857,7035.292,0.061
MSG-002507,REC-05549,2026-09-13T11:22:20Z,2026-09-13T11:22:20Z,SITE-E,ESP32-E01,PV-E01,0.031,11.952,0.375,29.56,28.87,25.101,99.911,1008.885,7239.086,0.067
MSG-002508,REC-05550,2026-09-13T11:22:25Z,2026-09-13T11:22:25Z,SITE-E,ESP32-E01,PV-E01,0.031,10.556,0.332,29.61,28.8,25.193,100.158,1008.907,6996.663,0.063
MSG-002509,REC-05551,2026-09-13T11:22:30Z,2026-09-13T11:22:30Z,SITE-E,ESP32-E01,PV-E01,0.027,11.869,0.319,29.6,28.74,25.214,99.967,1008.904,7087.138,0.03
MSG-002510,REC-05552,2026-09-13T11:22:35Z,2026-09-13T11:22:35Z,SITE-E,ESP32-E01,PV-E01,0.036,12.024,0.435,29.5,28.71,25.259,100.42,1008.907,7174.344,0.073
MSG-002511,REC-05553,2026-09-13T11:22:40Z,2026-09-13T11:22:40Z,SITE-E,ESP32-E01,PV-E01,0.039,11.036,0.427,29.55,28.85,25.177,99.705,1008.954,7111.56,0.052
MSG-002512,REC-05554,2026-09-13T11:22:45Z,2026-09-13T11:22:45Z,SITE-E,ESP32-E01,PV-E01,0.022,12.097,0.261,29.6,28.7,25.297,99.423,1008.958,7008.804,0.053
MSG-002513,REC-05555,2026-09-13T11:22:50Z,2026-09-13T11:22:50Z,SITE-E,ESP32-E01,PV-E01,0.011,11.88,0.125,29.5,28.67,25.096,100.309,1008.757,6742.731,0.065
MSG-002514,REC-05556,2026-09-13T11:22:55Z,2026-09-13T11:22:55Z,SITE-E,ESP32-E01,PV-E01,0.01,11.044,0.115,29.49,28.65,25.236,100.247,1008.881,6946.48,0.062
MSG-002515,REC-05557,2026-09-13T11:23:00Z,2026-09-13T11:23:00Z,SITE-E,ESP32-E01,PV-E01,-0.006,12.031,0.075,29.43,28.77,25.282,99.465,1008.896,7295.308,0.05
MSG-002516,REC-05558,2026-09-13T11:23:05Z,2026-09-13T11:23:05Z,SITE-E,ESP32-E01,PV-E01,0.011,10.795,0.124,29.64,28.7,25.354,100.372,1008.926,6932.694,0.043
MSG-002517,REC-05559,2026-09-13T11:23:10Z,2026-09-13T11:23:10Z,SITE-E,ESP32-E01,PV-E01,0.006,12.014,0.069,29.74,28.86,25.16,99.978,1008.846,6926.396,0.034
MSG-002518,REC-05559,2026-09-13T11:23:10Z,2026-09-13T11:23:10Z,SITE-E,ESP32-E01,PV-E01,0.006,12.014,0.069,29.74,28.86,25.16,99.978,1008.846,6926.396,0.034
MSG-002519,REC-05560,2026-09-13T11:23:15Z,2026-09-13T11:23:15Z,SITE-E,ESP32-E01,PV-E01,0.017,2.298,0.04,29.5,28.77,25.188,100.424,1008.948,6942.53,0.066
MSG-002520,REC-05561,2026-09-13T11:23:20Z,2026-09-13T11:23:20Z,SITE-E,ESP32-E01,PV-E01,0.01,11.999,0.121,29.59,28.64,25.219,99.941,1008.929,6964.637,0.047
MSG-002521,REC-05562,2026-09-13T11:23:25Z,2026-09-13T11:23:25Z,SITE-E,ESP32-E01,PV-E01,0.022,10.721,0.241,29.64,28.74,25.221,99.933,1008.915,6861.67,0.098
MSG-002522,REC-05563,2026-09-13T11:23:30Z,2026-09-13T11:23:30Z,SITE-E,ESP32-E01,PV-E01,0.004,10.983,0.041,29.45,28.68,25.209,99.414,1008.909,7106.906,0.074
MSG-002523,REC-05564,2026-09-13T11:23:35Z,2026-09-13T11:23:35Z,SITE-E,ESP32-E01,PV-E01,0.01,11.715,0.116,29.58,28.76,25.142,100.394,1008.904,7088.978,0.079
MSG-002524,REC-05565,2026-09-13T11:23:40Z,2026-09-13T11:23:40Z,SITE-E,ESP32-E01,PV-E01,0.003,11.33,0.038,29.65,28.84,25.141,99.596,1008.887,6779.341,0.037
MSG-002525,REC-05566,2026-09-13T11:23:45Z,2026-09-13T11:23:45Z,SITE-E,ESP32-E01,PV-E01,0.01,11.854,0.114,29.52,28.74,25.026,100.602,1009.017,6622.825,0.046
MSG-002526,REC-05567,2026-09-13T11:23:50Z,2026-09-13T11:23:50Z,SITE-E,ESP32-E01,PV-E01,-0.006,11.556,0.067,29.55,28.71,25.201,100.334,1008.804,6973.574,0.074
MSG-002527,REC-05568,2026-09-13T11:23:55Z,2026-09-13T11:23:55Z,SITE-E,ESP32-E01,PV-E01,0.011,11.725,0.129,29.67,28.81,25.209,99.378,1008.951,6880.822,0.054
MSG-002528,REC-05569,2026-09-13T11:24:00Z,2026-09-13T11:24:00Z,SITE-E,ESP32-E01,PV-E01,0.017,12.761,0.211,29.53,28.74,25.253,100.547,1008.898,7092.569,0.031
MSG-002529,REC-05570,2026-09-13T11:24:05Z,2026-09-13T11:24:05Z,SITE-E,ESP32-E01,PV-E01,-0.012,11.641,0.142,29.54,28.84,25.003,100.137,1008.929,7041.576,0.058
MSG-002530,REC-05571,2026-09-13T11:24:10Z,2026-09-13T11:24:10Z,SITE-E,ESP32-E01,PV-E01,0.01,10.762,0.107,29.57,28.82,25.357,98.95,1008.845,7159.509,0.045
MSG-002531,REC-05572,2026-09-13T11:24:15Z,2026-09-13T11:24:15Z,SITE-E,ESP32-E01,PV-E01,0.001,11.435,0.008,29.75,28.73,24.964,99.931,1008.876,7196.231,0.069
MSG-002532,REC-05573,2026-09-13T11:24:20Z,2026-09-13T11:24:20Z,SITE-E,ESP32-E01,PV-E01,0.01,11.675,0.111,29.65,28.69,25.065,99.636,1008.782,6962.239,0.1
MSG-002533,REC-05574,2026-09-13T11:24:25Z,2026-09-13T11:24:25Z,SITE-E,ESP32-E01,PV-E01,-0.005,12.214,0.067,29.62,28.76,25.1,99.91,1008.86,7074.697,0.072
MSG-002534,REC-05575,2026-09-13T11:24:30Z,2026-09-13T11:24:30Z,SITE-E,ESP32-E01,PV-E01,0.018,12.291,0.215,29.62,28.82,25.153,100.502,1008.833,7039.955,0.044
MSG-002535,REC-05576,2026-09-13T11:24:35Z,2026-09-13T11:24:35Z,SITE-E,ESP32-E01,PV-E01,0.036,12.369,0.441,29.49,28.93,25.325,100.599,1008.983,7288.927,0.063
MSG-002536,REC-05577,2026-09-13T11:24:40Z,2026-09-13T11:24:40Z,SITE-E,ESP32-E01,PV-E01,0.009,11.13,0.105,29.62,28.7,25.137,99.906,1008.938,7159.261,0.05
MSG-002537,REC-05578,2026-09-13T11:24:45Z,2026-09-13T11:24:45Z,SITE-E,ESP32-E01,PV-E01,0.02,11.49,0.235,29.55,28.71,25.374,98.699,1008.844,7368.056,0.045
MSG-002538,REC-05579,2026-09-13T11:24:50Z,2026-09-13T11:24:50Z,SITE-E,ESP32-E01,PV-E01,-0.021,11.288,0.24,29.56,28.86,25.103,100.696,1008.799,7385.56,0.04
MSG-002539,REC-05580,2026-09-13T11:24:55Z,2026-09-13T11:24:55Z,SITE-E,ESP32-E01,PV-E01,0.002,11.936,0.019,29.55,28.79,25.361,99.288,1008.956,7148.812,0.059
MSG-002540,REC-05581,2026-09-14T01:36:00Z,2026-09-14T01:36:00Z,SITE-E,ESP32-E01,PV-E01,0.011,8.228,0.092,26.0,26.91,23.373,95.79,1009.679,5128.467,0.104
MSG-002541,REC-05582,2026-09-14T01:36:05Z,2026-09-14T01:36:05Z,SITE-E,ESP32-E01,PV-E01,0.005,7.864,0.039,25.97,26.79,23.317,94.815,1009.715,5008.672,0.124
MSG-002542,REC-05583,2026-09-14T01:36:10Z,2026-09-14T01:36:10Z,SITE-E,ESP32-E01,PV-E01,0.011,7.694,0.083,25.72,26.76,23.267,95.682,1009.547,5141.816,0.123
MSG-002543,REC-05584,2026-09-14T01:36:15Z,2026-09-14T01:36:15Z,SITE-E,ESP32-E01,PV-E01,0.007,8.716,0.064,25.89,26.82,23.462,95.059,1009.65,4817.083,0.081
MSG-002544,REC-05585,2026-09-14T01:36:20Z,2026-09-14T01:36:20Z,SITE-E,ESP32-E01,PV-E01,0.005,8.743,0.04,25.98,26.91,23.35,95.692,1009.628,5112.448,0.092
MSG-002545,REC-05586,2026-09-14T01:36:25Z,2026-09-14T01:36:25Z,SITE-E,ESP32-E01,PV-E01,-0.0,8.211,0.003,25.82,26.68,23.328,95.69,1009.68,4959.435,0.106
MSG-002546,REC-05587,2026-09-14T01:36:30Z,2026-09-14T01:36:30Z,SITE-E,ESP32-E01,PV-E01,0.006,7.63,0.048,26.04,26.69,23.27,94.641,1009.646,5062.37,0.107
MSG-002547,REC-05588,2026-09-14T01:36:35Z,2026-09-14T01:36:35Z,SITE-E,ESP32-E01,PV-E01,0.015,8.616,0.129,25.93,26.91,23.415,95.01,1009.622,4673.767,0.121
MSG-002548,REC-05589,2026-09-14T01:36:40Z,2026-09-14T01:36:40Z,SITE-E,ESP32-E01,PV-E01,-0.002,7.625,0.013,25.97,26.76,23.396,96.373,1009.669,5232.154,0.13
MSG-002549,REC-05590,2026-09-14T01:36:45Z,2026-09-14T01:36:45Z,SITE-E,ESP32-E01,PV-E01,0.015,8.097,0.12,25.98,26.92,23.477,95.678,1009.776,5051.526,0.085
MSG-002550,REC-05591,2026-09-14T01:36:50Z,2026-09-14T01:36:50Z,SITE-E,ESP32-E01,PV-E01,-0.008,7.734,0.062,25.79,26.76,23.556,95.634,1009.677,5270.058,0.108
MSG-002551,REC-05592,2026-09-14T01:36:55Z,2026-09-14T01:36:55Z,SITE-E,ESP32-E01,PV-E01,0.008,8.056,0.062,25.97,26.77,23.348,94.979,1009.685,5180.426,0.12
MSG-002552,REC-05593,2026-09-14T01:37:00Z,2026-09-14T01:37:00Z,SITE-E,ESP32-E01,PV-E01,0.02,8.385,0.165,25.93,26.89,23.374,94.965,1009.674,4703.117,0.104
MSG-002553,REC-05594,2026-09-14T01:37:05Z,2026-09-14T01:37:05Z,SITE-E,ESP32-E01,PV-E01,0.011,8.12,0.088,25.84,26.85,23.363,96.407,1009.497,5220.678,0.11
MSG-002554,REC-05595,2026-09-14T01:37:10Z,2026-09-14T01:37:10Z,SITE-E,ESP32-E01,PV-E01,0.001,19.382,0.018,26.02,26.71,23.383,95.49,1009.767,5036.658,0.11
MSG-002555,REC-05596,2026-09-14T01:37:15Z,2026-09-14T01:37:15Z,SITE-E,ESP32-E01,PV-E01,0.013,7.822,0.101,25.73,26.85,23.524,95.518,1009.668,5132.698,0.087
MSG-002556,REC-05597,2026-09-14T01:37:20Z,2026-09-14T01:37:20Z,SITE-E,ESP32-E01,PV-E01,0.013,8.222,0.103,25.83,26.74,23.581,94.576,1009.653,5100.023,0.09
MSG-002557,REC-05598,2026-09-14T01:37:25Z,2026-09-14T01:37:25Z,SITE-E,ESP32-E01,PV-E01,0.017,8.855,0.153,26.01,26.84,23.408,95.421,1009.629,4976.408,0.108
MSG-002558,REC-05599,2026-09-14T01:37:30Z,2026-09-14T01:37:30Z,SITE-E,ESP32-E01,PV-E01,0.026,7.68,0.199,25.98,26.81,23.427,95.225,1009.647,4975.254,0.119
MSG-002559,REC-05600,2026-09-14T01:37:35Z,2026-09-14T01:37:35Z,SITE-E,ESP32-E01,PV-E01,0.011,7.299,0.08,25.86,26.81,23.239,95.717,1009.656,5131.339,0.097
MSG-002560,REC-05601,2026-09-14T01:37:40Z,2026-09-14T01:37:40Z,SITE-E,ESP32-E01,PV-E01,0.002,8.302,0.02,25.83,26.75,23.226,96.512,1009.673,4890.009,0.111
MSG-002561,REC-05601,2026-09-14T01:37:40Z,2026-09-14T01:37:40Z,SITE-E,ESP32-E01,PV-E01,0.002,8.302,0.02,25.83,26.75,23.226,96.512,1009.673,4890.009,0.111
MSG-002562,REC-05602,2026-09-14T01:37:45Z,2026-09-14T01:37:45Z,SITE-E,ESP32-E01,PV-E01,-0.005,8.794,0.045,25.88,26.67,23.355,96.117,1009.695,5002.836,0.122
MSG-002563,REC-05603,2026-09-14T01:37:50Z,2026-09-14T01:37:50Z,SITE-E,ESP32-E01,PV-E01,0.024,8.026,0.19,25.92,26.75,23.332,95.969,1009.677,5234.875,0.101
MSG-002564,REC-05604,2026-09-14T01:37:55Z,2026-09-14T01:37:55Z,SITE-E,ESP32-E01,PV-E01,-0.001,8.021,0.004,25.84,26.84,23.26,94.994,1009.721,4846.634,0.062
MSG-002565,REC-05605,2026-09-14T01:38:00Z,2026-09-14T01:38:00Z,SITE-E,ESP32-E01,PV-E01,0.013,7.67,0.097,25.86,26.81,23.268,95.042,1009.727,4971.148,0.127
MSG-002566,REC-05606,2026-09-14T01:38:05Z,2026-09-14T01:38:05Z,SITE-E,ESP32-E01,PV-E01,0.018,8.089,0.149,25.88,26.71,23.337,95.074,1009.762,5176.7,0.096
MSG-002567,REC-05607,2026-09-14T01:38:10Z,2026-09-14T01:38:10Z,SITE-E,ESP32-E01,PV-E01,-0.014,8.158,0.112,25.83,26.85,23.528,96.596,1009.691,4891.366,0.149
MSG-002568,REC-05608,2026-09-14T01:38:15Z,2026-09-14T01:38:15Z,SITE-E,ESP32-E01,PV-E01,0.002,8.676,0.016,25.83,26.8,23.581,94.972,1009.537,4732.073,0.116
MSG-002569,REC-05609,2026-09-14T01:38:20Z,2026-09-14T01:38:20Z,SITE-E,ESP32-E01,PV-E01,0.017,8.507,0.142,25.76,26.81,23.417,95.912,1009.676,4726.33,0.113
MSG-002570,REC-05610,2026-09-14T01:38:25Z,2026-09-14T01:38:25Z,SITE-E,ESP32-E01,PV-E01,0.01,7.555,0.073,25.84,26.67,23.528,95.239,1009.629,4972.091,0.108
MSG-002571,REC-05611,2026-09-14T01:38:30Z,2026-09-14T01:38:30Z,SITE-E,ESP32-E01,PV-E01,0.008,7.364,0.058,25.85,26.91,23.384,95.761,1009.74,5311.563,0.111
MSG-002572,REC-05612,2026-09-14T01:38:35Z,2026-09-14T01:38:35Z,SITE-E,ESP32-E01,PV-E01,-0.016,7.946,0.126,25.78,26.8,23.467,95.392,1009.678,4902.275,0.102
MSG-002573,REC-05613,2026-09-14T01:38:40Z,2026-09-14T01:38:40Z,SITE-E,ESP32-E01,PV-E01,0.002,7.688,0.017,25.86,26.87,23.487,96.061,1009.712,4955.414,0.123
MSG-002574,REC-05614,2026-09-14T01:38:45Z,2026-09-14T01:38:45Z,SITE-E,ESP32-E01,PV-E01,0.03,8.543,0.256,25.95,26.71,23.447,95.261,1009.755,5081.08,0.13
MSG-002575,REC-05615,2026-09-14T01:38:50Z,2026-09-14T01:38:50Z,SITE-E,ESP32-E01,PV-E01,0.009,7.518,0.067,25.86,26.62,23.463,95.577,1009.754,5257.534,0.104
MSG-002576,REC-05616,2026-09-14T01:38:55Z,2026-09-14T01:38:55Z,SITE-E,ESP32-E01,PV-E01,0.012,8.093,0.096,25.89,26.69,23.412,96.296,1009.684,5248.295,0.132
MSG-002577,REC-05617,2026-09-14T01:39:00Z,2026-09-14T01:39:00Z,SITE-E,ESP32-E01,PV-E01,-0.019,8.986,0.168,25.93,26.85,23.348,95.209,1009.625,5101.091,0.121
MSG-002578,REC-05618,2026-09-14T01:39:05Z,2026-09-14T01:39:05Z,SITE-E,ESP32-E01,PV-E01,0.01,8.529,0.083,25.86,26.68,23.33,95.266,1009.6,5204.83,0.125
MSG-002579,REC-05619,2026-09-14T01:39:10Z,2026-09-14T01:39:10Z,SITE-E,ESP32-E01,PV-E01,0.012,7.988,0.095,25.94,26.9,23.424,95.731,1009.707,5257.597,0.114
MSG-002580,REC-05620,2026-09-14T01:39:15Z,2026-09-14T01:39:15Z,SITE-E,ESP32-E01,PV-E01,0.007,8.206,0.057,25.7,26.73,23.497,95.405,1009.709,4850.043,0.101
MSG-002581,REC-05621,2026-09-14T01:39:20Z,2026-09-14T01:39:20Z,SITE-E,ESP32-E01,PV-E01,0.013,8.361,0.112,25.83,26.82,23.423,94.594,1009.608,5045.416,0.132
MSG-002582,REC-05622,2026-09-14T01:39:25Z,2026-09-14T01:39:25Z,SITE-E,ESP32-E01,PV-E01,0.014,8.911,0.126,25.8,26.82,23.368,95.063,1009.784,4965.282,0.118
MSG-002583,REC-05623,2026-09-14T01:39:30Z,2026-09-14T01:39:30Z,SITE-E,ESP32-E01,PV-E01,0.007,7.795,0.057,26.0,26.77,23.34,94.409,1009.631,4989.384,0.123
MSG-002584,REC-05624,2026-09-14T01:39:35Z,2026-09-14T01:39:35Z,SITE-E,ESP32-E01,PV-E01,-0.006,8.498,0.051,25.93,26.76,23.446,96.515,1009.64,5193.372,0.13
MSG-002585,REC-05625,2026-09-14T01:39:40Z,2026-09-14T01:39:40Z,SITE-E,ESP32-E01,PV-E01,-0.013,8.345,0.109,25.8,26.72,23.439,95.271,1009.555,4910.511,0.099
MSG-002586,REC-05626,2026-09-14T01:39:45Z,2026-09-14T01:39:45Z,SITE-E,ESP32-E01,PV-E01,0.005,8.903,0.045,25.81,26.96,23.377,95.299,1009.616,5431.701,0.117
MSG-002587,REC-05627,2026-09-14T01:39:50Z,2026-09-14T01:39:50Z,SITE-E,ESP32-E01,PV-E01,-0.017,8.032,0.133,25.8,26.86,23.474,95.716,1009.593,5205.51,0.125
MSG-002588,REC-05628,2026-09-14T01:39:55Z,2026-09-14T01:39:55Z,SITE-E,ESP32-E01,PV-E01,0.002,8.1,0.014,25.95,26.7,23.446,95.58,1009.762,4990.895,0.122
MSG-002589,REC-05629,2026-09-14T01:40:00Z,2026-09-14T01:40:00Z,SITE-E,ESP32-E01,PV-E01,0.02,8.147,0.167,25.92,26.7,23.496,95.889,1009.667,5053.09,0.117
MSG-002590,REC-05630,2026-09-14T01:40:05Z,2026-09-14T01:40:05Z,SITE-E,ESP32-E01,PV-E01,-0.008,8.105,0.064,25.86,26.85,23.374,95.521,1009.623,4865.165,0.118
MSG-002591,REC-05631,2026-09-14T01:40:10Z,2026-09-14T01:40:10Z,SITE-E,ESP32-E01,PV-E01,0.009,9.92,0.088,-127.0,26.81,23.508,95.177,1009.676,4822.089,0.138
MSG-002592,REC-05632,2026-09-14T01:40:15Z,2026-09-14T01:40:15Z,SITE-E,ESP32-E01,PV-E01,0.013,8.907,0.116,-127.0,26.65,23.403,95.32,1009.714,4971.999,0.112
MSG-002593,REC-05633,2026-09-14T01:40:20Z,2026-09-14T01:40:20Z,SITE-E,ESP32-E01,PV-E01,-0.004,7.931,0.035,-127.0,26.99,23.44,95.389,1009.677,5205.884,0.114
MSG-002594,REC-05634,2026-09-14T01:40:25Z,2026-09-14T01:40:25Z,SITE-E,ESP32-E01,PV-E01,0.005,8.388,0.04,-127.0,26.56,23.313,95.88,1009.705,4828.155,0.115
MSG-002595,REC-05635,2026-09-14T01:40:30Z,2026-09-14T01:40:30Z,SITE-E,ESP32-E01,PV-E01,-0.004,7.981,0.036,-127.0,26.74,23.396,94.794,1009.678,5210.308,0.108
MSG-002596,REC-05636,2026-09-14T01:40:35Z,2026-09-14T01:40:35Z,SITE-E,ESP32-E01,PV-E01,0.011,7.18,0.077,-127.0,26.77,23.486,94.52,1009.595,4996.234,0.121
MSG-002597,REC-05637,2026-09-14T01:40:40Z,2026-09-14T01:40:40Z,SITE-E,ESP32-E01,PV-E01,0.022,7.198,0.156,-127.0,26.72,23.224,95.324,1009.675,5031.531,0.104
MSG-002598,REC-05639,2026-09-14T01:40:50Z,2026-09-14T01:40:50Z,SITE-E,ESP32-E01,PV-E01,-0.001,8.514,0.005,-127.0,26.82,23.295,95.443,1009.534,5116.364,0.1
MSG-002599,REC-05640,2026-09-14T01:40:55Z,2026-09-14T01:40:55Z,SITE-E,ESP32-E01,PV-E01,-0.001,8.204,0.01,-127.0,26.77,23.33,95.106,1009.72,5170.923,0.106
MSG-002600,REC-05641,2026-09-14T03:15:00Z,2026-09-14T03:15:00Z,SITE-E,ESP32-E01,PV-E01,3.254,-0.229,0.746,31.56,31.09,25.614,87.954,1010.357,21206.746,0.102
MSG-002601,REC-05642,2026-09-14T03:15:05Z,2026-09-14T03:15:05Z,SITE-E,ESP32-E01,PV-E01,3.257,0.401,1.307,31.4,31.27,25.598,89.071,1010.371,21247.793,0.104
MSG-002602,REC-05643,2026-09-14T03:15:10Z,2026-09-14T03:15:10Z,SITE-E,ESP32-E01,PV-E01,3.243,0.812,2.634,31.56,31.29,25.559,90.714,1010.434,21314.564,0.097
MSG-002603,REC-05644,2026-09-14T03:15:15Z,2026-09-14T03:15:15Z,SITE-E,ESP32-E01,PV-E01,3.23,0.249,0.803,31.54,31.34,25.353,89.974,1010.295,21631.569,0.095
MSG-002604,REC-05645,2026-09-14T03:15:20Z,2026-09-14T03:15:20Z,SITE-E,ESP32-E01,PV-E01,3.243,-0.516,1.674,31.56,31.38,25.665,89.826,1010.305,21362.991,0.091
MSG-002605,REC-05646,2026-09-14T03:15:25Z,2026-09-14T03:15:25Z,SITE-E,ESP32-E01,PV-E01,3.235,-0.655,2.117,31.66,31.47,25.481,90.009,1010.398,21357.685,0.086
MSG-002606,REC-05647,2026-09-14T03:15:30Z,2026-09-14T03:15:30Z,SITE-E,ESP32-E01,PV-E01,3.244,-0.132,0.429,31.54,31.33,25.615,90.547,1010.384,21376.698,0.088
MSG-002607,REC-05648,2026-09-14T03:15:35Z,2026-09-14T03:15:35Z,SITE-E,ESP32-E01,PV-E01,3.251,-0.18,0.584,31.5,31.23,25.726,89.506,1010.4,21169.15,0.075
MSG-002608,REC-05649,2026-09-14T03:15:40Z,2026-09-14T03:15:40Z,SITE-E,ESP32-E01,PV-E01,3.243,0.364,1.179,31.37,31.3,25.636,89.991,1010.34,21135.947,0.064
MSG-002609,REC-05650,2026-09-14T03:15:45Z,2026-09-14T03:15:45Z,SITE-E,ESP32-E01,PV-E01,3.244,-0.672,2.179,31.5,31.35,25.687,90.961,1010.293,21079.238,0.125
MSG-002610,REC-05651,2026-09-14T03:15:50Z,2026-09-14T03:15:50Z,SITE-E,ESP32-E01,PV-E01,3.231,0.325,1.05,31.43,31.29,25.646,90.548,1010.275,21224.487,0.087
MSG-002611,REC-05652,2026-09-14T03:15:55Z,2026-09-14T03:15:55Z,SITE-E,ESP32-E01,PV-E01,3.237,-0.016,0.051,31.46,31.22,25.414,89.961,1010.323,21476.514,0.084
MSG-002612,REC-05653,2026-09-14T03:16:00Z,2026-09-14T03:16:00Z,SITE-E,ESP32-E01,PV-E01,3.244,0.899,2.916,31.45,31.35,25.518,89.468,1010.277,21590.491,0.107
MSG-002613,REC-05654,2026-09-14T03:16:05Z,2026-09-14T03:16:05Z,SITE-E,ESP32-E01,PV-E01,3.251,-0.025,0.081,31.54,31.24,25.469,88.933,1010.352,21298.19,0.105
MSG-002614,REC-05655,2026-09-14T03:16:10Z,2026-09-14T03:16:10Z,SITE-E,ESP32-E01,PV-E01,3.259,0.216,0.703,31.4,31.24,25.509,89.643,1010.362,21426.411,0.118
MSG-002615,REC-05656,2026-09-14T03:16:15Z,2026-09-14T03:16:15Z,SITE-E,ESP32-E01,PV-E01,3.241,-0.186,0.604,31.51,31.34,25.565,89.613,1010.341,21520.633,0.126
MSG-002616,REC-05657,2026-09-14T03:16:20Z,2026-09-14T03:16:20Z,SITE-E,ESP32-E01,PV-E01,3.23,-0.521,1.683,31.41,31.26,25.512,90.201,1010.235,21449.168,0.089
MSG-002617,REC-05658,2026-09-14T03:16:25Z,2026-09-14T03:16:25Z,SITE-E,ESP32-E01,PV-E01,3.246,0.704,2.286,31.36,31.3,25.595,90.311,1010.399,21775.659,0.078
MSG-002618,REC-05659,2026-09-14T03:16:30Z,2026-09-14T03:16:30Z,SITE-E,ESP32-E01,PV-E01,3.246,-0.266,0.863,31.47,31.32,25.526,89.907,1010.292,21700.583,0.142
MSG-002619,REC-05660,2026-09-14T03:16:35Z,2026-09-14T03:16:35Z,SITE-E,ESP32-E01,PV-E01,3.24,-0.564,1.828,31.5,31.28,25.692,89.699,1010.39,21523.421,0.087
MSG-002620,REC-05661,2026-09-14T03:16:40Z,2026-09-14T03:16:40Z,SITE-E,ESP32-E01,PV-E01,3.244,0.124,0.401,31.42,31.23,25.571,89.925,1010.331,21558.913,0.091
MSG-002621,REC-05662,2026-09-14T03:16:45Z,2026-09-14T03:16:45Z,SITE-E,ESP32-E01,PV-E01,3.234,0.212,0.687,31.51,31.34,25.731,90.741,1010.348,21245.984,0.107
MSG-002622,REC-05663,2026-09-14T03:16:50Z,2026-09-14T03:16:50Z,SITE-E,ESP32-E01,PV-E01,3.237,-0.196,0.635,31.44,31.22,25.829,88.558,1010.369,21550.106,0.105
MSG-002623,REC-05664,2026-09-14T03:16:55Z,2026-09-14T03:16:55Z,SITE-E,ESP32-E01,PV-E01,3.233,0.05,0.163,31.36,31.4,25.61,89.982,1010.315,21303.424,0.097
MSG-002624,REC-05665,2026-09-14T03:17:00Z,2026-09-14T03:17:00Z,SITE-E,ESP32-E01,PV-E01,3.234,-0.027,0.086,31.47,31.21,25.463,89.12,1010.432,21253.722,0.112
MSG-002625,REC-05666,2026-09-14T03:17:05Z,2026-09-14T03:17:05Z,SITE-E,ESP32-E01,PV-E01,3.242,0.173,0.561,31.39,31.31,25.481,89.901,1010.358,21089.674,0.11
MSG-002626,REC-05667,2026-09-14T03:17:10Z,2026-09-14T03:17:10Z,SITE-E,ESP32-E01,PV-E01,3.22,0.393,1.267,31.47,31.33,25.59,89.913,1010.296,21188.089,0.12
MSG-002627,REC-05668,2026-09-14T03:17:15Z,2026-09-14T03:17:15Z,SITE-E,ESP32-E01,PV-E01,3.252,0.148,0.481,31.34,31.26,25.506,89.995,1010.257,21397.205,0.134
MSG-002628,REC-05669,2026-09-14T03:17:20Z,2026-09-14T03:17:20Z,SITE-E,ESP32-E01,PV-E01,3.259,0.078,0.256,31.48,31.21,25.671,89.792,1010.313,21589.606,0.124
MSG-002629,REC-05670,2026-09-14T03:17:25Z,2026-09-14T03:17:25Z,SITE-E,ESP32-E01,PV-E01,3.25,0.308,1.0,31.51,31.34,25.556,89.324,1010.35,21631.239,0.082
MSG-002630,REC-05671,2026-09-14T03:17:30Z,2026-09-14T03:17:30Z,SITE-E,ESP32-E01,PV-E01,3.234,-0.114,0.369,31.5,31.18,25.506,89.614,1010.335,21287.25,0.111
MSG-002631,REC-05672,2026-09-14T03:17:35Z,2026-09-14T03:17:35Z,SITE-E,ESP32-E01,PV-E01,3.231,0.21,0.678,31.52,31.17,25.525,90.743,1010.282,21223.829,0.082
MSG-002632,REC-05673,2026-09-14T03:17:40Z,2026-09-14T03:17:40Z,SITE-E,ESP32-E01,PV-E01,3.236,0.543,1.757,31.5,31.32,25.684,89.607,1010.392,20911.562,0.099
MSG-002633,REC-05674,2026-09-14T03:17:45Z,2026-09-14T03:17:45Z,SITE-E,ESP32-E01,PV-E01,3.247,0.235,0.762,31.45,31.23,25.282,89.984,1010.316,20712.708,0.068
MSG-002634,REC-05675,2026-09-14T03:17:50Z,2026-09-14T03:17:50Z,SITE-E,ESP32-E01,PV-E01,3.263,1.383,4.512,31.49,31.19,25.539,90.158,1010.308,21070.784,0.136
MSG-002635,REC-05676,2026-09-14T03:17:55Z,2026-09-14T03:17:55Z,SITE-E,ESP32-E01,PV-E01,3.257,0.043,0.139,31.39,31.2,25.608,89.174,1010.283,20916.65,0.092
MSG-002636,REC-05677,2026-09-14T03:18:00Z,2026-09-14T03:18:00Z,SITE-E,ESP32-E01,PV-E01,3.233,0.435,1.405,31.44,31.15,25.732,89.689,1010.481,20641.091,0.085
MSG-002637,REC-05678,2026-09-14T03:18:05Z,2026-09-14T03:18:05Z,SITE-E,ESP32-E01,PV-E01,3.226,-0.066,0.214,31.37,31.37,25.591,89.38,1010.221,20668.168,0.098
MSG-002638,REC-05679,2026-09-14T03:18:10Z,2026-09-14T03:18:10Z,SITE-E,ESP32-E01,PV-E01,3.246,-0.427,1.386,31.51,31.27,25.46,88.553,1010.327,20780.751,0.093
MSG-002639,REC-05680,2026-09-14T03:18:15Z,2026-09-14T03:18:15Z,SITE-E,ESP32-E01,PV-E01,3.223,0.449,1.448,31.4,31.13,25.594,89.946,1010.348,20859.557,0.096
MSG-002640,REC-05681,2026-09-14T03:18:20Z,2026-09-14T03:18:20Z,SITE-E,ESP32-E01,PV-E01,3.226,0.09,0.292,31.3,31.2,25.588,89.854,1010.376,20635.356,0.073
MSG-002641,REC-05682,2026-09-14T03:18:25Z,2026-09-14T03:18:25Z,SITE-E,ESP32-E01,PV-E01,3.256,-0.3,0.977,31.42,31.27,25.64,89.866,1010.304,21055.85,0.073
MSG-002642,REC-05683,2026-09-14T03:18:30Z,2026-09-14T03:18:30Z,SITE-E,ESP32-E01,PV-E01,3.228,0.261,0.843,31.35,31.17,25.544,89.743,1010.379,20850.06,0.071
MSG-002643,REC-05684,2026-09-14T03:18:35Z,2026-09-14T03:18:35Z,SITE-E,ESP32-E01,PV-E01,3.24,-1.375,4.455,31.45,31.17,25.685,88.737,1010.39,20901.191,0.106
MSG-002644,REC-05685,2026-09-14T03:18:40Z,2026-09-14T03:18:40Z,SITE-E,ESP32-E01,PV-E01,3.236,0.437,1.413,31.46,31.2,25.581,90.579,1010.43,20955.491,0.097
MSG-002645,REC-05686,2026-09-14T03:18:45Z,2026-09-14T03:18:45Z,SITE-E,ESP32-E01,PV-E01,3.245,0.597,1.936,31.34,31.14,25.666,89.828,1010.438,20909.49,0.072
MSG-002646,REC-05687,2026-09-14T03:18:50Z,2026-09-14T03:18:50Z,SITE-E,ESP32-E01,PV-E01,3.23,-0.076,0.246,31.31,31.31,25.79,89.494,1010.284,20788.317,0.099
MSG-002647,REC-05688,2026-09-14T03:18:55Z,2026-09-14T03:18:55Z,SITE-E,ESP32-E01,PV-E01,3.239,-0.934,3.024,31.4,31.16,25.514,89.936,1010.352,20921.91,0.105
MSG-002648,REC-05689,2026-09-14T03:19:00Z,2026-09-14T03:19:00Z,SITE-E,ESP32-E01,PV-E01,3.257,-1.006,3.277,31.3,31.19,25.565,89.856,1010.401,20852.952,0.077
MSG-002649,REC-05690,2026-09-14T03:19:05Z,2026-09-14T03:19:05Z,SITE-E,ESP32-E01,PV-E01,3.217,-0.048,0.154,31.3,31.2,25.552,88.427,1010.217,20728.91,0.065
MSG-002650,REC-05691,2026-09-14T03:19:10Z,2026-09-14T03:19:10Z,SITE-E,ESP32-E01,PV-E01,3.239,0.745,2.412,31.34,31.33,25.857,90.697,1010.297,20770.912,0.05
MSG-002651,REC-05692,2026-09-14T03:19:15Z,2026-09-14T03:19:15Z,SITE-E,ESP32-E01,PV-E01,3.234,0.301,0.975,31.38,31.15,25.68,90.069,1010.291,20808.633,0.095
MSG-002652,REC-05693,2026-09-14T03:19:20Z,2026-09-14T03:19:20Z,SITE-E,ESP32-E01,PV-E01,3.245,0.122,0.395,31.23,31.35,25.655,89.455,1010.379,20584.156,0.105
MSG-002653,REC-05694,2026-09-14T03:19:25Z,2026-09-14T03:19:25Z,SITE-E,ESP32-E01,PV-E01,3.228,0.527,1.7,31.27,31.12,25.719,89.694,1010.402,20661.244,0.108
MSG-002654,REC-05695,2026-09-14T03:19:30Z,2026-09-14T03:19:30Z,SITE-E,ESP32-E01,PV-E01,3.252,-0.126,0.41,31.54,31.15,25.726,89.773,1010.257,20590.893,0.125
MSG-002655,REC-05696,2026-09-14T03:19:35Z,2026-09-14T03:19:35Z,SITE-E,ESP32-E01,PV-E01,3.234,0.331,1.071,31.48,31.23,25.614,89.489,1010.313,20738.313,0.118
MSG-002656,REC-05697,2026-09-14T03:19:40Z,2026-09-14T03:19:40Z,SITE-E,ESP32-E01,PV-E01,3.236,-0.496,1.606,31.43,31.31,25.459,89.872,1010.362,20353.454,0.078
MSG-002657,REC-05698,2026-09-14T03:19:45Z,2026-09-14T03:19:45Z,SITE-E,ESP32-E01,PV-E01,3.232,0.027,0.086,31.34,31.14,25.565,90.355,1010.422,20789.557,0.101
MSG-002658,REC-05699,2026-09-14T03:19:50Z,2026-09-14T03:19:50Z,SITE-E,ESP32-E01,PV-E01,3.251,-0.206,0.669,31.38,31.24,25.576,89.564,1010.308,20519.963,0.066
MSG-002659,REC-05700,2026-09-14T03:19:55Z,2026-09-14T03:19:55Z,SITE-E,ESP32-E01,PV-E01,3.244,0.107,0.348,31.3,31.22,25.6,90.287,1010.372,20927.223,0.103
MSG-002660,REC-05701,2026-09-14T03:28:00Z,2026-09-14T03:28:00Z,SITE-C,ESP32-C01,PV-C01,3.255,-0.994,3.236,30.67,30.2,25.276,93.023,1010.226,20160.291,0.103
MSG-002661,REC-05702,2026-09-14T03:28:05Z,2026-09-14T03:28:05Z,SITE-C,ESP32-C01,PV-C01,3.28,-0.176,0.577,30.78,30.41,25.279,93.394,1010.222,20108.291,0.086
MSG-002662,REC-05703,2026-09-14T03:28:10Z,2026-09-14T03:28:10Z,SITE-C,ESP32-C01,PV-C01,3.273,0.363,1.187,30.74,30.34,25.105,92.953,1010.31,20083.464,0.079
MSG-002663,REC-05704,2026-09-14T03:28:15Z,2026-09-14T03:28:15Z,SITE-C,ESP32-C01,PV-C01,3.272,-0.279,0.912,30.58,30.29,25.263,92.642,1010.221,20064.578,0.088
MSG-002664,REC-05705,2026-09-14T03:28:20Z,2026-09-14T03:28:20Z,SITE-C,ESP32-C01,PV-C01,3.274,0.734,2.403,30.64,30.29,25.195,93.033,1010.278,19998.037,0.094
MSG-002665,REC-05706,2026-09-14T03:28:25Z,2026-09-14T03:28:25Z,SITE-C,ESP32-C01,PV-C01,3.279,-0.103,0.339,30.7,30.29,25.33,92.937,1010.19,20011.813,0.089
MSG-002666,REC-05707,2026-09-14T03:28:30Z,2026-09-14T03:28:30Z,SITE-C,ESP32-C01,PV-C01,3.265,0.014,0.047,30.71,30.14,25.227,93.305,1010.236,20006.307,0.082
MSG-002667,REC-05708,2026-09-14T03:28:35Z,2026-09-14T03:28:35Z,SITE-C,ESP32-C01,PV-C01,3.298,-0.688,2.267,30.7,30.16,25.275,92.868,1010.288,19847.574,0.098
MSG-002668,REC-05709,2026-09-14T03:28:40Z,2026-09-14T03:28:40Z,SITE-C,ESP32-C01,PV-C01,3.263,0.301,0.981,30.82,30.26,25.324,93.507,1010.218,19804.014,0.097
MSG-002669,REC-05710,2026-09-14T03:28:45Z,2026-09-14T03:28:45Z,SITE-C,ESP32-C01,PV-C01,3.276,0.111,0.365,30.76,30.27,25.341,93.326,1010.226,20084.847,0.104
MSG-002670,REC-05711,2026-09-14T03:28:50Z,2026-09-14T03:28:50Z,SITE-C,ESP32-C01,PV-C01,3.292,0.69,2.271,30.73,30.28,25.367,93.27,1010.228,20164.556,0.059
MSG-002671,REC-05712,2026-09-14T03:28:55Z,2026-09-14T03:28:55Z,SITE-C,ESP32-C01,PV-C01,3.283,0.104,0.342,30.77,30.43,25.18,92.624,1010.277,19898.528,0.092
MSG-002672,REC-05713,2026-09-14T03:29:00Z,2026-09-14T03:29:00Z,SITE-C,ESP32-C01,PV-C01,3.261,0.706,2.301,30.82,30.29,25.216,93.414,1010.264,19956.428,0.112
MSG-002673,REC-05714,2026-09-14T03:29:05Z,2026-09-14T03:29:05Z,SITE-C,ESP32-C01,PV-C01,3.271,0.761,2.489,30.65,30.24,25.306,94.425,1010.203,19676.285,0.088
MSG-002674,REC-05715,2026-09-14T03:29:10Z,2026-09-14T03:29:10Z,SITE-C,ESP32-C01,PV-C01,3.266,-0.023,0.075,30.58,30.32,25.333,92.237,1010.132,19743.694,0.091
MSG-002675,REC-05716,2026-09-14T03:29:15Z,2026-09-14T03:29:15Z,SITE-C,ESP32-C01,PV-C01,3.266,0.182,0.593,30.66,30.2,25.161,93.664,1010.278,19721.085,0.096
MSG-002676,REC-05717,2026-09-14T03:29:20Z,2026-09-14T03:29:20Z,SITE-C,ESP32-C01,PV-C01,3.27,0.15,0.491,30.6,30.32,25.234,93.353,1010.266,20110.966,0.06
MSG-002677,REC-05718,2026-09-14T03:29:25Z,2026-09-14T03:29:25Z,SITE-C,ESP32-C01,PV-C01,3.262,0.802,2.615,30.62,30.24,25.464,92.156,1010.278,19719.297,0.079
MSG-002678,REC-05719,2026-09-14T03:29:30Z,2026-09-14T03:29:30Z,SITE-C,ESP32-C01,PV-C01,3.264,0.573,1.869,30.69,30.3,25.119,94.257,1010.182,19978.04,0.081
MSG-002679,REC-05720,2026-09-14T03:29:35Z,2026-09-14T03:29:35Z,SITE-C,ESP32-C01,PV-C01,3.26,-0.085,0.278,30.62,30.25,25.056,93.37,1010.187,19802.435,0.082
MSG-002680,REC-05721,2026-09-14T03:29:40Z,2026-09-14T03:29:40Z,SITE-C,ESP32-C01,PV-C01,3.273,0.62,2.029,30.73,30.27,25.17,94.464,1010.328,20006.502,0.1
MSG-002681,REC-05722,2026-09-14T03:29:45Z,2026-09-14T03:29:45Z,SITE-C,ESP32-C01,PV-C01,3.285,0.584,1.917,30.72,30.35,25.318,92.974,1010.205,20106.227,0.079
MSG-002682,REC-05723,2026-09-14T03:29:50Z,2026-09-14T03:29:50Z,SITE-C,ESP32-C01,PV-C01,3.268,0.582,1.903,30.74,30.37,25.39,93.277,1010.264,19989.372,0.089
MSG-002683,REC-05724,2026-09-14T03:29:55Z,2026-09-14T03:29:55Z,SITE-C,ESP32-C01,PV-C01,3.263,0.232,0.756,30.59,30.45,25.288,93.161,1010.205,20113.58,0.066
MSG-002684,REC-05725,2026-09-14T03:30:00Z,2026-09-14T03:30:00Z,SITE-C,ESP32-C01,PV-C01,3.269,0.042,0.137,30.62,30.35,25.235,94.001,1010.345,20160.37,0.086
MSG-002685,REC-05726,2026-09-14T03:30:05Z,2026-09-14T03:30:05Z,SITE-C,ESP32-C01,PV-C01,3.302,-0.481,1.588,30.53,30.27,25.123,93.069,1010.29,20066.6,0.082
MSG-002686,REC-05727,2026-09-14T03:30:10Z,2026-09-14T03:30:10Z,SITE-C,ESP32-C01,PV-C01,3.275,-0.141,0.461,30.74,30.24,25.316,92.459,1010.098,19816.175,0.104
MSG-002687,REC-05728,2026-09-14T03:30:15Z,2026-09-14T03:30:15Z,SITE-C,ESP32-C01,PV-C01,3.248,-0.161,0.523,30.88,30.35,25.414,92.656,1010.185,19774.228,0.065
MSG-002688,REC-05729,2026-09-14T03:30:20Z,2026-09-14T03:30:20Z,SITE-C,ESP32-C01,PV-C01,3.273,-0.569,1.861,30.74,30.45,25.371,92.68,1010.228,20110.266,0.067
MSG-002689,REC-05730,2026-09-14T03:30:25Z,2026-09-14T03:30:25Z,SITE-C,ESP32-C01,PV-C01,3.259,0.314,1.022,30.76,30.41,25.357,91.888,1010.254,20130.487,0.087
MSG-002690,REC-05731,2026-09-14T03:30:30Z,2026-09-14T03:30:30Z,SITE-C,ESP32-C01,PV-C01,3.271,0.101,0.332,30.69,30.27,25.261,93.179,1010.313,19765.45,0.099
MSG-002691,REC-05732,2026-09-14T03:30:35Z,2026-09-14T03:30:35Z,SITE-C,ESP32-C01,PV-C01,3.268,0.275,0.899,30.7,30.36,25.435,92.265,1010.225,20065.665,0.063
MSG-002692,REC-05733,2026-09-14T03:30:40Z,2026-09-14T03:30:40Z,SITE-C,ESP32-C01,PV-C01,3.265,0.411,1.342,30.82,30.34,25.427,93.955,1010.344,19664.574,0.09
MSG-002693,REC-05734,2026-09-14T03:30:45Z,2026-09-14T03:30:45Z,SITE-C,ESP32-C01,PV-C01,3.265,-0.37,1.209,30.71,30.39,25.205,92.479,1010.281,20198.078,0.075
MSG-002694,REC-05735,2026-09-14T03:30:50Z,2026-09-14T03:30:50Z,SITE-C,ESP32-C01,PV-C01,3.252,0.017,0.056,30.74,30.32,25.19,93.401,1010.366,20032.679,0.1
MSG-002695,REC-05736,2026-09-14T03:30:55Z,2026-09-14T03:30:55Z,SITE-C,ESP32-C01,PV-C01,3.291,-0.136,0.448,30.77,30.29,25.343,92.286,1010.341,19717.765,0.096
MSG-002696,REC-05737,2026-09-14T03:31:00Z,2026-09-14T03:31:00Z,SITE-C,ESP32-C01,PV-C01,3.26,0.276,0.9,30.74,30.15,25.156,93.21,1010.317,19772.957,0.067
MSG-002697,REC-05738,2026-09-14T03:31:05Z,2026-09-14T03:31:05Z,SITE-C,ESP32-C01,PV-C01,3.261,-0.024,0.077,30.69,-127.0,25.359,93.456,1010.36,19935.756,0.061
MSG-002698,REC-05739,2026-09-14T03:31:10Z,2026-09-14T03:31:10Z,SITE-C,ESP32-C01,PV-C01,3.271,0.571,1.868,30.69,-127.0,25.287,93.204,1010.274,19942.688,0.092
MSG-002699,REC-05740,2026-09-14T03:31:15Z,2026-09-14T03:31:15Z,SITE-C,ESP32-C01,PV-C01,3.259,0.552,1.799,30.67,-127.0,25.237,93.062,1010.327,19929.678,0.081
MSG-002700,REC-05741,2026-09-14T03:31:20Z,2026-09-14T03:31:20Z,SITE-C,ESP32-C01,PV-C01,3.277,0.768,2.516,30.74,-127.0,25.419,94.198,1010.245,20021.223,0.073
MSG-002701,REC-05742,2026-09-14T03:31:25Z,2026-09-14T03:31:25Z,SITE-C,ESP32-C01,PV-C01,3.253,0.197,0.642,30.65,-127.0,25.184,92.807,1010.22,19577.768,0.061
MSG-002702,REC-05743,2026-09-14T03:31:30Z,2026-09-14T03:31:30Z,SITE-C,ESP32-C01,PV-C01,3.257,0.515,1.679,30.69,-127.0,25.261,94.116,1010.233,19676.758,0.071
MSG-002703,REC-05744,2026-09-14T03:31:35Z,2026-09-14T03:31:35Z,SITE-C,ESP32-C01,PV-C01,3.272,-0.433,1.417,30.79,-127.0,25.267,93.349,1010.255,20123.093,0.063
MSG-002704,REC-05745,2026-09-14T03:31:40Z,2026-09-14T03:31:40Z,SITE-C,ESP32-C01,PV-C01,3.266,0.303,0.99,30.57,-127.0,25.201,93.267,1010.312,19734.938,0.062
MSG-002705,REC-05746,2026-09-14T03:31:45Z,2026-09-14T03:31:45Z,SITE-C,ESP32-C01,PV-C01,3.265,0.176,0.576,30.59,-127.0,25.35,93.252,1010.247,19910.001,0.098
MSG-002706,REC-05747,2026-09-14T03:31:50Z,2026-09-14T03:31:50Z,SITE-C,ESP32-C01,PV-C01,3.253,0.636,2.07,30.76,-127.0,25.115,93.478,1010.148,19732.086,0.107
MSG-002707,REC-05748,2026-09-14T03:31:55Z,2026-09-14T03:31:55Z,SITE-C,ESP32-C01,PV-C01,3.258,0.025,0.081,30.82,-127.0,25.137,92.53,1010.26,20240.323,0.125
MSG-002708,REC-05749,2026-09-14T03:32:00Z,2026-09-14T03:32:00Z,SITE-C,ESP32-C01,PV-C01,3.267,0.3,0.98,30.78,-127.0,25.252,93.098,1010.265,19930.741,0.099
MSG-002709,REC-05750,2026-09-14T03:32:05Z,2026-09-14T03:32:05Z,SITE-C,ESP32-C01,PV-C01,3.262,-0.007,0.021,30.65,-127.0,25.115,93.945,1010.226,19613.105,0.079
MSG-002710,REC-05751,2026-09-14T03:32:10Z,2026-09-14T03:32:10Z,SITE-C,ESP32-C01,PV-C01,3.265,0.282,0.921,30.8,-127.0,25.28,93.123,1010.221,20023.156,0.127
MSG-002711,REC-05752,2026-09-14T03:32:15Z,2026-09-14T03:32:15Z,SITE-C,ESP32-C01,PV-C01,3.267,0.426,1.392,30.9,-127.0,25.352,92.837,1010.284,19773.578,0.058
MSG-002712,REC-05753,2026-09-14T03:32:20Z,2026-09-14T03:32:20Z,SITE-C,ESP32-C01,PV-C01,3.242,1.302,4.221,-999.0,-127.0,25.098,93.197,1010.227,20055.248,0.105
MSG-002713,REC-05754,2026-09-14T03:32:25Z,2026-09-14T03:32:25Z,SITE-C,ESP32-C01,PV-C01,3.275,0.364,1.191,30.71,30.32,25.25,93.872,1010.379,20144.61,0.093
MSG-002714,REC-05755,2026-09-14T03:32:30Z,2026-09-14T03:32:30Z,SITE-C,ESP32-C01,PV-C01,3.267,0.356,1.162,30.77,30.4,25.141,93.69,1010.304,20263.435,0.091
MSG-002715,REC-05756,2026-09-14T03:32:35Z,2026-09-14T03:32:35Z,SITE-C,ESP32-C01,PV-C01,3.276,0.352,1.153,30.78,30.32,25.185,93.783,1010.257,20117.598,0.053
MSG-002716,REC-05757,2026-09-14T03:32:40Z,2026-09-14T03:32:40Z,SITE-C,ESP32-C01,PV-C01,3.273,-0.376,1.232,30.91,30.4,25.204,93.233,1010.301,20090.019,0.064
MSG-002717,REC-05758,2026-09-14T03:32:45Z,2026-09-14T03:32:45Z,SITE-C,ESP32-C01,PV-C01,3.256,0.046,0.148,30.86,30.35,25.276,93.97,1010.15,19911.748,0.093
MSG-002718,REC-05759,2026-09-14T03:32:50Z,2026-09-14T03:32:50Z,SITE-C,ESP32-C01,PV-C01,3.273,0.639,2.09,30.79,30.47,25.236,93.077,1010.353,20090.97,0.121
MSG-002719,REC-05760,2026-09-14T03:32:55Z,2026-09-14T03:32:55Z,SITE-C,ESP32-C01,PV-C01,3.235,0.642,2.077,30.76,30.42,25.272,92.75,1010.191,20044.507,0.108
MSG-002720,REC-05761,2026-09-14T04:00:00Z,2026-09-14T04:00:00Z,SITE-E,ESP32-E01,PV-E01,2.719,30.981,84.249,34.21,33.74,26.691,88.066,1010.485,33620.394,0.971
MSG-002721,REC-05762,2026-09-14T04:00:05Z,2026-09-14T04:00:05Z,SITE-E,ESP32-E01,PV-E01,2.716,29.951,81.352,34.27,33.76,26.566,88.833,1010.333,33605.095,1.118
MSG-002722,REC-05763,2026-09-14T04:00:10Z,2026-09-14T04:00:10Z,SITE-E,ESP32-E01,PV-E01,2.727,30.781,83.932,34.26,33.77,26.578,87.601,1010.502,33697.354,0.928
MSG-002723,REC-05764,2026-09-14T04:00:15Z,2026-09-14T04:00:15Z,SITE-E,ESP32-E01,PV-E01,2.699,29.953,80.833,34.2,33.71,26.592,88.092,1010.53,33621.511,0.85
MSG-002724,REC-05764,2026-09-14T04:00:15Z,2026-09-14T04:00:15Z,SITE-E,ESP32-E01,PV-E01,2.699,29.953,80.833,34.2,33.71,26.592,88.092,1010.53,33621.511,0.85
MSG-002725,REC-05765,2026-09-14T04:00:20Z,2026-09-14T04:00:20Z,SITE-E,ESP32-E01,PV-E01,2.684,31.433,84.382,34.13,33.74,26.651,88.995,1010.495,33579.052,1.081
MSG-002726,REC-05766,2026-09-14T04:00:25Z,2026-09-14T04:00:25Z,SITE-E,ESP32-E01,PV-E01,2.668,31.988,85.356,34.27,33.69,26.744,88.337,1010.45,33755.128,1.081
MSG-002727,REC-05767,2026-09-14T04:00:30Z,2026-09-14T04:00:30Z,SITE-E,ESP32-E01,PV-E01,2.692,30.64,82.492,34.15,33.83,26.727,88.661,1010.427,33725.983,1.07
MSG-002728,REC-05768,2026-09-14T04:00:35Z,2026-09-14T04:00:35Z,SITE-E,ESP32-E01,PV-E01,2.691,31.352,84.364,-999.0,34.0,26.909,88.228,1010.347,34130.535,1.127
MSG-002729,REC-05769,2026-09-14T04:00:40Z,2026-09-14T04:00:40Z,SITE-E,ESP32-E01,PV-E01,2.711,31.52,85.439,34.22,33.93,26.77,88.349,1010.4,34094.478,1.042
MSG-002730,REC-05770,2026-09-14T04:00:45Z,2026-09-14T04:00:45Z,SITE-E,ESP32-E01,PV-E01,2.703,31.384,84.845,34.29,33.95,26.493,87.417,1010.506,34306.65,0.994
MSG-002731,REC-05771,2026-09-14T04:00:50Z,2026-09-14T04:00:50Z,SITE-E,ESP32-E01,PV-E01,2.699,31.262,84.362,34.28,34.03,26.557,88.204,1010.381,33934.344,1.058
MSG-002732,REC-05772,2026-09-14T04:00:55Z,2026-09-14T04:00:55Z,SITE-E,ESP32-E01,PV-E01,2.678,31.445,84.195,34.41,34.09,26.472,87.49,1010.439,34010.319,1.02
MSG-002733,REC-05773,2026-09-14T04:01:00Z,2026-09-14T04:01:00Z,SITE-E,ESP32-E01,PV-E01,2.696,30.999,83.583,34.07,34.11,26.427,87.353,1010.483,34338.828,1.029
MSG-002734,REC-05774,2026-09-14T04:01:05Z,2026-09-14T04:01:05Z,SITE-E,ESP32-E01,PV-E01,2.729,30.527,83.298,34.48,33.96,26.459,89.059,1010.47,34309.661,1.065
MSG-002735,REC-05775,2026-09-14T04:01:10Z,2026-09-14T04:01:10Z,SITE-E,ESP32-E01,PV-E01,2.709,31.485,85.293,34.23,33.93,26.573,87.334,1010.402,34126.55,1.085
MSG-002736,REC-05776,2026-09-14T04:01:15Z,2026-09-14T04:01:15Z,SITE-E,ESP32-E01,PV-E01,2.694,30.587,82.403,34.28,33.91,26.582,87.995,1010.457,33973.27,1.049
MSG-002737,REC-05777,2026-09-14T04:01:20Z,2026-09-14T04:01:20Z,SITE-E,ESP32-E01,PV-E01,2.725,30.99,84.451,34.32,33.99,26.463,88.679,1010.426,34295.243,1.024
MSG-002738,REC-05778,2026-09-14T04:01:25Z,2026-09-14T04:01:25Z,SITE-E,ESP32-E01,PV-E01,2.716,30.963,84.083,34.31,33.93,26.54,87.788,1010.478,34313.58,0.996
MSG-002739,REC-05779,2026-09-14T04:01:30Z,2026-09-14T04:01:30Z,SITE-E,ESP32-E01,PV-E01,2.716,30.537,82.935,-999.0,33.96,26.721,87.519,1010.56,34046.393,1.027
MSG-002740,REC-05780,2026-09-14T04:01:35Z,2026-09-14T04:01:35Z,SITE-E,ESP32-E01,PV-E01,2.694,31.812,85.703,34.41,34.01,26.401,88.519,1010.561,34231.813,1.146
MSG-002741,REC-05781,2026-09-14T04:01:40Z,2026-09-14T04:01:40Z,SITE-E,ESP32-E01,PV-E01,2.692,31.923,85.94,34.52,33.94,26.587,87.612,1010.41,34446.467,1.012
MSG-002742,REC-05782,2026-09-14T04:01:45Z,2026-09-14T04:01:45Z,SITE-E,ESP32-E01,PV-E01,2.723,30.845,83.99,34.42,33.83,26.427,87.893,1010.408,34519.302,1.063
MSG-002743,REC-05783,2026-09-14T04:01:50Z,2026-09-14T04:01:50Z,SITE-E,ESP32-E01,PV-E01,2.705,31.595,85.454,34.37,33.98,26.5,87.548,1010.483,34604.264,0.938
MSG-002744,REC-05784,2026-09-14T04:01:55Z,2026-09-14T04:01:55Z,SITE-E,ESP32-E01,PV-E01,2.69,31.236,84.012,34.36,34.18,26.681,87.161,1010.392,34836.095,1.178
MSG-002745,REC-05785,2026-09-14T04:02:00Z,2026-09-14T04:02:00Z,SITE-E,ESP32-E01,PV-E01,2.708,31.46,85.196,34.33,34.15,26.73,88.68,1010.484,34325.633,1.022
MSG-002746,REC-05786,2026-09-14T04:02:05Z,2026-09-14T04:02:05Z,SITE-E,ESP32-E01,PV-E01,2.681,30.798,82.56,34.47,34.1,26.575,88.389,1010.529,34431.312,0.941
MSG-002747,REC-05787,2026-09-14T04:02:10Z,2026-09-14T04:02:10Z,SITE-E,ESP32-E01,PV-E01,2.727,31.0,84.535,34.51,33.99,26.702,88.638,1010.445,34609.168,1.026
MSG-002748,REC-05788,2026-09-14T04:02:15Z,2026-09-14T04:02:15Z,SITE-E,ESP32-E01,PV-E01,2.711,30.751,83.352,34.49,34.0,26.417,87.847,1010.483,34632.726,0.977
MSG-002749,REC-05789,2026-09-14T04:02:20Z,2026-09-14T04:02:20Z,SITE-E,ESP32-E01,PV-E01,2.724,30.431,82.904,34.1,34.14,26.646,88.262,1010.419,34242.845,1.088
MSG-002750,REC-05790,2026-09-14T04:02:25Z,2026-09-14T04:02:25Z,SITE-E,ESP32-E01,PV-E01,2.72,30.844,83.883,34.17,33.92,26.331,88.251,1010.534,34193.588,0.928
MSG-002751,REC-05791,2026-09-14T04:02:30Z,2026-09-14T04:02:30Z,SITE-E,ESP32-E01,PV-E01,2.694,30.448,82.034,34.33,33.99,26.577,88.469,1010.497,34137.225,1.104
MSG-002752,REC-05792,2026-09-14T04:02:35Z,2026-09-14T04:02:35Z,SITE-E,ESP32-E01,PV-E01,8.122,30.777,249.975,34.32,34.12,26.625,88.135,1010.519,34552.001,1.098
MSG-002753,REC-05793,2026-09-14T04:02:40Z,2026-09-14T04:02:40Z,SITE-E,ESP32-E01,PV-E01,2.693,31.38,84.492,34.31,33.97,26.56,87.278,1010.431,34082.492,1.015
MSG-002754,REC-05794,2026-09-14T04:02:45Z,2026-09-14T04:02:45Z,SITE-E,ESP32-E01,PV-E01,2.689,30.805,82.835,34.4,33.93,26.666,86.93,1010.402,34126.009,0.943
MSG-002755,REC-05795,2026-09-14T04:02:50Z,2026-09-14T04:02:50Z,SITE-E,ESP32-E01,PV-E01,2.696,30.608,82.525,34.4,34.05,26.532,88.867,1010.431,34233.542,0.998
MSG-002756,REC-05796,2026-09-14T04:02:55Z,2026-09-14T04:02:55Z,SITE-E,ESP32-E01,PV-E01,2.693,31.643,85.218,34.32,33.97,26.659,89.107,1010.574,34065.897,1.055
MSG-002757,REC-05797,2026-09-14T04:03:00Z,2026-09-14T04:03:00Z,SITE-E,ESP32-E01,PV-E01,2.699,31.885,86.07,34.22,34.02,26.635,87.442,1010.409,34362.085,0.968
MSG-002758,REC-05798,2026-09-14T04:03:05Z,2026-09-14T04:03:05Z,SITE-E,ESP32-E01,PV-E01,2.707,30.929,83.735,34.23,34.11,26.62,88.299,1010.519,34079.931,1.007
MSG-002759,REC-05799,2026-09-14T04:03:10Z,2026-09-14T04:03:10Z,SITE-E,ESP32-E01,PV-E01,2.711,31.289,84.828,34.35,-999.0,26.434,88.113,1010.459,34505.516,1.085
MSG-002760,REC-05801,2026-09-14T04:03:20Z,2026-09-14T04:03:20Z,SITE-E,ESP32-E01,PV-E01,2.73,31.33,85.544,34.22,33.92,26.56,87.538,1010.501,34430.119,1.029
MSG-002761,REC-05803,2026-09-14T04:03:30Z,2026-09-14T04:03:30Z,SITE-E,ESP32-E01,PV-E01,2.709,31.159,84.402,34.18,33.98,26.528,86.774,1010.438,34478.428,1.023
MSG-002762,REC-05804,2026-09-14T04:03:35Z,2026-09-14T04:03:35Z,SITE-E,ESP32-E01,PV-E01,2.695,30.496,82.192,34.09,33.9,26.58,87.373,1010.478,34307.382,1.029
MSG-002763,REC-05805,2026-09-14T04:03:40Z,2026-09-14T04:03:40Z,SITE-E,ESP32-E01,PV-E01,2.671,31.248,83.468,34.24,33.98,26.614,88.509,1010.462,34476.822,1.062
MSG-002764,REC-05806,2026-09-14T04:03:45Z,2026-09-14T04:03:45Z,SITE-E,ESP32-E01,PV-E01,2.706,31.045,83.999,34.44,34.02,26.612,88.375,1010.382,34462.905,1.049
MSG-002765,REC-05807,2026-09-14T04:03:50Z,2026-09-14T04:03:50Z,SITE-E,ESP32-E01,PV-E01,2.734,31.676,86.597,34.48,34.03,26.549,88.771,1010.58,34268.983,1.083
MSG-002766,REC-05808,2026-09-14T04:03:55Z,2026-09-14T04:03:55Z,SITE-E,ESP32-E01,PV-E01,2.699,31.338,84.583,34.2,34.0,26.421,88.426,1010.406,34232.868,1.126
MSG-002767,REC-05809,2026-09-14T04:04:00Z,2026-09-14T04:04:00Z,SITE-E,ESP32-E01,PV-E01,2.669,31.662,84.503,34.23,34.0,26.635,88.669,1010.46,34336.297,1.034
MSG-002768,REC-05810,2026-09-14T04:04:05Z,2026-09-14T04:04:05Z,SITE-E,ESP32-E01,PV-E01,2.725,31.067,84.657,34.48,34.06,26.541,88.979,1010.473,34651.133,0.986
MSG-002769,REC-05811,2026-09-14T04:04:10Z,2026-09-14T04:04:10Z,SITE-E,ESP32-E01,PV-E01,2.714,31.857,86.447,34.42,34.12,26.754,88.472,1010.403,34780.727,1.091
MSG-002770,REC-05812,2026-09-14T04:04:15Z,2026-09-14T04:04:15Z,SITE-E,ESP32-E01,PV-E01,2.705,30.933,83.681,34.49,33.96,26.667,88.412,1010.403,34435.102,1.013
MSG-002771,REC-05813,2026-09-14T04:04:20Z,2026-09-14T04:04:20Z,SITE-E,ESP32-E01,PV-E01,2.671,32.447,86.668,34.49,34.19,26.501,88.099,1010.447,35112.99,0.988
MSG-002772,REC-05814,2026-09-14T04:04:25Z,2026-09-14T04:04:25Z,SITE-E,ESP32-E01,PV-E01,2.705,32.126,86.911,34.53,34.1,26.729,88.476,1010.458,34714.409,1.079
MSG-002773,REC-05815,2026-09-14T04:04:30Z,2026-09-14T04:04:30Z,SITE-E,ESP32-E01,PV-E01,2.702,30.983,83.703,34.34,34.03,26.752,88.001,1010.423,34748.254,1.069
MSG-002774,REC-05816,2026-09-14T04:04:35Z,2026-09-14T04:04:35Z,SITE-E,ESP32-E01,PV-E01,2.688,31.149,83.726,34.43,34.08,26.737,87.345,1010.414,34445.598,0.961
MSG-002775,REC-05817,2026-09-14T04:04:40Z,2026-09-14T04:04:40Z,SITE-E,ESP32-E01,PV-E01,2.685,31.997,85.915,34.59,34.07,26.578,87.292,1010.38,34268.74,1.035
MSG-002776,REC-05818,2026-09-14T04:04:45Z,2026-09-14T04:04:45Z,SITE-E,ESP32-E01,PV-E01,2.69,31.509,84.755,34.46,34.2,26.453,89.236,1010.424,34665.178,1.146
MSG-002777,REC-05819,2026-09-14T04:04:50Z,2026-09-14T04:04:50Z,SITE-E,ESP32-E01,PV-E01,2.698,31.017,83.696,34.42,34.15,26.675,87.738,1010.44,34748.959,1.058
MSG-002778,REC-05820,2026-09-14T04:04:55Z,2026-09-14T04:04:55Z,SITE-E,ESP32-E01,PV-E01,2.69,31.228,83.998,34.37,34.07,26.697,87.508,1010.445,34676.509,1.03
MSG-002779,REC-05821,2026-09-14T04:10:00Z,2026-09-14T04:10:00Z,SITE-A,ESP32-A01,PV-A01,2.33,52.058,121.313,39.15,40.83,26.73,85.113,1010.022,53102.282,0.068
MSG-002780,REC-05822,2026-09-14T04:10:05Z,2026-09-14T04:10:05Z,SITE-A,ESP32-A01,PV-A01,2.313,51.551,119.22,39.04,40.89,26.656,85.296,1009.964,52947.146,0.056
MSG-002781,REC-05823,2026-09-14T04:10:10Z,2026-09-14T04:10:10Z,SITE-A,ESP32-A01,PV-A01,2.32,50.82,117.88,39.24,40.86,26.761,85.313,1009.938,52617.218,0.042
MSG-002782,REC-05824,2026-09-14T04:10:15Z,2026-09-14T04:10:15Z,SITE-A,ESP32-A01,PV-A01,2.324,51.854,120.518,39.18,40.96,26.647,85.604,1009.955,52979.192,0.078
MSG-002783,REC-05825,2026-09-14T04:10:20Z,2026-09-14T04:10:20Z,SITE-A,ESP32-A01,PV-A01,2.331,51.802,120.767,39.21,40.94,26.929,84.745,1009.906,52868.393,0.058
MSG-002784,REC-05826,2026-09-14T04:10:25Z,2026-09-14T04:10:25Z,SITE-A,ESP32-A01,PV-A01,2.353,50.936,119.835,39.27,40.87,26.73,85.568,1009.901,53091.372,0.071
MSG-002785,REC-05827,2026-09-14T04:10:30Z,2026-09-14T04:10:30Z,SITE-A,ESP32-A01,PV-A01,2.336,51.855,121.134,39.11,40.91,26.665,86.283,1010.01,52997.958,0.068
MSG-002786,REC-05828,2026-09-14T04:10:35Z,2026-09-14T04:10:35Z,SITE-A,ESP32-A01,PV-A01,2.34,50.873,119.063,39.23,40.94,26.829,84.832,1009.925,53348.286,0.095
MSG-002787,REC-05829,2026-09-14T04:10:40Z,2026-09-14T04:10:40Z,SITE-A,ESP32-A01,PV-A01,2.306,51.947,119.803,39.26,40.99,26.759,85.342,1009.956,52969.739,0.075
MSG-002788,REC-05830,2026-09-14T04:10:45Z,2026-09-14T04:10:45Z,SITE-A,ESP32-A01,PV-A01,2.32,51.817,120.207,39.33,41.18,26.847,85.794,1009.922,53367.639,0.054
MSG-002789,REC-05831,2026-09-14T04:10:50Z,2026-09-14T04:10:50Z,SITE-A,ESP32-A01,PV-A01,2.31,50.989,117.802,39.31,41.05,26.82,83.638,1009.936,53534.267,0.108
MSG-002790,REC-05832,2026-09-14T04:10:55Z,2026-09-14T04:10:55Z,SITE-A,ESP32-A01,PV-A01,2.332,51.015,118.965,39.23,40.85,26.759,84.899,1009.858,53171.821,0.096
MSG-002791,REC-05833,2026-09-14T04:11:00Z,2026-09-14T04:11:00Z,SITE-A,ESP32-A01,PV-A01,2.318,50.762,117.658,38.98,40.85,26.87,85.268,1009.957,52886.972,0.097
MSG-002792,REC-05834,2026-09-14T04:11:05Z,2026-09-14T04:11:05Z,SITE-A,ESP32-A01,PV-A01,2.318,50.869,117.905,39.08,40.84,26.765,85.428,1009.998,52760.242,0.074
MSG-002793,REC-05835,2026-09-14T04:11:10Z,2026-09-14T04:11:10Z,SITE-A,ESP32-A01,PV-A01,2.305,51.955,119.77,39.03,40.81,26.766,84.07,1010.006,52761.838,0.07
MSG-002794,REC-05836,2026-09-14T04:11:15Z,2026-09-14T04:11:15Z,SITE-A,ESP32-A01,PV-A01,2.331,51.318,119.612,39.21,40.88,26.872,84.554,1009.863,52604.668,0.079
MSG-002795,REC-05837,2026-09-14T04:11:20Z,2026-09-14T04:11:20Z,SITE-A,ESP32-A01,PV-A01,2.316,51.217,118.599,39.2,40.67,26.968,84.388,1009.96,52683.777,0.067
MSG-002796,REC-05838,2026-09-14T04:11:25Z,2026-09-14T04:11:25Z,SITE-A,ESP32-A01,PV-A01,2.349,51.027,119.857,39.02,40.88,26.674,85.032,1009.854,52746.392,0.049
MSG-002797,REC-05839,2026-09-14T04:11:30Z,2026-09-14T04:11:30Z,SITE-A,ESP32-A01,PV-A01,2.325,51.456,119.62,39.12,40.83,27.004,84.475,1010.03,53007.642,0.061
MSG-002798,REC-05840,2026-09-14T04:11:35Z,2026-09-14T04:11:35Z,SITE-A,ESP32-A01,PV-A01,2.326,51.476,119.713,39.15,40.87,26.792,85.468,1009.931,53188.644,0.074
MSG-002799,REC-05841,2026-09-14T04:11:40Z,2026-09-14T04:11:40Z,SITE-A,ESP32-A01,PV-A01,2.319,52.004,120.606,39.22,41.0,26.997,83.993,1009.96,53326.284,0.091
MSG-002800,REC-05842,2026-09-14T04:11:45Z,2026-09-14T04:11:45Z,SITE-A,ESP32-A01,PV-A01,2.348,51.109,120.013,39.03,40.81,26.853,84.644,1009.872,53374.607,0.023
MSG-002801,REC-05843,2026-09-14T04:11:50Z,2026-09-14T04:11:50Z,SITE-A,ESP32-A01,PV-A01,2.353,51.419,120.985,38.94,40.88,26.719,84.483,1009.861,52937.702,0.075
MSG-002802,REC-05844,2026-09-14T04:11:55Z,2026-09-14T04:11:55Z,SITE-A,ESP32-A01,PV-A01,2.338,51.094,119.437,39.12,40.92,26.934,85.983,1009.983,52722.588,0.063
MSG-002803,REC-05845,2026-09-14T04:12:00Z,2026-09-14T04:12:00Z,SITE-A,ESP32-A01,PV-A01,2.321,51.632,119.856,38.91,40.87,26.758,85.628,1009.894,52951.011,0.047
MSG-002804,REC-05846,2026-09-14T04:12:05Z,2026-09-14T04:12:05Z,SITE-A,ESP32-A01,PV-A01,2.315,50.948,117.92,39.15,40.75,26.873,85.083,1009.908,52984.411,0.049
MSG-002805,REC-05847,2026-09-14T04:12:10Z,2026-09-14T04:12:10Z,SITE-A,ESP32-A01,PV-A01,2.323,50.564,117.436,39.12,40.92,26.881,84.959,1009.874,52794.791,0.08
MSG-002806,REC-05848,2026-09-14T04:12:15Z,2026-09-14T04:12:15Z,SITE-A,ESP32-A01,PV-A01,2.332,50.56,117.888,39.17,40.8,26.924,84.484,1009.93,52889.344,0.095
MSG-002807,REC-05849,2026-09-14T04:12:20Z,2026-09-14T04:12:20Z,SITE-A,ESP32-A01,PV-A01,2.341,51.094,119.637,39.03,40.78,26.993,85.18,1009.878,52933.751,0.048
MSG-002808,REC-05850,2026-09-14T04:12:25Z,2026-09-14T04:12:25Z,SITE-A,ESP32-A01,PV-A01,2.333,51.599,120.4,39.1,-999.0,26.978,84.772,1009.831,53271.342,0.075
MSG-002809,REC-05851,2026-09-14T04:12:30Z,2026-09-14T04:12:30Z,SITE-A,ESP32-A01,PV-A01,2.328,51.318,119.465,39.17,40.83,26.808,86.307,1009.918,53239.038,0.058
MSG-002810,REC-05852,2026-09-14T04:12:35Z,2026-09-14T04:12:35Z,SITE-A,ESP32-A01,PV-A01,2.329,52.26,121.698,39.06,40.8,26.904,86.59,1009.938,53573.99,0.036
MSG-002811,REC-05853,2026-09-14T04:12:40Z,2026-09-14T04:12:40Z,SITE-A,ESP32-A01,PV-A01,2.338,51.75,121.008,39.23,40.91,26.713,85.637,1009.92,53388.587,0.063
MSG-002812,REC-05854,2026-09-14T04:12:45Z,2026-09-14T04:12:45Z,SITE-A,ESP32-A01,PV-A01,2.345,51.573,120.93,39.17,40.85,26.974,86.426,1009.94,53567.57,0.025
MSG-002813,REC-05855,2026-09-14T04:12:50Z,2026-09-14T04:12:50Z,SITE-A,ESP32-A01,PV-A01,2.32,52.036,120.739,39.1,40.94,26.937,84.436,1009.871,53314.682,0.068
MSG-002814,REC-05856,2026-09-14T04:12:55Z,2026-09-14T04:12:55Z,SITE-A,ESP32-A01,PV-A01,2.301,51.993,119.645,39.15,40.92,27.107,85.302,1009.858,53229.425,0.064
MSG-002815,REC-05857,2026-09-14T04:13:00Z,2026-09-14T04:13:00Z,SITE-A,ESP32-A01,PV-A01,2.341,51.068,119.528,39.15,41.03,26.985,85.275,1010.079,53456.564,0.078
MSG-002816,REC-05858,2026-09-14T04:13:05Z,2026-09-14T04:13:05Z,SITE-A,ESP32-A01,PV-A01,2.35,52.311,122.906,39.22,40.88,26.968,86.49,1009.906,53510.877,0.076
MSG-002817,REC-05859,2026-09-14T04:13:10Z,2026-09-14T04:13:10Z,SITE-A,ESP32-A01,PV-A01,2.316,52.33,121.196,39.13,40.84,26.887,85.277,1009.97,53477.558,0.045
MSG-002818,REC-05860,2026-09-14T04:13:15Z,2026-09-14T04:13:15Z,SITE-A,ESP32-A01,PV-A01,2.316,51.508,119.312,39.22,40.82,26.813,86.324,1009.981,53582.945,0.073
MSG-002819,REC-05861,2026-09-14T04:13:20Z,2026-09-14T04:13:20Z,SITE-A,ESP32-A01,PV-A01,2.325,51.969,120.83,39.18,41.15,26.875,86.228,1009.926,53907.533,0.047
MSG-002820,REC-05862,2026-09-14T04:13:25Z,2026-09-14T04:13:25Z,SITE-A,ESP32-A01,PV-A01,2.314,51.906,120.125,39.19,41.06,27.013,84.538,1009.861,53886.22,0.051
MSG-002821,REC-05863,2026-09-14T04:13:30Z,2026-09-14T04:13:30Z,SITE-A,ESP32-A01,PV-A01,2.345,52.589,123.304,39.34,41.02,26.953,85.542,1009.906,54160.149,0.106
MSG-002822,REC-05864,2026-09-14T04:13:35Z,2026-09-14T04:13:35Z,SITE-A,ESP32-A01,PV-A01,2.305,52.825,121.776,39.28,41.23,27.039,86.068,1009.969,54353.293,0.072
MSG-002823,REC-05865,2026-09-14T04:13:40Z,2026-09-14T04:13:40Z,SITE-A,ESP32-A01,PV-A01,2.356,53.167,125.261,39.39,41.17,26.927,85.706,1009.873,54414.613,0.054
MSG-002824,REC-05866,2026-09-14T04:13:45Z,2026-09-14T04:13:45Z,SITE-A,ESP32-A01,PV-A01,2.325,53.065,123.366,39.38,40.97,26.974,85.917,1009.845,54355.336,0.007
MSG-002825,REC-05867,2026-09-14T04:13:50Z,2026-09-14T04:13:50Z,SITE-A,ESP32-A01,PV-A01,2.31,52.326,120.879,39.3,41.04,26.906,85.673,1010.013,54574.665,0.077
MSG-002826,REC-05868,2026-09-14T04:13:55Z,2026-09-14T04:13:55Z,SITE-A,ESP32-A01,PV-A01,2.346,52.962,124.267,39.38,41.1,26.914,85.15,1009.931,54779.875,0.058
MSG-002827,REC-05869,2026-09-14T04:14:00Z,2026-09-14T04:14:00Z,SITE-A,ESP32-A01,PV-A01,2.318,53.124,123.157,39.35,41.07,26.949,85.33,1009.93,55006.241,0.078
MSG-002828,REC-05870,2026-09-14T04:14:05Z,2026-09-14T04:14:05Z,SITE-A,ESP32-A01,PV-A01,2.331,52.959,123.445,39.22,41.09,26.804,84.709,1009.923,54569.842,0.078
MSG-002829,REC-05871,2026-09-14T04:14:10Z,2026-09-14T04:14:10Z,SITE-A,ESP32-A01,PV-A01,2.34,53.273,124.664,39.37,41.22,26.977,84.75,1010.0,54723.475,0.048
MSG-002830,REC-05872,2026-09-14T04:14:15Z,2026-09-14T04:14:15Z,SITE-A,ESP32-A01,PV-A01,2.324,53.055,123.307,39.47,41.11,26.828,83.923,1009.808,100000.0,0.051
MSG-002831,REC-05873,2026-09-14T04:14:20Z,2026-09-14T04:14:20Z,SITE-A,ESP32-A01,PV-A01,2.32,53.11,123.2,39.53,41.25,26.888,84.863,1009.984,55405.278,0.065
MSG-002832,REC-05874,2026-09-14T04:14:25Z,2026-09-14T04:14:25Z,SITE-A,ESP32-A01,PV-A01,2.34,53.747,125.752,39.51,41.33,26.775,85.313,1009.988,55509.304,0.085
MSG-002833,REC-05875,2026-09-14T04:14:30Z,2026-09-14T04:14:30Z,SITE-A,ESP32-A01,PV-A01,2.329,53.523,124.636,39.56,41.26,26.871,83.543,1009.917,55403.922,0.059
MSG-002834,REC-05876,2026-09-14T04:14:35Z,2026-09-14T04:14:35Z,SITE-A,ESP32-A01,PV-A01,2.326,53.363,124.138,39.41,41.23,26.939,84.816,1009.804,55540.804,0.08
MSG-002835,REC-05877,2026-09-14T04:14:40Z,2026-09-14T04:14:40Z,SITE-A,ESP32-A01,PV-A01,2.33,53.376,124.356,39.48,41.2,27.056,84.718,1009.916,55721.263,0.05
MSG-002836,REC-05878,2026-09-14T04:14:45Z,2026-09-14T04:14:45Z,SITE-A,ESP32-A01,PV-A01,2.318,53.603,124.272,39.67,41.35,26.883,85.58,1010.027,55496.109,0.019
MSG-002837,REC-05879,2026-09-14T04:14:50Z,2026-09-14T04:14:50Z,SITE-A,ESP32-A01,PV-A01,2.294,53.762,123.344,39.41,41.21,26.942,85.564,1009.894,55863.322,0.061
MSG-002838,REC-05880,2026-09-14T04:14:55Z,2026-09-14T04:14:55Z,SITE-A,ESP32-A01,PV-A01,2.306,54.555,125.826,39.56,41.35,26.926,85.308,1009.885,55716.62,0.073
MSG-002839,REC-05881,2026-09-14T06:56:00Z,2026-09-14T06:56:00Z,SITE-C,ESP32-C01,PV-C01,0.033,49.816,1.662,36.66,37.07,28.359,83.462,1009.566,30476.02,0.096
MSG-002840,REC-05882,2026-09-14T06:56:05Z,2026-09-14T06:56:05Z,SITE-C,ESP32-C01,PV-C01,0.023,49.263,1.139,36.69,37.12,28.476,84.818,1009.643,30350.034,0.098
MSG-002841,REC-05883,2026-09-14T06:56:10Z,2026-09-14T06:56:10Z,SITE-C,ESP32-C01,PV-C01,0.033,49.66,1.625,36.81,36.98,28.453,84.173,1009.707,30610.57,0.085
MSG-002842,REC-05884,2026-09-14T06:56:15Z,2026-09-14T06:56:15Z,SITE-C,ESP32-C01,PV-C01,0.024,49.593,1.201,36.81,36.95,28.474,84.215,1009.621,30406.094,0.092
MSG-002843,REC-05885,2026-09-14T06:56:20Z,2026-09-14T06:56:20Z,SITE-C,ESP32-C01,PV-C01,0.034,49.767,1.695,36.68,37.15,28.586,84.265,1009.743,30694.985,0.1
MSG-002844,REC-05886,2026-09-14T06:56:25Z,2026-09-14T06:56:25Z,SITE-C,ESP32-C01,PV-C01,0.037,49.984,1.826,36.73,37.14,28.478,83.607,1009.662,31020.212,0.125
MSG-002845,REC-05887,2026-09-14T06:56:30Z,2026-09-14T06:56:30Z,SITE-C,ESP32-C01,PV-C01,0.016,50.749,0.822,36.81,37.04,28.481,83.132,1009.683,30736.608,0.125
MSG-002846,REC-05888,2026-09-14T06:56:35Z,2026-09-14T06:56:35Z,SITE-C,ESP32-C01,PV-C01,0.034,49.692,1.695,36.9,37.03,28.375,84.524,1009.771,30675.516,0.125
MSG-002847,REC-05889,2026-09-14T06:56:40Z,2026-09-14T06:56:40Z,SITE-C,ESP32-C01,PV-C01,0.051,50.021,2.56,36.72,37.09,28.482,83.008,1009.679,30825.761,0.096
MSG-002848,REC-05890,2026-09-14T06:56:45Z,2026-09-14T06:56:45Z,SITE-C,ESP32-C01,PV-C01,0.037,49.497,1.826,36.68,37.11,28.737,84.081,1009.678,30945.09,0.09
MSG-002849,REC-05891,2026-09-14T06:56:50Z,2026-09-14T06:56:50Z,SITE-C,ESP32-C01,PV-C01,0.028,49.913,1.418,36.9,37.04,28.628,84.665,1009.67,30774.289,0.154
MSG-002850,REC-05892,2026-09-14T06:56:55Z,2026-09-14T06:56:55Z,SITE-C,ESP32-C01,PV-C01,0.024,50.635,1.198,36.67,37.12,28.51,84.197,1009.625,30810.268,0.117
MSG-002851,REC-05893,2026-09-14T06:57:00Z,2026-09-14T06:57:00Z,SITE-C,ESP32-C01,PV-C01,0.034,50.169,1.709,36.84,37.01,28.39,84.678,1009.549,31044.213,0.11
MSG-002852,REC-05894,2026-09-14T06:57:05Z,2026-09-14T06:57:05Z,SITE-C,ESP32-C01,PV-C01,0.033,49.987,1.627,36.6,37.05,28.437,83.334,1009.698,30980.838,0.085
MSG-002853,REC-05895,2026-09-14T06:57:10Z,2026-09-14T06:57:10Z,SITE-C,ESP32-C01,PV-C01,0.035,50.319,1.781,36.79,37.02,28.451,84.023,1009.689,31101.04,0.124
MSG-002854,REC-05896,2026-09-14T06:57:15Z,2026-09-14T06:57:15Z,SITE-C,ESP32-C01,PV-C01,0.029,50.436,1.482,36.8,37.14,28.508,83.899,1009.758,31157.13,0.108
MSG-002855,REC-05897,2026-09-14T06:57:20Z,2026-09-14T06:57:20Z,SITE-C,ESP32-C01,PV-C01,0.026,51.191,1.325,36.76,37.09,28.455,83.361,1009.558,31059.927,0.074
MSG-002856,REC-05898,2026-09-14T06:57:25Z,2026-09-14T06:57:25Z,SITE-C,ESP32-C01,PV-C01,0.034,49.491,1.664,36.95,37.26,28.758,84.024,1009.733,31271.723,0.071
MSG-002857,REC-05899,2026-09-14T06:57:30Z,2026-09-14T06:57:30Z,SITE-C,ESP32-C01,PV-C01,0.048,49.536,2.384,36.79,37.15,28.651,83.025,1009.613,31193.866,0.115
MSG-002858,REC-05900,2026-09-14T06:57:35Z,2026-09-14T06:57:35Z,SITE-C,ESP32-C01,PV-C01,0.013,49.893,0.66,36.79,37.02,28.465,84.368,1009.697,30772.04,0.092
MSG-002859,REC-05901,2026-09-14T06:57:40Z,2026-09-14T06:57:40Z,SITE-C,ESP32-C01,PV-C01,0.032,49.849,1.607,36.75,37.17,28.52,83.6,1009.591,30888.665,0.104
MSG-002860,REC-05902,2026-09-14T06:57:45Z,2026-09-14T06:57:45Z,SITE-C,ESP32-C01,PV-C01,0.034,49.4,1.668,36.7,37.07,28.552,83.916,1009.594,30655.502,0.097
MSG-002861,REC-05903,2026-09-14T06:57:50Z,2026-09-14T06:57:50Z,SITE-C,ESP32-C01,PV-C01,0.029,50.595,1.49,36.9,37.14,28.483,83.426,1009.58,30414.316,0.102
MSG-002862,REC-05904,2026-09-14T06:57:55Z,2026-09-14T06:57:55Z,SITE-C,ESP32-C01,PV-C01,0.043,48.63,2.094,36.67,36.92,28.381,83.882,1009.635,30291.155,0.105
MSG-002863,REC-05905,2026-09-14T06:58:00Z,2026-09-14T06:58:00Z,SITE-C,ESP32-C01,PV-C01,0.02,49.435,1.007,36.88,37.1,28.7,83.625,1009.63,30468.055,0.1
MSG-002864,REC-05906,2026-09-14T06:58:05Z,2026-09-14T06:58:05Z,SITE-C,ESP32-C01,PV-C01,0.017,49.543,0.846,36.65,37.2,28.491,84.486,1009.64,30653.279,0.133
MSG-002865,REC-05907,2026-09-14T06:58:10Z,2026-09-14T06:58:10Z,SITE-C,ESP32-C01,PV-C01,0.014,49.569,0.688,36.7,37.07,28.519,83.718,1009.699,30287.514,0.133
MSG-002866,REC-05908,2026-09-14T06:58:15Z,2026-09-14T06:58:15Z,SITE-C,ESP32-C01,PV-C01,0.036,48.662,1.769,36.64,36.96,28.436,83.726,1009.675,30103.06,0.098
MSG-002867,REC-05909,2026-09-14T06:58:20Z,2026-09-14T06:58:20Z,SITE-C,ESP32-C01,PV-C01,0.029,49.272,1.414,36.64,37.12,28.604,83.989,1009.576,30404.555,0.093
MSG-002868,REC-05910,2026-09-14T06:58:25Z,2026-09-14T06:58:25Z,SITE-C,ESP32-C01,PV-C01,0.037,49.345,1.84,36.71,36.99,28.349,83.386,1009.667,30472.104,0.089
MSG-002869,REC-05911,2026-09-14T06:58:30Z,2026-09-14T06:58:30Z,SITE-C,ESP32-C01,PV-C01,0.025,48.677,1.238,36.87,-999.0,28.56,83.806,1009.584,30771.875,0.079
MSG-002870,REC-05912,2026-09-14T06:58:35Z,2026-09-14T06:58:35Z,SITE-C,ESP32-C01,PV-C01,0.037,49.601,1.846,36.83,37.23,28.427,84.874,1009.641,30660.45,0.083
MSG-002871,REC-05913,2026-09-14T06:58:40Z,2026-09-14T06:58:40Z,SITE-C,ESP32-C01,PV-C01,0.03,49.843,1.492,36.69,36.96,28.368,83.19,1009.596,30541.387,0.083
MSG-002872,REC-05914,2026-09-14T06:58:45Z,2026-09-14T06:58:45Z,SITE-C,ESP32-C01,PV-C01,0.029,49.63,1.422,36.57,37.04,28.268,83.65,1009.64,30392.066,0.119
MSG-002873,REC-05915,2026-09-14T06:58:50Z,2026-09-14T06:58:50Z,SITE-C,ESP32-C01,PV-C01,0.023,49.546,1.15,36.73,37.19,28.45,84.221,1009.493,30320.752,0.106
MSG-002874,REC-05916,2026-09-14T06:58:55Z,2026-09-14T06:58:55Z,SITE-C,ESP32-C01,PV-C01,0.033,50.084,1.665,36.67,37.12,28.454,84.17,1009.678,30796.897,0.092
MSG-002875,REC-05917,2026-09-14T06:59:00Z,2026-09-14T06:59:00Z,SITE-C,ESP32-C01,PV-C01,0.025,49.455,1.224,36.63,37.09,28.337,83.639,1009.55,30594.424,0.063
MSG-002876,REC-05918,2026-09-14T06:59:05Z,2026-09-14T06:59:05Z,SITE-C,ESP32-C01,PV-C01,0.029,49.264,1.416,36.8,36.91,28.512,83.337,1009.661,30935.103,0.084
MSG-002877,REC-05919,2026-09-14T06:59:10Z,2026-09-14T06:59:10Z,SITE-C,ESP32-C01,PV-C01,0.017,50.001,0.831,36.62,36.97,28.295,84.344,1009.606,30730.292,0.095
MSG-002878,REC-05920,2026-09-14T06:59:15Z,2026-09-14T06:59:15Z,SITE-C,ESP32-C01,PV-C01,0.051,49.86,2.546,36.72,37.11,28.404,83.144,1009.611,30843.053,0.105
MSG-002879,REC-05921,2026-09-14T06:59:20Z,2026-09-14T06:59:20Z,SITE-C,ESP32-C01,PV-C01,0.048,49.0,2.334,36.77,37.03,28.391,84.334,1009.601,30797.346,0.102
MSG-002880,REC-05922,2026-09-14T06:59:25Z,2026-09-14T06:59:25Z,SITE-C,ESP32-C01,PV-C01,0.057,49.99,2.85,36.81,37.04,28.217,85.123,1009.605,30905.125,0.096
MSG-002881,REC-05923,2026-09-14T06:59:30Z,2026-09-14T06:59:30Z,SITE-C,ESP32-C01,PV-C01,0.016,50.734,0.796,36.68,37.2,28.387,84.96,1009.655,31079.505,0.081
MSG-002882,REC-05923,2026-09-14T06:59:30Z,2026-09-14T06:59:30Z,SITE-C,ESP32-C01,PV-C01,0.016,50.734,0.796,36.68,37.2,28.387,84.96,1009.655,31079.505,0.081
MSG-002883,REC-05924,2026-09-14T06:59:35Z,2026-09-14T06:59:35Z,SITE-C,ESP32-C01,PV-C01,0.024,49.944,1.18,36.88,37.12,28.295,84.307,1009.624,30796.595,0.091
MSG-002884,REC-05925,2026-09-14T06:59:40Z,2026-09-14T06:59:40Z,SITE-C,ESP32-C01,PV-C01,0.02,49.308,0.995,36.77,37.01,28.338,84.253,1009.676,30563.777,0.117
MSG-002885,REC-05926,2026-09-14T06:59:45Z,2026-09-14T06:59:45Z,SITE-C,ESP32-C01,PV-C01,0.039,49.002,1.909,36.76,37.14,28.195,83.231,1009.649,31004.864,0.097
MSG-002886,REC-05927,2026-09-14T06:59:50Z,2026-09-14T06:59:50Z,SITE-C,ESP32-C01,PV-C01,0.031,50.68,1.573,36.67,37.02,28.386,83.896,1009.583,31181.584,0.1
MSG-002887,REC-05928,2026-09-14T06:59:55Z,2026-09-14T06:59:55Z,SITE-C,ESP32-C01,PV-C01,0.033,50.481,1.676,36.73,36.99,28.215,83.746,1009.57,31055.714,0.104
MSG-002888,REC-05929,2026-09-14T07:00:00Z,2026-09-14T07:00:00Z,SITE-C,ESP32-C01,PV-C01,0.038,50.36,1.902,36.75,37.13,28.235,83.518,1009.572,30992.264,0.105
MSG-002889,REC-05930,2026-09-14T07:00:05Z,2026-09-14T07:00:05Z,SITE-C,ESP32-C01,PV-C01,0.003,49.892,0.153,36.72,36.95,28.383,84.719,1009.644,30812.223,0.081
MSG-002890,REC-05931,2026-09-14T07:00:10Z,2026-09-14T07:00:10Z,SITE-C,ESP32-C01,PV-C01,0.027,48.982,1.342,36.79,36.98,28.273,84.585,1009.533,31091.328,0.111
MSG-002891,REC-05932,2026-09-14T07:00:15Z,2026-09-14T07:00:15Z,SITE-C,ESP32-C01,PV-C01,0.057,50.144,2.856,36.73,37.0,28.394,84.059,1009.55,30976.624,0.087
MSG-002892,REC-05933,2026-09-14T07:00:20Z,2026-09-14T07:00:20Z,SITE-C,ESP32-C01,PV-C01,0.027,50.588,1.36,36.86,37.08,28.324,83.446,1009.563,30731.737,0.087
MSG-002893,REC-05934,2026-09-14T07:00:25Z,2026-09-14T07:00:25Z,SITE-C,ESP32-C01,PV-C01,0.029,50.388,1.482,36.71,37.12,28.358,85.572,1009.588,30948.721,0.104
MSG-002894,REC-05935,2026-09-14T07:00:30Z,2026-09-14T07:00:30Z,SITE-C,ESP32-C01,PV-C01,0.036,49.695,1.768,36.76,37.04,28.387,83.298,1009.547,30988.108,0.097
MSG-002895,REC-05936,2026-09-14T07:00:35Z,2026-09-14T07:00:35Z,SITE-C,ESP32-C01,PV-C01,0.039,49.764,1.956,36.85,36.98,28.483,84.281,1009.6,30992.757,0.103
MSG-002896,REC-05937,2026-09-14T07:00:40Z,2026-09-14T07:00:40Z,SITE-C,ESP32-C01,PV-C01,0.035,49.91,1.758,36.69,36.97,28.504,84.018,1009.44,30780.118,0.108
MSG-002897,REC-05938,2026-09-14T07:00:45Z,2026-09-14T07:00:45Z,SITE-C,ESP32-C01,PV-C01,0.037,49.685,1.831,36.6,36.9,28.308,83.414,1009.653,30805.215,0.074
MSG-002898,REC-05939,2026-09-14T07:00:50Z,2026-09-14T07:00:50Z,SITE-C,ESP32-C01,PV-C01,0.037,49.901,1.838,36.69,37.1,28.492,83.855,1009.601,30748.407,0.128
MSG-002899,REC-05940,2026-09-14T07:00:55Z,2026-09-14T07:00:55Z,SITE-C,ESP32-C01,PV-C01,0.026,49.788,1.278,36.79,36.97,28.372,83.441,1009.643,30674.822,0.104
MSG-002900,REC-05941,2026-09-14T08:50:00Z,2026-09-14T08:50:00Z,SITE-A,ESP32-A01,PV-A01,2.411,58.759,141.663,42.82,45.45,30.803,73.182,1008.273,68599.087,0.125
MSG-002901,REC-05942,2026-09-14T08:50:05Z,2026-09-14T08:50:05Z,SITE-A,ESP32-A01,PV-A01,2.424,57.609,139.631,42.91,45.36,30.662,73.25,1008.262,68498.75,0.096
MSG-002902,REC-05943,2026-09-14T08:50:10Z,2026-09-14T08:50:10Z,SITE-A,ESP32-A01,PV-A01,2.448,58.48,143.157,42.88,45.41,30.867,72.743,1008.363,68219.159,0.064
MSG-002903,REC-05944,2026-09-14T08:50:15Z,2026-09-14T08:50:15Z,SITE-A,ESP32-A01,PV-A01,2.435,57.547,140.138,42.85,45.23,30.982,73.044,1008.357,68353.906,0.097
MSG-002904,REC-05945,2026-09-14T08:50:20Z,2026-09-14T08:50:20Z,SITE-A,ESP32-A01,PV-A01,2.399,58.159,139.551,42.58,45.26,30.868,72.953,1008.33,68323.393,0.088
MSG-002905,REC-05946,2026-09-14T08:50:25Z,2026-09-14T08:50:25Z,SITE-A,ESP32-A01,PV-A01,2.432,57.105,138.878,42.74,45.38,30.946,72.358,1008.419,67549.798,0.121
MSG-002906,REC-05947,2026-09-14T08:50:30Z,2026-09-14T08:50:30Z,SITE-A,ESP32-A01,PV-A01,2.416,57.277,138.378,42.71,45.19,30.795,74.167,1008.315,67908.53,0.095
MSG-002907,REC-05948,2026-09-14T08:50:35Z,2026-09-14T08:50:35Z,SITE-A,ESP32-A01,PV-A01,2.401,57.761,138.688,42.78,45.46,30.85,72.684,1008.285,68437.271,0.081
MSG-002908,REC-05949,2026-09-14T08:50:40Z,2026-09-14T08:50:40Z,SITE-A,ESP32-A01,PV-A01,2.438,57.846,141.015,42.74,45.21,30.675,73.011,1008.284,67965.479,0.088
MSG-002909,REC-05950,2026-09-14T08:50:45Z,2026-09-14T08:50:45Z,SITE-A,ESP32-A01,PV-A01,2.381,58.48,139.266,42.89,45.25,30.923,73.464,1008.249,68419.108,0.055
MSG-002910,REC-05951,2026-09-14T08:50:50Z,2026-09-14T08:50:50Z,SITE-A,ESP32-A01,PV-A01,2.407,59.274,142.646,42.87,45.25,30.792,73.613,1008.229,68488.582,0.083
MSG-002911,REC-05952,2026-09-14T08:50:55Z,2026-09-14T08:50:55Z,SITE-A,ESP32-A01,PV-A01,2.448,58.291,142.698,42.83,45.36,30.925,74.421,1008.372,67882.876,0.114
MSG-002912,REC-05953,2026-09-14T08:51:00Z,2026-09-14T08:51:00Z,SITE-A,ESP32-A01,PV-A01,2.425,58.062,140.793,-999.0,45.43,30.862,72.559,1008.196,68250.932,0.085
MSG-002913,REC-05954,2026-09-14T08:51:05Z,2026-09-14T08:51:05Z,SITE-A,ESP32-A01,PV-A01,2.41,57.514,138.58,42.94,45.45,30.763,73.984,1008.282,68437.839,0.099
MSG-002914,REC-05955,2026-09-14T08:51:10Z,2026-09-14T08:51:10Z,SITE-A,ESP32-A01,PV-A01,2.421,57.008,137.997,42.7,45.42,30.934,73.252,1008.251,67769.965,0.095
MSG-002915,REC-05956,2026-09-14T08:51:15Z,2026-09-14T08:51:15Z,SITE-A,ESP32-A01,PV-A01,2.429,58.72,142.616,42.66,45.45,30.677,73.123,1008.434,68307.146,0.076
MSG-002916,REC-05957,2026-09-14T08:51:20Z,2026-09-14T08:51:20Z,SITE-A,ESP32-A01,PV-A01,2.444,57.816,141.277,42.68,45.22,30.766,72.888,1008.289,67814.288,0.082
MSG-002917,REC-05958,2026-09-14T08:51:25Z,2026-09-14T08:51:25Z,SITE-A,ESP32-A01,PV-A01,2.416,56.521,136.565,-127.0,45.21,30.812,72.539,1008.232,68008.966,0.112
MSG-002918,REC-05959,2026-09-14T08:51:30Z,2026-09-14T08:51:30Z,SITE-A,ESP32-A01,PV-A01,2.422,57.866,140.132,-127.0,45.33,30.865,73.363,1008.199,68066.406,0.093
MSG-002919,REC-05960,2026-09-14T08:51:35Z,2026-09-14T08:51:35Z,SITE-A,ESP32-A01,PV-A01,2.427,58.783,142.675,-127.0,45.43,31.021,73.09,1008.266,68194.764,0.084
MSG-002920,REC-05961,2026-09-14T08:51:40Z,2026-09-14T08:51:40Z,SITE-A,ESP32-A01,PV-A01,2.419,57.869,139.987,-127.0,45.21,30.775,74.016,1008.254,68085.605,0.107
MSG-002921,REC-05962,2026-09-14T08:51:45Z,2026-09-14T08:51:45Z,SITE-A,ESP32-A01,PV-A01,2.444,58.706,143.463,-127.0,45.52,30.929,73.721,1008.261,68393.46,0.067
MSG-002922,REC-05963,2026-09-14T08:51:50Z,2026-09-14T08:51:50Z,SITE-A,ESP32-A01,PV-A01,2.423,59.42,143.978,-127.0,45.3,30.855,71.578,1008.376,68998.391,0.121
MSG-002923,REC-05964,2026-09-14T08:51:55Z,2026-09-14T08:51:55Z,SITE-A,ESP32-A01,PV-A01,2.443,58.373,142.589,-127.0,45.39,30.959,73.529,1008.333,68237.392,0.104
MSG-002924,REC-05965,2026-09-14T08:52:00Z,2026-09-14T08:52:00Z,SITE-A,ESP32-A01,PV-A01,2.45,57.447,140.746,-127.0,45.27,30.925,73.067,1008.348,67987.776,0.11
MSG-002925,REC-05966,2026-09-14T08:52:05Z,2026-09-14T08:52:05Z,SITE-A,ESP32-A01,PV-A01,2.432,57.836,140.63,-127.0,45.28,30.982,74.499,1008.244,68196.648,0.134
MSG-002926,REC-05967,2026-09-14T08:52:10Z,2026-09-14T08:52:10Z,SITE-A,ESP32-A01,PV-A01,2.404,57.462,138.155,-127.0,45.25,31.025,73.624,1008.283,67835.159,0.086
MSG-002927,REC-05968,2026-09-14T08:52:15Z,2026-09-14T08:52:15Z,SITE-A,ESP32-A01,PV-A01,2.41,57.275,138.057,-127.0,45.21,31.054,74.122,1008.325,68079.29,0.086
MSG-002928,REC-05969,2026-09-14T08:52:20Z,2026-09-14T08:52:20Z,SITE-A,ESP32-A01,PV-A01,2.451,56.612,138.746,-127.0,45.3,30.971,72.788,1008.197,67918.753,0.107
MSG-002929,REC-05970,2026-09-14T08:52:25Z,2026-09-14T08:52:25Z,SITE-A,ESP32-A01,PV-A01,2.398,58.551,140.387,-127.0,45.19,30.961,73.649,1008.225,67606.261,0.103
MSG-002930,REC-05971,2026-09-14T08:52:30Z,2026-09-14T08:52:30Z,SITE-A,ESP32-A01,PV-A01,2.411,57.722,139.144,-127.0,45.21,30.984,73.176,1008.226,67425.844,0.112
MSG-002931,REC-05972,2026-09-14T08:52:35Z,2026-09-14T08:52:35Z,SITE-A,ESP32-A01,PV-A01,2.446,56.158,137.358,-127.0,45.32,31.086,73.704,1008.294,67402.94,0.065
MSG-002932,REC-05973,2026-09-14T08:52:40Z,2026-09-14T08:52:40Z,SITE-A,ESP32-A01,PV-A01,2.435,57.549,140.16,-127.0,45.11,30.864,73.105,1008.237,67107.798,0.086
MSG-002933,REC-05974,2026-09-14T08:52:45Z,2026-09-14T08:52:45Z,SITE-A,ESP32-A01,PV-A01,2.404,57.025,137.096,-127.0,45.1,31.01,72.582,1008.3,67520.689,0.073
MSG-002934,REC-05975,2026-09-14T08:52:50Z,2026-09-14T08:52:50Z,SITE-A,ESP32-A01,PV-A01,2.431,57.485,139.733,-127.0,45.11,31.228,74.808,1008.29,67442.587,0.114
MSG-002935,REC-05976,2026-09-14T08:52:55Z,2026-09-14T08:52:55Z,SITE-A,ESP32-A01,PV-A01,2.422,57.457,139.178,-127.0,45.34,30.89,73.768,1008.195,67410.444,0.097
MSG-002936,REC-05977,2026-09-14T08:53:00Z,2026-09-14T08:53:00Z,SITE-A,ESP32-A01,PV-A01,2.441,57.273,139.825,-127.0,45.26,30.777,72.79,1008.279,67075.199,0.09
MSG-002937,REC-05978,2026-09-14T08:53:05Z,2026-09-14T08:53:05Z,SITE-A,ESP32-A01,PV-A01,2.428,57.196,138.891,-127.0,45.24,30.994,73.155,1008.36,67361.216,0.082
MSG-002938,REC-05979,2026-09-14T08:53:10Z,2026-09-14T08:53:10Z,SITE-A,ESP32-A01,PV-A01,2.42,56.925,137.764,42.5,45.15,31.174,72.757,1008.285,67454.239,0.118
MSG-002939,REC-05980,2026-09-14T08:53:15Z,2026-09-14T08:53:15Z,SITE-A,ESP32-A01,PV-A01,2.437,57.046,139.016,42.46,45.14,30.793,73.382,1008.245,67008.5,0.111
MSG-002940,REC-05981,2026-09-14T08:53:20Z,2026-09-14T08:53:20Z,SITE-A,ESP32-A01,PV-A01,2.423,58.233,141.119,42.63,45.27,31.022,73.629,1008.111,67000.204,0.139
MSG-002941,REC-05982,2026-09-14T08:53:25Z,2026-09-14T08:53:25Z,SITE-A,ESP32-A01,PV-A01,2.439,57.485,140.177,-999.0,45.07,31.016,73.847,1008.286,67262.487,0.114
MSG-002942,REC-05983,2026-09-14T08:53:30Z,2026-09-14T08:53:30Z,SITE-A,ESP32-A01,PV-A01,2.413,56.748,136.947,42.66,45.07,30.828,72.188,1008.282,66761.707,0.126
MSG-002943,REC-05984,2026-09-14T08:53:35Z,2026-09-14T08:53:35Z,SITE-A,ESP32-A01,PV-A01,2.408,57.309,137.973,42.4,44.99,30.851,73.26,1008.379,66970.185,0.086
MSG-002944,REC-05985,2026-09-14T08:53:40Z,2026-09-14T08:53:40Z,SITE-A,ESP32-A01,PV-A01,2.407,56.448,135.895,42.4,45.06,30.822,73.98,1008.255,66832.411,0.074
MSG-002945,REC-05986,2026-09-14T08:53:45Z,2026-09-14T08:53:45Z,SITE-A,ESP32-A01,PV-A01,2.395,57.375,137.421,-999.0,45.24,30.86,73.4,1008.338,67069.791,0.09
MSG-002946,REC-05987,2026-09-14T08:53:50Z,2026-09-14T08:53:50Z,SITE-A,ESP32-A01,PV-A01,2.434,56.807,138.28,42.61,45.18,31.006,73.237,1008.259,67077.054,0.09
MSG-002947,REC-05988,2026-09-14T08:53:55Z,2026-09-14T08:53:55Z,SITE-A,ESP32-A01,PV-A01,2.428,56.508,137.214,42.47,45.1,30.941,73.738,1008.269,66971.302,0.084
MSG-002948,REC-05989,2026-09-14T08:54:00Z,2026-09-14T08:54:00Z,SITE-A,ESP32-A01,PV-A01,2.424,57.344,139.001,42.43,44.89,31.065,72.991,1008.349,67143.321,0.081
MSG-002949,REC-05990,2026-09-14T08:54:05Z,2026-09-14T08:54:05Z,SITE-A,ESP32-A01,PV-A01,2.418,58.324,141.006,42.46,45.07,30.976,73.149,1008.125,67021.534,0.087
MSG-002950,REC-05991,2026-09-14T08:54:10Z,2026-09-14T08:54:10Z,SITE-A,ESP32-A01,PV-A01,2.435,58.409,142.248,42.47,45.15,31.088,73.062,1008.386,67037.781,0.12
MSG-002951,REC-05992,2026-09-14T08:54:15Z,2026-09-14T08:54:15Z,SITE-A,ESP32-A01,PV-A01,2.439,58.159,141.835,42.6,45.15,30.907,73.378,1008.306,67332.116,0.12
MSG-002952,REC-05993,2026-09-14T08:54:20Z,2026-09-14T08:54:20Z,SITE-A,ESP32-A01,PV-A01,2.415,56.899,137.39,42.58,45.18,30.955,74.228,1008.326,67458.01,0.092
MSG-002953,REC-05994,2026-09-14T08:54:25Z,2026-09-14T08:54:25Z,SITE-A,ESP32-A01,PV-A01,2.427,57.404,139.333,42.6,45.17,31.017,73.434,1008.351,67281.882,0.079
MSG-002954,REC-05995,2026-09-14T08:54:30Z,2026-09-14T08:54:30Z,SITE-A,ESP32-A01,PV-A01,2.425,56.934,138.06,42.64,45.15,30.946,74.124,1008.206,67263.102,0.1
MSG-002955,REC-05996,2026-09-14T08:54:35Z,2026-09-14T08:54:35Z,SITE-A,ESP32-A01,PV-A01,2.435,57.206,139.272,42.67,45.19,30.99,74.593,1008.292,67168.641,0.077
MSG-002956,REC-05997,2026-09-14T08:54:40Z,2026-09-14T08:54:40Z,SITE-A,ESP32-A01,PV-A01,2.443,58.34,142.498,42.61,45.22,30.92,72.755,1008.209,67353.564,0.082
MSG-002957,REC-05998,2026-09-14T08:54:45Z,2026-09-14T08:54:45Z,SITE-A,ESP32-A01,PV-A01,2.425,58.192,141.095,42.64,45.23,31.046,72.907,1008.329,67883.323,0.076
MSG-002958,REC-05999,2026-09-14T08:54:50Z,2026-09-14T08:54:50Z,SITE-A,ESP32-A01,PV-A01,2.412,58.234,140.484,42.69,45.41,30.733,74.441,1008.273,67467.515,0.139
MSG-002959,REC-06000,2026-09-14T08:54:55Z,2026-09-14T08:54:55Z,SITE-A,ESP32-A01,PV-A01,2.432,57.452,139.717,42.79,45.34,30.854,74.218,1008.266,68234.726,0.093
